1.739301 -0.000126177149428 1.019542 -5.62280930247e-05 0 8.95841204625
-2.041026 0.000469666982119 -1.649558 -0.000407494335424 0 8.97764127858
2.807503 -0.000296860687427 -1.121389 -8.95150717304e-05 0 8.9395660302
1.545386 -0.0002081315443 1.765593 -0.000419264995491 0 8.93701981309
3.287943 -0.000541873612722 0.302992 6.39395148733e-05 0 8.90479901214
-0.313566 0.000127949445473 -0.502524 4.77451442969e-05 0 8.94513938518
0.607199 -0.000172387112138 0.131891 0.000576110929285 0 8.92204621675
2.009666 -0.000606245403912 -0.023701 -0.000259231385064 0 8.92091080169
0.649709 -0.000118215564129 0.484417 0.000383667827567 0 8.93368746666
1.005422 -0.000220693673713 -0.960666 -0.000165371561952 0 8.94677251532
-2.921876 0.000376018118129 1.056216 0.00033974332219 0 8.96092693119
-1.740805 6.50790303045e-05 -0.023323 0.00050229679891 0 8.95306084346
-3.065724 0.000441082605107 1.155428 0.000316682513408 0 8.92726704036
1.945791 -0.000128939574422 -0.369744 2.47556575385e-05 0 8.96830905161
-0.738615 0.000115555972287 -0.601983 7.99297255972e-05 0 8.92097211792
1.004518 -0.00025474932897 -3.143191 -0.000815320545525 0 8.97023338098
-1.306114 0.000342978405701 -0.521872 2.72370063176e-05 0 8.95526051579
-1.901653 0.000159735797657 0.341181 -9.0748902874e-05 0 8.95421754675
-2.920959 0.000775498388816 -0.947164 -0.000331651953003 0 8.9637015146
-0.37644 0.000234403519978 -1.124509 -0.000252214383082 0 8.97212067576
2.99348 -0.000461048710768 1.706239 0.000216969371402 0 8.90622269063
-2.694617 0.00018799093623 -2.064701 -2.13240242509e-05 0 8.93944321508
-0.860188 0.000385278427182 -1.794373 -0.000447215284488 0 8.98927052372
2.116308 -0.00040661103607 1.434314 0.000198896902824 0 8.92073045305
-2.752818 0.000595276436078 -0.723973 -0.000601727055732 0 8.98177248622
-2.820975 0.000509919666132 -0.950602 -7.54651556704e-05 0 8.9588256049
0.50885 -0.000193487585998 -1.166305 -0.000177948022488 0 8.93229100201
0.842904 -0.000103859014348 -0.016954 1.30768048401e-05 0 8.95817656043
-3.668585 0.000675168433256 -0.713044 0.000164695385204 0 8.93256164969
1.38768 -0.00024198460544 -0.973458 -0.000123924441092 0 8.9469421333
1.215313 4.73083979092e-06 0.79669 0.000184908602166 0 8.98096487166
-2.619195 0.000497411178276 -0.128327 4.57869998569e-05 0 8.91215418245
0.865619 -0.000194942845564 0.190729 4.0228480009e-05 0 8.93311785468
0.033141 -0.00025791398002 1.663991 0.000341004171603 0 8.93480698762
-0.077862 0.000146070093671 -0.107544 -0.000208602671365 0 8.94970407667
2.901477 -0.000459565569508 0.765108 0.000167164463202 0 8.92263062407
1.600329 -0.000433728135691 -0.337268 9.75577002199e-05 0 8.91142722141
-0.552783 0.000260626757729 2.892983 -0.000243309057764 0 8.98730803999
-1.456106 0.000234656090501 0.390907 -2.60002320192e-05 0 8.91030595062
0.975596 -0.000180206560525 2.151436 0.000715910853373 0 8.87953637894
2.658479 -0.000488074345284 -0.159194 0.00014545557537 0 8.9061434071
-0.988233 0.000153686769306 -0.006774 -0.000473256957002 0 8.9638804997
-0.164067 -6.6173188119e-05 -1.984846 -0.000663519710058 0 8.97016269457
-0.614679 3.70390409538e-05 0.42717 -2.41123684437e-05 0 8.9432141196
-0.832151 2.62446607581e-06 -0.164917 0.000440867958499 0 8.88841236897
0.33809 -8.67589013232e-05 -1.062266 -0.000581317505398 0 8.97100808974
1.169491 -6.04968235114e-05 -0.665694 -0.000342983275307 0 8.96234598419
-1.255777 -3.77919913351e-05 -0.262897 0.000188014748953 0 8.92056734115
1.083781 7.56653922137e-06 0.971923 0.000146795016973 0 8.94968968397
0.324102 -0.000109120529411 -0.097828 -0.000313638183936 0 8.94778432585
-1.872478 4.19632205422e-05 -1.162757 0.000295015477471 0 8.96245921967
-2.906123 0.000180059986077 0.379528 0.00021919930506 0 8.88115371731
-0.882781 0.000232099753226 2.084155 0.000368695394908 0 8.94484971328
-4.442373 0.0006793013754 0.325192 0.000131639716185 0 8.9412289763
1.513441 -6.40835511503e-05 -0.762639 -0.000580466384045 0 8.96995360281
2.226283 -0.000269782766131 -1.841943 -1.91268013794e-05 0 8.91503044741
-1.390723 0.000179689249274 0.370185 -0.000197163248376 0 8.96351601066
0.026905 -4.76992344721e-06 1.299497 0.00026382037848 0 8.89004591122
0.228372 9.37878744494e-05 -0.814081 6.79241425961e-05 0 8.93977743237
-1.398471 0.000418052782379 1.1744 0.000117882280437 0 8.95606881189
1.741073 -0.000381590657812 1.596252 0.000256988860271 0 8.9438702593
-0.486114 -3.23053522298e-06 1.522033 0.000141681336249 0 8.93277114936
-0.397147 0.000112497647245 -1.240072 -6.67279958484e-05 0 8.89683025313
-0.010229 -4.69605295741e-05 -0.175301 -9.16873091265e-05 0 8.95182647337
1.484604 -0.000483265108583 -0.483075 0.000212287305987 0 8.90747567814
0.023365 0.000155567756145 1.014632 8.35548176238e-05 0 8.95081081887
-1.381671 0.00018098307455 -0.869702 -8.26271431434e-05 0 8.92749398239
1.343217 -8.44008776942e-05 1.01144 -0.000126199400828 0 8.97518768196
-0.654645 7.91665245518e-05 2.768791 0.000682527172567 0 8.87377843576
-0.530615 -5.24595135997e-05 0.02703 0.00010626353259 0 8.91818156631
1.800251 -0.000333611628341 1.195808 0.000331323870387 0 8.94582395859
-1.314694 0.000107034649798 1.140252 0.000665062013955 0 8.89504204539
-0.314229 0.000270115035395 1.211298 -0.000204505376934 0 9.00219370225
0.994686 -0.000239764392382 -0.261608 -0.000407922780169 0 8.94465151236
0.309252 4.99048648996e-05 0.369526 -0.000539886338743 0 8.94598890011
0.737037 -0.000155294752856 -0.820215 -0.000206587259716 0 8.93715888146
-0.362263 0.000215326726077 -0.285378 8.51753512038e-05 0 8.90734102895
-2.643604 0.000324048022796 -0.482189 4.5316121079e-05 0 8.96283003628
1.485323 -0.000355114969312 -0.8147 9.43280857905e-05 0 8.9328124441
-1.490927 0.000481151959004 -2.41954 -0.000305952399627 0 8.94567118966
-3.633165 0.000623681294071 -0.766444 -8.25961755678e-06 0 8.9466025074
-0.315286 0.000226916798149 -0.525437 -0.000110786159503 0 8.95008633674
-1.434106 0.000322261569951 0.787249 -0.000125827736172 0 8.91642910677
2.945202 -0.000504237661594 0.098918 -0.000105990672873 0 8.9536388024
-1.013466 -4.8813690113e-05 -1.001321 -7.10012295014e-05 0 8.9317021153
1.678692 -0.000292641592362 2.26455 0.000181904768935 0 8.92592067509
0.484095 -0.000177183952882 0.668435 0.000586684881629 0 8.89718688711
-1.903165 0.000536279026759 0.700101 9.72161453821e-05 0 8.94277891204
-2.574142 0.000395975792601 -1.535861 -4.51997657023e-06 0 8.93374670287
2.023649 -0.000285783691738 -0.938624 -7.08410272192e-05 0 8.89328082553
-0.597928 0.000270698809458 0.094514 0.000197242309798 0 8.89668768421
-4.880561 0.000562190913913 -0.256671 0.000629606604495 0 8.84778319395
-1.757869 0.000316496296961 0.657275 1.80826578988e-05 0 8.90600452574
0.19491 -0.000179711360271 0.767591 -0.000119692954965 0 8.91943341742
0.183971 -1.46778907012e-06 0.458475 0.00038053267946 0 8.90845195356
1.317499 -0.000156188051236 -1.473783 -0.000642974284554 0 8.99062457593
3.71969 -0.000619560863053 -1.741593 -0.000431344479206 0 8.96606686439
-1.517877 0.000116064383127 -0.7588 0.000113691730705 0 8.95074380781
-2.375726 0.000354908625503 1.081919 0.000365672744547 0 8.9387282216
2.578909 -0.000513909836126 -0.509268 -0.000108448910708 0 8.94340513967
-1.428642 0.000160346398474 2.218808 0.000595262739962 0 8.90120252347
0.936268 -0.00015396471174 -1.051481 -0.000104669412147 0 8.97657378515
-1.940731 8.13643295102e-06 0.394481 0.000601154063915 0 8.87021537406
-1.247753 0.000228454454389 1.488674 4.32072901197e-05 0 8.91021999971
-4.019506 0.000690612526691 0.166433 0.000529180867682 0 8.90491977463
0.786906 -0.000360108698089 -0.081511 5.5386123359e-05 0 8.90596954431
-1.410414 0.000498689094014 3.240057 0.000693359846166 0 8.92361717006
-1.296547 0.000441830015307 -0.402211 7.26056663769e-05 0 8.95320641988
-1.530265 0.000316491241005 -0.202453 -0.000146015583241 0 8.94567343345
-0.983099 -1.31540569914e-05 -1.517376 -0.00039365774139 0 8.94402182801
-3.988981 0.0011021649128 1.014155 1.11488330961e-05 0 8.96381193993
-1.394015 0.000200465798121 -0.190506 -0.000277423981475 0 8.97810246116
0.496326 -4.6215687545e-05 0.356831 -0.00026369288131 0 8.98266269065
1.463584 -0.00023339621413 -0.228956 -0.000340387989511 0 8.9798765735
-0.792144 0.000249479419362 -0.456084 -0.000366754481403 0 8.97906082944
0.754181 2.66272808587e-05 1.226242 0.000469003372011 0 8.92456824106
4.960332 -0.000811091499875 -0.341491 5.25304972138e-05 0 8.93593175402
0.521102 -0.000159142723653 -0.03343 0.000204758584391 0 8.94572073784
-0.749962 -0.000161360464728 0.174659 0.000455368584031 0 8.87057271436
-5.168228 0.000980513637756 -0.553123 -0.000182759059752 0 8.93422765308
2.415753 -0.000248264214646 0.838472 -0.000157038865566 0 8.96680097166
0.464601 -6.41692116622e-05 -1.59569 -0.00025945894676 0 8.93297187893
-0.942614 9.70817792647e-05 -1.627472 -0.000263208338135 0 8.96779329088
-1.516436 0.000362123924638 0.089166 -0.000181201153347 0 8.96184506132
2.6817 -0.000506307192723 -0.030737 -8.39718749711e-05 0 8.94760905377
0.418017 -0.000119117165085 0.87053 0.000104669700169 0 8.90454993362
-0.065764 9.30628153692e-05 1.891362 -0.000166430246655 0 8.96704960162
-1.3217 -1.51936974716e-06 0.716841 0.000189386966886 0 8.93662968592
-2.110045 0.000270458512246 -2.860574 -0.00103686351735 0 8.98230733783
0.334165 0.000170783627521 -1.159052 -0.000393753113239 0 8.97536763876
1.081479 8.70800233126e-05 1.035168 0.000287199613086 0 8.92595366012
2.732796 -0.000333411012905 -1.348791 -4.34836303385e-05 0 8.92900618446
0.961312 -0.000268982577044 0.810425 0.000149909797653 0 8.95585492053
-0.245325 1.98345867231e-05 -2.148986 -0.00027532832853 0 8.94201044526
1.681846 -0.000412323366615 -0.631862 -0.000191523453109 0 8.92463880081
-2.018704 0.000201943664144 -0.782485 -0.000295851628787 0 8.92012648227
0.84561 -1.52033701801e-05 -0.508138 -0.000254479190337 0 8.97980484587
1.505581 -0.000360873764711 -1.347921 1.61080805138e-05 0 8.9321023233
-3.751946 0.000735820704247 1.44927 -0.000634169300313 0 8.95949135084
-0.77204 0.000247170221511 -2.172544 -0.000447249267925 0 8.96692956538
-1.576849 9.47768341925e-05 0.929087 0.000343560065826 0 8.90062752012
-0.967373 0.000435240807429 0.42924 -0.000310253264278 0 8.9748697906
-1.385138 0.00017126588522 -0.402203 -5.11138047941e-05 0 8.9349072241
-1.762829 0.000126700878552 1.398333 0.000445476761171 0 8.90826614354
-3.15566 0.000674828830915 -0.640331 0.00012542164681 0 8.93710746497
1.020558 -0.000107522232462 -0.236705 -0.000273957706147 0 8.97094781049
-2.593768 0.000632714814372 0.118363 0.000257766888614 0 8.89329684727
0.503003 0.000133034148949 -1.12186 -0.000160267791353 0 8.9235621974
-0.817819 0.000117365773324 0.435291 0.000323483581128 0 8.93304990561
0.058292 2.97836313237e-05 -1.815409 -0.000141991489173 0 8.94022875098
-1.343784 -0.000118876632702 0.697311 0.000348273138082 0 8.96502436637
-0.771828 0.000142433173144 0.480925 -0.000136702005666 0 8.97337372716
-0.036558 5.45361167199e-05 1.681869 0.000191347109932 0 8.92024689208
-1.515636 2.56651905506e-05 2.05085 0.000319802426039 0 8.91370519376
-3.449706 0.000404663413157 0.820512 0.000107136524162 0 8.93276188202
4.642644 -0.000895692314414 1.699834 0.000337955279215 0 8.91783049122
-0.786042 9.9029105393e-05 -1.060291 -0.000330830955887 0 8.97577366009
-2.104676 0.000282531118953 0.055073 1.71737490544e-05 0 8.927875093
1.269786 -0.000116659479799 -0.95779 -0.000264371703863 0 8.95465511817
3.857051 -0.000744741159005 -1.288478 -0.000681735150165 0 8.98665978549
0.960803 6.68702371911e-05 0.296584 0.00014046504322 0 8.89746319332
2.230929 -0.000387101351799 0.626303 0.00015873231733 0 8.9400834007
-2.838232 0.000583663500021 2.588113 0.000183230494551 0 8.94761116321
4.050737 -0.000633973870871 -0.358985 8.70409644461e-06 0 8.93030471248
0.416086 2.37996543673e-05 0.13339 0.000267726861226 0 8.9094204588
2.650738 -0.000300959494267 0.964287 0.000542219196103 0 8.92007457644
0.04846 -0.000159265021891 0.554222 0.000295165118557 0 8.91668581073
-3.099928 0.000657584434361 0.104357 0.000150462203894 0 8.99191907788
2.141023 -0.000573402082133 -0.471163 -3.2811846852e-05 0 8.90478722149
-2.828733 0.000674303934317 0.08743 6.57465226131e-05 0 8.91126631289
1.665761 -9.70826799587e-05 1.090512 -0.000316634837738 0 8.97817029434
-1.062005 0.000226474003214 -1.895987 -0.000599126310972 0 8.96892723341
-2.914226 0.000398599522122 -1.414704 2.85021755723e-06 0 8.94899548192
-1.147743 6.05840196063e-05 0.849839 4.39126623633e-05 0 8.95933840459
1.606829 -0.000243807094588 0.249536 -4.20221679595e-05 0 8.9509240204
-0.604347 -3.86047058521e-05 -0.195024 9.57782609101e-05 0 8.93755192798
0.461452 -7.72601744057e-05 2.022188 0.000525114006771 0 8.93110197665
3.390433 -0.000437482109927 -0.949006 -0.000334487172548 0 8.95814738787
-2.031711 0.000832833349653 0.684452 0.00018250650853 0 8.94448077679
-0.903844 0.000230260891761 2.509619 0.000369784769758 0 8.92499836605
-0.79038 -0.000235384721171 1.146401 6.1172406385e-06 0 8.92275118492
0.02234 -0.000231493020423 1.161104 0.000111715618165 0 8.88296918271
1.715619 -0.000263376141476 0.283336 0.000109868581123 0 8.96999258185
-1.101628 0.000409152725154 -0.656097 -0.000401621705904 0 8.95895191607
-0.355894 8.97930496513e-05 1.694426 0.000605575266634 0 8.91316133299
-0.957543 0.000160003521575 0.103211 5.43739059286e-05 0 8.91808751157
-0.731789 -1.17493774991e-06 0.824658 0.000262130383824 0 8.93667131252
-0.877098 0.000327810233203 0.279331 -0.000344054126814 0 8.95515883303
2.841348 -0.000168800002023 -1.141038 -0.000199426259155 0 8.99352686002
-1.963514 0.000224315136143 -1.345563 -0.000365867215801 0 8.97746296762
2.084577 -0.000405515681984 2.419778 0.00107627481926 0 8.83205263172
1.29555 -0.000518702189055 1.144369 -0.000147950592908 0 8.94489790876
1.220975 -2.98917510958e-05 -1.028083 0.000102884302021 0 8.95003398213
-1.328974 0.000494561742129 1.171335 0.000549529006544 0 8.8855546254
-2.0872 0.000429139098636 2.069666 -5.23000390766e-05 0 8.97373137999
1.318032 -3.47794113878e-05 -1.192023 0.000204990074772 0 8.90160619837
-1.52658 0.000156478345565 0.027404 8.99203385772e-05 0 8.89889094416
-0.152878 -7.33046708126e-06 0.629033 0.000213644273099 0 8.93478431655
-0.592912 -1.49734455168e-05 2.099396 0.000414955464377 0 8.9299509778
-3.870759 0.000683416942786 -1.769087 -0.000719583295684 0 8.96511787573
1.156203 -0.000104657735057 1.139304 0.00039703902016 0 8.89880155108
-3.383022 0.000603950281475 1.107086 0.00041471728041 0 8.94126659815
2.19054 -0.000382526826356 -0.659998 6.94583667805e-05 0 8.8935640103
2.11109 -0.000438751837779 -1.484087 -6.41981370354e-05 0 8.95854846073
0.896849 -0.000123251682074 0.324038 -0.000442293993326 0 8.98163863337
-3.182052 0.000600483640418 -1.060861 -0.000706469702401 0 8.97186069554
1.189788 -0.000257026722502 -0.419209 0.000191051235518 0 8.89528689156
-1.630198 -9.7321329539e-06 -0.536714 -0.000164944163213 0 8.94605333454
1.466595 -0.000100637839181 1.436277 0.000229758385273 0 8.89600325985
-3.523736 0.000429664597882 0.572712 0.000581706325731 0 8.9153855783
0.873299 7.67449175388e-05 -1.756584 -0.000414824995489 0 8.96531604142
0.478245 -0.000277908076671 1.66085 -9.92852738293e-05 0 8.93960651612
0.002857 0.000229693826054 -1.952429 -0.000372890942369 0 8.97242515096
-0.963558 0.000190426796542 0.416752 -0.000362478323499 0 8.93196039594
-0.394554 0.000256674605181 0.227919 4.4884939192e-05 0 8.93438938505
1.863867 -0.000120878972366 -1.159733 -2.12786359961e-06 0 8.92175398884
1.935215 -0.000161353237935 -0.027436 -2.85737858265e-05 0 8.95559701402
2.357653 -0.000290270343635 -1.112219 -0.000287363787894 0 8.99915901053
0.523696 -9.81941774479e-05 -1.450435 -0.000423605019833 0 8.95199418593
-1.18272 0.000115138659953 0.579855 6.93253288044e-05 0 8.91490190114
2.082168 -0.000125264565343 0.485614 1.63678676853e-06 0 8.96183653369
-1.30608 0.00025682462856 1.866638 0.000529180800278 0 8.91691971325
-1.550004 9.03898726702e-05 -0.623757 -0.000363727807742 0 8.94833331997
1.258888 -0.000252769793308 0.067104 0.00059352376315 0 8.88993148664
0.801196 -0.000216759248542 -0.708959 -0.000173039274417 0 8.90092300291
-1.918721 0.000199042037435 4.22569 0.000759164682586 0 8.91834645819
-1.303595 0.000154494104078 0.953764 -7.41280189941e-05 0 8.96816607764
-3.301632 0.000606825430628 -0.309438 0.000833876252075 0 8.89677032637
-0.058726 -0.000159881546424 -0.093518 -9.55018249569e-05 0 8.93204358755
0.25459 3.84690558258e-05 2.126637 0.000529236412047 0 8.91363277109
-1.26402 0.000120375662649 -0.357927 0.000177473617361 0 8.90381504021
0.574656 -0.000137034758329 -1.678327 9.2514128906e-05 0 8.92654621281
-1.426631 7.7009247816e-05 0.22865 -3.16890103121e-05 0 8.94115598674
-1.288956 0.000135903346979 -0.225899 -0.00022482820229 0 9.00013839337
1.194916 -0.000550901451846 0.799476 0.00042686205666 0 8.90523739674
-0.016998 -0.000241063939098 0.665007 0.000326081011682 0 8.93069986351
1.489957 -0.000282829871308 0.271864 0.000377820571742 0 8.90751608366
2.368436 -0.000184986588677 -2.458752 -0.000504075001777 0 8.96435064551
-1.104893 0.000315548814877 -0.963003 -0.000142148296097 0 8.94407599322
-2.653352 0.000432072424647 -1.224783 0.000664473039507 0 8.92388007063
0.387973 -1.17413868361e-06 0.076661 -8.8772857834e-05 0 8.95369683421
2.011358 -0.000354067067011 -0.386609 -0.000404973242943 0 8.96627931076
3.362853 -0.000460063795801 0.507942 0.000234672822907 0 8.89411845211
-0.651422 9.9316574635e-05 -1.347399 -0.000314125550409 0 8.95289152115
-1.709575 0.00026366282285 -0.195142 -0.000131211292654 0 8.9652346362
-0.323027 9.54314220649e-05 0.258768 0.000104782251102 0 8.96076741407
-0.531715 0.000156869169288 -1.245421 -0.000197272673983 0 8.94173568411
-2.790297 0.000342368805732 0.58991 0.000254691630004 0 8.93689159512
-0.778888 0.00029830874313 1.84328 -3.13439804583e-05 0 8.93214354601
3.164212 -0.000253359997008 -1.997529 -0.000511240257438 0 9.00748460327
-1.172076 0.000303313698415 4.374573 0.000715052846667 0 8.92861910497
2.015369 -0.000491346814881 1.17693 -0.000169155214222 0 8.93536319398
-1.102907 0.000289975696146 -2.030118 -0.000412250318955 0 8.97521696452
-2.549667 0.000507057441804 -2.621172 -0.000780165613088 0 8.97764566735
-0.241496 -4.91840944264e-05 0.028948 0.000426202277024 0 8.91623456932
2.578236 -0.000451781829657 1.600567 0.000816193099934 0 8.89344044764
-0.440067 0.000325846977 -1.255541 -0.000395402371218 0 8.99017117372
2.571486 -0.000392961955459 -1.219502 -7.12691204252e-05 0 8.9517198397
-1.407215 0.00041724132431 -1.776517 -0.000166366185558 0 8.94981810911
1.906398 -0.000396975316876 -0.088178 -0.000553191517984 0 8.99186608399
0.538404 -1.01363978595e-05 -0.048152 -0.000379549153511 0 8.9727766795
1.858045 -0.000415926894786 1.670462 0.000395346797124 0 8.91975474243
-0.142356 5.3614470376e-05 -0.101088 0.000445636969264 0 8.91940749975
-0.781454 0.000271997450597 -1.534276 -0.000560251440809 0 8.97577517562
2.796809 -0.000522031647616 0.005275 0.00018959061591 0 8.90552708559
-0.868375 4.42542059027e-05 -0.121647 2.77883042742e-05 0 8.90888529662
1.354206 -0.000218510456094 -1.047016 -0.000200660581522 0 8.96537374178
2.62808 -0.00033603267062 -1.752537 -0.00045239253179 0 8.94262293101
3.948904 -0.000544191338198 -0.98382 0.000348897213282 0 8.89167556064
0.064303 -0.000143171841173 -1.112946 -0.000387289358385 0 8.95316762515
-2.273937 0.000467591144586 -0.234455 -0.000264170196958 0 8.95226736028
2.24918 -0.000351209941255 -2.446608 -0.000293883642113 0 8.96057922025
-1.880024 0.000334227056907 -0.971631 6.56238424549e-05 0 8.89397706398
1.91768 -5.76403550353e-05 -1.54624 -1.38158446622e-05 0 8.9258545004
0.297415 0.000129717696948 0.899236 0.000137712098615 0 8.94618975775
-1.349272 8.48039035576e-05 0.795319 -5.80353169582e-05 0 8.94280436784
0.08622 0.000220592876811 -1.10187 3.4920372489e-05 0 8.95509390587
-0.053219 -0.00014494595004 1.597483 0.000613302294168 0 8.9324933494
-1.897982 7.67530872789e-05 0.248389 -0.000110731807864 0 8.99610437534
0.543803 1.92160434395e-05 -0.591324 -0.000672690991004 0 8.98623527571
-3.632513 0.000552707216491 0.639768 -0.000149535852326 0 8.93856182492
0.365332 -0.000101474064396 -2.481926 -0.00038878797994 0 8.98411269758
-0.992637 0.000134104252431 -1.217705 -0.000210816361643 0 8.93682730865
-1.537566 0.000407527022103 0.4321 0.000376839422402 0 8.94829619059
-0.145955 6.18572461928e-06 0.88972 0.000175292468284 0 8.93534276547
-3.510253 0.000454946327995 1.24994 -2.17387260126e-05 0 8.92692197228
-1.893461 0.000162359844242 0.61622 0.000299633347838 0 8.89781286153
-3.405564 0.000483203239646 0.58577 -0.000160142117265 0 8.90935667735
1.583099 -0.000320436284142 -0.704404 -0.000404827854857 0 8.93560499441
-0.098523 0.0001998418754 1.988501 0.000292141512494 0 8.90292999409
-0.59486 -0.000199035567264 0.456649 -0.000139099685758 0 8.92110889904
1.288096 -0.000143916816659 -0.159278 0.000427341619557 0 8.93096448864
-2.387978 2.18859679463e-05 -0.106289 -9.06334991637e-06 0 8.9288232624
0.729372 -0.000224110953498 -1.623999 -0.000597294798934 0 8.92639279348
-0.20818 0.000156605266706 1.703484 0.000442120420409 0 8.91220657088
1.059158 0.000133372268699 0.958938 -0.000110661141762 0 9.00979448722
-0.876192 0.000129132895049 1.841015 9.77807496362e-06 0 8.93774063858
-0.808748 0.000170655431097 -0.207378 7.51993780132e-05 0 8.96481494319
-1.30849 9.46535413343e-05 -0.240753 -0.000174970731669 0 8.96309045974
-0.999784 2.51910255517e-05 -0.911538 0.000382657683424 0 8.93238123231
0.436174 6.03519070025e-05 -0.069192 -0.00020193631377 0 8.99322112598
-0.934054 4.49494550782e-05 -0.317026 -6.77631250496e-05 0 8.95639805938
-1.127324 -6.84754632316e-05 -3.562791 -0.000288845211285 0 8.92077503444
-1.743555 0.000258909611541 2.22276 0.000129890293181 0 8.99540980363
1.218261 -0.000327978990544 -0.130102 0.000365546648668 0 8.92795472165
3.697633 -0.000320067284611 -0.409185 -6.143407304e-05 0 8.92906705424
0.804778 -7.95541092109e-05 -0.973895 0.000145600923437 0 8.90530035364
3.324654 -0.000575957078127 2.129596 0.000334063580571 0 8.97619681561
-0.771215 0.000115624072494 -0.729561 6.2440350619e-05 0 8.91182826871
-1.220663 0.000190125144534 1.051687 0.000436247496771 0 8.92610469607
1.620586 -0.000367492030453 2.820321 0.000420537886103 0 8.88852275619
1.85358 -0.000349009405501 1.075185 0.000190707150943 0 8.95645770836
2.422727 -0.000466840235083 0.14219 -0.000277090228098 0 8.95303709394
-0.392252 -5.64042996965e-05 -1.653633 -0.0010594462735 0 8.96446726877
-0.269753 0.000265534746519 0.297267 0.000110143186234 0 8.93159471888
-1.450127 0.000304248354579 -0.704577 -0.000381207804497 0 9.00603783125
-0.175276 0.000351010599467 -1.211024 -0.000499459392986 0 8.95412977363
1.456682 -0.000272617715382 -0.684685 -0.00030921505859 0 8.96553474302
0.927406 -0.000287215018293 0.470919 -0.000175009452666 0 8.93488774803
0.473144 0.000226680152929 -1.264661 0.00097649709925 0 8.88574312572
-1.103233 0.000157402873053 -0.92462 0.000271712882762 0 8.87078164126
-0.353863 6.87121120472e-05 2.096163 0.000331906148068 0 8.92951122412
-0.315404 -8.55192593568e-06 -1.054308 -8.0539892755e-05 0 8.95244489736
0.537204 -3.40639601318e-06 -1.464327 0.000226110236647 0 8.93533035995
-0.613009 -0.000102883857817 2.169842 0.000353637448437 0 8.92324965791
-2.033418 0.000391178129384 1.692255 3.02137255859e-06 0 8.95583416459
-2.665154 0.000513278056952 2.366938 9.21807075418e-05 0 8.98675629099
-1.433178 0.000425457906386 0.502893 -0.000435413976569 0 8.96350317122
-0.283951 6.3327487422e-05 -1.043785 -9.11669756021e-05 0 8.92204996327
-0.476834 0.000349893376352 -1.8552 -0.000780330951345 0 8.97196313521
2.492457 -0.000102123998053 -1.25075 3.95281490096e-05 0 8.95179901061
-1.387762 -0.00026010798362 -0.939855 -0.000593185434795 0 9.02539240855
-0.925671 0.000466070657203 1.206533 3.37413576044e-05 0 8.9592527421
-1.34016 0.000347967682434 0.449177 -0.000104398805284 0 8.9351822525
-4.373869 0.000823508804146 3.517693 0.000311026987223 0 8.92941381087
1.048308 3.2792405449e-06 -0.110623 -0.000232167101288 0 8.94500291104
0.494536 -3.631192418e-05 0.13179 -0.000226082549839 0 8.91771382902
-2.174756 0.000172686959179 0.226799 0.000974841344342 0 8.86711605417
3.655059 -0.000606083755234 -0.714809 2.32158002922e-05 0 8.91759785801
-0.231767 0.00020203963793 -0.416683 -0.000352913865305 0 8.97455006831
-2.544989 0.000476213826039 -0.059221 -0.000153751850308 0 8.95597521481
3.287679 -0.000539066768701 0.066336 0.000146459541719 0 8.95969879327
-1.186901 8.69883188922e-05 0.906593 0.000557381031491 0 8.91469428427
-1.125772 -4.21467095018e-05 0.143146 -0.000237948317268 0 8.95909719852
1.277382 2.11728574753e-05 -1.264712 -0.000120655708905 0 8.97133047482
1.174338 -0.000115290165602 0.593659 -0.000235188113235 0 8.95724493227
-4.233733 0.000785201358498 -0.034908 0.00045817744822 0 8.92953753314
0.737458 -8.85393051291e-05 -0.453936 0.000229746867854 0 8.9349804136
-0.021023 0.000163234954034 0.170221 -3.49904355736e-05 0 8.96805522172
1.865072 -0.000380397336867 0.050186 -0.000204688340288 0 9.00687263537
0.581428 0.000216744868903 1.857714 -0.000195510545245 0 8.96615937362
1.019414 -9.76325999624e-05 0.156735 -0.000312512139979 0 9.00049672411
-0.145703 -4.20869694049e-05 -0.648802 0.000376320075491 0 8.95440176219
-1.365725 7.54008766924e-05 -2.226886 5.41231669199e-05 0 8.95345235899
-1.156922 0.000311590240192 -2.375007 -0.000357336880272 0 8.94416721608
0.049598 -0.000121370239783 -0.168897 0.0001827981386 0 8.92556692367
-0.247456 1.04638377627e-05 1.065371 0.000642431380886 0 8.89342654983
2.132683 -0.000439295067432 -0.455298 0.000800295141514 0 8.91045307274
-2.343152 0.000133228207262 0.876574 -0.000221497039101 0 8.94316313396
-2.21542 0.000633467906858 -1.37063 -0.000696454748362 0 8.94967056211
0.053681 -1.40058723681e-05 -1.732103 -0.000210073736644 0 8.9716698264
-1.175326 0.000173183689245 0.490335 0.00023377339563 0 8.92553231049
0.787147 -0.000339553497 0.59826 0.000411096907725 0 8.90858910734
-0.570127 3.0234538374e-06 1.898277 0.000365121037468 0 8.89513709096
-0.758609 0.000121243664677 -0.408132 -0.000288464475077 0 8.95871679907
0.299293 -0.000303791941875 0.303106 9.36409284552e-05 0 8.90337725329
3.04941 -0.000752746077311 1.179815 0.000238250988998 0 8.9187040856
0.52562 0.000122694764526 0.702527 4.41369558919e-05 0 8.93373169724
0.28773 -0.000118409899839 0.589754 -0.000706014638577 0 8.97273868132
-0.353203 4.97274331194e-05 0.150918 -3.33425097528e-05 0 8.95157823601
2.529579 -0.000328107555267 0.002493 0.000231423301758 0 8.9419376742
1.236826 -0.000344224195234 -0.400321 -0.000374518518673 0 8.95196478191
1.383166 -1.86357225355e-05 -1.265413 -0.000208642752424 0 8.97376673396
-2.860382 0.000476017654454 -3.166231 -0.000473810005748 0 8.95244168202
1.06441 -7.94872514362e-06 -1.766744 -0.000367188627836 0 8.91020595336
2.951778 -0.000416074212593 -0.405058 0.000167684000054 0 8.91417395292
-1.827415 8.95545290847e-05 1.824871 0.000508626455936 0 8.9143952133
3.178633 -0.000651139149661 -1.119112 -0.000332861444353 0 8.96809883358
2.466722 -0.000548741798986 1.924675 0.000443177792823 0 8.90920288638
-1.6161 0.000401340042079 0.038855 0.000153160857706 0 8.95986944671
-1.546902 0.000234553711239 0.950122 -0.000107008152105 0 8.97353600242
-3.844355 0.00052896127117 -2.226508 0.000118748562102 0 8.91241436421
0.040757 -0.000121099926678 -1.832157 -0.000730076394168 0 8.98823923174
1.826493 -0.000200688082377 -0.93511 -0.000696109138417 0 8.96218830285
1.421149 -0.00018550298611 -1.424752 -0.00025189825065 0 8.98558694271
-4.129351 0.000446466172467 2.340526 0.000572139430621 0 8.9132614508
0.497377 0.000201432574252 0.552557 0.000268985868319 0 8.93140087295
-0.174878 0.000126429109796 0.881115 0.000242272224526 0 8.91331148408
-0.771764 0.00015101641687 -1.568213 -0.000104219943985 0 8.9332001525
0.140577 0.000134526246508 -0.82402 -0.000139091063495 0 8.96307478583
0.861115 -3.37561866615e-05 -1.391734 -0.00036327362124 0 8.98155114265
0.451793 1.03351197119e-05 0.310678 7.11932327603e-05 0 8.92068898746
2.886132 -0.000183574572971 1.196091 0.000331420722706 0 8.90774107127
0.755402 -0.000449770239879 1.24525 0.00036365277012 0 8.96127978134
2.677418 -0.000383961496249 -2.125068 -0.000270898105494 0 8.93773585794
1.554029 -0.000120271156785 1.452873 0.000587563503292 0 8.90752325312
-0.722398 -5.26919647643e-06 1.086551 0.000497445868254 0 8.94104676059
-0.883079 0.000206866935323 0.322073 0.000289910005495 0 8.91552320862
1.79723 -0.000228882291393 -1.530257 -0.000561660210286 0 8.98363425445
1.960205 -0.000199588151453 -1.75009 -0.000402663217915 0 8.95739650683
-0.606035 0.000163525899487 -1.000743 -0.000420946713019 0 8.9831636701
-0.887032 0.000199845440682 1.137678 3.88715233818e-05 0 8.96025737961
-0.461732 7.22352263696e-05 0.84067 0.000318334907016 0 8.91093232611
1.206508 -0.000512480488608 0.495462 -7.15711496781e-06 0 8.94913875579
0.659576 -0.000280990723485 0.67883 0.000203260223582 0 8.89574877495
2.07578 -0.00033194193439 1.188915 -0.000441468709707 0 8.96559911609
-0.203379 -5.14120079338e-05 0.552825 -8.97841132457e-05 0 8.95243830929
1.754081 -0.000145107722983 -0.267887 -6.91586827506e-05 0 8.92761873763
2.013286 -0.000204744004181 -1.55461 1.79774490515e-05 0 8.94073088596
-1.676006 2.73410313015e-05 1.390358 0.000555432483384 0 8.91294365278
-4.105398 0.000856849702453 0.222781 -0.000193843033316 0 8.96559338929
2.673249 -0.000299836001185 -1.091008 1.12143683854e-05 0 8.94755902079
-1.168467 0.000116398442785 -0.392628 0.000133777585338 0 8.93882859363
2.203983 -8.15410362263e-05 -0.694377 0.000184607356223 0 8.89655998528
1.199429 -0.000246588483777 0.927344 0.00026470787572 0 8.92393254638
-0.234345 7.08015088432e-05 0.06924 8.48561766831e-05 0 8.96117051298
-3.921885 0.000801891065543 -1.340704 -0.000379924628847 0 8.95272426328
2.203828 -0.000380096616342 -1.592121 -0.000563816246784 0 8.97989671664
-0.553423 3.34602542995e-05 1.042667 0.000293005702922 0 8.94485580014
0.491153 0.000199066264249 1.738299 0.000745527745709 0 8.89528780335
3.994648 -0.000193461620728 -1.921485 0.000269203147079 0 8.9368797432
0.337731 -0.000233172048711 -0.23404 0.000233936996801 0 8.88817093167
0.218361 -0.000109392202089 -1.565451 -0.000140262794282 0 8.93517058556
-0.818334 -0.000166766201565 0.887248 0.000445145213982 0 8.9064278296
0.307714 2.99440613723e-07 1.239318 0.00076741457702 0 8.89279512129
3.247926 -0.000465706905334 -0.770893 -0.000350867602369 0 8.92193266395
0.343349 8.93259971806e-05 1.042517 0.000350292110525 0 8.95944915947
3.365261 -0.000664192954497 -1.256477 -0.000153192085973 0 8.96586099351
2.907064 -0.000601897213524 -2.130835 -0.00102671759847 0 9.00741848714
0.941595 -0.000286991732015 -0.68133 3.29115533805e-05 0 8.93291943598
-0.546155 0.000224188982322 0.406569 -0.000438800120977 0 8.97926578689
-1.206917 0.000133919255772 -1.409806 3.81717927512e-05 0 8.92730823324
-2.570887 0.000244131766085 -2.86547 3.49462165103e-06 0 8.92196503462
-2.495259 0.000524720032838 -0.415198 -0.000204026739514 0 8.92989894622
0.79104 -6.96686386002e-05 4.181114 0.000573685981205 0 8.94264411632
0.710619 3.03785723674e-05 -0.615394 -0.000222084282736 0 8.92295958007
1.089004 -0.000128717691904 -0.462185 -0.000117538743966 0 8.92675803843
1.091268 -0.000251586568741 -0.313128 0.000641588628261 0 8.96143322991
1.927398 -0.00035287672228 -2.634371 -0.000421471445728 0 8.9643555054
2.705442 -0.000255790931601 -0.630198 -8.24172739295e-05 0 8.94849232795
-2.126348 0.000250639627646 -1.266485 -0.000317138014583 0 8.95527893433
-2.400902 0.000633221316531 -0.401653 -0.000484658742332 0 8.99831749514
-2.069238 0.000266990352525 0.543047 7.83017085926e-06 0 8.94608046899
0.755064 7.84031211593e-05 -1.254931 -0.000533384673177 0 8.99613196704
-0.109969 0.000317027007913 -0.39551 -0.000175972609533 0 8.95424869741
-1.610231 0.000246184214237 0.040505 -8.70755720313e-05 0 8.96252917233
-0.162539 -7.17617261717e-05 -1.440949 -9.76534302235e-05 0 8.92239043239
-1.048569 0.000329410109101 2.339314 0.000413107707623 0 8.90277385965
0.513454 2.9652501128e-05 0.995254 -6.64980668936e-05 0 8.94914506448
-1.391599 2.36030263176e-05 0.312527 5.88881064124e-05 0 8.94359404555
1.312131 -0.000254214093319 -0.584493 0.000148401865663 0 8.96959618172
1.732957 -0.000437716044406 0.039432 0.000201570231797 0 8.92749561943
0.617675 -6.79756996591e-05 1.72371 0.000150878302299 0 8.9731436526
-3.48298 0.000680261577797 -2.072746 -0.00044200967398 0 8.95471891072
-0.387996 0.000181118433389 -1.478451 -0.000400630090342 0 8.94041583788
-0.728832 0.000150731052189 0.749529 0.000110148837859 0 8.95253885599
2.965469 -0.000505919736287 -2.71322 -5.66394872211e-05 0 8.94935004918
-2.551828 0.000391151683039 0.559497 3.3975697967e-05 0 8.9574678333
4.110599 -0.000567517890171 -1.560722 0.00012074795537 0 8.92323307124
0.196762 -0.000156791336459 -0.746718 -0.000358839343588 0 8.98194417284
1.164329 -0.000113182085075 0.223932 -0.000205353909208 0 8.92644549951
-0.545583 -3.1182311306e-05 2.862975 0.000579226498386 0 8.90586802558
0.907325 7.54613565119e-05 0.822503 0.00040523598753 0 8.9064122585
0.004119 -2.53615460067e-05 1.259443 0.000243100332821 0 8.88467240313
-0.715303 0.000254378267342 -0.440148 0.000124186163477 0 8.95794764066
2.536797 -0.000299610426835 -0.795358 -0.000225646328419 0 8.92765455795
0.888923 3.57281417088e-05 0.92578 0.000463149553829 0 8.92161433102
1.124641 -0.000115881549788 -2.337497 -0.000575188173555 0 9.00455140689
-1.158448 0.000326608409371 -0.743852 -0.000905590992501 0 9.02458081075
-1.182221 0.000105829614009 -0.5884 -0.000192903572849 0 8.93636726512
-1.079531 0.000150854110839 -0.568213 -0.000177768889992 0 8.97076967799
0.463927 8.82971594161e-05 1.568685 -0.000337614226155 0 8.98462407868
-1.30963 0.000121894744137 -1.371086 -0.000276014658705 0 8.97515049529
1.093039 -0.00024059468005 0.947477 -2.76838410402e-05 0 8.95861918897
-0.403144 0.000155102429942 -1.099919 -0.000424301741127 0 8.95833975219
1.486851 -0.000357902430937 0.338769 0.000270042305503 0 8.89715257622
0.839206 8.76183859081e-05 1.196048 0.000111663729849 0 8.87957020232
-2.004073 0.00034034516531 -1.027696 -0.000344976451612 0 8.9730609213
1.928244 -0.00025463669057 0.085133 -6.03186182407e-05 0 8.9852861727
-1.232097 0.000284275405058 -0.875547 -0.000455990192873 0 8.97517169482
-0.24484 -2.79059802947e-05 1.365443 0.000222966598886 0 8.92091138803
-0.185197 0.000270854855664 -1.241557 -0.000510135889902 0 8.97178916989
-1.414795 0.00024859332138 1.217318 -0.000124083605968 0 8.95770439102
0.646816 -0.000157957894102 2.889918 0.000504960145614 0 8.92533393447
0.651912 -0.000333034009296 -2.331774 -3.66190397307e-05 0 8.94165119478
0.059049 0.000153056381961 0.102258 -0.000175491960751 0 8.94862769359
-2.333862 0.000297692320225 -1.919311 -0.000241750301039 0 8.97726811894
1.061314 -1.92643913384e-05 2.253634 0.00042068033506 0 8.93073383377
-1.525902 0.000163058530373 0.368308 3.37323908155e-05 0 8.93575189563
0.115566 -0.000100750586439 -0.467676 6.59945493306e-05 0 8.95639671895
1.192898 -0.000584895832198 -1.310824 0.000135080148079 0 8.90766633064
2.569862 -0.000318871290019 1.183923 0.0005292775188 0 8.95011351459
-2.633291 0.000487635916133 0.807739 6.67293397582e-06 0 8.95944008202
-2.22052 0.000127135783906 0.474803 -0.000210541015345 0 8.9644698009
-0.885201 8.75701325849e-05 2.930957 0.000370466278593 0 8.92368885293
-3.33698 0.000487239829663 4.149115 0.000874032523732 0 8.89201104383
0.393871 1.47096435537e-05 0.349861 0.000619415386404 0 8.92222447266
-1.138285 0.000193557062592 -0.295663 7.6455290501e-05 0 8.97022377058
-1.936708 0.000412021988957 0.287263 -8.62488984492e-05 0 8.98217088423
-2.655515 0.000445040449034 1.732366 -2.96418562841e-06 0 8.98681479832
0.062134 9.28155869756e-05 0.35031 0.000256970238781 0 8.93885654738
-0.233685 7.02616723985e-05 -0.347258 0.000271722056299 0 8.92946550726
-1.584337 1.29507221565e-05 1.09352 0.00101576084636 0 8.88433129985
1.167447 -0.000271510502636 0.342204 -0.000328207878029 0 8.94625821104
-2.22499 0.000410359576644 -0.768222 0.000231040168566 0 8.89395456691
-2.435995 0.000508168566752 1.68754 -7.95065277206e-05 0 8.95376184507
2.030208 -0.000359438959163 -0.359206 -0.000113964145946 0 8.95872124173
-0.852703 0.000378744968931 0.164452 -4.31402634047e-05 0 8.9298120179
-1.150759 0.00024182326788 -0.973643 -0.00017519058523 0 8.98403947527
-0.687934 0.0003516613523 -0.608292 -0.000465848513035 0 8.94785195308
3.381736 -0.000579972015629 0.299213 -8.56420862116e-06 0 8.91129907071
-0.181973 0.000106823554815 -1.271905 0.000160643002504 0 8.92914191216
-0.087124 9.35684327728e-05 0.228132 0.000397396317965 0 8.89834911875
-1.802008 0.000292909260584 0.155089 -8.33142881479e-05 0 8.92812076999
0.592896 6.08527285942e-05 -0.861106 -0.000540859050647 0 8.99506220487
0.703913 -7.45655408068e-05 0.125871 0.000697867576063 0 8.90354777771
-0.016444 3.15421004392e-05 0.417962 0.000572426227634 0 8.90320704696
-2.6742 0.000331634438866 0.776839 9.5739237259e-05 0 8.95187508028
-0.028309 3.73373528323e-05 -0.622435 -0.000565096930086 0 8.94110753682
-0.307225 7.28967861334e-05 -2.808352 -0.000228570399627 0 8.94676515485
2.066233 -7.33885416257e-05 0.442867 -0.000360558264733 0 8.95766922673
2.26189 -0.000259080819268 1.877915 0.000197165514294 0 8.89494971332
-0.156285 0.000190674500108 -0.483759 -0.000432595572626 0 8.9672014718
-0.613859 0.000114419910599 0.038165 -0.000388472354053 0 8.95221466523
0.312435 -5.56421769987e-05 0.118334 3.274862429e-05 0 8.90985229655
3.593159 -0.000428377318227 0.384339 5.55665257288e-05 0 8.96678877917
-0.443446 0.000150007600019 1.284379 0.000325908918088 0 8.93940653883
0.564584 -0.0002137640773 1.693379 0.000182958140356 0 8.92885989545
1.284489 -0.000161088984045 -1.154394 -0.000221097336677 0 8.91108399177
1.616014 -0.00019192128484 -1.256024 0.000134202634011 0 8.95512810171
-1.026303 0.000147008008092 0.965978 0.000343266153871 0 8.94436830492
-0.104266 -6.12442731538e-05 0.869544 0.000437503256742 0 8.891305277
-0.272185 -0.000115344236522 0.8715 0.000307832986076 0 8.91153544961
1.219373 -2.27313846843e-05 0.736469 -0.000237565872075 0 8.95503876157
0.997483 -0.000192605236556 -0.342368 -0.000427679643007 0 8.9892535548
2.33139 -0.000415852411285 0.076458 -0.000194419138193 0 9.00417763677
2.209033 -0.00039547132395 -0.669223 0.000189080416333 0 8.91062974679
-1.885536 0.000401419255527 1.175498 0.000193897645318 0 8.92731916147
0.630033 -9.55377255002e-05 1.30931 0.000107114875871 0 8.96885228916
-1.482275 0.00026689984754 1.006255 0.000350379898365 0 8.91155309974
1.25911 -9.4240704186e-05 -0.68625 0.000380744923272 0 8.93251965146
-1.398789 0.000288119947425 0.676114 0.000151177066663 0 8.90228905869
2.7489 -0.000227563755534 -0.03896 -0.000259907395235 0 8.97200139886
2.332535 -0.000294386972875 1.497493 0.000416188658544 0 8.93033031093
-0.606775 6.48174813858e-05 -1.086534 -7.74463606146e-05 0 8.94191727399
1.11847 -6.71730873852e-06 -0.032425 -0.000142599121572 0 8.92977228237
1.999841 -0.000443257923012 -2.828398 -0.000209031216482 0 8.92117768921
0.388603 -1.06761138661e-05 1.13428 0.000477232788504 0 8.97191992326
-0.067011 -2.43273338564e-05 0.586847 -2.20885904711e-05 0 8.95695486617
1.061089 3.55352821651e-05 0.429653 8.2963259548e-05 0 8.95659755345
1.608867 -0.000494218576467 -1.533217 -0.000534528973912 0 8.96021275988
1.321475 -0.000194958321371 -1.504335 -0.000173446705498 0 8.96210972854
-0.472674 3.57276455721e-05 0.839475 0.000730993144901 0 8.85900218224
0.878713 -0.000130296025144 -0.621585 0.000226249899506 0 8.93359407985
3.485238 -0.000433819496494 1.681528 0.000105340177777 0 8.95559492251
0.071577 -3.55523270681e-05 -0.889833 0.000326788095965 0 8.91682658419
-1.486833 0.000157681132422 0.189835 0.00050308158976 0 8.92372256534
-1.984457 0.000220616838284 1.801109 0.000620609162963 0 8.87087456162
1.179442 -0.00034469088029 -1.38493 0.000116270859643 0 8.93508402216
3.950846 -0.000568409529601 -1.097645 0.00033647658088 0 8.88892012457
0.503489 -0.000109103798916 0.071088 9.14248878366e-05 0 8.90700308393
0.412972 -0.000119751390405 0.019904 -0.000374802426947 0 8.96508129545
2.690093 -0.000453092458379 0.577081 3.97378823348e-05 0 8.91711044672
-0.927219 -0.000144112085641 0.124253 0.000176328163615 0 8.95870288785
-2.160923 0.000367726606979 -1.19941 -0.000147429809187 0 8.950696135
-2.839847 0.000524637129172 1.484923 6.50313411713e-05 0 8.94832964286
0.186543 -6.28337190196e-06 0.346732 3.54380508779e-05 0 8.93111868837
-0.134364 -0.000134458207899 -1.370292 -0.000490912132904 0 8.91640945943
-0.878346 -1.52996281669e-05 -0.631674 0.000235178377522 0 8.89539291782
2.089051 -0.000293118505822 -0.710559 0.000152457303798 0 8.95014375165
2.851843 -0.000303817940959 -1.107467 -0.00071445627803 0 8.96703696884
-2.298522 0.000363260354613 0.091862 0.000334315950864 0 8.95821373568
-0.755698 -0.000241701681994 0.286041 -0.000640991924015 0 8.95648691434
1.34753 -0.000324427089474 -3.111139 -0.000231347620219 0 8.95374182692
-1.482553 -4.20539899994e-05 0.256486 1.63596885855e-05 0 8.96444417685
2.705449 -0.000370585433628 0.419614 -0.000445127703074 0 9.00778238995
2.66307 -0.000353503333164 -0.62637 -0.000131239385518 0 8.96423858109
-0.533483 7.39608745348e-05 0.187679 -8.25747546172e-05 0 8.95099173057
-1.455007 0.00029268624383 0.07249 -0.000389126799618 0 8.976958481
0.088726 0.000124379139959 -0.644508 -1.02106786334e-05 0 8.95798601784
2.197632 -0.000371992302697 -0.262852 0.000253894860532 0 8.93422935239
1.388228 -0.000480063694941 -0.775932 -0.000318016695049 0 8.97086095431
-0.341743 0.000195770955419 0.336579 -2.03888881819e-05 0 8.95146266067
1.032261 -0.000433678468768 1.244998 -0.000399383255217 0 8.98741396425
-1.942171 0.000271758471105 -1.472541 0.00019730638962 0 8.93134889949
-1.980334 0.000433905646247 -1.263177 -0.0001349308563 0 8.92272592186
0.735189 -0.000420547852164 1.150543 -0.000167631885154 0 8.95499515993
1.664096 -0.000112314395309 -0.834145 -0.000454458681702 0 9.01948750939
-0.416606 -8.6540039117e-05 -0.606957 -7.260526221e-06 0 8.94279022889
-2.364602 0.00038486799532 -2.092605 1.72985686219e-05 0 8.95034193633
-0.6389 -5.77654379597e-05 -0.132155 0.000487868423846 0 8.90667280401
-0.004556 0.000135196360153 -1.88927 -0.000263618445198 0 8.96458829809
2.509903 -0.000646049195261 -0.089225 6.15967304662e-05 0 8.9002774126
0.646483 -0.000226888299172 -1.457425 -4.8578991708e-05 0 8.93452033248
-2.014609 0.000621206174073 -0.590372 -0.00026876520896 0 8.94478548799
-0.191912 -0.000238866487079 3.634093 0.000764742104549 0 8.88748495273
-0.073153 7.60878295233e-05 0.255262 -0.000293686856166 0 8.97341486819
-3.304763 0.000693431106201 0.314886 6.48441355139e-05 0 8.92452765243
-1.521352 0.000124217408294 0.711805 -5.95165115667e-05 0 8.87354850672
-3.04274 0.000420177868113 0.946824 0.000296524654165 0 8.903941762
0.227039 0.000131095801165 -0.209668 8.26367459267e-05 0 8.93176298631
-0.297791 2.98653010036e-05 0.805902 -5.61830516193e-05 0 8.94758395901
1.980118 -0.000314371492019 0.767438 7.45937257865e-05 0 8.95679910105
1.641139 -0.00029800079388 -0.631727 -5.82668423544e-06 0 8.9550413522
0.314727 -0.000118051490728 0.133891 9.05105591105e-05 0 8.93367568054
1.849266 -0.000268443768053 1.405073 0.000413993734453 0 8.90068352662
-1.624733 0.000299771059796 -1.00901 0.000108995722401 0 8.94339186601
-3.036949 0.000337521233938 0.953573 0.00065070979597 0 8.9063212837
-0.693883 8.79761904232e-05 0.236002 -8.43945542617e-05 0 8.95888372502
0.639648 -0.000122342419809 0.030596 -0.000288575950254 0 8.94193663101
-0.608607 0.00012454523941 0.178006 -0.000108102023474 0 8.94202625761
2.427794 -0.000425577801878 -0.165154 -5.88013288963e-06 0 8.96755727028
-0.92621 3.3417043805e-05 -0.103971 0.000211183745508 0 8.91960126595
2.757624 -0.000300421052461 -1.392027 -0.000716504982643 0 9.00070371414
-2.605778 0.000456394395396 -1.361402 0.000100405312298 0 8.93177851411
-0.90511 0.000145353408041 -0.371806 -3.47073352177e-05 0 8.92871178173
-2.420795 0.000264270134491 -0.93609 0.000151063707901 0 8.92736698626
0.879813 -0.000196572276106 -0.555376 -0.000384770633297 0 8.97737940599
2.402849 -0.00040596977784 3.652217 0.000230731396006 0 8.95753563783
1.694181 -0.000274318382012 -1.550065 -0.000180458459432 0 8.93474955181
1.130119 -0.000221129072061 0.056963 2.51473926915e-05 0 8.95747638101
-0.358296 -4.90022090105e-06 -0.189817 0.000105074323133 0 8.93410746323
-1.466516 0.000143353441494 -1.320107 -2.15005168163e-05 0 8.97080229038
0.727105 -0.000218574219149 -1.503575 -0.000172345889698 0 8.92754822056
-1.299606 0.000175398648591 -0.944559 -0.000415221586844 0 8.9901012086
1.883384 -0.000579726596934 0.049778 -2.73889259929e-05 0 8.91049258361
1.331295 -2.5326261785e-05 -0.091079 -0.000226790579214 0 8.96287955365
1.013174 -0.000357995401797 -1.592045 -5.66198353682e-06 0 8.92848161718
-1.721821 0.000231006683859 2.718219 0.000396886092983 0 8.90358058296
-0.72514 -0.000174153946717 0.87975 3.04326229136e-06 0 8.93460521413
1.46121 -0.000376425421437 -1.068621 0.000318706951423 0 8.9045525895
1.492381 -0.000340027013938 -0.103348 -0.000405348655627 0 8.98652167292
1.339356 -4.5945550651e-05 -1.054383 0.000107730984638 0 8.94900980554
0.774999 6.86224782308e-05 -0.422204 0.000173292031322 0 8.90151252852
-0.324846 0.000213870960896 1.001079 0.000245134444585 0 8.89782270474
-1.954865 0.000198647119498 -0.375233 -0.000270362522381 0 8.96493484577
-0.056475 0.000124874213339 0.376524 0.000204087761088 0 8.92096661994
-3.381077 0.000652334302116 -0.352409 -9.9863755036e-05 0 8.94643122488
2.552563 -0.000528315838586 -0.864705 -0.000392356765628 0 8.96863414125
-2.070283 0.000344414390718 -0.843702 0.000322203241577 0 8.93292404768
-1.408321 -5.03529465343e-05 2.583304 0.000300464482138 0 8.9244323629
-1.582296 0.00015102812247 0.152467 -5.22525445565e-05 0 8.95528543548
-0.862823 0.000179769162629 0.02397 8.22942708245e-05 0 8.91410789224
-2.093491 0.000281421618715 1.099912 0.000357938141673 0 8.9254325418
-0.968616 -3.57415390746e-05 -2.372614 -0.000216306108343 0 8.93903509147
-2.109487 0.000393977160862 -0.564829 -0.000746840817423 0 8.99249536939
2.428407 -0.000579434123225 0.877714 -6.86134430344e-05 0 8.95098044967
-1.202152 0.000333504090188 -1.011242 -0.000489731398355 0 8.971200265
-0.166898 -6.34152439289e-05 -1.145295 -0.000598793530613 0 8.9928160496
0.244224 0.000148451563555 -0.991651 -7.69453032905e-05 0 8.92126012611
-0.733378 -6.27932030699e-05 -0.393991 4.73190840862e-05 0 8.92395796242
1.494038 -0.000386254831665 -0.298997 -0.000451700308352 0 8.9753711975
0.217458 8.74665112189e-05 -1.461752 -0.000291906700867 0 8.93742954628
-1.675726 0.000278737474991 -0.063249 0.000290106173003 0 8.89925065305
-0.581387 4.26224979878e-05 0.83497 0.000457800890714 0 8.9161621906
-1.85027 0.000282600967688 -1.117385 0.000126741818577 0 8.91205002593
-1.540407 0.000179096110777 0.28345 -0.000172794329117 0 8.95707682153
-0.223468 5.64024140064e-05 -0.235311 0.000354484043585 0 8.87263547024
-1.020511 0.00029725208301 1.0979 -6.86459932603e-05 0 8.94996885212
0.967831 -0.000271486749451 0.399484 -0.000118080303833 0 8.94524798866
0.848075 -2.08939980035e-05 -1.645472 -0.000261844664362 0 8.95186428186
-1.286434 0.000196141173568 0.587587 2.02891160191e-05 0 8.93519867956
0.779171 -0.000285668192759 -0.393184 8.74708310208e-05 0 8.91730179811
2.828073 -0.000573895641 2.413583 0.00030944938622 0 8.93919169159
-0.9911 0.000182051054105 2.000353 0.000860290128837 0 8.89089039309
-1.690439 0.000322783456092 -0.718737 2.35806974317e-05 0 8.92088850829
-0.222857 -2.46060971595e-05 0.399559 -0.000174522012495 0 8.99292131645
-0.553832 -2.26211830781e-05 -2.875958 -0.000421519074431 0 8.99853871874
-0.855653 0.000338014882522 -1.102754 -0.000339062453275 0 8.98218816849
-1.237029 0.000168866316302 0.109165 -0.000300336818799 0 8.9678129548
0.976652 5.76481169411e-05 -0.141073 -0.000108324298629 0 8.97296885313
-4.556922 0.000903234585295 -0.31997 -0.000370723443712 0 8.92833810612
0.052792 -5.19538013111e-05 1.455235 0.000105333555726 0 8.90539552415
2.533638 -0.000584241804105 0.714276 -4.5443595308e-05 0 8.94790054683
-0.283589 -2.47326788415e-05 -1.435849 -0.000864505040531 0 8.94872798672
-2.660491 0.000457293275883 1.709501 0.000247228254952 0 8.91454636167
1.367541 -9.03279257105e-05 -1.207989 4.43155035003e-05 0 8.93433139981
0.173146 -0.000147692388087 1.58063 0.000316184393375 0 8.9015742908
-1.5799 0.00021055834054 -0.266194 0.000793197767193 0 8.89023935507
-0.444785 -0.000113654889544 0.511807 -0.000233374346413 0 8.95921358798
-0.776638 -2.60882914852e-05 0.99432 6.75381321628e-05 0 8.96267147355
-0.558045 4.1979199666e-05 -1.316391 -0.000226152678069 0 8.91833862614
-3.273954 0.000411386350045 -1.431442 -0.000260358418066 0 8.9728980886
0.419925 -0.000230984801718 1.045897 0.00047070699278 0 8.9068689323
1.204128 -9.04339792533e-05 -0.454492 -7.32566772482e-05 0 8.99361344323
1.00459 -0.000179628225996 0.35252 0.000173631748122 0 8.96646125845
0.51995 -2.98503192184e-06 1.677449 0.000534104795996 0 8.88842894657
-3.252742 0.000492440137626 0.713068 -8.39515518225e-05 0 8.95997438721
0.136604 -0.000108363517966 0.060889 -0.000175439649688 0 8.94304148901
-3.890628 0.000334720059438 1.359149 0.000514554778073 0 8.90261084576
0.55924 -0.000195374205058 -1.841021 -0.000571870358899 0 8.97328569703
-0.173007 -0.000129580055982 0.149778 0.000490087727596 0 8.89360228844
2.93897 -0.000622697095282 1.737298 0.000422455689206 0 8.91036307888
-1.250201 8.55634031241e-05 -1.436754 -0.000448759954626 0 8.95452605703
0.828811 -6.36864978996e-05 -0.275725 0.000466972647216 0 8.90243344459
3.039343 -0.000275714888023 -0.002848 0.000171874349074 0 8.90652460587
-1.198902 0.000227045810867 0.362992 0.000155031136243 0 8.90684994077
-1.215449 0.000162822162306 -1.321919 -3.97918298525e-05 0 8.93731822703
0.368228 -0.000125180214567 2.028478 0.000304662473541 0 8.92842101215
-1.951782 0.000274740602298 -4.001386 -0.000828274247107 0 8.9784735788
1.053747 -0.000184124912152 0.958474 -0.00020728045733 0 8.99539105597
-0.505856 0.000203504998182 1.676764 0.000704466281712 0 8.88350369409
2.014216 -0.000516147852474 0.193869 0.000522068481998 0 8.85146761606
-3.857257 0.000851331180167 -2.519013 0.000273463863343 0 8.93746438723
-3.346639 0.000589245934207 1.785046 -5.77719392124e-05 0 8.93406703613
0.569952 -3.64053439972e-05 1.497346 0.000482317041823 0 8.94122132132
-3.979399 0.000404520645912 -1.656582 -0.000457129605461 0 8.93511113493
1.123927 -5.33547322544e-05 -4.800223 -0.0010044996407 0 8.9739278565
-0.049067 0.00013718694783 -0.860747 -0.000198960695912 0 8.93691964862
-1.069239 0.000124989297283 -0.662334 0.00014072994628 0 8.89462388923
-0.121224 0.000110177440318 1.589881 0.00016140264775 0 8.94333523365
-2.346581 0.000352141970919 1.678753 9.25481345001e-05 0 8.94552454851
-1.41416 -0.000182193861394 -0.213977 0.000122824530964 0 8.94293871498
0.029193 -8.93576839622e-05 -0.365962 0.000359819497175 0 8.93553976934
0.926849 -0.000243980582675 -0.366913 0.000387421424376 0 8.90022634854
-1.295224 0.000256951979995 -1.982583 -1.86407325582e-05 0 8.96748667806
-0.094721 0.000170307831984 -0.000854 -0.000617420794743 0 8.97801420247
2.456212 -0.000295775141222 -0.459797 -0.000329396147215 0 8.98464139899
5.233434 -0.00090872407284 -0.605356 0.000195443550141 0 8.88222460546
0.558269 -7.87236920374e-05 0.318823 0.000231454711417 0 8.90449146125
0.598592 0.000169911645897 -1.778284 -0.000175359747372 0 8.97522352669
-0.01883 -9.63763783136e-06 0.075741 9.31377496448e-05 0 8.90608928223
-0.484182 0.00017807502769 0.831322 -3.77413868327e-05 0 8.93052517262
1.176334 -1.14597704365e-05 -0.68034 -0.000370451808561 0 8.94489999213
-3.145876 0.000531885318348 0.174721 6.4755441284e-05 0 8.91553011447
1.054071 -0.000359786728923 -0.346659 -0.000193127655296 0 8.95145325154
2.431407 -0.00031783434 0.01089 -0.00073999114071 0 8.97732356552
-0.738558 0.000161408596364 -1.169412 0.000225763095057 0 8.90673272996
1.104341 -0.000161700197956 -0.329697 6.22261076402e-06 0 8.92259462794
-2.628878 0.000326328365773 -0.7581 -5.48229398132e-05 0 8.94496535857
1.187179 -0.000289602522517 -1.196143 -0.000205581507361 0 8.94247976333
0.727413 1.19822077677e-06 1.099476 0.000191712273027 0 8.90519748228
-2.079901 0.000403515067153 -0.264782 -0.000203357694204 0 8.94102102795
0.289945 -4.39834003383e-05 1.546773 0.000331799266744 0 8.92962245129
-1.306906 0.000146396288222 -0.601645 -0.000453435996184 0 8.97370354253
-0.600162 -9.56884527649e-05 -0.247953 -0.000380412014291 0 8.9795430954
-1.80743 0.000198793857173 0.584304 0.000362711212424 0 8.92648884636
1.808616 -0.000209836551702 1.267037 0.000476341471697 0 8.92689950123
1.294086 -5.30965824312e-05 2.082545 0.000694656300181 0 8.92187395721
-1.395258 0.000211872352176 -1.046692 -0.000125790386461 0 8.93862946885
1.334387 -0.00032445210573 -1.441693 -0.000493469207647 0 8.99178588773
-0.19422 0.000121031838422 0.957856 1.52025573802e-05 0 8.95993461954
-0.076853 8.75034350063e-05 1.163921 -5.92329787291e-05 0 8.9491786047
-1.535565 1.14252738506e-05 1.605228 -0.000120356238898 0 8.98318737205
0.772175 -6.75515022769e-08 -0.395441 -0.000440173724745 0 8.99042155152
0.302723 -0.000265742005439 2.424063 0.000469435358063 0 8.9130721658
0.578744 8.78857537088e-06 0.316697 0.000320262924394 0 8.92812552848
-1.82975 0.000326977199336 -0.041336 -0.000154468211209 0 8.9177365287
-0.894447 -0.000100553793615 1.51384 -2.45144590545e-05 0 8.90787540551
0.323449 -0.000301358171652 -0.090303 -0.000401069372565 0 8.96746693033
0.400144 -0.000198810364387 -0.971725 -0.000201857449956 0 8.98487688438
4.79256 -0.000804823973496 1.183462 -1.81661753662e-05 0 8.95173521031
2.042768 -0.000189569970664 0.355211 0.000602680579449 0 8.90841177294
-0.886448 0.00018198912396 -2.164666 -0.000116451623012 0 8.96733727882
-2.382658 0.000269510758672 -0.599724 -0.000423119701526 0 8.97760375963
0.409728 0.000112278054255 -1.93438 -0.00084302181859 0 9.01429889779
-0.267698 0.000109890805447 0.047112 -0.000256066746574 0 8.96188144658
0.709619 0.000148542774811 1.207781 -0.000124210131106 0 9.00222894127
-0.410553 0.000147197129355 0.212292 0.000280476818945 0 8.93137459921
0.077468 0.000145122864289 1.580382 0.000854554578454 0 8.92791367281
-0.664827 0.000162855559005 0.086107 0.000148621736799 0 8.9603594443
0.858299 -9.90113432604e-05 -0.081096 0.000746494187815 0 8.91248313242
2.544948 -0.000454353484132 -0.366852 -0.000263324048456 0 8.95772927193
2.052378 -0.000256771177742 1.077821 0.000616932340528 0 8.88125919319
-1.576892 0.000285154878162 -3.337888 -0.00110102704943 0 9.03600946372
1.360503 -0.00013744835287 -0.234616 -0.000214660722264 0 8.9229684609
-2.979365 0.000339629579279 0.138798 7.12646978583e-05 0 8.94022609451
-1.350316 6.40734310361e-05 -0.18563 0.000197858524219 0 8.90694188515
0.007255 2.44439529389e-05 0.124525 0.000237507972053 0 8.9286875834
1.711605 -4.26082323211e-05 2.238657 -4.7649889973e-05 0 8.94877839423
1.200812 -0.00011530234835 -0.571019 -0.000349782333381 0 8.96441686028
1.508463 -0.000288090842113 -1.615853 -0.000334490577436 0 8.9307039579
0.918537 -0.0002628349397 0.986989 0.00054199321716 0 8.89430608332
-3.096741 0.000837607925721 -0.273904 -0.000275659042465 0 8.96974988157
-0.397861 -0.000177260512727 0.812391 0.000691944773349 0 8.90756951097
-0.236422 0.000329251544673 0.918135 -0.000294436422026 0 8.98661111533
2.923661 -0.000425625312393 -0.309871 0.000538894417806 0 8.92724005212
0.754897 -0.000165236871332 3.090471 0.00085811159129 0 8.88269504483
0.248082 -0.000185432462283 -3.525278 -0.000585757035142 0 8.98549826261
0.520955 -4.63800534401e-05 -1.281365 -0.000186941738282 0 8.96080449789
-0.638413 8.08424838517e-05 -1.456028 -0.000130292843942 0 8.97232448109
1.996911 -0.000293357103783 0.239277 -0.000291335042562 0 8.96144742184
1.208275 -0.000276288719904 0.520312 0.000510712077929 0 8.90926319775
0.684644 -3.89867305525e-05 -0.631026 -0.0002390468605 0 8.9303717001
-1.450065 0.000332039172088 0.094925 -0.000112301877495 0 8.93207421082
-1.368591 0.000128753998382 0.621806 0.000424782600239 0 8.90991115283
-0.513062 -0.000156382435046 -0.266617 -0.000340484938156 0 8.97408773554
-1.908577 0.000185063990746 0.050712 -7.15344555671e-05 0 8.94742181307
-2.104968 0.000287535686477 -0.383767 0.000224753423647 0 8.93724905146
3.304155 -0.00100982717486 -0.151476 -0.000171651645489 0 8.95690040367
-0.378455 7.64637862995e-05 0.148027 -0.000168916479471 0 8.94911742108
0.185966 0.000193916995926 1.873892 0.000195719366622 0 8.92443759374
3.853027 -0.000339908997491 0.39381 -0.000272826823956 0 8.95325979754
-0.106548 1.36043193254e-05 0.28874 -8.91848445759e-05 0 8.95031259457
-1.166251 0.00043169962664 -0.344087 -0.000606295289779 0 8.95271970244
5.159737 -0.000803183240981 -0.198344 0.000208658545951 0 8.94442454947
1.025516 -0.000310604286772 0.861175 0.00021342035884 0 8.95703765591
1.535381 -0.000257160140437 1.908374 -0.000131866295817 0 8.92438923401
2.001481 -0.0003393010918 -0.681584 0.000620517128543 0 8.89346724963
-0.100326 2.57614518635e-05 0.832022 0.000463020749767 0 8.91504602543
1.53355 -0.000387177833834 0.549329 -0.000101936324215 0 8.95482174088
1.238921 -0.000390260731852 -0.143602 -0.000162507209569 0 8.92128748427
-0.376234 -6.90926939537e-05 0.575348 0.000267743058881 0 8.92193167239
-0.824921 0.000115490186011 1.814102 -0.000220910835053 0 8.98568122087
-0.891955 4.94890409672e-05 0.890826 2.55729650201e-05 0 8.94973412338
-0.063421 -0.000109144386433 1.027498 0.000483206448925 0 8.92015618492
2.925929 -0.000245342657603 0.116643 0.000121952715371 0 8.95046204342
-2.296798 0.000393815914375 1.061524 0.00060979749782 0 8.89748983504
3.070665 -0.000499489836568 -1.160141 -0.00026385695608 0 8.9611616644
-1.573486 0.000315495115241 0.037617 -0.000237112231699 0 8.92260614261
1.233169 -0.000455654476048 -0.323991 -0.000149207767874 0 8.92967295548
-1.578396 0.000287478967825 -0.132316 2.37498003907e-06 0 8.9504430504
-0.878496 0.000317818288463 0.43399 -7.03459772515e-05 0 8.92530052552
-3.505635 0.000671126264368 0.997407 0.000453789632357 0 8.90215546049
-0.666526 0.000219037792796 1.707908 -2.35256945744e-05 0 8.92955185832
1.199881 -2.48446555377e-05 -0.064837 4.84032400641e-05 0 8.92300593486
-0.763971 0.000244674013053 -1.990001 -0.00073389583435 0 8.97156252518
1.909478 -0.000175179443202 -0.307006 -0.000292100419706 0 8.94655126789
-0.260589 -9.93521278457e-05 -0.462783 -0.000689624544725 0 8.97637096941
1.757702 -0.000217128399352 1.240047 -0.000191995421218 0 8.96370473144
0.095452 -4.44480737703e-06 0.433638 2.07787996688e-06 0 8.94064353329
0.10337 0.000152794243674 -1.279756 -0.000118255546802 0 8.95875418943
2.429783 -0.000542255500664 -2.99772 -0.000418454087876 0 8.93112247495
-1.652008 0.000500389647672 0.372014 -0.000194234657944 0 8.91751011707
1.379856 -0.000197199976901 -0.485125 0.000545220869546 0 8.91494614306
0.935178 -0.000152459086116 -1.035533 -0.000292559697509 0 8.91549523501
-1.644073 0.000275304983223 0.170917 -0.000384259900982 0 8.95776659541
-2.706632 0.000667090742035 2.224496 0.000310126861106 0 8.92038005709
2.010284 -0.000202280638907 1.022368 -0.00034860307928 0 8.96834038525
-1.198034 0.000240880440464 1.635482 0.000389105368247 0 8.91752088804
-0.275987 2.90579133423e-05 1.691994 0.000594303239729 0 8.92716547976
1.033644 -0.00032984106401 -0.235981 -3.04298048406e-05 0 8.92300523842
-0.472711 -1.82948141731e-05 0.573566 0.000596078838239 0 8.90231218079
0.858748 1.56374387885e-06 1.523613 0.000404376687868 0 8.90015041901
0.928713 9.22904979065e-05 -1.076108 -0.000474634404637 0 8.9502768489
-2.058965 0.000256318997255 -0.210281 2.06935872266e-06 0 8.92755538639
-0.210731 -0.000232950670653 0.544477 -0.000134759813001 0 8.95593887522
0.601139 -0.00025677189412 -0.444838 -0.000165187068458 0 8.94649878055
-1.382198 0.000335862429051 2.513266 0.000667834505162 0 8.89628606814
1.37218 -0.000138355051979 -0.768537 -0.000643369524728 0 8.98151185944
-2.3008 0.000296646637223 -0.344137 -0.000168547099706 0 8.94031687951
0.559445 -0.000419386204017 -0.495387 0.000120571330207 0 8.89604239035
0.239445 5.01037866459e-05 1.113383 -0.000388494969521 0 8.96123729319
-0.67011 -1.72578869563e-05 -2.007909 -0.000177111162537 0 8.93847695996
-2.261517 0.000533957002723 -0.945723 -0.000348205974782 0 8.99804784316
0.251382 0.000166855063778 -2.973788 -6.44004303712e-05 0 8.98108957854
-2.572974 0.000214334946598 0.160468 0.000684732256821 0 8.91098040814
-0.775966 0.000448494652869 2.744718 0.000704310504955 0 8.89978800051
-3.491858 0.00049277451581 -0.273826 -0.000590323077874 0 8.98425776634
0.522728 -4.41905511197e-05 -0.410553 -8.83693094143e-05 0 8.95314941542
0.926224 -0.000154442623514 1.619961 -0.000108307095534 0 8.93922911131
-2.04859 0.000316344371739 -1.188592 -0.000378741796163 0 8.91639304014
-1.038002 0.000135944565735 -0.768845 -0.000382228184412 0 8.94567442264
1.191861 -1.72411510373e-05 -1.467944 -9.11234842895e-05 0 8.95017262215
-0.312723 -4.71852577865e-06 -0.786801 0.000210892541343 0 8.93901976176
0.190142 -5.16877566112e-05 -1.279792 -0.000184236661512 0 8.94747389012
-0.229871 0.000167492982834 0.048916 -0.000230983767009 0 8.94086353456
0.118654 -5.1427953622e-05 -0.970218 -4.21110381425e-06 0 8.95054383802
1.546175 -5.962099773e-05 0.276699 -0.000321314077011 0 8.98390267126
5.421611 -0.000798313710965 -0.555869 -0.000654713436553 0 8.97603704372
-1.527672 0.000283102306582 0.698073 -0.000375803067537 0 8.95568560601
-1.657256 4.32077125554e-05 0.461514 -9.01071428154e-05 0 8.95220680318
0.538042 0.000169585212074 -0.784764 -0.000240480259905 0 8.96719389118
1.728585 -0.000426799238942 0.371063 -9.6466092166e-05 0 8.93548516783
1.470303 -0.00039277969031 -1.860504 -0.000361699142385 0 8.97981926239
0.052339 -0.00020767667141 -0.910836 -0.000316868678398 0 8.93460480827
-2.896737 0.000239930718467 -1.839015 -3.36065030969e-05 0 8.92251529051
-0.763847 -0.000121649351161 1.431625 -2.70278116564e-06 0 8.93395887413
0.090092 -6.06013463213e-06 -0.851946 0.000205642839381 0 8.93337123941
0.145365 8.06297194457e-06 -0.511808 -0.000371363051733 0 8.9693712326
-0.339327 -5.98394696371e-05 -0.700173 -0.000552230219053 0 8.99565404197
-1.382871 0.00010515241561 -0.121952 -0.000151830891701 0 8.92954127023
2.199476 -0.000239010009544 1.600504 0.000278257843517 0 8.94010526131
-2.333613 0.000220705398594 -1.606484 5.29445185842e-05 0 8.94116558664
-1.200274 0.000299604923284 0.285395 6.32384034197e-05 0 8.92072002031
1.170675 -0.000284069500825 -1.327894 -0.000470539625665 0 8.9548834965
-2.12872 0.000468720970479 0.286999 -0.000228162549437 0 8.93572487013
-0.61194 0.000264236901651 0.205333 -1.9176527092e-05 0 8.95336210582
0.728658 3.58655270592e-05 2.076172 0.00037820376074 0 8.94801357153
2.283807 -0.000193015886822 -1.022714 5.9403601723e-05 0 8.91095073877
0.854166 -0.00022596091531 -1.267345 0.000186482233651 0 8.95009564438
-1.368472 0.000297468936015 0.199824 -5.43844535349e-05 0 8.97235124264
-2.060197 0.000481661370232 -0.770349 -0.000388809825425 0 8.95172332004
1.803806 -0.000189336213121 -1.254802 -0.000512614005213 0 8.99147879612
-1.41264 9.21615985409e-05 0.104972 -0.000134095074489 0 8.97697615353
3.324281 -0.000621384645718 2.34334 0.000521352876659 0 8.90893177898
2.566432 -0.000266556453594 -0.259994 -7.08029950828e-05 0 8.95928518081
2.36648 -0.000293753680257 -2.129051 -0.000622758693853 0 8.97715641209
-1.685788 0.000315164151901 -0.710677 -0.000386891690535 0 8.96771897646
0.01301 -0.000102562284805 -1.536778 0.000360344617282 0 8.9052206116
0.513985 -0.000216886703646 0.009884 -0.000167647280496 0 8.94671875537
-1.187155 0.000296656355632 1.189962 0.000316295625294 0 8.88924200018
-2.293234 0.000477255151065 -1.117519 -0.000572654446912 0 8.99421334176
-0.480277 5.14861456524e-05 1.079428 0.000629681996182 0 8.90264448429
0.336911 6.81330515065e-05 -0.642693 0.000266020357132 0 8.9304758916
2.430607 -0.000476959018728 -1.404114 -0.000351852428292 0 8.95382344322
-1.048783 1.70186847479e-05 -0.827412 -0.000236328372452 0 8.93154042926
-3.300332 0.00061669831219 -0.096985 -0.000590963972588 0 9.00166229146
1.660231 -0.000439761611586 1.646299 0.00058806580177 0 8.86238439259
-0.944976 -0.000145814271634 0.735914 -0.000362202879718 0 8.99843601248
-0.078808 7.36632376171e-05 1.638989 6.15460241202e-05 0 8.93625562544
-4.633485 0.000783573992354 0.34705 -5.98781261144e-05 0 8.94647876517
-0.898233 -5.19577926169e-05 0.345978 -3.44732060323e-05 0 8.94108438771
-1.475931 0.000141040292475 0.899024 -7.89621996668e-05 0 8.95694658355
1.480433 -0.000301952147804 0.20314 4.7944333916e-05 0 8.94105449894
2.175089 -0.00032412116718 3.366567 0.000794258881622 0 8.9215129536
3.836378 -0.000520197232769 -0.609235 -1.10387355356e-05 0 8.98781521625
-4.194422 0.000745208599859 1.309267 0.000223094171637 0 8.90119942787
-3.156637 0.000711023460683 -1.324396 -0.0001561911561 0 8.95157585314
1.878001 -0.000312294019601 -0.653466 -0.000648069268332 0 8.95433972244
-1.694574 0.000214088740203 -0.142039 -6.76892114469e-05 0 8.94373899656
0.467201 -8.96690980256e-05 -1.02678 -3.15599519528e-06 0 8.94857869969
-2.925052 0.000452379312016 -0.388121 -0.000339585181051 0 8.98367471405
0.350211 0.000118877767584 -1.327054 -0.000180437344845 0 8.94970533985
-1.311889 9.60871143201e-05 -1.121291 -0.000254552169062 0 8.94054183101
-0.986054 0.000199858792398 -0.771983 -0.000364235175668 0 8.95315234221
-0.982455 0.000405021310408 -0.814314 -0.000348081392272 0 8.98120950157
0.894051 -1.46042897191e-05 -1.888208 -0.000184798059021 0 8.94311277016
2.105595 -0.000422474883572 -0.581639 -0.00014294558808 0 8.95736659171
-0.161828 -0.000112663512971 1.257838 0.000243492998032 0 8.95172036026
-3.050457 0.000477959452999 0.193601 0.000196246101269 0 8.91472044186
0.681834 5.85665134136e-05 0.05171 -0.000572537954618 0 9.00914795741
2.980027 -0.000606973271663 -0.17283 5.7862100654e-05 0 8.90545053234
1.437915 -0.000120103889471 -0.696307 -0.000375375564062 0 8.97158286611
2.790534 -0.000532313391008 0.615058 -2.22268316801e-05 0 8.89072075228
4.12892 -0.000586154647557 0.912136 0.000249828713257 0 8.88863369175
-3.182517 0.000722760431252 -0.797152 -2.8864630497e-05 0 8.9678527082
-0.481849 0.000185642415449 -0.567852 -0.000266242825941 0 8.87656887421
2.784938 -0.000339576140212 -0.800317 -0.000387860766321 0 8.96931724729
0.303663 -0.000446490603456 3.122787 0.000409768238859 0 8.89494286921
-1.116764 7.8393115607e-05 -0.611238 0.000347194136944 0 8.92071919497
0.30749 -0.000142218716053 -0.638195 -0.000156119152832 0 8.94725475158
0.863953 3.93237883053e-05 -0.154499 -0.00041726139957 0 8.97322858304
1.914901 -9.15555657744e-05 -0.156784 -0.000228934813306 0 8.94867501852
1.310571 -0.000277362742336 -0.23596 0.000207511120644 0 8.92868591531
0.927743 -0.000292258877402 0.864725 0.000391192527015 0 8.86094365444
0.318457 -0.000146182538949 1.325484 0.000516604585446 0 8.91996393142
-1.162375 0.000547426524633 -1.8026 -0.000366945080494 0 8.99537787422
-2.53209 0.000160249375107 3.623543 0.000706764655162 0 8.88951090783
0.826001 -0.000241201696678 0.034296 0.000271921935142 0 8.91312593531
-2.592916 0.00044417766062 0.121606 -4.16642815584e-05 0 8.96982362134
0.993224 4.42417549291e-05 -1.349672 -0.000515085665718 0 8.98651151817
0.555187 -0.000191126656048 2.494221 0.000613732608383 0 8.9079671858
1.088241 -0.000158734945852 0.188728 -0.000210489629052 0 8.93186095725
-0.057405 2.4853220122e-05 1.132742 0.000366494166827 0 8.91656449552
-3.469092 0.000598862583692 -0.403452 3.52343817559e-05 0 8.96295588178
-2.675681 0.000648405865874 -0.75006 0.000166078712167 0 8.94368539018
2.689062 -0.000536381825514 -2.201522 -0.000424060413954 0 8.95648822626
2.382642 -0.000485120603262 2.328136 -3.15584169756e-05 0 8.94737151924
-1.408106 0.00034741954196 -2.369063 -7.97250540366e-05 0 8.96204579857
-0.093364 0.00035746354669 -0.526098 -0.000199748185249 0 8.97716925442
-1.578937 5.74100759392e-05 -1.037917 -0.000479573690803 0 8.95516581359
-0.210998 7.12121360451e-06 -0.921678 -0.000112649563595 0 8.98733541737
-0.588797 -4.24871259887e-05 1.11186 0.000387424483977 0 8.91158134136
-0.612679 -3.42524527524e-05 0.243292 -0.00016580865604 0 8.94200997154
-0.419399 5.38304115213e-05 -0.039732 -0.000246718433545 0 8.92555166004
3.240708 -0.000494738072345 0.212495 0.000612345714801 0 8.89418172714
-1.71833 0.000351462404026 0.814929 -0.000248194702217 0 8.94033128402
2.586218 -0.000472650426998 0.320138 0.000237497416448 0 8.93236384163
0.326836 -1.50278618897e-05 -0.11466 3.26576916776e-05 0 8.9491248626
-4.292955 0.000358354585037 0.592942 0.000397174808142 0 8.91079357651
0.001078 -9.11965933464e-05 -0.330373 0.000164954968129 0 8.94361092697
0.50998 9.10525923614e-06 0.476333 2.7154757102e-05 0 8.93645449882
0.187474 -5.62179131498e-05 0.334901 -3.24497322868e-05 0 8.95953873278
0.284914 4.96955025244e-05 3.381464 0.000423342224116 0 8.88866979859
0.291476 -0.000161777447616 0.938446 -0.000173785547386 0 8.97349743793
-0.634866 0.000122994390423 -1.372127 -0.000515797121575 0 8.95602507786
0.027203 -2.06856033673e-05 2.131299 0.000460242024707 0 8.90610914516
0.327399 -7.86806283925e-05 2.187205 0.000438341396101 0 8.89497917938
0.461006 -9.11600016148e-05 2.134668 0.000646110695998 0 8.88823358311
-2.400385 0.000133094180996 -0.798035 -0.000159855053071 0 8.89384930621
-2.183854 0.000461144929939 1.239154 0.000375972022499 0 8.94709277616
-2.728385 0.000351903676584 -0.849932 0.000269037247783 0 8.92836521131
-0.356407 -9.17221925215e-05 0.952506 -2.7971495741e-06 0 8.9334536246
1.108561 -7.51910119219e-06 1.61927 3.51218725437e-05 0 8.96968993283
2.102085 -0.000231834199432 -0.462998 -0.000511394788513 0 8.96767673007
1.172517 -0.000381487726176 0.65903 0.000574041788926 0 8.87071744574
-0.43721 8.26371612277e-05 2.317123 0.000285657808968 0 8.93985399763
1.176634 -0.000218622944279 -0.539177 -2.91500114472e-05 0 8.93556946468
1.584108 -0.000229474495175 1.414013 0.00041848662323 0 8.89380431963
-1.862034 0.000510823044518 1.490323 0.000820179743544 0 8.9174497015
0.428587 5.57775022002e-05 0.132802 -0.000153700080201 0 8.98006443435
1.437319 -0.000202908565836 -0.672886 0.000454277916917 0 8.90101191984
-3.393688 0.000684908313711 -3.262199 -0.000799248980226 0 8.96944855202
-2.783741 0.00068874720916 -0.639918 0.000340232599528 0 8.91262630269
1.472496 -0.000291789611092 -0.084844 7.67029048014e-05 0 8.92570101987
1.933505 -0.000343828420963 -1.555614 -0.000549420881888 0 8.95953335327
2.350683 -0.00032976469802 -0.410956 6.38277120495e-05 0 8.9877196764
-0.428174 0.00014082877643 0.113112 -0.000630419006263 0 8.99735043586
0.393322 -0.000141981187764 -0.443881 0.000645083363484 0 8.88223427031
-0.224042 -0.000433449345827 -0.80122 -0.000187828078141 0 8.94814218038
3.095297 -0.000499140460584 -0.555189 -0.000453582098491 0 8.95568629603
-0.212482 0.000158570047167 -1.419553 4.22547828268e-05 0 8.92716159042
0.706511 -0.000424473047939 -0.486561 0.000359921291975 0 8.89342051975
0.940991 -0.000237109044616 0.082377 0.000540072813656 0 8.90040497855
3.126332 -0.000528657938254 -0.251553 -0.000418013229179 0 9.00395395935
0.005973 -6.83214410788e-05 -0.363658 5.37208155099e-05 0 8.95016826364
-0.800633 0.000244792025412 0.34645 -0.00018288506437 0 8.9335954661
1.161759 -0.000140549319839 -0.830783 -0.000386976180953 0 8.96522184482
3.5158 -0.000603544174305 0.361058 -0.000111601294545 0 8.93473111994
0.20347 0.000106165938312 2.252119 0.000723272164218 0 8.86439632124
-2.307199 0.00035874890382 0.367702 -5.5740316688e-05 0 8.93580155107
1.587736 -0.000221084590575 1.038519 0.000177569885594 0 8.91577523349
2.823254 -0.000420914733654 -1.768214 9.87298999582e-05 0 8.93180469971
-0.473226 0.000318797199757 1.438371 -0.000517828707248 0 8.95103827786
0.435413 0.000201974728653 -0.757903 -0.000403684079405 0 8.96537365823
-0.627769 0.000631828137368 0.5945 -0.000247818369131 0 8.99160317869
1.848072 -0.000312787244862 1.791374 0.000288839097161 0 8.88016103958
-1.694334 0.000502187811937 -0.606154 -0.000131502299918 0 8.99349294004
0.367618 7.18460555722e-05 -0.10493 -0.000303712571976 0 8.96830085434
-0.736832 -9.52699455187e-05 1.889869 0.000361184197234 0 8.93434779553
3.738174 -0.000607106792633 0.989766 -3.02885502726e-05 0 8.95440914807
-0.567444 2.42236310667e-05 -1.283993 -0.000514287677987 0 8.93703443316
0.215215 -6.89739568532e-06 -0.748322 -0.000615185687379 0 9.01711781713
-3.268267 0.000499338229272 -0.233274 0.000377167445403 0 8.9047230152
-0.18825 0.000188428967573 0.409595 -0.000385706347738 0 8.96044882369
-0.43627 7.1616835643e-05 -0.121122 -0.000282734332183 0 8.9882898162
0.456519 -0.000288852823135 0.047625 -0.000478001691253 0 8.9219034364
2.650419 -0.000597430180319 -1.534621 -0.000437324804724 0 8.95263939836
-1.738336 9.02417573683e-05 0.500398 0.000462841187193 0 8.87360966231
1.293161 -0.000204005335878 -0.694677 -0.000603789874206 0 9.00505646199
1.296707 -0.000450735252359 0.941043 0.00067224808694 0 8.87460024196
-1.686157 0.00019115132052 1.941134 0.000485394865207 0 8.87646437806
1.664892 -6.71861781371e-05 1.614569 -9.38020151926e-05 0 8.99606773561
1.934688 -0.000401993927344 -1.031689 -0.000485818726927 0 8.95477037888
3.078075 -0.000603198183487 -1.662328 -0.00024017254087 0 8.96016110626
-0.482851 0.000316458676753 -0.728762 -3.38515688371e-05 0 8.91427589849
0.072054 5.98184683528e-05 2.108611 0.000373460623915 0 8.90240125588
-1.113068 0.000192409495265 -0.477591 2.94315704689e-05 0 8.96537273787
-0.369914 0.000254819209037 -0.254411 -0.000517926870989 0 9.00697207393
-0.295682 0.000102555325869 0.796294 2.56198084159e-05 0 8.94639877215
-0.427113 0.000109922840055 -1.777651 -0.000334079455759 0 8.93792013248
-0.922354 8.63247842223e-05 -0.677014 -1.12362310348e-05 0 8.9506972291
0.436216 -0.000270882594962 -1.399549 -0.000510418018619 0 8.98287132449
0.814607 -0.000207387526718 -0.806557 -0.000210327357211 0 8.97012891974
-0.696759 0.000206663208292 0.00459 0.000209843098559 0 8.94868866038
-0.531265 0.000235373156118 0.825248 2.00853117962e-05 0 8.94876344024
1.705304 -0.000292807630617 1.482839 0.000564714981338 0 8.90792236262
1.731371 -0.000404195242957 -0.453544 -0.000164664578469 0 8.94505383503
1.43949 -0.0002692157349 0.074381 0.000311240679027 0 8.8837741072
-1.471442 0.000374587498109 0.988251 0.000221942444158 0 8.90552870907
1.779149 -0.000252773180665 -1.372224 -9.06845779775e-05 0 8.90868388541
-1.762646 0.000389207954 -2.105213 -0.000193402246917 0 8.92825024589
-0.89258 0.000113655958317 -1.09534 -0.000131922844363 0 8.92938031141
3.611269 -0.000535909977788 -0.51194 5.37177132934e-05 0 8.88949668554
1.691873 -0.000220066378453 0.601959 -0.000381969191211 0 9.00346313466
0.840412 -0.000278951633911 -0.232242 0.000265726411918 0 8.92048598714
0.964165 -0.000133342779545 -0.582845 -4.85722374969e-05 0 8.9438566501
-2.430771 0.000487325434822 -0.227118 -0.000127876556725 0 8.90828966023
3.455025 -0.000516784107931 -1.064281 -0.000725291538783 0 9.01537244077
-1.367325 0.000317412782537 0.199959 -0.000290300868986 0 8.94521208594
-2.89609 0.00059369377478 0.195523 -0.000103770497909 0 8.99135340635
1.117668 -0.000112243052879 1.295806 -1.4173729641e-05 0 8.93078477062
1.551389 -0.00027552009016 1.787137 0.000495598211775 0 8.93075271995
-5.030266 0.000796775349304 2.469438 0.000238661003595 0 8.93792393025
-0.308587 0.000214466915515 2.693009 0.000109761107002 0 8.92942643673
-0.99715 0.000350995710696 -1.542052 -0.000637502507616 0 9.00882335201
1.071402 4.63131021512e-05 -0.639851 -0.000206453762713 0 8.97718121388
0.437657 -0.000243819643882 0.887712 -0.000282153933426 0 8.96122458037
-0.322327 5.98650046684e-05 0.750722 -1.33536211921e-06 0 8.9405911122
0.113663 -0.000134422699904 -1.587543 -0.000272016909991 0 8.92188945899
0.693342 -0.00015753002812 0.950314 0.000384908487402 0 8.90282027462
-1.95475 0.000109875789238 -1.07663 -0.000141349013622 0 8.95135330065
2.346184 -0.000543886171498 1.542816 0.00011947947378 0 8.96537636632
0.88037 0.000130738024813 -0.102954 0.000220824017843 0 8.89403469279
3.440743 -0.000678571077852 -0.536185 0.000412146047096 0 8.86510932558
-2.134504 0.000237325819434 1.426351 1.62694667651e-05 0 8.95658020319
-1.401663 0.000221007518453 1.057274 0.000549104918399 0 8.91797827418
-1.299564 0.000228325200294 -1.780597 -0.000361419415193 0 8.95034879712
0.836591 -4.20014304709e-05 -2.005489 -0.000358328167963 0 8.92316517951
-1.325641 0.000206569409391 1.663099 -0.000464517497415 0 8.99569164368
-1.154697 0.00015333029093 -1.551557 -0.000365553060468 0 8.91840044735
4.115728 -0.00068067636512 2.088416 0.000345566530548 0 8.91652225368
1.433092 -0.000210053452689 -1.821578 -0.000186035393693 0 8.93827754696
-1.571556 0.0003850868012 -1.395585 -0.000338248815053 0 8.95184650455
2.84305 -0.000293517674369 -1.644085 -0.000362521482694 0 8.96792920609
-1.417448 0.000236377403597 -1.335241 -0.000474927579358 0 8.99833844835
-0.115868 4.02118416738e-05 -2.289793 -0.000489130444079 0 8.98032642573
-0.545136 0.000128284056605 0.217249 -0.000553102510164 0 8.9340347545
-2.718675 0.000496055083015 -0.863127 -0.000211768986859 0 8.95762544266
3.150773 -0.000580405546755 0.499412 -0.000202910887931 0 8.97362356315
0.729056 -0.000178006839788 -0.398598 -0.000394504303274 0 8.93165762179
1.122555 -5.27265048806e-05 -2.319953 -0.000172842383515 0 8.92812381431
-2.484204 0.000308483386466 0.384198 -0.00026614532727 0 8.96377388589
-2.189421 8.48839786532e-05 2.156893 0.00071996973511 0 8.90858393595
-1.015463 6.21430150252e-05 -1.127064 -0.000475064792894 0 8.99928874426
-1.139398 0.000212025437282 1.201336 0.000557180719807 0 8.87147321506
-1.053498 0.000158981338725 -2.188605 -0.00037212956735 0 8.96728829422
-1.927857 0.000482753757124 -0.447895 -7.06898914252e-05 0 8.94154226976
0.129022 2.15364958442e-05 -0.202078 0.000317362455442 0 8.93843285893
-4.057548 0.000700202514826 -2.616666 -0.000301427493336 0 8.97749109287
1.615042 -0.000147519630474 -2.829997 -0.000497293732632 0 8.97593327546
-0.555108 -6.12362784381e-06 -0.937139 -0.000273126289948 0 8.93303501894
-0.169903 0.000186023024286 -0.441663 2.68442237494e-05 0 8.915476815
1.041553 -0.000231804333583 0.205197 0.000417999256704 0 8.87877479536
-1.643268 0.000494540137387 -2.031669 -0.000768624079027 0 8.99612185426
-1.142514 5.81937923611e-05 -0.460405 -0.000277758571237 0 8.95041975307
0.926617 -0.000125034517164 -1.427496 -0.000434944955526 0 8.91628960501
-0.771928 0.000238620744641 0.769236 5.51276322589e-05 0 8.93427801415
-0.973292 4.02711627901e-05 3.099461 0.00119999124444 0 8.8597807916
-1.205849 0.000393678533925 -0.240931 -0.000382631989692 0 8.96694503055
-2.471209 0.000111750734614 0.781447 0.000692953558558 0 8.91825240141
-1.086122 0.000119276523137 1.00648 0.000103047228364 0 8.94143365582
1.342834 -0.000353572196783 -0.139799 0.000366056657593 0 8.90895960032
0.354331 0.000113306588243 0.470554 1.99864861938e-05 0 8.88574681564
0.266081 -0.000118170278711 2.136434 0.000673658538366 0 8.9049192849
-0.943009 6.84891910485e-05 1.151297 0.000741318980815 0 8.91109554436
1.35533 -0.000175094360194 0.804402 -2.4209478603e-05 0 8.92170255143
1.176571 -0.000286799066566 0.379875 0.000250907736652 0 8.92799086428
3.134216 -0.000699364975475 -0.509008 -0.000110163368738 0 8.96483302874
-1.285735 0.000324608671509 -2.142558 -0.000269399741295 0 8.97568456982
-0.931192 0.000331679267661 0.463409 0.000119904712839 0 8.95740081543
0.579984 0.000113927600554 0.816953 -0.000166141639585 0 8.96149319501
2.009545 -8.71924092767e-05 -3.335217 -0.000397741560837 0 8.97021259857
0.142286 0.000157012153391 -2.788644 -0.000644830309364 0 8.97451867294
-0.920829 0.000337364023698 1.189985 -2.46265939017e-05 0 8.9850741495
0.37159 0.0001379617125 1.010598 0.000382972353367 0 8.9557359316
0.536098 -0.000273221910862 0.30593 0.000540748548063 0 8.8751860089
-1.001057 -4.43532286648e-05 0.346384 0.000533060597541 0 8.90946329573
-3.227713 0.000503508845692 1.806253 0.000787427230834 0 8.89768733021
-0.481672 0.000264064548836 -1.663504 -0.000808548684808 0 8.99333427495
-2.107987 0.000125058672711 0.725394 8.65274562928e-05 0 8.92854920343
-1.305615 4.92528258576e-05 0.627452 0.000593100979993 0 8.89470381058
0.005039 -3.60420457818e-05 -0.596473 -0.000472582875452 0 9.00643513814
-1.467101 -0.000221570281742 -0.226105 -2.63380820118e-05 0 8.94592605445
-2.90163 0.000383338629995 1.137446 0.000415310529315 0 8.88976041491
0.112509 -8.87828383416e-05 2.493506 0.000410379265322 0 8.92747692326
-0.428369 3.00328041555e-05 -1.790632 -0.000296507953711 0 8.91034972246
3.109257 -0.000219303014321 -1.370434 -0.000440663352211 0 8.93995892085
0.395467 -0.000169547460774 -2.477266 -0.000439862813593 0 8.93711975361
0.946304 -7.41428385513e-05 2.029458 0.000719332140343 0 8.89110926859
0.319841 -2.44171173711e-06 -1.674733 -0.000545026115975 0 8.94433979111
-0.453679 0.00031759090386 -0.348039 0.000224848709146 0 8.93286660376
-0.249445 4.07368277586e-05 1.729726 0.000422069492523 0 8.95601699315
-0.313019 -1.00561603389e-05 -2.2611 -0.000757914530908 0 8.98247111353
-1.32644 0.000306375218674 0.414854 0.000407022800776 0 8.88611109494
-2.987179 0.000596237543392 0.748294 0.000458293548044 0 8.90800885147
0.513725 -0.000144858208313 0.525084 -0.000185392373399 0 8.9349180877
-0.434018 -0.000128174372921 1.992155 0.000281581576159 0 8.93610920464
-0.853655 0.000113725411224 2.037843 0.000240815501275 0 8.93401734229
0.508607 8.85178647131e-06 1.270769 -0.000158924549197 0 8.95495031429
-0.392012 0.000303664325993 2.046179 0.00049518427853 0 8.91655898997
0.621676 -3.72819644037e-05 0.644982 -0.00054109447427 0 8.94680243676
-0.49203 0.000145235073714 1.633517 0.000107089635362 0 8.91122220391
3.354802 -0.00083893536754 -0.744582 9.04059830434e-05 0 8.95277593059
2.67535 -5.91791166009e-05 -0.882867 -7.5679878983e-05 0 8.93824493325
-2.749863 0.000452933937115 0.791951 0.000556562624599 0 8.91248729608
-1.235957 0.000171600120068 -0.404349 -0.000142577852051 0 8.96185670709
-0.112537 -0.000102305002873 1.516454 0.000237714988349 0 8.91659698881
1.578159 -0.00019780902623 -1.333983 -0.00012484235343 0 8.96554890317
-0.672578 8.66907896374e-05 -1.366044 -2.10487260369e-05 0 8.93681711824
-2.648005 0.000324363595896 -1.89408 -0.000169009845879 0 8.90780037926
-0.983803 4.11236383264e-05 0.497714 -0.000253945975494 0 8.95913084416
-1.648176 0.000516667294726 -1.245711 -0.00028107314768 0 8.95525272329
0.157706 -0.000139362329666 -2.783503 -0.000319544003164 0 8.95014447369
-0.899907 0.00014948355324 -0.632869 -3.29465904304e-06 0 8.9503884446
-1.401016 4.50680717518e-05 -0.819846 -0.000439200101232 0 8.95501901821
3.086879 -0.00061504299109 -0.081869 9.51611133593e-05 0 8.90246505685
-1.077537 0.000242805464682 -2.151071 -0.000481334892939 0 8.98409837049
0.748101 -5.3400931924e-05 -1.186158 -0.000108804876994 0 8.95685840941
-1.342025 0.000155139360857 1.881643 0.000316218795427 0 8.89027049054
2.020793 -0.000493259780677 -0.819675 7.09368478735e-05 0 8.92784592916
0.098049 -0.000117106566624 1.134786 0.000186632100364 0 8.95874423146
-2.525168 -2.98127239228e-05 0.155475 0.000327384494621 0 8.89817785256
0.919698 -0.000148594160378 0.580575 0.000195060731133 0 8.92178837997
-0.796617 5.93677856452e-05 1.433173 7.34818663619e-05 0 8.93189540456
-0.859794 -2.18769980841e-05 -0.801098 6.19005682401e-05 0 8.94644474965
3.234989 -0.000549650913327 -0.819381 -0.000223237316557 0 8.93321376358
1.649471 -0.000333730537716 0.892579 -0.00020837638771 0 8.98963277368
0.711049 0.000154052362488 0.76648 1.35843101221e-05 0 8.91554672901
-1.013279 0.000330882615767 -1.111741 0.00022051439362 0 8.90288036234
1.45222 -0.000505994506886 -1.570404 -0.000640513712953 0 8.96281414941
-3.543333 0.000588126048985 3.035182 0.000332231427298 0 8.96060310579
-0.571539 0.000198938412797 -1.833898 -0.000313388780364 0 8.95875570656
-3.276888 0.000342359371218 1.021984 -3.58039596845e-06 0 8.93556629897
-1.094878 0.000253163464126 1.685258 0.000295360384272 0 8.90382299703
1.083192 -0.000360013308063 0.497639 0.000107005544663 0 8.89820451008
-0.859087 -4.65914392964e-05 0.71767 -0.000237989570135 0 8.94830121658
0.255413 0.000181783284218 0.285135 -0.000170526966899 0 8.93772796556
-0.611796 0.00020839560974 -0.976924 0.000403582726347 0 8.92692734231
-1.064557 0.00027724048195 2.743382 0.000325441708318 0 8.93300345484
0.922524 -0.000198419049218 0.790987 5.02216282559e-05 0 8.91812435309
0.62952 9.95128225267e-05 0.106175 -0.000530272196703 0 8.97439578154
-1.824421 0.000210144008743 -0.370515 0.000120854921522 0 8.91441757067
-0.385089 0.000198293029106 -1.916299 -0.000451632520131 0 8.97998643564
1.991845 -0.000281886368621 2.155175 0.000167665582633 0 8.93321423843
0.491069 -5.19914151629e-05 -0.708422 -0.000144370944729 0 8.94680441485
-2.273434 0.0003913924675 0.451626 0.000175089035008 0 8.92139791916
-2.256253 0.000294735882728 0.194613 -9.13067373468e-05 0 8.95565038506
-1.05774 -3.23064765954e-05 -0.474284 -2.75522801202e-05 0 8.89841910097
-0.329982 0.000292596459283 -0.034301 -0.000174092394205 0 8.94524145963
0.671669 2.9547403701e-05 -1.274501 -0.000486641189756 0 8.98079639441
0.238355 0.000274028487904 -2.240035 -0.000418288084524 0 8.97124795941
-0.966737 0.00031999379779 -0.523726 -0.000141032868795 0 8.93435510727
0.709702 -0.000125663888941 0.836952 0.000442610750802 0 8.93245320502
-1.850255 0.000361396793262 0.52876 -0.000244079565218 0 8.90991044749
0.135908 -8.39755080982e-05 -1.439477 -0.000539936759621 0 8.95336083368
-0.535621 0.000126942725069 1.202573 -7.50493167271e-05 0 8.9230990372
-1.480011 0.000166646983179 -0.449788 0.00031937883082 0 8.95978238805
2.974618 -0.000480023898015 1.355782 -0.000301476447331 0 8.99120639093
3.634786 -0.000637381137769 0.286956 0.000313167437168 0 8.93389913592
0.200787 9.50983633109e-06 0.236657 -3.28769944694e-05 0 8.94163071957
0.836291 -0.00018562638223 1.431362 0.000102956606211 0 8.91344976026
-1.010192 0.00014712373253 -1.084154 1.90079870581e-05 0 8.93252272279
1.006174 -0.000321059696597 -0.451795 -0.000418556921209 0 8.965261451
-0.628134 -2.02937762692e-05 1.500554 8.10777748012e-05 0 8.96732555253
-0.334547 0.000253804812876 -2.157537 -0.000560743987086 0 8.98742625049
0.335808 3.60999688435e-05 0.752294 -0.000619282896547 0 8.98776143959
1.100992 -0.000280621564706 -0.475598 -9.15410727749e-05 0 8.95921289777
1.886628 -0.000313037251098 -1.158559 -0.000398071274282 0 9.00734563088
4.420547 -0.000781242872724 0.820991 -3.65145789357e-05 0 8.95564953569
-1.15541 7.62934634602e-06 0.379593 7.74537571465e-05 0 8.91879626858
0.217644 -0.000287699857969 -3.491986 -0.000344922925019 0 8.96622640217
-0.349183 -6.40676044067e-06 2.721989 0.000569254530432 0 8.92089116443
1.31633 3.4086660733e-05 1.118081 0.000376228179871 0 8.9190013254
2.37555 -0.000633807514739 0.162756 0.00046812459932 0 8.92436437991
-1.682277 0.000400729216445 3.179312 0.00067082737648 0 8.89400350971
0.312446 -6.14919255279e-05 -1.440389 -0.000857925496619 0 8.97547414477
0.006158 4.81091522815e-05 0.294223 -0.000225491807576 0 8.9392039671
0.918711 -0.000166204483395 2.203027 0.000429488807975 0 8.91863397783
-1.70346 7.93045688986e-05 -1.808856 -0.000524100557262 0 9.00751515743
0.362235 -0.000133553530661 0.078866 -0.000167515502601 0 8.92426926367
1.949293 -0.000312483088323 -1.178663 -0.000464984436899 0 8.98812342881
-3.53662 0.000479399741621 0.314736 -1.34514269456e-05 0 8.90173396633
0.572613 -8.22794698299e-05 -0.110463 2.8405119741e-05 0 8.92682499824
1.353117 -0.000232345779074 -0.560829 -0.000176143424843 0 8.96376137503
-1.020689 0.000209194399103 2.537114 0.000392052090276 0 8.95368081397
-0.610511 1.4741587985e-06 0.516067 7.81540477145e-05 0 8.93582033018
-3.146368 0.000470551214448 2.455012 0.000370624159283 0 8.94013777056
-0.631124 9.30590401195e-05 -1.462344 -0.000255662173721 0 8.90711642688
-0.58144 0.000125524892802 0.841247 -0.000766813175238 0 9.02580064362
-1.365196 0.000439150794154 -0.017138 0.00017266334567 0 8.92578409528
-1.345139 -0.000239076536017 2.460729 0.000244724089044 0 8.95685436367
-0.201933 -0.000130885759203 2.158463 0.000745324599413 0 8.89639505312
1.815652 -0.000544384773281 -1.16306 -0.000237023339283 0 8.96085400974
-1.834442 0.000429560976253 0.611152 4.10178185918e-05 0 8.95044760903
1.722233 -0.000230724820175 -0.64669 -3.72370737941e-05 0 8.9424858963
1.722256 -0.000101267688843 1.301493 0.000504167573651 0 8.91982825469
0.144273 5.28838049915e-05 1.463642 0.000239703654886 0 8.91408415266
-2.101707 0.000277254757708 1.353126 0.000442572168827 0 8.88853608523
2.034916 -0.000118257990821 -0.968348 -0.000313094157265 0 8.94129830578
2.15378 -0.000194693327744 0.682132 0.000288800100714 0 8.93535875189
-1.244268 0.000368193075538 -0.06407 0.000190864297363 0 8.93690441802
-0.26469 -5.53751333837e-05 -0.097907 -0.000189974559874 0 8.96180892581
-1.05346 0.000202721156064 -3.028819 -0.000170093419198 0 8.93557948299
-1.201413 0.000246818807119 0.378292 -0.000357007592033 0 8.95162125626
1.925303 -0.000281414099404 2.268716 0.000163500795728 0 8.93927316728
-2.994959 0.000529613713903 0.474855 4.02779934928e-05 0 8.94275151071
1.410978 -0.000212937126274 -1.147486 -0.00092522398916 0 8.99557505111
2.899094 -0.00060545621907 0.229088 0.000249440824496 0 8.8816714301
0.317353 -0.000146884712251 0.282161 0.00048958792734 0 8.8802664296
-1.064327 0.000271782061481 2.42246 0.000241598994147 0 8.94522598404
-0.357227 -8.53617153389e-05 0.190552 0.000397953908189 0 8.92132389926
0.279216 -0.000194022774715 -0.576235 -8.96243035816e-05 0 8.96896988617
-2.750278 0.000317601723506 -1.924662 -0.000244633340622 0 8.94608310592
-1.962503 0.000305483562287 -1.287462 -0.000688071818954 0 8.96710290544
-0.142087 0.000253496774051 -0.288801 0.000180432193944 0 8.90117008964
1.684067 1.92600687585e-05 0.279537 -0.000300804871012 0 8.95021968446
1.214981 -0.000182776833679 -1.224299 -0.000786753854879 0 8.98727710441
0.536027 -4.9002350738e-05 -2.73348 -0.00118483251668 0 8.97615934293
1.434172 -0.00020723055353 0.769346 0.000551950488038 0 8.90685844085
1.104185 -1.00020387531e-05 1.359989 0.000477425986016 0 8.89522071573
-0.21065 -0.000144144864163 0.065875 0.000351553114254 0 8.87510843439
-1.507012 0.000280932673102 1.575195 0.000168466377951 0 8.93080515087
0.229576 -8.71429370987e-05 -1.733324 -7.97478928663e-05 0 8.94086353169
1.977549 -0.000269274400416 0.548215 0.000121863216102 0 8.91561373907
-0.096901 -0.000304994000092 1.875886 0.000377993540841 0 8.94084905479
-1.204183 7.86699199641e-05 0.121012 0.000164518009781 0 8.91278546849
-0.163602 5.44561221436e-05 -1.426806 -0.000259064151709 0 8.99263196981
-0.73827 -0.000204769043339 2.459303 0.000128108533562 0 8.89480534252
-1.41037 8.28390023138e-05 -0.582973 -7.08212141658e-05 0 8.93919982163
2.32745 -0.000346587013676 -0.246845 4.78629471994e-05 0 8.91582402426
0.644064 -5.30056403325e-05 1.360694 4.02749896857e-05 0 8.92973050411
-1.596398 0.000195386143093 0.480966 -0.000113005438102 0 8.93077598093
-2.209266 0.000449835068437 1.472466 0.000366186869796 0 8.93113196782
-0.048385 -8.81211111166e-05 -0.77901 -9.73655385343e-05 0 8.96745872825
-0.762691 0.000182752474507 -0.742662 -0.000467005424173 0 8.96184929496
-2.558656 0.000313546894908 2.312749 0.000683093768198 0 8.88723177642
1.426157 -5.56695800789e-05 -0.996433 -0.000834688200267 0 8.97104293629
-1.30827 0.0001904263421 -0.95615 -0.000349598177592 0 8.97802273067
-2.484625 0.00052437697086 -1.649953 -0.000875682516378 0 8.98172021394
0.343158 -0.000199614051958 1.211376 -0.000307237540939 0 8.95433856926
-1.562389 0.000459335077418 -1.457253 -0.000649248939484 0 9.00640493515
1.583721 -9.66130648212e-05 0.270154 4.56983792121e-05 0 8.9592107643
2.79828 -0.000527513814518 -0.502217 -0.000457566273476 0 8.97194040229
0.573426 0.000106346537802 -1.12643 -1.54144368905e-05 0 8.9280642831
-0.077111 -0.000105310779404 0.121725 -0.00029523048311 0 8.99253647885
2.756907 -0.000197226741529 0.402872 -0.000365879686803 0 8.99075122463
-1.477998 0.000174610719146 1.144318 0.000168489985095 0 8.9365616105
-1.202451 1.05103787591e-05 2.593042 0.000476462284509 0 8.92941746937
1.186833 -0.000385165349473 1.018594 2.87459442699e-05 0 8.94489718425
-2.268362 0.000201811101631 -1.145153 -0.000366257680774 0 8.93531832858
1.276226 -0.00016778353116 0.022737 -0.000301961447872 0 8.98945352752
-1.035939 0.000285750554752 2.243476 -0.000121027665937 0 8.93583592921
0.102154 -0.000111411329667 0.39342 -0.00033969636838 0 8.95473281042
4.919021 -0.0010310864117 -0.666189 6.27852648068e-05 0 8.92669405931
1.315264 -6.33564261549e-05 -0.596678 -0.000522677651369 0 8.96283464512
-1.524085 0.000377550455082 1.516443 0.000375614127809 0 8.88239624083
-4.478897 0.00074962411854 -0.282765 -1.4341635433e-05 0 8.94519421843
1.940312 -0.000161498838203 0.697829 7.4449170028e-06 0 8.9466818659
2.44599 -0.000211993518673 -0.176415 -0.00042794410025 0 8.97017318575
1.073541 -0.000212594176858 -0.806251 9.67975198584e-06 0 8.9376307857
-3.05188 0.000218428291463 2.15255 0.000805674963533 0 8.89894872936
-2.554533 0.000284685635881 -0.631621 0.00027172840886 0 8.90132850217
1.19247 -0.00028661735125 -0.696072 -0.000133568979313 0 8.95837625958
2.666453 -0.000626059019909 -1.653182 -3.43779964665e-06 0 8.94110278489
-0.601685 0.00013750450758 1.151863 0.000436883302418 0 8.87018837743
0.068509 -9.69992283973e-05 -0.470891 5.44231728558e-05 0 8.9285589892
0.516165 0.000133637648489 -0.815916 0.000285325912444 0 8.93766772037
-0.198383 -0.00022555763749 1.316119 1.96815210874e-05 0 8.95929932909
2.792453 -0.000517517808559 0.157205 0.000420744053389 0 8.90668136531
4.273611 -0.000750878927109 1.334666 -0.000127026160888 0 8.93783238573
-0.125891 -3.03116224363e-05 -0.504147 -0.000359075475017 0 9.01043275534
3.572455 -0.000881417123977 2.552158 0.00127212062261 0 8.85932432316
-0.241296 -0.000121808679955 -0.484913 8.00926201013e-07 0 8.9303946806
0.265042 -9.89265173069e-05 0.529867 9.67534036016e-05 0 8.90735211625
-3.111046 0.000315633555582 -1.874786 8.67903530404e-05 0 8.92311507574
1.541267 -0.000219205980335 -0.286171 -8.59419686788e-05 0 8.95904744844
-1.902814 0.000443788495732 -0.466817 -9.25594857708e-05 0 8.9337709076
-0.234819 2.23798450222e-05 1.90119 0.000230488551785 0 8.9515603896
-1.145544 -7.32830143564e-05 -0.155317 -1.86258524698e-05 0 8.95460275267
0.817082 -0.000316364176909 -0.777615 0.000184944825299 0 8.93401882355
-0.406874 -5.75043418439e-05 1.663903 6.95593939335e-05 0 8.88968236044
-0.306559 -5.84707874609e-05 0.83876 0.000137807033558 0 8.93756875071
2.546361 -0.000297352062513 1.492323 0.000232052469482 0 8.95086912925
-2.286249 0.000154443935655 -0.999062 -3.23691025843e-05 0 8.92163985889
1.436333 -0.000218040160084 -0.195895 -0.000507435888715 0 8.95863441631
1.569875 -0.00022213505881 1.196347 -0.000229135713672 0 8.96696105437
-1.732993 0.00041165398969 0.193858 -0.000524328199702 0 8.99588587724
-1.171946 0.00024795351953 0.557559 0.000311324824555 0 8.95376865177
-2.003483 0.000349172236325 -1.186001 -0.000379489783262 0 8.99196021941
0.946076 -0.000294277504657 1.112755 0.000255964163787 0 8.91620827249
-0.39355 0.000288134065485 -1.342031 0.00025212679098 0 8.94772664617
0.480691 -0.000111445030072 2.251727 0.000359699373269 0 8.92723855767
-2.478008 0.000266966029466 1.694993 0.000733420562655 0 8.94723166635
-1.737725 0.000555343910405 1.123194 -2.71018657357e-05 0 8.99983049797
-1.814139 0.000127015183035 0.181778 0.000436459167578 0 8.90974323031
-3.079092 0.000444202624654 1.706734 0.000179882436263 0 8.95155766729
-2.029311 0.000288469488803 0.41038 -2.85150986727e-05 0 8.89246298917
0.997867 9.14518574314e-07 -0.205626 0.000555520462441 0 8.90559206157
-1.1856 -0.000151338566352 -0.291961 0.000183725663482 0 8.91707541128
-1.435821 0.000278570371692 -0.301554 -0.00010095487687 0 8.95800630731
1.388775 -0.000101813171085 -1.903629 -0.000127884665029 0 8.9437029134
-0.709025 0.000136375803874 0.103797 -1.07538026513e-06 0 8.93093311486
1.722488 -0.000122630005239 0.15199 0.000415867507497 0 8.93141591259
3.562188 -0.000273299464301 0.101822 -0.000238697010146 0 8.9689271982
-1.260142 0.0003357293257 -1.172216 -0.000273631909765 0 8.92608403366
0.261875 3.14968870144e-05 -0.851066 3.96583204345e-06 0 8.91925409164
1.558804 -0.00024819387621 1.962857 0.00062367696257 0 8.93333388359
-0.857882 -0.000177196669871 1.958095 0.000715884304114 0 8.89427774002
0.751303 -0.000215382072603 -0.687311 0.000426934905294 0 8.91892038222
0.91089 -0.000358387600445 0.458914 0.000397330486742 0 8.89480954914
2.417353 -0.000541346680925 -1.125441 0.000249078491876 0 8.92041011304
3.253514 -0.00042030143703 -0.775004 -8.93018769607e-05 0 8.96095187367
2.568374 -0.000456170124724 -0.364415 -4.32977352059e-05 0 8.90678923555
-3.481071 0.000508148826179 0.299631 3.94471251908e-05 0 8.9219338246
-2.056828 0.000544697166264 0.109059 -0.000363139847069 0 8.95626081492
1.581779 -0.000158028409204 -1.595188 -0.000369605213559 0 8.96464694024
2.044743 -0.000483897572944 0.017536 -0.0001406494958 0 8.95334919934
1.017869 -0.000182338745784 2.243862 9.06741194024e-05 0 8.94778983418
0.633225 -5.43283452238e-05 0.173257 4.37365386691e-05 0 8.97410204095
-3.238448 0.00027461799579 -0.329424 -1.44559617079e-05 0 8.97346490315
-0.333629 0.000153581769723 1.787498 5.47408584987e-05 0 8.9267828981
-0.662317 -3.06512353681e-05 -0.922927 -3.76956649224e-05 0 8.96126159467
-0.912928 0.000270748684331 -1.230422 -0.000147027014988 0 8.9626981578
0.693111 -0.000112469144987 0.096691 -0.000618666807056 0 8.95948845653
1.110222 -7.18224325324e-05 1.082318 0.000740273099242 0 8.88855877506
0.425676 -3.666689867e-05 0.91747 -0.000120859557247 0 8.91727998484
-3.097829 0.000279898331904 -1.558094 -0.000556918734074 0 8.94856560015
-0.728493 3.02008529015e-05 0.582837 -2.15277144279e-05 0 8.96744617577
-1.646644 -4.75693104731e-05 -1.01094 -6.77311329029e-05 0 8.93224423569
-0.229876 0.000105006000833 0.96074 0.000343975624452 0 8.92466607161
1.663891 -0.000290883804572 0.621365 3.2550771415e-06 0 8.94315447025
0.689418 5.22229711883e-05 -0.030084 -0.000156445431284 0 8.9716510207
-1.894695 7.95210666123e-05 0.556029 0.0001383183412 0 8.92265308082
-1.736657 0.00039053229688 -0.052101 0.000599041583367 0 8.89647390488
-0.858425 -0.000136268763275 -0.214514 4.026624636e-05 0 8.94898583221
0.227119 -7.39254612696e-05 -0.250075 0.000547999012835 0 8.92148172268
-0.442311 4.82345443538e-05 -1.535447 2.62794770224e-05 0 8.93776642319
1.796541 -0.000493491087825 0.542042 -0.000814544604278 0 8.98475158099
-0.143157 -6.14030315076e-05 1.323005 -9.05446674925e-06 0 8.91398269641
1.100176 -0.000225600495782 0.954522 2.29757385992e-05 0 8.91863051469
1.190846 -0.000148129099397 -1.216111 -8.44995837413e-06 0 8.92794557359
0.518471 0.00015209930571 0.802092 -0.000235276482526 0 8.96118368351
0.683711 -6.72373957477e-05 -2.693821 -0.00102687416044 0 8.99614273422
-0.921617 0.000207112311187 -0.230294 9.72855934971e-05 0 8.95114346936
3.537444 -0.000656676843323 0.411923 0.000200012411864 0 8.92015508468
-0.060331 -0.000214514581634 -2.32912 -8.75958856377e-05 0 8.93017615633
-3.560729 0.000538622665014 -0.813508 3.3513698601e-08 0 8.9412538703
-2.363226 0.000152488953076 -0.372548 -5.9563815323e-06 0 8.92715005152
-3.563111 0.000606513843814 -0.663097 -4.44063447285e-05 0 8.90700918692
-2.370622 0.00029421233996 0.771635 0.000547048820565 0 8.90738677234
0.091295 0.000122190009246 -0.099179 -0.000291083514332 0 9.02299759512
-1.726747 0.000440745733706 -0.484025 0.000226357219405 0 8.9453100714
-1.155482 0.000349231886037 -2.315585 -0.000449797521333 0 8.99922113866
1.165658 -0.000298837336829 2.024305 0.000305222578947 0 8.91355396509
1.020811 -2.00777619172e-05 0.310853 5.34683305085e-05 0 8.94372037319
1.115399 -0.000173233382458 -1.199347 -0.000390610774136 0 8.97485108054
-0.066092 -1.83504578892e-05 -0.054668 0.000124750844324 0 8.94958841972
-1.630643 0.000233958219119 -0.49357 0.000655282771081 0 8.87681744267
4.594649 -0.00042154556058 1.026003 -0.000416803294938 0 8.97906603442
-2.272203 0.000210668634037 1.926789 5.56320219405e-05 0 8.91660897246
-1.306454 0.000188850407402 -0.896239 -0.000457482226487 0 8.96959354733
3.827485 -0.000820017754646 -0.117822 -0.000244667389572 0 8.93179478896
1.479321 -0.000177822479497 0.866686 0.000437684196701 0 8.94720797446
0.656274 -3.29296386081e-05 0.086019 -0.000190278967016 0 8.92181604339
1.872394 -0.000120678023789 1.986267 0.000323575098883 0 8.94930206554
-1.666093 0.000437021228688 -1.086345 -0.000135842424318 0 8.97270872437
-1.838094 0.00019457459799 1.873059 0.000832873733081 0 8.93273964862
-0.56348 0.000395013743667 0.370676 -0.00025473024618 0 8.91170650565
-1.770925 9.65554764603e-05 2.246053 0.000534962231256 0 8.90561482717
1.066497 2.40479280029e-05 -0.327613 9.19741607805e-05 0 8.96224241319
1.544748 1.98229914682e-05 0.517826 -0.000106888024351 0 8.91397238631
-1.279198 0.000343671921168 -0.163171 -0.000122658978745 0 8.95347390417
0.286503 -9.19461260402e-05 0.285609 -0.000507964490451 0 8.94625604536
0.001211 -0.000178390070008 -1.880079 -0.000364373079757 0 8.97652967109
2.371318 -0.0004494832392 1.056976 0.000515891736214 0 8.91244372446
2.543778 -0.000572025102924 -1.848237 1.63022381281e-05 0 8.9693981324
-1.158309 0.000477052871916 -0.083697 0.000368213337396 0 8.93449323533
2.67883 -0.000479021651981 1.690822 0.000271317521152 0 8.94607159701
1.72745 -0.000379015314489 -1.338602 0.000361994973952 0 8.88154439244
-0.950578 -0.000181607593057 -0.414366 -0.000295334642225 0 8.98936593149
0.060036 -5.77019597798e-05 1.149854 -3.55639708643e-05 0 8.92308272404
1.026928 -0.000210676307845 -0.786617 -0.000129472596031 0 8.97876297267
-3.512598 0.000323712671881 -2.098121 -0.000139812694887 0 8.92649673893
0.575879 -0.000210109425067 1.352638 0.000129173121961 0 8.97074960457
-3.51181 0.000603966841571 -0.640274 -0.000200196874922 0 8.95789127882
-1.647673 0.000130037909468 -2.751129 -0.000676885498827 0 8.9880722436
2.109858 -0.000512013142558 -0.918906 0.000145821353808 0 8.91735801821
0.729129 -0.000168077455323 0.604044 0.000514300578319 0 8.88922540419
-0.486371 0.000297416463409 -0.019261 0.000368124460733 0 8.9175051991
3.725662 -0.000596039990895 1.559257 0.000320998043426 0 8.91054938524
-0.079693 6.07086992382e-05 -0.372283 -0.0002202833727 0 8.92490694207
-1.030293 0.000122532702526 0.307635 -6.14012708998e-05 0 8.93618119466
3.202991 -0.000643808769321 -3.415712 -0.000512785658907 0 8.90934741521
-1.929573 -5.25443681227e-05 0.211069 -0.000169721532519 0 8.9671719559
-0.984706 0.000326022176904 1.26929 0.00053630730034 0 8.9077828515
1.523884 -0.000443800132507 1.145508 0.000281867133213 0 8.92947474535
0.414637 6.66223039729e-05 0.46393 0.000520947293485 0 8.92826794827
-2.317613 0.000517978972664 1.656753 8.21787528759e-05 0 8.91634785423
0.385111 0.000153106503678 -1.769611 4.64836840374e-05 0 8.90260217274
1.32618 2.71194754285e-05 -0.717243 4.55076720668e-05 0 8.90292228708
0.953271 -0.000255501557127 -1.49832 -0.000750969956872 0 8.99165059237
-0.910281 0.000187634803999 -0.121943 0.000189892322277 0 8.90751132838
0.333213 5.20141671868e-05 -1.983855 -0.00020285726684 0 8.92222797759
-0.35134 0.000151960140682 -0.02988 -0.00024788929389 0 8.91301256985
-0.393057 0.000148245161027 -0.679123 -0.000112822805078 0 8.96296700707
-1.626433 0.00043459262043 -0.610651 -0.000122606414213 0 8.95954993847
-2.311872 0.000399405312006 -0.956442 -0.000383400611552 0 8.945230717
0.359007 1.05494770751e-05 0.786571 0.000389026056686 0 8.92666526556
-1.593598 0.000109582352781 -0.880073 -0.000338826417455 0 8.94434929819
0.469077 -5.10020437683e-05 -2.824912 -0.000859382417972 0 8.97819957627
0.943792 -0.000319327475506 1.518047 -1.59633277296e-05 0 8.92822691905
0.330574 -0.000179548108859 -2.820898 -0.000575094563931 0 8.95890982745
1.214595 -0.000206735061601 0.302681 -0.000333787333775 0 8.98067690684
0.40764 2.51416170714e-05 0.966937 0.000195145442311 0 8.94040618721
2.219877 -0.000488805089771 -0.557082 -0.000248345313685 0 8.96836286835
0.374387 2.44566763292e-05 0.165708 0.000499498655113 0 8.8929075143
-0.157214 -2.58092064061e-05 0.525236 0.000164171120272 0 8.95483414443
-2.094109 0.000238330879412 -0.190617 -7.8400595266e-05 0 8.97761802162
-3.835074 0.000666432692173 -0.633238 0.000196343675678 0 8.90863847599
-0.477623 0.000110748404448 -2.427415 -0.000385907244141 0 8.93150837911
0.243214 -0.000153235770621 0.70662 0.000262405578788 0 8.96656338609
0.628525 -7.37988804988e-05 0.688659 -1.85315460688e-05 0 8.94627547991
1.98918 -0.000283823758786 -2.648661 -0.00010747788942 0 8.94179720867
0.867535 -0.00012300280782 -0.780823 -0.000221797413608 0 8.95433455119
0.0447 0.000120994001421 0.053654 -0.000142130124886 0 8.99451585162
-0.41786 0.000198371062034 -0.616053 -0.000131481119617 0 8.98261818629
-2.85085 0.000508206914368 2.807689 0.000732555563752 0 8.91170147615
1.244415 -0.000386471256359 -0.865332 -0.000402852916798 0 8.98339253464
-0.043133 -1.79800280652e-05 1.078307 0.000406620642097 0 8.90666491695
0.876136 -0.000332580751964 1.759084 0.000456406481073 0 8.88339486395
-1.067429 -0.000121855310119 0.832666 0.00015047168751 0 8.93341338155
3.307205 -0.000608801975578 0.530231 0.000284216567171 0 8.969420462
-0.944372 0.000115876616792 -0.095347 -5.33059506934e-05 0 8.95286693751
1.335742 -0.000162907400764 -1.424693 -0.000538631810032 0 8.96018379659
0.857337 -0.000363835105544 -0.804575 -0.000130090270632 0 8.94365430922
1.32589 -0.000136660451779 -0.27994 0.00016144549348 0 8.95161372961
2.252314 -0.000466542859373 -0.84244 -8.44350420662e-05 0 8.95606104078
0.850874 6.19681128882e-05 2.432944 -0.000107232642737 0 8.96546307453
-0.478048 0.000209853882102 -1.529901 0.000161631413417 0 8.92290450647
1.059376 -0.000241324178451 1.303924 0.000291817137821 0 8.90356323732
0.243484 -0.000152456903651 1.197429 0.000744831449317 0 8.88908917523
2.406051 -0.000128326339379 -0.946147 6.18754228109e-05 0 8.93412899749
3.252622 -0.000337080846929 -2.022755 -0.00043766413087 0 8.92039963505
0.55761 -0.000256846346669 -0.249602 0.000411889080643 0 8.92021184606
1.883175 -0.000132001936115 0.913141 0.00033257125564 0 8.9023628296
-2.710612 0.000280137458783 0.955979 0.000483171020351 0 8.87921885261
0.01751 1.25553260833e-05 1.467172 0.000366090596536 0 8.93740900505
1.01611 -1.2605523667e-05 -0.636648 -0.000414308945851 0 8.99183404212
1.328299 -4.21078263202e-05 0.91852 8.31900135887e-05 0 8.96659435718
1.971175 -0.000325253152133 -1.80649 -0.000332832315572 0 8.960008264
-0.97147 -3.75244748921e-05 -0.564322 -0.000314384950768 0 8.95054560355
-2.12306 0.00017908692218 2.20353 0.000491533782738 0 8.93584192003
1.838715 -0.000133340442328 -1.542728 -0.000121352262201 0 8.94452636642
-1.239168 0.000100965024069 2.709232 0.000710392197845 0 8.877524432
-1.160888 -5.26612896162e-05 1.625766 -0.000116639786169 0 8.95888706332
1.648532 -0.000214948742905 0.948667 0.000175018345363 0 8.91967098998
-0.585272 0.000223298453071 -1.516304 5.93349993554e-05 0 8.92809478696
0.448294 0.000118448959871 -1.866308 -0.000129416634987 0 8.9490214559
0.852241 -0.000181970928863 -2.078047 3.12661551597e-06 0 8.95985682193
0.291638 -9.59244162257e-05 0.527963 0.000266953722552 0 8.91374879461
1.827162 -0.000373954188564 -1.10999 -0.000629905354601 0 8.9971904052
-1.102149 0.000405062344679 -0.992449 -0.000113938008142 0 8.96839145563
-2.021042 0.000134250299994 2.867975 0.000836545737682 0 8.92082260829
2.75092 -0.000623158157515 0.868916 -9.58879251355e-05 0 8.95225275479
-0.542317 0.000163132894792 -0.74241 8.95069471991e-05 0 8.95164562193
-0.820993 0.000130896854356 -0.48446 1.2028655398e-05 0 8.9504762734
-0.788289 0.000236596972207 0.334019 -0.000210831689791 0 8.92569929621
-1.67088 0.000101638438886 -1.015447 0.000175167382277 0 8.91102466057
1.216585 -0.000215293356924 1.618623 0.000154524635295 0 8.95327164783
-1.393155 0.000253380487216 0.000455 -0.000600203828613 0 8.99853743968
-2.670416 0.000415607891919 0.369065 0.000482742699051 0 8.87908303458
0.185916 -0.000207684269255 -1.979005 0.000160117394934 0 8.89506539369
1.072001 -0.000170521283468 -0.173859 0.000114014113423 0 8.93841322828
1.545162 -0.000363738497077 -1.218401 -0.00015455058445 0 8.9171542863
-1.089754 0.000201751105599 0.313988 0.000365952403005 0 8.92333612288
-1.751392 6.88413141443e-05 0.431942 -8.12950039149e-05 0 8.94621997842
-0.269073 0.000132253168001 -0.510709 -0.000284020054708 0 8.97683499792
3.787717 -0.000266790829986 1.824806 0.00045492468928 0 8.94077742525
-1.364607 0.000151366127794 -0.632058 0.000275302737433 0 8.92196091203
1.877494 -0.000115510343236 0.320692 -0.000140248591652 0 8.95758627357
1.814346 -0.000380698721085 1.466478 0.000613193573857 0 8.8817267885
-1.29371 0.000156763074886 -0.195521 -0.000134052079662 0 8.9678943907
-0.79687 7.81553786576e-05 1.510531 2.17835419736e-05 0 8.94852147633
0.208865 8.07990387229e-06 2.059921 0.000170769166104 0 8.98709078722
0.817228 0.000115786021131 -0.489436 0.000243453481112 0 8.94347617193
-0.016547 0.000110977220628 0.166796 -0.000111709818301 0 8.96544948373
-1.819797 0.000290893304639 -1.178525 8.01437811486e-05 0 8.94901593466
0.062013 -6.70843423349e-05 -0.038661 8.2206501381e-05 0 8.92477780594
1.939002 -0.000217661816244 0.405588 0.000523721071005 0 8.91179796587
0.151895 -8.36902326687e-05 1.958229 0.00071911196764 0 8.89193019586
-0.334431 -0.00011943778323 1.044441 0.000291633584993 0 8.8972895065
-0.154833 0.000146047052042 -0.43188 -0.000305901802122 0 8.96966336713
0.887494 -0.000281278048134 1.992297 0.000362225793718 0 8.9352554059
-0.956871 0.000221131095903 -1.23758 -0.000246469188168 0 8.97773723067
-3.67362 0.000739189423474 -0.331869 -0.000412194727949 0 8.98748842006
1.945822 -0.000275237523617 -2.687544 -0.000856622730371 0 8.98941083142
2.443104 -0.000253794120059 -1.603025 -0.000113842310497 0 8.94263407803
1.674627 -0.00022612102554 -0.335607 3.74057532857e-05 0 8.95053923447
-3.771442 0.000807744554253 0.170129 0.000118539525833 0 8.95124741112
-0.837615 6.48363688999e-05 -0.905049 -0.000313046592323 0 8.94667320829
-2.644066 0.000471874937981 3.937434 0.00105944060634 0 8.86324743867
1.726264 -0.000363532210722 -1.153083 1.00911845829e-05 0 8.90837123643
-1.398573 0.000138241928073 -1.027993 -0.000106121591334 0 8.92006361359
-0.076832 0.000206309465488 -1.05936 0.00017958371335 0 8.8556227458
1.290007 -8.75758035651e-05 -0.360182 -1.73687739713e-05 0 8.91914241066
0.888034 -0.000241516658562 0.204436 0.000175451006423 0 8.90092282882
-0.268004 0.000146658997955 1.314571 0.000524857883188 0 8.88318339459
-2.835624 0.000404074407221 -1.210117 0.000188397170248 0 8.87041080006
0.595355 2.79559936406e-05 0.9397 0.000227268185583 0 8.92977992813
-0.848293 0.000233905493921 -0.767457 -0.000472306796693 0 9.00397577298
-2.271168 9.38680000456e-05 1.732377 0.000395115811225 0 8.91109582382
2.720038 -0.000398195538183 -0.835902 -0.000478882823502 0 8.98491947364
1.008222 -6.62385800028e-05 0.111748 -0.000270883909684 0 8.94841552731
1.519681 -7.10052188664e-05 -0.842334 -0.000650098522347 0 8.97734326776
1.13615 -0.000190324079112 -0.503678 6.92168663752e-05 0 8.92779746967
1.96099 -0.000128906707053 -2.094982 -0.000678815482805 0 9.01389359313
3.027572 -0.000375634309357 -1.303787 -7.76115580031e-05 0 8.95485932719
0.734936 -2.57395880647e-05 -1.850432 -0.000539364709403 0 8.93003043965
-1.69749 0.000326120806629 2.487029 0.000656301061097 0 8.9136269073
0.49209 -6.94750760267e-05 -1.4351 -5.66109297363e-05 0 8.91446432465
-1.931211 0.000210586665933 0.202543 0.000278288625954 0 8.93271629324
-1.956241 0.000429409085357 -0.694368 0.000759806668947 0 8.90846074588
1.537011 -0.000418051962667 0.807478 0.000351189248998 0 8.89532988422
-3.356036 0.000749143197148 1.561079 0.000230145991652 0 8.91782224282
-0.725465 0.000241418199594 -0.630077 6.39384178965e-05 0 8.92832554596
-2.498462 0.000280095387075 -2.026741 -0.00030117788036 0 8.92714227335
-1.027936 -0.000122633751195 -1.034671 0.000300804630837 0 8.90386672938
1.961797 -0.000503886401303 1.742771 0.000142775312171 0 8.91778190281
1.452977 -0.000183648590289 -0.654649 4.49906973619e-05 0 8.94348152303
0.099873 6.03375731302e-06 0.679801 0.000325591876629 0 8.9322730251
1.58991 -0.00011252554543 0.449651 -7.0386756554e-05 0 8.96791350705
1.324277 -9.41432012466e-05 0.766516 -0.000203266817752 0 8.97098264784
2.739656 -0.000188976891235 -0.972147 -0.000102512607709 0 8.94504141525
4.096682 -0.000543602086825 -0.446713 0.000216321007848 0 8.93385326124
-1.51971 9.38833484246e-05 2.000309 0.000757359668099 0 8.90114084162
-0.942891 0.000280900690835 -0.480587 -0.000185141019112 0 8.96457674217
-4.640994 0.000784646888241 -0.189376 0.000279414163553 0 8.89628319115
-1.66727 0.000410909634115 0.648917 0.000130696359565 0 8.91676635568
1.077147 -2.81468147927e-06 0.170677 0.000135012615881 0 8.9208212666
0.160869 7.24097477481e-05 -0.505332 -0.000497678570172 0 8.9704631135
1.262571 -0.000161375800152 -0.651918 -8.30195760214e-05 0 8.91737159578
-1.571408 0.000150906093716 -1.784163 -0.000259388911308 0 8.95883642953
-0.303616 0.000301405134855 0.969754 0.000184490749285 0 8.97821704281
-0.707583 4.23895705768e-05 -2.340961 -7.04207501159e-05 0 8.93937002749
1.094543 -0.000341382683284 -1.823998 -0.0004027866095 0 8.93957253592
2.578988 -0.000356277571358 0.050692 7.4624992506e-05 0 8.90454051169
-0.238656 -9.92761516745e-06 -1.143347 -0.000251772768756 0 8.97338639273
3.233797 -0.000322871036708 1.261073 0.000160504561544 0 8.91668449773
1.382782 -0.000235794534038 -1.482196 0.000136775293721 0 8.93457551061
-0.957674 0.000100677750675 -1.537032 -0.000329304952524 0 8.93939486857
-0.657093 0.000155393499161 1.866126 0.000525423418916 0 8.91272211953
0.777832 -7.2865822012e-05 0.061119 0.000191476316439 0 8.9238296663
-0.047897 -8.31804014666e-05 -0.009197 -8.08060026189e-05 0 8.95805438524
-0.540592 -7.24073137115e-05 -0.232848 -0.000105363308419 0 8.93180876554
-2.339426 0.000470252697919 -0.306211 0.000444510917507 0 8.88516015441
0.011751 0.000193323891884 -1.24622 -0.00039145971269 0 8.94161299425
0.404221 -2.21850288202e-05 -0.202819 0.000385313989283 0 8.91903053016
-1.136932 -8.15176415828e-05 -0.473309 -0.000246724624318 0 8.92039670031
1.02107 -3.87862957302e-05 1.711084 0.000166538012975 0 8.99347440829
0.520358 0.000193074714489 -0.42968 0.000166111768472 0 8.93179386993
3.114616 -0.000147984294941 -1.899288 -0.000518061546873 0 8.96759368397
-0.453222 9.07024378421e-05 -0.065144 0.00014666686277 0 8.9495989947
-2.936098 0.000627731100487 0.58095 -0.000550016873218 0 8.95467534798
-0.193041 3.23503230729e-05 -1.76567 0.00017698304755 0 8.92700760222
2.32879 -0.000309221083678 1.570639 0.000252936467586 0 8.93504362289
-2.099919 0.000139313684782 -0.782302 -0.000297697267884 0 8.98727956611
-0.519317 0.000138486530701 0.267216 0.000103430073263 0 8.97861297781
-1.818583 0.000193288260163 -1.882144 -0.000519201773217 0 8.95387348469
1.546027 -0.000215728349087 -0.834232 -9.7489262368e-05 0 8.97412647169
3.531448 -0.000449091044452 0.348675 0.000434935084055 0 8.94938836885
-2.25633 0.000504415626223 -0.477113 -0.000205373863608 0 8.92819878865
-0.037427 0.000100820539765 -3.335233 -0.000474444286103 0 8.94175878545
-0.187961 3.38930485328e-05 -1.125572 -0.000496627497962 0 8.97713534675
-1.565904 0.00031512313461 2.947444 0.000680442861977 0 8.93231714511
0.666189 0.000133113072578 0.244849 -9.17146267394e-05 0 8.97800064242
0.890172 -0.000175971928848 -1.862136 4.53549182643e-05 0 8.88453547511
-4.199632 0.000629361228764 0.419189 -3.14158655225e-05 0 8.94016835399
-1.096177 0.000396871131922 -1.095393 -0.00044889102018 0 8.94553610365
1.254105 -0.000194723406874 -0.375754 -0.000520693981849 0 8.95538332517
-2.404226 0.000334838123326 1.861332 -0.000113946667566 0 8.95747067617
3.335406 -0.000317609526161 0.586994 2.14444499672e-05 0 8.96422678415
-2.276361 0.000252052285696 -0.710519 2.42995991909e-05 0 8.96084527889
1.205945 -0.000169505294498 -1.773654 -0.000518127470288 0 8.92982027731
3.121287 -0.000417967557013 0.863813 0.000185374173285 0 8.92194022197
-1.594505 0.000200747374641 -1.159729 -0.000336393501106 0 8.97041794593
0.131706 -6.68700513353e-05 -1.302792 -0.000439226163962 0 8.95603767604
0.508747 -2.58018772445e-06 1.805742 0.00101890363493 0 8.85194437605
-1.121905 0.000130742472616 0.374034 0.000301123792899 0 8.9029389156
-0.640096 -9.73276095242e-05 0.925881 0.000270251862364 0 8.94449152808
0.846333 -0.00023828444477 -1.146181 -0.000492532832936 0 8.98997990075
-2.043971 0.000441298077158 -0.283283 -0.000235430512349 0 8.92721969376
1.271987 -0.000202506136554 -0.131696 0.000179851085095 0 8.91850819752
-1.176565 0.000461621111332 0.440702 -0.000196698826439 0 8.96697503177
-1.076728 0.000193262519134 -0.038228 -0.000199416923514 0 8.94040191466
0.238274 -0.000104876117902 -1.843921 -0.000363032856878 0 8.94340072937
-0.277004 -0.000156863962688 -1.359994 -0.00011978320679 0 8.95533636536
2.332887 -0.000282845182589 -1.515597 -0.000362184413677 0 8.96120242817
-2.038524 0.000103874616056 0.008099 -1.8485903257e-05 0 8.90975258294
-1.041886 0.000116898067859 -0.564126 -0.000527784919209 0 8.99604791102
3.71163 -0.000529328485807 -0.218134 0.000356257370832 0 8.94349538754
-0.284124 0.000440877375883 1.041022 0.00029956350378 0 8.90193651029
-3.355903 0.000414510707989 0.303826 -0.000204092892893 0 8.94240914165
0.802789 -0.000241179026511 1.360259 0.000483752334632 0 8.92980927731
-1.41905 0.000130007148383 1.06833 -4.12309103736e-06 0 8.94123890875
-0.824327 0.000120180267774 0.470347 -4.23136792409e-05 0 8.96714280841
-1.043313 0.00022617854705 -1.050044 1.05900399407e-06 0 8.94731623587
-0.687444 0.00037475183506 1.020419 7.83375769228e-05 0 8.95104307882
1.362292 6.84825027892e-06 -1.568994 -0.000190694693876 0 8.9661049943
0.851248 -0.000102748389685 0.630917 7.03124739658e-05 0 8.94626618565
-0.792196 0.000181082470407 0.883443 -9.00303666804e-05 0 8.96930143269
4.332259 -0.000720964080943 -1.574078 -9.42791466937e-05 0 8.91728480332
-2.243084 0.000388876691688 -0.19805 -0.000371256236836 0 8.90783681322
-1.163948 0.000147642416546 -1.153633 0.000328466214316 0 8.89752197042
-0.552576 -4.69971646835e-05 -1.968197 -0.000216566015508 0 8.95497652807
2.02935 -0.000670676312898 -2.172603 -0.000349404992587 0 8.95395322992
-0.639412 7.60399263455e-05 -1.418328 -0.000459750335932 0 8.93510167985
-1.346048 0.000245339268329 -0.071648 -0.000124936171757 0 8.98105935749
1.324696 -6.43299826875e-05 0.123266 0.000431329984785 0 8.92585797155
0.893739 -0.000315874962349 0.152819 0.000140132442618 0 8.9922817147
-0.011037 4.88404353762e-05 1.387755 0.000300837145103 0 8.93140604915
1.973268 -0.000262554689128 -1.291643 -0.000174512296181 0 8.95487554786
0.772455 0.00013501689542 1.768694 0.00019620886319 0 8.94071588564
1.018688 9.31861160504e-05 -0.740637 -0.000567947302414 0 8.95845362189
2.931668 -0.000502823600034 -0.733889 8.02289275472e-05 0 8.927500911
-0.276209 0.000208610220865 2.182276 0.000501072627433 0 8.90698631169
-2.117861 0.000386859607876 -0.053099 0.000152218220126 0 8.95227417397
-0.315494 0.000136605351843 0.439924 0.000391857362808 0 8.88230784611
1.248216 -5.98546383032e-05 0.039198 0.000275937373823 0 8.93718822287
2.099444 -0.000504249949326 0.692756 7.72422602361e-05 0 8.92433123838
0.981809 -8.81750344186e-05 -0.237254 0.000260393239778 0 8.93836124995
-0.344481 3.15957717652e-05 0.930762 -0.000197505943863 0 8.92265082296
2.389071 -0.000688390468223 0.645649 0.000369876665045 0 8.92028541327
3.616512 -0.000467062788363 -0.818274 2.40856337573e-05 0 8.93325508499
5.69959 -0.000905242570813 -0.48819 0.000266719896596 0 8.9404136081
1.645994 -0.00039785014492 -2.013651 -0.000387903392245 0 8.94821178342
0.402379 -0.000136296475202 -0.137246 -0.000495297197175 0 8.94242280204
-1.448792 0.000173546147054 -3.266765 -0.000890420251052 0 8.98413961986
-3.083826 0.000565725415898 -1.669997 -0.0001576003608 0 8.92387296405
0.152021 -0.000192868007151 -0.800876 0.000100788004838 0 8.89642327531
-2.592498 0.000628211938909 0.805065 0.000419727100266 0 8.90523260246
-0.072137 0.000193862421731 2.907479 0.000250163320898 0 8.913005428
0.894149 -0.000226790265993 0.151747 -0.000298259826664 0 8.97229396878
1.851107 -0.000523803700537 0.462311 2.18086971554e-05 0 8.94013855508
2.579444 -0.000353278468554 -1.892565 -0.000970076837843 0 9.02739772608
0.873677 -0.000143918140579 -1.111416 -0.000671520768451 0 8.95878725936
-0.541638 0.000384869729737 0.332247 -0.000358915584353 0 8.96518897628
-0.236732 0.000137456299087 0.419337 -0.000416804311704 0 8.95596351216
-1.801756 0.000398051038098 -2.051465 -0.000102313725724 0 8.94921370713
-0.666519 0.000133464174974 3.695799 0.000645156231994 0 8.97684792802
2.1507 -0.000510092127842 0.637004 9.74034829348e-05 0 8.91879533985
0.287569 0.000335731773173 0.818743 -7.56698774486e-05 0 8.89293081638
-2.196868 0.000167068484243 -1.365815 6.58833248994e-05 0 8.92170492965
2.52986 -0.00032018510137 1.278965 -9.22287454584e-05 0 8.95105974626
2.582946 -0.000707511600046 -0.64402 -0.00028761139357 0 8.97567090526
0.509347 -0.000120993504228 -0.251928 9.20692417758e-05 0 8.98322553116
3.482002 -4.11142311569e-05 0.265912 -0.000123086560255 0 8.95871498098
1.477874 -6.74504291685e-05 0.793823 2.75450872954e-05 0 8.8994172566
2.494932 -0.000573665532105 0.530472 0.000303124482996 0 8.92590869428
-1.631896 4.06869380609e-05 0.74742 0.000847715142211 0 8.94974630147
0.757617 -0.00045232819348 0.973937 -0.00011879974307 0 8.93224784359
-0.376301 0.000111895094612 -2.494845 -0.000773213545951 0 9.02377668662
-1.134357 0.000234792168962 0.354343 -0.000302893759945 0 8.94893945097
-2.511381 0.000221359637892 1.527938 0.000555994986079 0 8.89076448903
-2.693796 0.000344712729884 -0.152282 -0.000165170663646 0 8.97675462462
0.788179 -0.000475904940941 -1.298715 -7.11451742482e-05 0 8.92062480852
-1.35056 0.000170433301477 0.696545 -6.53383457376e-05 0 8.98044409933
3.714591 -0.000352824604399 -1.28785 9.2166846956e-05 0 8.94589144645
1.519475 -9.17302425442e-05 -1.275052 -7.78545494101e-05 0 8.9523553863
1.509759 -0.000216667620739 0.726945 5.30629198771e-05 0 8.96150410362
3.649854 -0.000807825967143 -1.976908 -0.000761702269718 0 8.95704245941
2.33418 -0.000378975527546 0.648069 -0.000204167424454 0 8.92656502816
-0.915333 0.000331980819882 -0.140912 9.94583779629e-05 0 8.93281806365
0.126324 -2.26248692865e-05 1.206903 0.00068994699264 0 8.93093554693
3.096795 -0.000501409481748 0.952687 0.000393631393998 0 8.88832302678
-1.290711 0.000307909300611 -1.220916 -0.000350682453662 0 8.97212888321
-1.370199 0.000171049129382 1.231415 0.000262354748086 0 8.91630882257
-1.357255 0.000128219867007 1.94363 -6.54375211008e-05 0 8.91297080737
-2.390476 0.000177521255863 1.217539 -1.48837272228e-05 0 8.9072163605
5.01808 -0.000555129218719 -0.948238 -0.000564422890211 0 8.97065078991
-1.626711 0.000185510438423 -1.435583 -0.000312585825992 0 8.96908270428
1.59085 -0.000268963588985 -0.18369 -0.000424425014753 0 8.93991992376
1.909646 -0.000327722038967 -1.878151 0.00018586755033 0 8.92059982147
0.744551 3.84891453913e-05 -0.926144 3.10768496923e-05 0 8.91572237403
-1.950345 0.0005452026569 -1.064753 0.000526167199853 0 8.91716236811
1.913347 -0.000489376337099 0.986399 0.000464622624176 0 8.86290717669
0.536899 0.000177341544923 -0.809441 -8.19298298934e-05 0 8.95722991476
1.069455 -0.000116652881496 0.609895 -8.26767474869e-05 0 8.92386869425
0.082361 -0.000100721579572 -1.562573 -0.000470900224299 0 8.97264375867
0.234974 -0.000152849460634 1.21127 -9.43449038764e-05 0 8.9175764812
-1.369904 0.000219302800735 -0.145453 -0.000318070230614 0 8.95349884579
-0.920356 6.07201528751e-05 -0.563251 3.24755497283e-05 0 8.93699922294
2.871625 -0.000525014666992 0.264493 0.000342759874536 0 8.95069845923
-2.476278 0.00039186806141 -0.501403 0.000362560544383 0 8.91613911578
-0.171117 0.000209423202115 -0.041138 -1.57671520263e-06 0 8.98037627267
-1.872333 9.10090222931e-05 -0.554106 -0.000518430237978 0 9.02308247045
2.291182 -0.000305500948999 -3.359871 -0.000357434493446 0 8.97784390879
-2.501308 0.000188187225441 3.241478 0.000162545185089 0 8.9189871389
-2.109526 0.000347710181 1.941924 0.000326131325643 0 8.90448940932
2.381464 -0.000550704939396 -0.693591 -9.07869195475e-05 0 8.91808688281
-1.384165 0.000145081873621 -0.036068 -3.11444701007e-05 0 8.92126117591
-0.112055 2.30105762025e-05 -0.012369 0.000105195691282 0 8.9338870115
3.650044 -0.000159572544937 -0.308317 -0.000194235057694 0 8.97840383398
0.851302 -0.00031619316599 1.009129 -3.03073957523e-05 0 8.94401197941
0.379876 7.77028304212e-05 -2.604097 -0.00016824106193 0 8.97279215422
1.468201 -0.000398711831701 2.296117 -6.39017139985e-05 0 8.95322447229
-1.277925 0.00016780909861 -0.406987 0.000150704312412 0 8.89527560326
1.185657 -0.000303913505138 -1.292998 -0.000417811193279 0 8.93085975387
-2.182059 0.000462717609389 0.520502 0.000255266439525 0 8.91929625346
1.045546 -0.000138371553811 -0.041852 -0.000520416960936 0 8.96222484329
2.547931 -0.000284293004065 1.923514 0.000100207204185 0 8.92139410001
-1.429703 0.00014140358695 0.213871 0.000405507915442 0 8.90778703229
3.514971 -0.000449628377557 0.2272 -2.95143840218e-06 0 8.93557428403
1.372034 -0.000151638673568 0.298569 0.00024499929037 0 8.93702379723
0.507846 -0.000351126821022 0.815984 3.26926536762e-05 0 8.93902154184
3.400745 -0.000702765264626 0.024096 0.000460436472856 0 8.89611136151
-0.866597 0.000266569916353 0.688332 -0.000200636446845 0 8.97819308515
2.18814 -0.000284411585777 -0.459998 0.000326757118754 0 8.88233905971
-0.304527 -0.000111956046098 -1.042208 -0.000484123394624 0 8.9691776136
2.722335 -0.000601174726751 0.838632 7.06314130144e-05 0 8.93478454506
-2.802523 0.000384241454071 1.487269 0.000373504857729 0 8.90831625005
-1.41055 0.000191963810025 -0.259216 -4.33575897837e-05 0 8.93017987819
2.037829 -0.000234243362852 0.457574 0.000554283757471 0 8.88591011789
1.122945 -0.00010580314198 -0.443329 -9.57925890956e-05 0 8.96542323196
-0.774895 8.64312288309e-05 -1.385993 5.74896108635e-05 0 8.95875729098
0.517922 -2.62560123046e-05 0.401846 0.000311502062769 0 8.94551493483
0.34517 -0.000357495240891 1.939374 0.000627939830889 0 8.89073851875
0.060768 6.65739184164e-05 -2.867706 -0.000752581671569 0 8.95047608797
1.738911 -0.000207506788941 -1.874507 -0.000128122788309 0 8.96527416242
0.746896 6.80160386482e-05 1.490025 0.000553629915775 0 8.89764162027
-2.002798 0.000452782870734 1.209728 0.000689346708455 0 8.87571833121
-1.137209 0.000222574224304 0.692975 -0.000123357607146 0 8.91979412347
0.550477 -0.000195309073717 -2.218672 -0.000510788339163 0 8.95132501673
0.704695 -0.000300104919117 0.535497 -0.000261857898618 0 8.89457713841
-1.013063 0.000158743157165 1.328014 0.000223891058937 0 8.92238931565
1.959074 -0.000419047639179 1.369958 -0.000603899339407 0 9.0140600509
-0.798174 0.000131792376037 0.230957 -9.98782435378e-06 0 8.96518950562
-1.53747 0.000113259871541 0.014299 -0.00036458452845 0 8.92747750146
-0.069529 4.21928579319e-05 1.374766 0.000362468442804 0 8.92060393357
-0.224687 -0.000167422604814 0.384714 -0.000184159557947 0 8.92455117878
-0.637241 -2.68714262253e-06 1.569937 0.000430958782101 0 8.92357566196
1.195595 -0.000464946413485 -0.955114 -0.000466771938166 0 9.00098371038
1.751148 -0.000333010305516 -1.034803 -0.000171482531219 0 8.96867742282
0.121846 0.000107169111944 0.677919 0.000177644257809 0 8.92584361847
2.612116 -0.000380989257608 1.090092 0.000156229297057 0 8.93434571252
-1.452552 0.000307019713303 0.185249 -3.56307909372e-05 0 8.92392222308
1.923484 -0.000187858738024 1.343045 1.60496062217e-05 0 8.95957691329
-0.622657 -0.00010510210109 0.613984 0.00016934560492 0 8.93487591076
0.827752 -5.18383066112e-05 1.054623 5.36916235899e-05 0 8.93723673178
1.26811 -0.000191241543747 -1.422898 -0.000755605441462 0 8.95003261527
0.865051 -5.13718252904e-05 0.260326 0.000164522041935 0 8.92223455017
-0.392167 0.00027769134127 1.003942 0.000163518155922 0 8.95131310289
0.171889 0.000119617144235 0.772127 0.000110886681089 0 8.92869007753
1.244128 -0.000180470386774 0.111121 0.000230602089971 0 8.9549125165
1.214676 -0.000382281629777 -0.285391 -0.000157545230569 0 8.96192461984
-2.271465 0.000526221590567 1.826451 3.12687349371e-06 0 8.94894926527
-0.770637 0.00032063088773 -2.279502 -0.000467386718921 0 8.96454908841
0.840712 -0.000176896559252 0.738815 -0.000195077145116 0 8.95888240007
-1.092252 0.000249841885523 -2.994361 -0.000922540616333 0 8.97195948005
1.726121 -0.000249545933463 1.231423 0.000113216512859 0 8.95414446835
-3.915031 0.000566284485651 1.874718 0.000399740916202 0 8.94762105005
0.636775 -0.000123500102821 -1.485504 -0.000215194286411 0 8.93363618236
-0.389008 5.61818082365e-05 1.525981 0.000210304159369 0 8.94654091103
2.396091 -0.000173852200006 -0.715639 -0.000415655679112 0 8.97079900528
-1.984229 0.000216923639013 2.951879 0.000657814359618 0 8.92159501482
-0.209989 0.000121482522301 0.623617 0.000460583726964 0 8.90038270884
-0.845895 0.000264512483327 0.75507 0.000300340808158 0 8.94915238905
-1.257154 6.27398133929e-05 -0.241347 -0.000186613332038 0 8.92124460758
-1.04286 0.000444745184538 -0.514002 -0.000212352078696 0 8.95248122524
2.294429 -0.000431451898714 1.14739 -6.57895686505e-05 0 8.90191682213
0.981586 0.000184447930737 -0.843827 9.47403740058e-05 0 8.97993847121
1.200174 -0.000257897560519 1.076123 -0.000159339518868 0 8.94657113049
-3.678328 0.000555935441894 -2.598469 -0.000271175754274 0 8.93413957814
1.716315 -0.000211390017802 -1.010598 -0.000197969815642 0 8.97119726961
-0.512482 3.58351409693e-05 0.089585 5.40169180466e-05 0 8.99095701517
2.216527 -0.000460113066575 -1.695813 -0.00010736136902 0 8.958018711
-3.016283 0.000243520549784 0.701064 0.000325124179244 0 8.97155903667
0.122482 -0.000142777858118 0.486114 -0.000182962510635 0 8.94512897851
-0.068165 0.00017504888347 0.712834 0.000434057991116 0 8.97462078719
-2.11094 0.000280989264151 -2.200816 -0.000450500064263 0 9.00004687457
-0.663916 0.000281666519261 -0.676811 -0.000514493160509 0 8.97706410475
-3.332534 0.000478613602117 0.21039 -6.57046943919e-05 0 8.9660963741
-2.082169 1.0076496609e-05 0.053239 -2.98750458458e-05 0 8.93374575595
-1.560858 0.000296489863404 0.104079 -0.000189656456232 0 8.95556467405
2.145363 -0.000227879145871 0.091154 0.000329410040509 0 8.91829207675
3.149859 -0.000334369555517 -0.672634 -0.000401617500221 0 8.96591852602
2.917172 -0.000237114562779 -1.888367 -0.000810339758972 0 9.00668283379
1.42454 -0.000222258668531 -1.447611 -0.0003729308245 0 8.93771031714
-1.395445 0.000233576943851 0.22986 0.000124241695201 0 8.89365987742
-0.681981 1.63242355163e-05 -0.112816 0.000395050917177 0 8.926922042
-0.557486 -3.18017060959e-05 -1.320498 -3.24308657937e-05 0 8.92004605796
1.304989 -0.00016936512695 -0.069745 0.000194438864886 0 8.94264755784
1.81174 -0.000335516289662 -0.395056 -0.000589672486846 0 8.95758112717
1.671012 -0.00013350527633 -1.325853 -0.000185874907917 0 8.94657323896
-2.406929 0.000381658404935 1.756014 0.000105951491976 0 8.92135830252
-0.242848 -0.000118644865587 -0.933804 0.000470004398155 0 8.94915226662
-2.405581 0.000432410522705 -1.847375 -8.05302936161e-05 0 8.94104076374
-0.398132 6.88610271955e-05 -1.023045 -0.000318895893673 0 8.96641933416
-0.07824 -0.000112124625516 -1.129923 -7.57789648334e-05 0 8.96638510621
2.778401 -0.000517337638719 -0.029325 -0.000205494347334 0 8.97607736985
-0.20709 0.000169485724344 0.251454 -7.57024272526e-05 0 8.95032521079
-3.782688 0.000627718398198 1.494848 -0.000174839043335 0 8.99061660364
-0.562086 0.000287095957833 -1.240242 -0.000278242368848 0 8.96437980779
-0.677119 0.000213085619578 0.337566 0.00038330587709 0 8.93007527442
-1.174417 0.000257642579086 0.12655 -0.000239221597251 0 8.9474460485
-0.656731 8.24067695266e-05 2.480565 0.000460934391451 0 8.91889642914
-1.311827 6.41430534797e-05 -0.647448 0.000108635409211 0 8.910900218
3.25114 -0.000379232138037 -1.947081 -0.000162835182756 0 8.98614331453
-0.482334 5.46313133084e-05 -0.163299 -0.000421621369725 0 8.95904872165
0.375977 -7.55126463505e-05 -0.428271 -0.000147752465136 0 8.97479830934
0.095743 4.98665503439e-05 -0.219844 1.43886856063e-05 0 8.96692538017
-0.846431 0.00019723094586 -1.740322 -0.000475257975917 0 8.98879214711
-3.228979 0.000776965110667 0.937729 -0.000685534196282 0 9.0045984742
-1.168738 0.000222233806466 -0.63336 -7.78681292007e-05 0 8.97948393955
-2.925703 0.000347182644281 1.851483 0.000686832611467 0 8.88316747635
-1.072151 0.000460716570374 1.028828 0.000461453728676 0 8.92812912239
2.13342 -0.00040206559238 1.003243 -0.000357292501017 0 8.94913236669
1.889504 -0.000628798737472 1.028394 0.000346002445249 0 8.94164129588
-0.168443 0.000140696809066 -1.983459 -0.000243809292239 0 8.93134298742
0.462361 0.000154546765034 0.012972 -2.06866925741e-05 0 8.92458487798
-0.149351 7.36432342854e-05 -0.227776 0.00045813066046 0 8.93688807233
0.390288 -0.000315940163568 0.203713 0.000194140116882 0 8.93599303007
-0.739145 5.36519862983e-05 0.868457 0.000481777211615 0 8.94604760319
-0.493333 -3.66272213575e-05 1.315564 8.37183487274e-05 0 8.92330331402
0.987999 -3.82108530168e-05 -0.412161 -0.000425586396559 0 8.97299117756
-3.053234 0.000439718266103 0.162629 0.000122507050071 0 8.93967238038
2.605627 -0.000445730979226 -0.524837 6.46528730973e-05 0 8.91456643488
-0.018413 -0.000129849392725 0.57366 0.000182819140867 0 8.92814846133
-0.355995 9.2537529439e-05 -0.602937 -0.000199845817027 0 8.94718289136
0.109229 -5.89159043602e-05 1.181051 0.000184120685985 0 8.90164520394
2.153099 -0.000537666860583 0.197807 0.000448993047477 0 8.87121258275
0.370814 -0.000193666794874 0.074936 -0.00030030722971 0 8.97379349746
3.257613 -0.000471586195569 0.184464 7.41730191769e-06 0 8.91754857524
0.478629 -0.000149336965785 1.433133 0.000531168492545 0 8.93608406381
0.2573 -0.000301735535171 -2.222401 -0.000473361191204 0 8.94925579648
1.283937 -0.000292802932701 1.205843 5.23412509314e-05 0 8.93843232441
-1.395802 0.000273780213105 3.005185 0.000397981888828 0 8.96402324178
1.936664 -0.000182320814083 -0.451793 -0.000157872601585 0 8.93406387882
0.394941 6.4264126422e-05 -0.381075 -0.000419097258441 0 8.99607788959
2.629398 -0.000244564163001 -1.780394 -0.000592495881462 0 8.9876656264
-1.162318 -4.2276307347e-05 1.117236 0.000298675735585 0 8.89194678579
-1.292972 0.000382124378252 -0.324631 -2.50984985659e-05 0 8.96700872501
1.647074 -0.000142073080218 -0.639476 -0.00019359270854 0 8.92728355954
-1.222616 9.1154869412e-05 -0.483619 -3.15104733159e-05 0 8.89121386961
0.193525 -0.000284372880463 1.432559 0.000499985893144 0 8.9080518873
-1.165226 -4.13438026036e-05 2.153395 0.000438722536204 0 8.92087055913
-1.308227 4.71779531809e-05 0.307549 -0.000159978223346 0 8.92447376475
-0.576982 0.000214708522468 0.745601 0.000290407287412 0 8.9330836334
0.808721 -0.000295897311298 1.38885 0.000146050028292 0 8.91275540564
-0.31386 -3.83866355125e-05 0.173849 -6.68025796415e-05 0 8.98351820288
1.202639 -0.000446502368064 -1.159974 -9.50175855186e-05 0 8.92485747481
-1.847526 0.000286579948446 -2.646535 -0.000514464845442 0 8.99073873429
-0.943944 0.000100849400121 -0.406933 0.000486210329856 0 8.94816224633
0.980564 -0.000158226050797 0.828809 0.00017263720549 0 8.92176853118
-2.48639 0.000269989039753 0.760158 0.000630929843979 0 8.91446231383
-1.827392 0.000508380193319 0.27719 9.0417392076e-05 0 8.97060801643
0.289399 -3.89520939853e-05 1.444731 0.000521230050266 0 8.91098517902
2.859512 -0.000386593431593 2.658501 0.000216930047348 0 8.94165979866
-1.051422 0.000372147197215 -0.533947 0.000420463650554 0 8.88324439428
-1.675587 0.000304822433666 -1.041539 -0.00026739111154 0 8.97868622027
-0.075277 -0.000100002384062 0.187926 -0.000125990900713 0 8.93976261805
0.24939 8.12363927403e-05 -0.818134 -0.000167835542985 0 8.93605274663
-1.607025 7.80206599169e-05 -2.212451 -0.00017163054682 0 8.9731722275
-3.986551 0.000675944416773 1.602836 0.000439113293763 0 8.8964266469
2.591849 -0.000482506492085 0.415656 -0.000258681592066 0 8.93165302658
0.180156 -8.78954375554e-05 2.067525 0.000352450270312 0 8.90701392986
0.843801 -0.000179695516605 0.019618 -0.00033142714849 0 8.97544376558
-3.645584 0.000416099629982 1.21453 0.000514392319774 0 8.90736538293
1.322082 -0.000228284935235 -1.12034 -0.000393718062542 0 9.00123882827
0.370453 -0.000190726140687 1.053492 0.000364152663733 0 8.89566091225
1.247298 4.90689645726e-05 -0.14575 8.09333362938e-05 0 8.93297041555
-2.847497 0.00065146395735 0.335495 5.31172174572e-05 0 8.89129989614
-1.033933 0.000325909011015 0.684887 5.95806038933e-05 0 8.91489857024
-1.437424 0.000400336800183 1.771244 -8.13457575694e-05 0 8.92979539723
-1.225048 0.000257875129991 -0.863027 -0.000107821203353 0 8.90379854187
-3.296633 0.000515323338462 0.840309 0.000111993407617 0 8.93385112196
-0.739637 0.000128249790239 1.83833 0.000965859123348 0 8.892735586
1.23703 -0.000128397087515 -2.093698 -0.000470020621599 0 8.95173067447
1.619848 -0.00013244804156 -0.586307 -0.000306455185465 0 8.97525997324
-1.499034 -5.47611598524e-05 0.68701 0.000169306196391 0 8.94769944563
1.147555 -0.00021347135251 -0.118406 0.000303576815721 0 8.96263629537
0.21583 -0.000114767260252 -0.040582 -0.000119306357372 0 8.96050313353
-1.862877 0.000244360579095 -1.11608 0.000306914739201 0 8.91636509587
-0.06718 0.000148493828066 -2.43964 -0.000417115097585 0 9.02026134976
0.992124 -7.11417172237e-05 -1.276703 -0.000289285639557 0 8.9731104524
-0.780653 0.000225809142575 -0.77174 9.69816109778e-05 0 8.90167767794
1.368171 -0.000194692899563 1.198812 0.0004649305553 0 8.92734408826
-1.10505 -9.27973983511e-05 -0.9118 -6.49395055378e-05 0 8.97098203659
0.186348 4.47994505754e-05 -0.209271 0.000634496724753 0 8.85551466457
0.313247 0.000309206010826 -0.904393 -0.000500800227705 0 8.95154033689
-0.004885 8.0701766499e-05 -0.722443 0.00021899747966 0 8.91663282034
-0.296416 0.000314155079406 0.304561 -4.11654559953e-05 0 8.94223004489
1.715835 -0.000284302334359 1.237434 0.000516245877645 0 8.91004548273
-4.780224 0.000756411829837 0.189831 0.000135896566879 0 8.93314817155
0.943881 -0.000366723587931 -0.340342 5.69867134392e-05 0 8.93334124701
-0.587447 -5.75067027086e-05 -0.09866 -7.9725352214e-05 0 8.94059432936
-2.807049 0.000556783832409 1.879184 0.000845041332924 0 8.86312189558
-0.898714 0.000233036839596 0.965637 0.000545021937454 0 8.90654693344
2.712708 -0.000450691334241 1.336256 0.000358626300404 0 8.92759023525
0.406866 -4.69764574389e-05 2.059701 0.000244158811789 0 8.95113236399
-1.928223 0.000208158689095 0.404283 0.000406828813267 0 8.89628203972
-0.285169 -0.000221091468388 0.710683 0.000234890548278 0 8.91027451344
-0.54262 -0.000182767273109 0.160492 -0.000382876307006 0 8.96275282294
-0.272592 0.000150430775562 3.059457 0.000382552246 0 8.9129436014
-2.190681 0.000333563298827 -1.010306 -0.000294171081018 0 8.92145715872
-0.390149 5.40629734019e-05 2.104522 0.000233611933304 0 8.92008404393
2.513971 -0.000111403007832 0.151436 -7.31720512429e-05 0 8.98536244384
-2.601125 0.000686797041352 -1.814192 -0.000373052097355 0 8.99106176345
-0.262443 -4.29382982296e-05 -0.64145 -4.42801832328e-05 0 8.95171041686
-0.784041 0.00010876279241 0.154954 -0.000281630572109 0 8.95116104861
-0.364894 -6.36864732734e-06 0.510727 -0.000210967397966 0 8.9652555596
-4.830007 0.000756003416699 -0.752735 5.68169474397e-05 0 8.92604775717
-3.290469 0.000622449812448 0.680535 0.000137176815029 0 8.92393770458
-0.116069 -0.000143189488534 1.985428 0.000258044783635 0 8.94734621652
-1.371191 0.000260827083614 -0.743983 -0.000167830565237 0 8.96081727063
-1.185184 0.0003733975004 0.486354 0.00024857958036 0 8.94189986395
-0.017889 -4.42205298553e-05 -0.04832 -0.000105018489123 0 8.94577459872
-0.165767 -7.20847005827e-05 -0.656979 -0.000183931664002 0 8.97773058699
0.441366 1.08174853364e-05 1.643152 0.00101188939071 0 8.85044665866
-1.277173 0.00025458699481 1.68959 0.000159885685953 0 8.93534802012
2.151127 -0.000401859668882 0.321105 0.000159591822192 0 8.91507975057
1.431625 -9.37493898279e-05 0.544518 -3.6942789622e-05 0 8.96039020889
1.086632 -7.08870937821e-05 0.70224 -0.000204481135814 0 8.91865252553
0.770066 -0.000633707312786 1.42291 0.000219021345556 0 8.91993716913
1.956706 -0.000506295083728 -0.928868 -0.000373798056306 0 8.95559973013
2.016718 -0.000439479915495 -0.462468 -0.000367528739494 0 9.00817002447
-2.00062 0.000508283245562 1.790472 0.000492567827431 0 8.92532427227
3.57577 -0.000655052310065 0.473286 -0.000130872876118 0 8.97769360545
1.532267 -0.000171083789279 -0.041775 -0.000189569872035 0 8.97287737515
-0.322969 0.000157147170364 0.882455 6.8451197987e-05 0 8.95651808868
0.215535 7.99589294886e-05 -2.849918 -0.000793800632755 0 8.95368395132
0.35273 0.000137039565288 1.744668 0.000321342612021 0 8.92670140372
-0.335899 0.000169449004737 0.816938 0.000468392039536 0 8.89912015012
-1.369752 -2.2978641053e-05 0.989752 0.000529858257123 0 8.89103231936
-2.108006 0.000322443696232 0.058482 0.000221252813374 0 8.95647757802
0.462182 9.54610140834e-06 -1.486319 -0.000136685967331 0 8.94543546345
1.797368 -0.000353741748951 -0.182327 0.000513386070836 0 8.88925072103
-0.087094 1.53044291416e-05 -0.471986 -0.000547641726816 0 8.99751247358
-2.94338 0.000459778785574 -0.499589 -0.00016249895131 0 8.92016945618
-0.921911 0.000468035393791 0.274832 -0.000242892764865 0 8.94573747371
-0.904184 -9.02015335369e-05 -2.974525 -0.000274605567983 0 8.92330665503
0.454077 -0.000354444879779 1.127733 -0.000279161422874 0 8.95282518648
0.082221 -0.000168838179876 -0.499528 7.99684549998e-05 0 8.94537628144
1.004622 -0.000132399114358 -1.045301 5.37978596666e-05 0 8.91503228045
-1.530875 0.000427480219582 2.136348 0.000126417574759 0 8.9527882415
0.050267 6.66897355092e-05 0.475325 0.000380263681125 0 8.8971364756
1.532541 -0.000480725399851 -1.089246 -8.17531753108e-05 0 8.92747212393
-1.995333 0.000155860166452 2.996134 4.88449778273e-05 0 8.92270518973
-1.288543 -5.37785254507e-06 0.65985 -9.31316938292e-05 0 8.94176046082
1.922104 -0.000112622630315 -1.245749 -0.000653992101278 0 9.0054469324
2.050903 -0.000224961837393 -0.431925 0.000251940483074 0 8.89915571676
-1.982429 0.000209819486085 -2.395387 -8.47108362421e-05 0 8.95457591573
0.579622 -0.000171561082262 -1.09267 5.64313784629e-05 0 8.97088767227
-0.410384 -1.18188593722e-05 0.285172 -7.73671480259e-05 0 8.92813017114
2.391228 -0.000456512461285 0.109339 -5.65856621626e-06 0 8.94541384199
2.503178 -0.00019527464652 0.883329 -0.000141616882139 0 8.98625850035
3.365383 -0.000452974255011 -0.116675 -0.000451348194949 0 9.00012539475
0.505746 -2.09785885658e-05 0.895196 0.000125728274289 0 8.94944296629
0.478574 -5.46658670146e-05 -1.720023 -0.000737635675515 0 9.04155930587
-0.795411 0.000294218667106 -0.721253 0.000454158481365 0 8.9296399427
1.447515 -0.000119738107875 -0.914454 -8.92849839123e-05 0 8.90566748971
3.551294 -0.000673128727907 0.366796 -0.000509815424141 0 8.94827774157
-0.701703 -7.03413040739e-05 -0.836435 0.000115378867076 0 8.94695189956
2.025213 -0.000207640147378 -1.488256 0.000213353513027 0 8.91434340035
-0.243328 -4.78553387424e-05 -0.606759 -5.62274882881e-06 0 8.91616551712
1.968935 -0.000149749948274 -0.802248 -0.000622984614694 0 8.97401122769
-0.485874 9.86860710537e-05 -1.466061 -0.000387732691558 0 8.94960397313
-0.732869 0.000109682047031 0.458509 -0.000103253248149 0 8.93426843377
3.296382 -0.000500503674531 1.006193 0.000314073068204 0 8.90359985912
-0.950805 0.000353391341111 -0.87951 0.000114975178527 0 8.92691046756
-0.78254 0.000208547022781 0.993014 6.69418979886e-05 0 8.89949778407
-0.910607 5.27057502764e-05 -0.674698 0.000419659174363 0 8.93052588688
-1.109597 0.000214052530032 0.236 3.42601750638e-05 0 8.94672201306
1.888602 -0.000277510275087 0.727021 0.000434935053034 0 8.95904677898
-3.101225 0.000492660714281 1.249827 0.000475849733762 0 8.89911482702
-1.041009 0.000112856921043 1.795077 0.000458181758917 0 8.90551416203
1.241428 0.000185356234434 -2.542301 -0.000585342392112 0 8.96065733874
-2.394524 0.000168356600669 -0.915895 -0.000105162334426 0 8.91942217811
1.448203 0.000108332833604 0.433424 -0.000265594587091 0 8.93941468017
-1.281296 -5.07234946448e-05 0.504707 -3.62441845988e-06 0 8.92563565952
-0.168706 -0.000232518025762 -0.331997 0.000153028261918 0 8.895965511
-0.564726 0.000224030979199 0.167068 -0.000281919868488 0 8.98397081871
1.872169 -0.000179822473424 1.434031 0.000246360211893 0 8.94406231117
0.026415 -0.000119454526249 -1.304991 -0.000557404614568 0 9.05392566393
1.522569 -0.000418353262972 0.917663 0.000126050101296 0 8.92514167263
1.09969 -0.000150869448684 0.39545 -0.000203395152044 0 8.95195774853
-0.260405 2.26393830697e-05 0.671118 0.000328026520495 0 8.88934093016
1.890456 -0.000487422039625 -1.183457 -0.000251905536592 0 8.90999385028
-2.139819 0.000232577241045 -0.930149 -0.000115659156768 0 8.94973018167
3.006441 -0.000486469835849 0.408247 8.9941773053e-05 0 8.93885400552
1.699035 0.00012463886457 -1.249324 -0.000337065500443 0 8.98660139502
-1.419767 0.000276078212673 1.282712 0.000389930791079 0 8.93414958389
-1.726841 0.000349052187695 1.970184 0.000256416596747 0 8.94919522466
3.242237 -0.000604015674007 1.090956 0.000111929916948 0 8.93540709777
0.854536 5.77313615779e-05 -1.271117 -2.60709470894e-05 0 8.9403791103
0.979143 -0.000295130058255 1.10193 0.0001437949833 0 8.89196695079
-2.689748 0.000242680551285 -0.126636 -2.41911084909e-07 0 8.9205098708
1.491923 -0.000128062981987 -0.896778 3.19787301165e-05 0 8.93754469521
0.98175 -3.52189689438e-05 1.436745 0.000375180801932 0 8.92998473786
-0.732023 7.47805092094e-05 -1.230847 3.30003694847e-05 0 8.94015159358
1.029878 -0.000155258861981 0.327067 -0.0003889704974 0 8.96273591786
0.366296 -0.000201435805719 -0.004476 -0.000115880812675 0 8.95539573382
1.713955 -0.000603946501075 0.039793 8.43624403271e-05 0 8.93890561191
-1.318456 0.000127438639978 -0.237734 6.23296076897e-05 0 8.93075759837
-1.540483 3.25865936972e-06 0.579152 0.000518426001524 0 8.90627206181
-0.63826 0.000102119988198 1.49416 0.000269071557459 0 8.92703184616
-0.331754 7.95023584411e-05 -2.972337 -0.000616969745658 0 8.97399124864
1.395373 -0.000328381388095 -0.296721 -0.000111979532709 0 8.98589609703
0.785368 -0.000212170782509 0.162802 -0.000229226044753 0 8.959535415
-1.52172 -1.08777845685e-05 2.667306 0.00041914286055 0 8.92991477036
2.893546 -0.000546537542239 0.322175 9.79857630016e-05 0 8.92725552028
-3.038383 0.000306460060099 -0.227592 0.000419499200369 0 8.92377898015
0.08874 -0.000156441691712 1.914711 0.00029685474917 0 8.89814987444
-0.649657 -6.78776541906e-05 -1.338098 -0.000514566930332 0 8.95645600705
-1.861443 0.000388914618743 0.228057 -0.00112719239465 0 8.99131296934
0.812127 -0.000185276112875 -0.626913 -0.000160653248667 0 8.95394633659
-1.681363 0.000240044601717 1.649499 0.000343011349337 0 8.90860238518
-0.093688 -0.000188526413324 -0.190292 -9.1574091711e-05 0 8.92190709313
-2.832142 0.000379246354188 1.3822 0.000348998910106 0 8.8987805919
1.774161 -0.000768438096779 0.727655 0.000636683540629 0 8.86273845286
0.654273 -0.000123803800366 -0.58406 -0.00041150341245 0 8.96015994234
-0.824512 0.000118735314577 -1.145774 -0.000247518641717 0 8.94453673849
-1.012517 9.64955970339e-05 -1.855758 -9.39795393544e-05 0 8.93235984371
-1.649461 0.000123892487812 -1.292473 -8.37096378737e-05 0 8.91600086029
-0.295173 0.000116909911954 -0.624793 -0.000278541831478 0 8.96248807718
-2.142896 0.00011550649073 1.441716 0.000537929841414 0 8.94219586621
-0.930111 6.4504979893e-05 0.508649 -0.000121649183982 0 8.94487642422
-2.238037 0.000668979474336 2.804723 0.000492892855343 0 8.91168645832
0.163179 -0.000277539940007 -1.460051 -0.000407692480617 0 8.91695040535
-1.622515 0.000197156580458 1.40593 0.000217377770469 0 8.95435799548
3.925617 -0.000587353022595 1.731572 0.000395456946478 0 8.91752232152
0.605367 -0.000135392795008 -0.931548 -4.63956404391e-05 0 8.94520175238
-0.754471 0.000396384206223 -0.506578 -0.000273538658821 0 8.95713870043
0.255453 0.000136840859098 -0.986254 0.000113461857863 0 8.9582922386
0.942029 -3.3176119733e-05 0.099849 0.000341881943423 0 8.91249827873
-3.642046 0.000741600932803 0.514523 0.000184523771875 0 8.88177185251
1.321097 -0.000222976589659 -0.08752 0.000128509382007 0 8.92272827849
5.257609 -0.00102068793115 0.926475 0.000233344639007 0 8.90559485566
-0.937897 0.000101163335044 1.872842 0.000141603497905 0 8.93276042035
-0.921417 0.000102155761431 -0.713788 4.33636994892e-05 0 8.93524206333
-0.455425 0.0001922184314 -0.26699 0.000104862327858 0 8.91197814502
1.000688 -0.000287833050172 0.151446 4.7833789381e-05 0 8.91475366038
0.538126 -0.000160721929369 0.310278 -1.24769940392e-05 0 8.96006224148
0.761198 -0.000559748653289 -0.320225 0.000119815154258 0 8.91228101006
-0.984355 0.000341065581013 1.4846 0.000206054004065 0 8.96507715102
0.60643 6.13483196423e-05 -1.530323 -0.000519058003582 0 9.02455849417
-3.509816 0.000653211982572 -2.400856 -0.000230947348165 0 8.99698334215
-2.234618 0.000545121251029 0.327728 0.000197022547333 0 8.95729971808
0.638925 5.36417391836e-05 0.855879 0.000497457802252 0 8.9304592689
2.2083 -0.000193049952879 1.018443 0.000387958351705 0 8.8993979542
-1.292108 2.36690045545e-05 0.756541 -0.000249794695462 0 8.98427431491
-0.961417 -0.000102942494027 0.44734 5.77338166868e-06 0 8.9579175714
-1.042414 0.000339345530786 0.389005 0.000692707794731 0 8.91415655539
-0.267055 0.0003010095372 0.524973 -0.000149719879331 0 8.8846486292
-1.162403 5.2209519414e-05 -1.876148 -0.000704706966082 0 8.97612997578
0.074257 5.90935321605e-05 -0.591312 -0.000346362566973 0 8.94705955865
0.441411 -0.000175770492791 0.39038 0.000452138866895 0 8.92310202018
2.274531 -0.000493652092718 0.672122 0.000544502966774 0 8.901060642
0.36727 -6.66552160038e-05 1.651195 0.000658968073365 0 8.95344990327
1.145801 -0.000375473675127 0.166577 0.000135628243149 0 8.93424403764
0.16727 0.000106445296173 -0.755789 -0.000179606713604 0 8.93837074899
0.050837 -0.000111847493849 0.014395 7.95095260288e-05 0 8.97091299313
-1.262347 0.000290365627309 -0.402906 -0.00043528818858 0 8.94698974353
0.382605 -5.94793547736e-05 -1.912805 -0.00037969908022 0 8.95540386012
1.760948 -0.000438007779352 0.728518 0.000190073257283 0 8.90031450381
0.535685 -2.28304104922e-05 1.325866 -1.28767604341e-05 0 8.91200664931
1.345808 -0.000260388490722 0.856508 0.000387847623788 0 8.90954354623
-1.233935 0.000109660125874 -0.463127 0.000284180190854 0 8.9115499598
0.188924 -5.43181113007e-05 -0.722893 -0.000297118476353 0 8.96332456567
1.305425 -0.000255169159958 1.217948 4.33524844178e-05 0 8.96840516911
-2.307248 0.000437981705169 -1.379162 -3.85689362075e-05 0 8.94696217736
0.575684 2.70814210904e-07 0.27854 -0.000214723812073 0 8.93372782108
3.185122 -0.000257010540206 -0.703081 0.000292189650533 0 8.94154512181
-0.108199 3.83761391773e-05 1.348531 0.000661551971784 0 8.89095007296
0.121843 7.21308803791e-05 1.780032 0.00037500356297 0 8.88884183063
-0.00554 -0.000149373935996 1.188061 -0.000111654718736 0 8.94858233547
-0.794118 1.39219130403e-06 -1.81833 -0.000620749230404 0 8.94753546721
2.238438 -0.000380972612077 -0.609992 -0.000109785787181 0 8.93358316204
-0.169021 0.000290792453919 0.212161 -0.000440499775483 0 8.93781501496
-0.117473 -1.99934854178e-05 0.876613 -0.000151501810864 0 8.94837548017
0.205118 -1.95187985705e-05 -1.005868 -0.000365037767495 0 9.00066593149
0.04923 -7.37284483693e-05 -0.727419 9.58437696396e-05 0 8.88842051482
0.329051 -0.000519500357554 1.392698 0.000425856297908 0 8.89581890447
1.137997 -0.00015713808974 0.535836 -0.000127137151839 0 8.96601700589
1.780218 -0.000391129412356 0.413865 -0.000207471337491 0 8.95843013045
-0.228698 -0.000157260483 -1.143258 9.94273723105e-05 0 8.91491874047
-2.150843 0.000231690582678 0.996729 2.40537691432e-07 0 8.93367111111
0.079873 -0.000206785945536 0.643753 -5.23849732667e-05 0 8.92942143788
1.314402 0.000209669307671 -0.674077 0.000327711959437 0 8.89833099158
0.242097 9.32541472299e-05 -0.318537 4.82983216455e-05 0 8.9254561193
1.831707 -0.000466062822464 1.976941 0.000395567720895 0 8.95584742586
1.6532 -0.000506922394525 -0.447675 -3.14292688861e-05 0 8.9503511826
-2.282639 0.000363483809361 0.572713 0.000159166630914 0 8.92134973083
3.212871 -0.000595057585983 -2.097745 -0.000409414382224 0 8.97545057618
-0.686229 -7.69894328625e-05 0.158932 -0.000732763372128 0 8.97475885159
-0.637207 2.89904990156e-05 2.128083 0.00023778564013 0 8.92086909448
-2.739933 0.000715240238671 -0.616442 0.00042318132848 0 8.90638343881
0.416403 -0.00010701048094 0.616766 0.00075881871302 0 8.88066487131
1.105447 -0.000187119266099 -3.835006 -0.000984792322006 0 8.98227533831
-0.828832 0.000147738374142 -1.582129 -0.000110679452156 0 8.9431116312
1.683704 -0.000173852794055 1.578592 0.000702729872596 0 8.93446325977
0.965806 -0.000275501764353 0.712494 -8.1262762787e-05 0 8.96384116115
0.446249 -9.57325652365e-06 -0.425149 -0.000376375802196 0 8.97124323829
-3.342018 0.000500121638699 0.79847 -7.96573553842e-05 0 8.94962890692
2.547047 -0.000341253398955 0.458929 -0.000174634303712 0 8.93551647104
-1.687655 0.000286787745655 -0.522497 0.000249200483622 0 8.88138959197
0.56993 -9.78772080348e-06 0.503022 -0.000243700442168 0 8.95443096496
0.120332 0.00010862240676 0.539658 -0.000306345084122 0 8.98529067104
2.943315 -0.000426631909593 0.734756 0.000104558454774 0 8.95758530232
0.281675 -0.000173215579739 1.652474 0.000533748275955 0 8.9173001776
2.855931 -0.000506821344393 0.078305 -0.000482100462186 0 8.94264948915
-0.333427 -1.1892165939e-05 -2.408177 2.95273910327e-05 0 8.93750719266
-2.340499 0.000427934406051 3.227553 0.000427224252785 0 8.89139789369
1.48 -9.90377884881e-06 1.584454 -9.56063285675e-05 0 8.94845473806
-2.881606 0.00048860659791 0.877473 0.000620813801865 0 8.89960794923
-0.940502 0.000383811047435 1.173209 0.000447334526131 0 8.87590138419
0.491195 5.72711755544e-06 -1.558117 -0.000332178548206 0 8.93102923852
0.544878 -0.000124324672536 0.844198 0.000516413145415 0 8.86467569628
-0.484332 9.65812733874e-05 2.389088 0.000728662054057 0 8.9377879274
-0.005766 0.000118975842078 -0.395656 -0.000422600140483 0 8.9395175628
0.036808 -0.000124800849161 0.205813 -0.000291706558955 0 8.99570399912
0.917723 -9.74525511695e-05 -0.183608 7.6518015271e-05 0 8.90949595561
-1.19319 3.6588044255e-05 -0.108581 4.80682619888e-05 0 8.9332145103
-1.373681 -0.000122426933113 -1.285541 6.91674102294e-06 0 8.95449832121
-0.591194 0.000239489889057 1.20244 0.000186467948053 0 8.94740317514
1.163006 -0.000132958881956 -0.220019 6.52339641265e-05 0 8.95471399215
-0.495922 5.56292958344e-05 2.511186 0.000233045893637 0 8.90204301926
0.73163 -2.41514118282e-05 -2.41936 -0.000148948417126 0 8.90857500974
-2.810346 0.000306663200118 -0.154317 -0.000711440213612 0 9.0022681744
4.322459 -0.000683723255577 1.837714 6.47951241043e-05 0 8.9708173775
-3.767198 0.000566598326809 0.565124 0.000372988528991 0 8.88817204284
-2.445875 0.000528481290799 -1.747011 -0.000392551523835 0 9.00918534965
1.235997 -0.00016297119584 0.009959 0.000517568007821 0 8.92382401304
-1.940486 8.51536619809e-05 -0.739151 -0.000325235296901 0 8.94426981784
-2.488618 0.000230096869842 -3.037391 -0.000702222866103 0 8.96457574531
-0.131796 -0.000139298637136 0.096469 9.67213975089e-05 0 8.8949374356
2.348538 -0.000196633411994 -0.599772 -8.27577758697e-05 0 8.9475647102
-1.400257 0.000119721334013 1.596017 0.000326874303166 0 8.94605017467
2.073345 -0.000191228456971 -0.973806 -0.000385079169655 0 8.95645073177
-0.490161 0.000176374744365 1.279406 -0.000212635786307 0 8.991441118
-0.191907 1.09980963887e-05 0.381252 -0.000113725590073 0 8.93466777151
-0.108023 -0.000143921666672 -0.832799 0.000411449630853 0 8.92344610904
1.51407 -0.000182267453088 -3.86231 -0.000595235038455 0 8.9608339376
3.013831 -0.00058767972016 -0.962086 -9.08148518008e-05 0 8.95499351199
-0.536081 8.11397149701e-05 0.82682 -0.000224720050883 0 8.93853036425
0.125114 -2.67706239416e-05 -0.097707 0.000139970549911 0 8.95580201247
2.310706 -0.000379360891481 1.223816 0.000274983784804 0 8.88257933366
-1.298206 0.000395572292101 0.914116 3.33175222518e-05 0 8.95711428134
0.485099 -0.00011550101496 -2.103316 -0.000206531255643 0 8.94172720272
1.385989 -0.00020803543015 -0.953661 -0.000300443333606 0 8.94959761132
0.483852 -6.64673079752e-05 0.564785 0.000386777663307 0 8.89020853489
0.799662 0.000106564952509 0.440116 -0.000527076080902 0 8.93845000218
-1.377666 0.000264024821237 -0.05718 0.000181087934907 0 8.93709936288
0.629638 -0.000282037420705 -1.077161 -0.000415533735039 0 8.95273191553
-0.680697 4.72917985651e-05 1.551592 0.00021732440095 0 8.90442632826
1.273449 1.40325313983e-05 -1.381629 -2.78664579712e-05 0 8.95141004699
-0.846125 5.1640168418e-05 -1.317164 0.000277840652707 0 8.91289605115
0.487813 -0.000126785768116 -0.017002 0.000471445978655 0 8.90575625054
-2.130008 0.000470550152813 -2.104049 -8.96412534874e-05 0 8.95814057274
-1.235151 0.000279898469771 -1.163997 -0.000262141356243 0 8.91990193705
0.14991 -0.000109879798969 -0.862405 0.000581986720537 0 8.90506436879
-3.027354 0.000208789913309 1.201644 0.000274740375015 0 8.88642640194
1.991738 -0.000531010498419 1.519219 1.89867002415e-05 0 8.95767014616
0.956566 -0.000452506624452 1.698128 0.000642053746976 0 8.89976631412
-1.182871 0.000190828793174 -0.045375 -5.12300684492e-06 0 9.00683020792
-1.080872 5.80727125383e-05 0.075258 0.00058702393376 0 8.90570464581
-1.987465 0.000492741420218 1.699692 0.00102492728888 0 8.87122161779
-0.861952 6.67637952109e-05 -1.342484 -0.000222878905917 0 8.92233456886
1.226075 -0.000229390111174 0.365889 3.59811951189e-05 0 8.92780114347
-1.657446 0.000241953347901 -0.864573 -8.9414322566e-05 0 8.96613351316
-0.573908 -0.00018651874878 -0.953993 -6.02183303914e-05 0 8.95212680179
0.268873 -0.000172554632471 0.935861 0.000371674049174 0 8.92529960064
-1.518497 0.000328365476011 0.683901 -0.000497660548015 0 8.98735761021
-0.880143 0.00012495392293 0.207625 6.02412150038e-05 0 8.95637374516
0.890632 -6.35356612421e-06 -1.823972 -0.000396546212459 0 8.93277165298
0.956029 -0.000190414470189 -0.069762 0.000341530384493 0 8.93287162739
1.467904 -0.000312997406014 -0.787687 4.46737000776e-05 0 8.91933819824
0.095781 -0.000177508744616 -1.274227 -2.33133281984e-05 0 8.90885679689
-2.066378 0.000207323004637 -0.214433 0.000680369366148 0 8.91177625951
-0.719598 0.000202174686654 -1.807604 -0.000516728254365 0 8.98463809409
-0.513001 0.000383802903587 -0.720379 -0.000490702667196 0 8.99627605587
-0.338279 0.00010581900717 -1.634853 0.0003868809451 0 8.93688711377
-1.103791 2.17206011903e-05 -1.713203 -0.000686322837372 0 8.95205462439
1.96149 -0.000107496952867 -0.625268 -0.000503466087975 0 8.95365332994
-1.850445 0.000117488309665 -1.251102 -0.000206980409891 0 8.94643562208
1.538398 -0.000275320581716 1.333756 0.000156696758465 0 8.91369195231
-1.341549 -9.80630819484e-05 0.838149 0.000485747136541 0 8.87741944971
1.972107 -0.000493811969165 -2.284373 -0.000535429359275 0 8.96646051472
-2.548454 0.000466106427751 -0.016628 8.81589951661e-05 0 8.92122223063
-0.867929 0.000122769897282 -0.351109 -0.000408149205539 0 8.97271589886
0.486899 -4.69653624225e-05 -0.498683 -0.000520584390857 0 8.94543228882
-3.946952 0.000498161884033 1.569443 0.000209294469433 0 8.9450044573
2.641431 -0.000113314195037 2.332945 0.000520109337931 0 8.91479417076
-0.474468 0.0002969031999 -1.199507 -9.08489218606e-05 0 8.96898874934
1.345855 5.78992519855e-05 -2.50389 -0.000532072943774 0 8.97200690209
0.295821 6.9309281956e-05 2.413943 0.000526373982636 0 8.89131913554
-1.551526 8.18582987395e-05 -0.723913 -8.71098478243e-06 0 8.9283422939
-1.406438 0.000464323320267 -1.257292 3.7839720079e-05 0 8.93527478296
1.70844 -0.000355504543001 -1.325856 -0.000647229757604 0 8.97021075446
-1.651252 0.000158754735317 -0.720897 -1.3720478466e-05 0 8.93835812226
-1.418811 0.000235277062391 -1.45736 -0.00024751396231 0 8.93929208672
1.586907 -0.000209424346167 -0.468577 -0.000181592573497 0 8.95611856855
0.399434 -0.000208671854194 0.508201 -0.00033236281142 0 8.96713438126
2.120392 -0.000135999447241 0.984659 -9.03939637736e-06 0 8.93308011313
2.703783 -0.000437393838421 -1.046086 -3.21953496562e-05 0 8.95251588531
-2.393224 0.000659588058525 -0.363507 -0.000184168484033 0 8.92752703939
3.771927 -0.000666605539292 1.095316 0.000330473896849 0 8.91933760827
0.621836 -1.5818513568e-05 0.656663 8.12288047807e-06 0 8.9295324831
2.072677 -0.000164031407086 -0.600356 -7.02547655139e-05 0 8.95664829824
-0.620228 0.000350747251706 -2.677085 -0.000557830258349 0 8.94357426136
-1.572914 0.000186273245772 0.409332 0.000208589164597 0 8.92063705904
0.898403 -0.000253540528326 3.108594 0.000502516641434 0 8.93385009262
-3.534691 0.00022648470986 0.831263 0.000173492882962 0 8.92933016234
0.642647 -0.000191269203097 0.968772 0.000254226098355 0 8.935746706
-0.080391 -8.26731132684e-05 1.093267 0.000108465756542 0 8.9680787207
1.88272 -0.000345172487873 -2.48831 -0.0005432175654 0 8.97340918614
0.799186 -0.000103577308342 -0.477783 -0.000203407313897 0 8.93950864218
3.873425 -0.000318385038006 0.225207 0.000200698538064 0 8.92767331478
1.75955 -0.000456417587211 -0.989437 -1.15103411414e-05 0 8.90586143157
-1.537799 0.000155167254837 -1.11049 -0.00032346952551 0 8.9407877914
-1.613362 0.000461002681361 1.41846 0.000434599655611 0 8.92382484104
-0.259374 -2.27793262274e-05 0.818879 0.000328999580376 0 8.90178015894
-1.241509 0.000287933185799 -0.369517 -0.000261997573677 0 8.91174669761
-0.310807 -0.000153624903071 1.483346 -0.000119964556671 0 8.92311318043
-0.362843 0.000126843670634 -0.370506 2.25969575761e-05 0 8.95491421221
0.656512 -0.000190173946807 -0.539371 -8.52232548238e-05 0 8.90283318091
2.834219 -0.000488086268269 -3.506655 -0.000618098189525 0 8.98160104291
0.425306 -9.5301540919e-05 -0.867555 0.00027296181148 0 8.89984268079
2.357172 -0.000539733835337 -2.398131 -0.000525703982003 0 8.9636617467
-0.8573 0.00017679298153 -0.714918 -0.000325161233897 0 8.95673857705
3.804048 -0.000617471132971 0.494244 0.000542438312349 0 8.91568201613
0.207131 4.60284475458e-05 2.077295 0.000659393236825 0 8.92557482107
-3.763983 0.000786385473803 1.831721 9.584272831e-05 0 8.96684697425
1.705147 -0.000240336655315 0.077754 -0.000191468728329 0 8.92706742844
-4.499119 0.000706077422802 -1.194361 -0.000212172535298 0 8.98388971271
1.254855 -0.000288652629441 0.866841 0.000242806502784 0 8.93239053133
-1.414311 0.00013152348281 -1.11659 -0.00033255387811 0 8.95048643439
4.02479 -0.000474338393245 0.775586 -0.000400192699362 0 9.00713631528
-0.741401 0.000165879456914 0.702813 0.000143988267689 0 8.95033978244
-1.736088 7.37030801775e-05 -2.375844 -0.000254185247053 0 8.90989007018
0.894415 -0.000345208200847 1.242868 0.000368421209036 0 8.93005257361
-2.092285 0.000420541303769 -1.200405 -0.00038031329627 0 8.92244325602
1.752733 -0.000302093275782 1.375946 0.000491853410034 0 8.87912348636
-2.726579 0.000274140370539 0.847736 0.000555365371155 0 8.91077885443
-1.317888 0.000172940888331 -1.020777 -0.00036167180941 0 8.94734446379
2.119249 -0.000679196694694 -1.264016 6.87489843767e-05 0 8.91081780898
2.775839 -0.000245781967608 1.23003 -0.000238831138468 0 8.99018761888
1.68861 -0.000668862345039 -0.671174 6.39906541714e-05 0 8.91386206123
-0.507486 -0.000210777097244 0.591964 0.000162566736981 0 8.91703485362
-3.514274 0.000354381649494 1.746021 0.000438842541334 0 8.9335326898
-2.516081 0.000529336269477 -0.191095 -0.000675426310311 0 8.98534441189
0.951702 -0.000199584795048 1.240314 0.000461672997248 0 8.89397716608
0.799999 2.06866674549e-06 -0.78685 -7.92169788513e-05 0 8.924739734
2.696247 -0.000469470847505 0.676991 9.94607322728e-05 0 8.89080638069
0.547157 2.63603662278e-06 -0.79639 2.86950222324e-05 0 8.91207631462
2.697424 -0.000147896250028 -0.460847 0.000248393672555 0 8.93640713278
-0.119686 -0.000150079437514 0.805458 0.000290459696418 0 8.88230513687
0.731141 -0.000254372382824 -1.750324 -0.000947671610267 0 8.99967776608
0.060098 -0.000194266522389 -0.29519 0.000157896016701 0 8.9310153251
1.183403 -0.000281834205824 0.606669 0.000136038316621 0 8.91737607301
3.477191 -0.000538030042103 0.905744 0.000279956377908 0 8.9123841786
-1.254583 6.56896709168e-05 0.04336 0.000113753020453 0 8.94106962212
-2.05589 0.000300158773447 -0.969759 -0.000264674265848 0 8.96257456734
-2.88002 0.000573722078768 -1.202845 -0.000758815109199 0 8.98028098235
-0.635335 0.0002922785548 0.294063 8.44136692952e-05 0 9.01048406772
-0.991611 0.000122826631179 -0.312423 0.000378108327896 0 8.87772616789
0.824205 -8.96760243527e-05 -1.482792 -0.000432889554049 0 8.93431110192
-0.540114 8.2138772056e-06 0.563526 0.000112358175295 0 8.9216556646
1.227582 -3.54036310443e-05 -0.652634 7.85776754513e-05 0 8.90661690285
-0.548762 -0.000160279289354 -1.956243 -0.000402642149421 0 8.95489608789
-0.707032 -2.67898160753e-05 -1.13047 0.000170231401581 0 8.94604138646
0.850315 0.00012257560562 -0.061383 0.000244729574138 0 8.91975031493
-2.236277 0.000237206193795 0.390493 0.000545925671072 0 8.89534560857
0.519583 -0.000382393414781 -0.352635 -3.56463242788e-05 0 8.92735808525
-2.325115 0.000125394942172 -0.375 -5.3694551283e-05 0 8.91414111687
0.997999 -0.000152487356513 -0.458338 0.00031452386545 0 8.93947753842
0.824195 -0.000266657057971 1.513637 0.000639783701486 0 8.89386132892
2.892675 -0.000409439900788 -0.767898 0.000103802882354 0 8.92824860057
0.409988 -0.000120248222873 -2.10683 -0.000171116007266 0 8.95218988711
-0.312986 -5.46373264915e-05 -0.308279 -0.000151356009963 0 8.98701428569
0.303825 -0.000233132262055 -1.023377 4.04330973038e-05 0 8.94635627317
0.854944 5.1876094267e-05 0.494184 -0.000303590326532 0 8.964960537
-0.827919 -3.43978024305e-05 1.053268 0.000148918887057 0 8.94349761562
1.246655 -0.000400346509493 -0.549868 -0.000267787242126 0 8.98946325967
2.518896 -0.0005279986631 1.653794 -2.88948200309e-05 0 8.92306602933
2.140352 -0.000634967981423 1.843304 0.000430681835138 0 8.89264549201
-0.324288 0.000183097198918 1.198134 0.000194198893216 0 8.94591032709
0.121114 -0.000212287846799 0.565996 0.000966984412424 0 8.86582264394
5.128372 -0.000782228865409 0.479395 -5.6003719738e-05 0 8.97269157152
-1.540953 0.000596878909447 -1.259689 -0.000433412834725 0 8.97983174525
-1.212522 0.000554253070968 0.442616 0.000643081584827 0 8.90631165079
0.425354 -0.000380960592054 0.44007 -2.78523717643e-05 0 8.91118541973
0.293745 -3.57920750716e-05 1.290426 5.69666988649e-05 0 8.96345123846
-0.424169 0.0001044453557 -2.590271 -0.000161146064568 0 8.91123920003
-0.714214 0.000268241942308 -0.589253 9.39136377534e-05 0 8.94904248085
0.30032 0.000236867037934 0.257104 0.000155803738698 0 8.93084153484
1.420384 -0.000341006737958 -1.47146 -0.000237377648556 0 8.97956198223
2.043411 -0.000250250947159 1.804068 0.000106759718893 0 8.95253086163
-0.470666 0.000267966651254 0.476976 0.000225025236262 0 8.92286034461
1.497145 -5.60026426471e-05 0.993419 -0.000161127982764 0 8.94982732761
1.224724 -0.000437329913265 -0.684004 4.65525065438e-05 0 8.88736618645
-1.522353 0.000380425916343 -1.715964 -0.000294256505232 0 8.95888032705
-1.906955 0.000522684997858 0.916437 0.000190966570835 0 8.93596267972
-3.426916 0.000496327344722 -0.109376 -0.000110908926788 0 8.95623191109
-1.153215 0.000247372697786 -0.20833 -0.000160226408783 0 8.9937259946
-3.811402 0.000625318016748 1.473352 0.000406823990227 0 8.91272855942
-0.044764 7.0186749582e-05 0.479451 -0.000273399716358 0 8.93798551758
-1.727908 0.000152153549382 2.405918 0.000164504826439 0 8.93665091965
0.084711 -8.00247959354e-05 -0.205564 -0.000170237662469 0 8.97618127437
-0.476 1.02753316464e-07 -2.166082 8.03254074751e-06 0 8.93476025857
-1.40635 0.000129947937797 -1.412429 -7.7739127217e-05 0 8.94777065998
-1.758945 0.000347958199472 -0.16287 0.000481351919156 0 8.88928550386
2.873142 -0.000353603058336 1.067531 0.000329509837246 0 8.89650273158
0.982263 -0.00016134458585 -0.430136 3.03412592848e-05 0 8.94036675489
-1.649978 0.000180673949831 -0.805818 -0.000345106613558 0 8.94182982874
0.513205 -1.09490188308e-05 -0.057678 -6.88919909646e-05 0 8.92223057612
-0.282593 -3.03926460588e-05 0.085666 0.000209639510829 0 8.88913133405
-0.11934 -0.000121844764625 -0.122342 -0.000142553326095 0 8.91593664862
-0.141396 7.74999907626e-05 0.90281 -6.74050366579e-05 0 8.92527551546
-0.137107 0.000124180820737 -1.033012 -0.000195359585986 0 8.98254671379
-3.036718 0.00043185544572 -0.148784 0.000269771894008 0 8.92025981241
1.134505 -0.000154962137429 1.629858 1.339318848e-05 0 8.96392157108
-2.040544 0.000491459046768 -1.170781 -0.000234163829462 0 8.97345820007
0.951321 -4.88855337375e-05 -2.273542 -0.000291203961792 0 8.94311208686
0.15497 0.000104946547232 -2.100253 6.73068321096e-05 0 8.9465613759
-2.43672 0.000645595709569 -1.074637 -0.00027150118734 0 8.94550090677
-0.456169 0.00013185249731 0.276294 -0.000272166039071 0 8.95856718172
1.384972 -2.45973904207e-05 1.349076 0.000215887547695 0 8.88957647985
0.035969 9.64188128302e-05 -2.346561 -0.000747979240011 0 8.98851461931
3.135112 -0.000503541904413 -0.471602 -6.14787948315e-05 0 8.92663953783
-1.568641 0.000151839858931 0.163459 0.000123362116347 0 8.9224703604
0.638877 -0.000224499575913 0.845459 8.5091470315e-05 0 8.92540884357
-0.153929 -0.000123940425766 -0.126152 0.000240019429783 0 8.92331027593
-1.356737 0.000177390134102 0.884356 0.00012309703584 0 8.91187178258
-3.025025 0.000270980391732 -0.718263 -0.000179900337248 0 8.94622614636
0.339475 0.00012426354101 -0.169506 -0.000338010235334 0 8.970614292
0.422336 -7.14102030414e-05 -1.247937 -0.000620652922491 0 8.96432475616
-1.945376 0.000322597589707 1.452145 -5.25752669599e-05 0 8.94147436136
-1.558276 0.000219087741972 -0.062337 0.000169943599705 0 8.90539266449
2.765831 -0.000380979891477 2.917002 0.000498503094074 0 8.88620963955
-0.710249 0.000166802661662 -2.393285 -0.000335593689789 0 8.96205296663
0.687212 -0.000132041126586 1.152082 0.000379582862633 0 8.9294536447
-0.324598 0.000140374349055 1.914113 0.0002520238571 0 8.90386358823
-0.514509 8.33731593761e-05 1.909358 -4.70104363732e-05 0 8.97018269283
2.25823 -0.000195952692222 1.089694 0.000533710045579 0 8.88979877332
-0.031111 0.000200702515049 -0.702025 -0.000157635302875 0 8.96294124003
4.434658 -0.000768916632017 1.508918 -8.95997208287e-05 0 8.91739757483
1.933924 -0.000446516785587 -1.349248 -0.000686148390495 0 8.98011034595
-0.995829 0.000448472022568 0.254168 0.000752168038225 0 8.87978631156
0.801092 -0.000247758541756 0.101211 0.000218741237377 0 8.92125265331
-1.133793 8.5777164026e-05 -0.046015 -0.000143358297789 0 8.95286047809
0.125038 -0.000121080209595 -0.323424 -7.11324379566e-06 0 8.94878049387
0.283153 2.6861628477e-05 -0.824013 -0.000276374192675 0 8.94400930345
1.139822 -6.3516738826e-05 0.571233 6.6867077714e-05 0 8.96831416644
-0.627919 0.000124193597638 2.112399 0.000377957297834 0 8.89308677318
-1.885688 0.000433640197041 1.231759 -1.79306301319e-05 0 8.96304353015
1.830204 -0.000255000583906 1.533764 2.47991032103e-05 0 8.9200873148
-0.096836 0.000220910154777 -1.682008 0.000238201066964 0 8.92717162846
1.560658 -0.000257446114313 0.324183 -0.000201338656936 0 8.94447605702
1.026062 -5.61258915013e-05 0.594442 2.9497043641e-05 0 8.9489948274
4.019723 -0.000449785571109 0.985694 4.16452119709e-05 0 8.9564532831
-1.63483 7.87879244536e-05 -1.379038 -0.000314569677706 0 8.93071011224
2.836967 -0.000326354936814 1.098875 -0.000490347305655 0 8.96359027267
-2.242878 0.000320246065942 0.126178 0.000336471924773 0 8.94557395159
4.312811 -0.000712700873042 1.959457 0.00104587151792 0 8.91027159626
-0.750703 4.73327612112e-05 -0.817493 6.62216107667e-05 0 8.91632346831
-1.703762 0.000213515001868 -1.981756 -0.000700092102921 0 8.99189379332
0.738647 -0.00011409466699 -1.622901 -0.000145807938412 0 8.91269163732
2.218716 -0.000448863319281 0.451985 0.000246556721888 0 8.90156781286
-2.390461 8.88460818511e-05 2.436166 2.46462216915e-05 0 8.92283690874
-2.832519 0.000218764845505 -0.697233 0.00031830823939 0 8.87758081936
1.719822 -0.000117788694406 0.790785 -0.000132662842992 0 8.97821077331
1.723115 -7.94666514677e-05 -2.128815 -0.000409245197768 0 8.97850417039
-0.787551 0.00041828537605 -1.685409 -0.000366102433696 0 8.96021899584
1.029037 -0.00029379286645 -0.614045 -1.53076233821e-05 0 8.93094628333
-0.323474 0.000116158506478 -1.302709 -1.96069337267e-05 0 8.91408569947
1.414897 -0.000255704957776 3.144475 -1.88364014663e-05 0 8.96231111725
2.061017 -0.000401926587249 1.631224 0.000187700188607 0 8.92430051998
-0.079423 -2.63809454007e-05 -2.987052 -0.000353865383565 0 8.9407868701
1.69333 -0.000201728130032 -0.781087 -0.000228453404246 0 8.90861527114
-0.552009 -0.000203152075247 -0.037933 0.000200379130985 0 8.89115074886
0.159342 -1.91265723861e-05 -0.230846 -0.00022131880068 0 8.92402673466
-2.630544 9.03949523177e-05 -1.708621 0.000180200869888 0 8.91488652014
0.79399 -0.000153120472415 -2.237238 -0.000333557296896 0 8.95111971944
1.198537 -0.000394807098092 -0.947971 -0.000238953069263 0 8.95329133532
-0.858026 9.49327449776e-05 2.306721 0.00090835937673 0 8.90340683091
-1.219375 -0.000227028747279 0.826505 0.00100793828675 0 8.87006627493
3.149455 -0.000449550113333 0.105943 2.47967210048e-05 0 8.97114746735
-2.578282 0.000237899549048 0.220272 0.000241192979294 0 8.93798916927
-2.128096 0.000148240538576 0.609462 -0.00015645351094 0 8.94296994852
0.476045 6.77910036865e-05 -1.858161 -5.05099177972e-05 0 8.93460866093
0.45992 0.000146951700304 -0.870707 -0.000295943695083 0 8.94411682155
1.049235 -0.00018410510291 -1.308121 0.000121447150149 0 8.94316676005
-2.665604 0.000404753348417 0.849624 0.000487902664354 0 8.91193556731
-1.504919 0.000216936990819 0.503607 -7.83975321084e-05 0 8.93293210022
-2.184667 0.000290808787226 1.586942 0.000381433928865 0 8.919607994
-2.121571 0.000367499355197 0.506065 -8.73870456879e-05 0 8.98241992917
0.630108 -3.5457390511e-05 0.399062 0.000259061263672 0 8.91471826177
1.361492 -0.000332176408661 -2.520938 -0.000343428269676 0 8.94246612425
-1.70581 0.000214362282772 -1.10502 -0.000529133204658 0 9.00183512716
0.607434 -8.4311775299e-05 -0.750177 -0.000389042911484 0 8.96232309927
-2.010998 0.000265179813801 0.754069 7.40850035728e-05 0 8.90037361816
-0.10669 -8.39962013485e-05 -1.384671 -0.00018407635661 0 8.94343503904
-0.934425 0.000214761594396 -0.766239 -0.000167241132046 0 8.96702399023
3.178405 -0.000383160039751 -0.999784 -0.000165711585977 0 8.9345163248
2.220238 -0.000337338034041 -0.144739 -0.000257923677039 0 8.94814711245
-3.185387 0.000542842871084 -0.517158 -0.000171940719223 0 8.94995671316
-2.197918 0.000455859298516 -2.24601 -0.000307017684412 0 9.00181079856
-0.918836 0.000173476459611 1.717991 0.000322349832466 0 8.96701046005
1.09376 -0.000323208843826 1.289698 0.000310085135553 0 8.93454459963
-0.609724 4.58808284999e-05 -0.230804 -0.000295917154054 0 8.93782582625
-2.966059 0.000398619479526 -0.258791 -0.000455331773052 0 8.95296165895
-2.973255 0.000654797567896 1.309617 -0.000122183188633 0 8.95054119152
2.94538 -0.00052730413021 2.532607 -0.000177374759569 0 9.01164730346
0.966823 -0.000130951717229 2.457507 0.000503819641308 0 8.90419628783
1.599641 -0.000215538568066 -0.906415 0.000176208496528 0 8.92462688494
1.396635 -0.000211959782959 0.142841 -9.663493813e-05 0 8.95463246239
0.658222 0.000170761950195 -1.83812 -0.000432655861607 0 8.97293040919
-1.188406 0.000141174880863 0.797555 -4.23202123247e-06 0 8.94485931056
1.892027 0.000155749996982 0.608968 0.000118536423635 0 8.95656891523
-1.167546 4.57746471079e-05 0.144822 0.000192009338687 0 8.90136650822
-1.390158 0.000368295463459 -2.067641 -0.000419446047371 0 8.99837222909
-4.257018 0.000498572574675 -2.054505 -1.70560360928e-05 0 8.87919838145
1.967221 -0.00014438520393 1.255958 0.00019617716679 0 8.93103272545
-1.502111 5.49903673886e-05 -1.288087 -0.000304635999625 0 8.97022327159
1.093993 -8.66466985508e-05 1.107391 0.000172878564626 0 8.95172479773
-0.820616 -0.000252334766569 0.46478 0.000670648243668 0 8.883751719
-1.603315 0.000360612206955 1.248106 5.25549763947e-05 0 8.91578599566
-0.397788 0.00011515297962 -1.344092 -0.000115963566014 0 8.92083524024
-1.706172 0.000237531127758 0.503037 4.9698003859e-05 0 8.94205319004
-0.635956 -6.88479714728e-05 -1.167531 -0.000424825790438 0 8.96346453338
0.494673 -0.000198328096407 -0.348641 -0.000220663458124 0 8.9750254657
-0.846963 7.70406043551e-05 0.072265 0.000317723700861 0 8.95062079452
0.785381 -0.000114135736523 -0.020491 6.66255790391e-05 0 8.90924995659
-0.145183 0.00012439723893 -0.189635 -0.000306635477244 0 8.9862377477
-3.893636 0.000419279584665 0.527207 0.000453962662892 0 8.88155724642
1.437833 -0.000240695628302 -0.60857 -0.000218037178802 0 8.99153633666
-2.164896 0.000456744194097 2.498829 0.000298666307576 0 8.95929809332
-1.001094 0.000142251509576 -0.136029 0.000164348011709 0 8.93614052219
-1.657095 0.000219486216672 -1.257442 -9.97298791612e-05 0 8.93549163443
2.054504 -0.000224434243912 -0.668083 -0.000411731279583 0 8.9692457333
0.159719 -0.000235515765591 -0.555185 0.000397550999573 0 8.87105041198
0.611664 -6.86600490063e-05 1.321812 0.00023766514908 0 8.90602316243
3.578112 -0.000192052478084 -2.425718 -0.000188308077575 0 8.98805535036
-0.147495 4.68821097916e-05 -1.555684 -0.000800365171801 0 8.96339306458
1.784163 -1.5560704028e-06 0.37467 -5.10111394521e-06 0 8.95889106237
1.499888 -0.000130348676816 1.636313 9.07924642143e-05 0 8.9272404835
1.567018 -2.97909707048e-05 3.240294 0.000472357150346 0 8.89812778818
-0.376164 2.31911458556e-05 0.965457 -0.000132831305689 0 8.92577102158
-0.184444 0.000236060617562 1.418143 -0.000289240992 0 8.95647748723
-1.242475 0.000101893787167 2.219346 0.000248851103837 0 8.92263131305
-0.891649 0.00040908741611 -0.644368 0.000306893908562 0 8.89261633325
-0.773385 8.31815665617e-05 -1.668573 -0.000298107957711 0 8.96107502713
0.027203 -6.81040968366e-05 -0.97096 -7.824812195e-05 0 8.96188757962
2.67429 -0.000538588126158 1.476035 0.000714989901221 0 8.94153146595
5.510099 -0.000614092451103 1.087692 0.000308358911518 0 8.91474023107
1.368818 -2.95462307158e-05 -0.405502 0.00019674394132 0 8.95109028311
1.529568 -0.000380903362901 -1.747436 -0.000683728985739 0 8.97404401458
4.467919 -0.000883468819725 -0.796495 -0.000438888919261 0 8.96517916011
1.026453 -0.000398260591063 -1.1394 -1.90369778182e-06 0 8.94623465315
0.514698 -7.61489956844e-06 -1.11765 -0.000473490058312 0 8.98189338391
-1.029368 5.63441533283e-05 0.020934 0.000544204561689 0 8.9211187752
-1.88342 0.000546572580993 -0.807863 6.84944760192e-05 0 8.90528945829
0.374255 -0.000134298884094 1.179126 8.94635342707e-05 0 8.93597723656
4.27035 -0.000861524476046 -1.076585 -0.00021332159393 0 8.92483522372
-1.105006 5.61555630806e-05 2.768371 0.000525874377979 0 8.94161001586
-1.465028 0.000334094058001 0.777599 0.000574460366757 0 8.89315785015
1.616768 -0.000275530918516 1.202078 -0.00014834062704 0 8.92868300851
3.055606 -0.000367180324165 -0.73568 0.000208699822633 0 8.91118540767
-0.669026 8.50070790408e-05 -1.729489 -0.000298527099064 0 8.92030908589
-2.223214 0.000266950671596 0.955933 0.000361713831945 0 8.87547398915
0.588745 -0.000354767215737 -1.222407 -0.00026857336401 0 8.9442531462
2.291846 -0.000285125474358 -1.775557 -0.000691750661199 0 8.95149065197
-0.694948 8.17383977681e-05 0.631107 1.17633558959e-05 0 8.94713461956
-0.8671 3.53428817366e-05 -0.661805 -0.000597809404511 0 8.98006057861
0.004352 -0.000235048613891 -1.149996 -0.000238661660025 0 8.96222784148
-2.265024 0.00041084497381 -3.026137 -0.000530091668308 0 8.95460405576
-1.010245 0.000332049390656 -0.698606 -0.000105109380432 0 8.98713572777
-1.319493 0.000190983489346 -1.39631 -0.000121082117494 0 8.90217149788
-1.671413 0.000281621692679 2.152751 0.00106962766688 0 8.88785597868
0.723639 -6.55735551128e-05 -0.796156 -0.000486297460002 0 8.94461134633
1.375586 -1.28821355475e-05 0.45022 -0.000317600506686 0 8.9938664981
-0.055624 9.03221977177e-05 -0.263287 -0.000408623560247 0 8.98758930616
-0.456299 5.18452371558e-05 -1.519023 -1.54309257864e-05 0 8.93680326188
-1.208417 0.000201392314143 0.909105 -0.000114968684699 0 8.95639491284
-2.93504 0.000546064459393 0.771044 -2.04159837859e-05 0 8.91511572257
1.251958 -7.10362166299e-06 -1.082687 -0.000307244175747 0 8.95474920017
0.086533 0.000108317035537 -1.50456 -0.000509695486647 0 9.0013764895
0.317522 -0.000206517224388 1.732254 0.000445301141458 0 8.89437770837
2.586406 -0.000380981617619 -0.828605 -0.000267538977198 0 8.9281201061
4.322232 -0.000679995189848 0.284398 -5.21846085339e-05 0 8.90636957463
-2.55499 0.000239614711958 -1.008655 -0.000232762920645 0 8.91348028064
-0.3587 9.19393218514e-05 -1.499838 -0.000212814966929 0 8.90240016865
-1.68521 0.000319016629021 -0.199318 -0.000201736254066 0 8.94207708502
-0.86231 -2.32595896873e-05 0.543256 -9.85083245402e-05 0 8.95901229848
-0.641663 0.000188606408084 -1.46085 -0.000189302757111 0 8.9471701877
-0.683984 9.65446419777e-05 2.064412 0.000630496605991 0 8.87129509857
1.277549 -7.05677217625e-05 -1.355718 -0.000635237062434 0 8.94859432297
0.395344 -0.000209656400184 1.109133 1.93756465856e-06 0 8.93478324478
-0.994038 2.11731263505e-05 -1.218395 -5.28451426662e-05 0 8.95736151622
0.194742 -0.00014578926407 1.208098 0.000274066287108 0 8.91031485484
-0.101805 0.000123463134367 2.298302 0.000508178075792 0 8.90457142684
0.930051 -3.77589437336e-05 -0.63566 -0.000102854493888 0 8.9471460224
0.457964 -3.68888934474e-05 0.036287 -8.83899345102e-05 0 8.91780291499
-2.66783 0.000292949823759 -0.122698 9.03860651493e-05 0 8.87372624172
-0.686718 7.86288197714e-05 1.34186 -0.00033280518655 0 8.95452663026
1.039356 0.000163815886282 0.492833 0.000429260223902 0 8.90173258738
2.887571 -0.000505851035328 -0.761487 0.000111827260083 0 8.92820524143
0.060789 0.000158787411963 -1.899733 -9.42790665139e-05 0 8.96985218416
0.555939 -0.00014849118989 2.474341 0.000453422191431 0 8.90415987679
-2.291586 0.000126409260871 -0.002703 -0.000269610953643 0 8.91357065415
-2.971139 0.000357246667489 1.653211 0.000632321446514 0 8.92233158039
-0.149736 -4.1223260742e-06 2.886146 0.000920796890593 0 8.89294781531
-1.623737 0.000602642703554 0.119812 3.51210049635e-05 0 8.92766314031
1.35443 -0.000397373983378 0.391977 -0.000119969433821 0 8.93175720006
1.630154 4.30566799524e-05 1.044342 -0.00010624343867 0 8.98806911017
0.286289 7.15205167241e-05 0.548236 0.000177085034118 0 8.92111454281
-0.251005 1.75587321888e-05 0.769407 0.00048823321707 0 8.93093147631
1.326235 6.27538444221e-05 1.554138 0.000235802361278 0 8.95247194443
0.639752 -3.87508620221e-05 -0.342073 -2.82369919785e-05 0 8.98389956351
1.249114 -0.000469394655732 -2.74525 -0.000473784500024 0 8.96209536867
1.892095 -0.000181906919493 -0.552379 -0.000318447675378 0 8.94838390304
2.194642 -0.000293923832098 1.061193 -0.000368493399137 0 8.97793990707
2.1435 -1.22493053619e-05 -3.337842 8.48514174681e-05 0 8.93918792955
0.274488 -3.96934315603e-05 2.48328 0.000361247833221 0 8.93790888423
1.627068 -0.000397340112804 1.392433 0.000367130330755 0 8.93490089261
-0.211449 -9.31669091772e-05 0.830082 0.000474913560436 0 8.90030246191
0.429683 -0.000123984899959 0.451881 5.14949307706e-05 0 8.93957108589
-1.334754 0.000109779580364 0.009707 -9.38365849174e-05 0 8.94366633827
-0.675808 0.000220228450146 0.460427 -0.000274361380571 0 9.0007610682
1.324548 -0.000133726009463 -0.071929 0.000291886968828 0 8.97300470028
1.386848 -5.90959723242e-05 0.992962 -3.91409348909e-06 0 8.96826783979
-2.874783 0.000480062579287 0.221984 0.000291801124265 0 8.89280115195
-1.024733 7.29148553279e-05 0.85082 -0.000142611763796 0 8.94446317154
1.813988 -2.38716727059e-05 -1.029862 0.00015252956148 0 8.93587026437
-0.473306 7.36039153031e-05 -1.029688 -0.000224629027414 0 8.92253118935
0.903755 -6.94446074997e-05 -0.230579 -0.000124040239852 0 8.92542069939
2.252955 -0.000634188065257 -1.366444 -0.000368001166249 0 8.93466738809
1.048237 -8.88082237444e-05 -0.912732 -0.000306348898073 0 8.93069741271
-2.325202 0.000229369055424 0.0954 3.44615374299e-05 0 8.91854000728
1.028627 -0.000202425472513 -0.122515 6.99428399186e-05 0 8.90511334159
-0.339375 -0.000178828134887 1.160157 0.000161081494176 0 8.89137437932
0.203731 0.000118067557752 -0.728427 -0.000129799881706 0 8.94341479125
-4.005641 0.000702756427162 1.43031 1.09679573172e-05 0 8.9594953039
0.172644 0.000153489002205 0.189231 2.03694908626e-05 0 8.93738608465
-0.77253 0.000380342014347 -0.818779 -0.00029716489945 0 8.93620167752
-0.373651 -0.000149244021006 -0.279589 -0.000188863825212 0 8.91881810284
5.847801 -0.00089061723725 0.696844 -5.47797563954e-05 0 8.97554328453
-2.881388 0.000532943543147 -0.729643 -0.000125892446463 0 8.9343629874
0.180215 -3.7271046686e-05 1.389162 0.000118295554048 0 8.95078064571
-0.810079 0.000331834275618 -0.729536 -0.000376331954104 0 8.95154881852
1.694898 -0.000125835543435 -0.569736 -0.000523044805631 0 9.02484541765
-1.45399 0.000590098680442 0.976336 -8.40388333617e-05 0 8.92508068788
-2.053552 0.000396953078939 -2.106741 0.000153381164207 0 8.93991842577
0.991736 -0.000121740807895 -1.290131 -0.000378210563237 0 8.97929281783
0.907759 -0.000281431681403 -0.827643 -0.000223037411749 0 8.93930753772
4.698015 -0.0010652777228 -1.855786 -0.000305050209167 0 8.93108058143
1.09504 -2.16093270456e-05 1.536428 0.000119123111173 0 8.97260812786
-0.713592 0.000200031184596 -1.836678 -0.000495929308116 0 8.96221651737
2.142018 -0.000153758661373 0.031396 0.000279062286429 0 8.93674786386
-2.079878 0.000361661381813 0.88927 0.000359519766733 0 8.90456999637
1.457025 -0.000122791537283 -0.209736 7.48433591941e-05 0 8.93341779831
0.387668 -0.00012591635446 0.784204 -0.000191603618367 0 8.96266501018
-2.043465 0.000227617557092 -0.47244 2.32094571334e-05 0 8.96234049425
-0.586234 -5.77229044735e-05 0.650977 0.000327876471795 0 8.90399717556
-2.123838 0.000385618547511 0.500087 1.2060453097e-05 0 8.9373630108
1.819526 -8.45387487019e-05 -1.373295 3.97540146777e-05 0 8.95438148783
0.639955 0.000137111058969 1.596352 0.000358328779228 0 8.91519356371
-0.457968 6.93658540312e-05 -1.624756 -0.000544993413839 0 8.9756585829
-2.983953 0.000118266028016 1.274694 0.000706516306727 0 8.87513821688
0.083104 0.000201113376674 -1.016884 0.000189525228955 0 8.96738539661
-0.02289 7.56256087626e-05 -0.447215 -0.000139511937653 0 8.96265700039
2.074854 -0.000315894910151 1.820907 0.000421503759005 0 8.9249254336
-1.890302 0.000152160257719 -1.985917 -0.000402444610556 0 8.97503906607
0.785451 -0.000461846858854 -0.226493 -0.00028671364363 0 8.97233885338
-0.454185 5.7940121666e-05 2.314451 0.00018035260975 0 8.94597319417
-0.49987 2.44260490682e-05 1.288182 -0.000259545867256 0 8.96858648397
-0.923076 1.83189004771e-05 -0.802759 -0.000117319334686 0 8.92759514689
0.093422 0.000158186947029 -0.882532 -0.000104655000401 0 8.94223743247
2.42223 -0.000364059868834 0.335354 0.000151944361363 0 8.91979894062
0.472088 -0.000232331994409 -0.033464 -4.43609063189e-05 0 8.93595911418
-3.725825 0.000721659989197 -1.753751 -0.000494247526583 0 8.952453012
-2.927153 0.000433065333552 -0.616392 0.000347195992133 0 8.8786068476
-2.452581 0.00033579887165 -1.101355 -0.000202107215127 0 8.96263129278
0.302121 -0.000221123664178 1.226508 0.000125127996326 0 8.92499260252
-0.486131 6.06503821252e-05 0.881483 -1.80783574545e-05 0 8.96602367975
1.174717 -8.04341864307e-05 0.389468 8.23537036784e-05 0 8.93704092501
0.412241 -0.000127791521503 -0.55737 -0.000177225628067 0 8.96914648803
1.625953 -0.000243527510562 0.132946 -0.000273765872581 0 8.91780119123
-2.260093 0.00016659779005 -0.443841 -8.35133170069e-06 0 8.92683310396
-1.119326 0.000182801576988 -0.065451 0.000399763917545 0 8.92708252793
-1.408689 0.00026341526304 1.306162 0.000659989677619 0 8.88681401834
2.738719 -0.000439389611357 3.012188 0.00072017208142 0 8.91468310479
0.445542 -0.000218650157781 -0.359159 1.19633845455e-05 0 8.92370855985
1.113992 -0.000146192103304 -0.682014 -0.000107900138629 0 8.95855465067
2.080384 -0.000560986281437 -0.095615 0.000116349957043 0 8.95470246486
-0.585953 -8.34816712834e-05 1.037453 -9.31614306911e-06 0 8.92693938481
-0.621848 5.50711660136e-05 0.435535 -7.22328514732e-05 0 8.93784775953
3.131428 -0.000618659230178 -0.569111 -0.000161059607555 0 8.96595477237
0.145449 0.000243679683788 0.254899 -0.000598909129229 0 8.98018448318
-4.224327 0.000711376956354 2.142498 6.14304568111e-05 0 8.93232451505
0.733429 -0.000262599677361 -1.41081 -0.000217222620389 0 8.96179605303
-0.842086 -0.000125423503405 1.055192 0.000623717676718 0 8.87447506394
1.095835 -1.83540377275e-05 -0.366093 -4.01150895432e-05 0 8.96379210803
-0.19684 8.36736907012e-05 -0.553882 -9.51229211507e-05 0 8.91725736156
-0.585416 0.000199281242107 -0.942496 0.000118473089079 0 8.92703957205
-0.195512 -3.75887456909e-05 0.599567 0.000170803657461 0 8.95996172865
0.267368 -0.000263297767378 1.458718 0.000318892205091 0 8.87386339938
-1.725136 0.000345841803635 0.291232 -0.000351004030831 0 8.93933814383
0.813722 -0.000137298017893 -2.040499 -0.000283629805969 0 8.97138258848
-1.341977 0.000117968223652 -2.385002 8.43491440256e-06 0 8.9481733718
-1.446783 4.79453933514e-05 -0.296729 9.83211105601e-05 0 8.94527678232
2.882649 -0.000569616172861 1.984188 0.000113899440164 0 8.92945932018
-2.339253 0.000244881118209 1.590769 0.000526290458736 0 8.92066828952
2.029306 -0.000318499859949 -1.880561 4.13839371557e-05 0 8.94509152054
2.146736 -0.000432089094432 -0.935937 -0.000244571558033 0 8.954104836
1.475775 -0.000277955305732 0.221266 7.32653275092e-05 0 8.92803273929
-2.575886 0.000265249527535 0.424371 0.000240078236324 0 8.90797683461
0.498313 -0.000177599146174 0.261834 -0.000381346402429 0 8.9775313111
2.045777 -0.000293012168436 0.345923 0.000224092257752 0 8.90735823785
-2.064984 0.000157312382354 -1.675269 -0.000292208809946 0 8.90815443706
-3.417517 0.000477725104733 0.876592 0.00043175407158 0 8.91857741368
-0.37828 -4.65501417195e-05 0.7896 -0.000116840732549 0 8.93143461892
2.677877 -0.000247074924116 -0.427854 5.46284840416e-06 0 8.9660062544
0.207729 -0.000346032017601 1.432077 4.00178187457e-05 0 8.91024234685
-0.555827 4.19699571704e-05 -0.171297 -0.000137297910531 0 8.92333729998
-3.519461 0.00058906397305 0.722982 8.16260176279e-05 0 8.95449421171
0.406164 -0.000258786893711 -0.708987 -5.26931729673e-05 0 8.93916351949
0.994524 -0.000326467532081 1.922797 0.00039517650524 0 8.89536648353
0.9275 -0.000262905231355 1.450507 4.98543819369e-05 0 8.93264553194
-0.895272 -2.06546741047e-05 -1.411251 0.000116246238645 0 8.888339143
2.395606 -0.000321861367489 -2.170418 -0.000620536374135 0 9.0133584416
1.87846 -0.000517397640181 0.015828 -0.000170708850692 0 8.980066523
0.08604 3.58940653681e-05 2.524855 0.000350462702008 0 8.88731284892
1.148484 -0.000136880671054 0.301135 -0.000266779333702 0 8.96601072824
1.187535 -0.000165713723217 -1.658399 -0.000553571544872 0 8.99067167977
0.759252 5.03623135607e-05 0.134589 -6.91156192217e-05 0 8.93487511817
-1.098962 0.000223271073145 -2.859707 -0.000179754278944 0 8.91274680626
-1.663729 0.000230236915722 1.400478 0.000274082545039 0 8.8983779277
-0.173086 -0.000101924435396 -1.983269 -0.000156005207612 0 8.95868383191
-0.442064 0.000154141011706 -0.821453 -0.000221780052959 0 8.90825049804
-1.157768 0.000336404308458 -2.488507 -0.000509114013339 0 8.96710071969
-6.475101 0.00117358673352 0.621408 -0.000102497388914 0 8.93914223336
1.374561 -0.000258519947531 2.074363 0.000306364741712 0 8.91916883252
-1.878502 0.000149216642565 2.931463 -0.000267495021453 0 8.95869167975
1.991791 -0.000487727259636 2.331133 0.00032989826396 0 8.93283771984
-0.923701 0.000169565388413 0.867269 0.000127168705422 0 8.95041269966
-1.869686 0.000494903487954 -0.799673 -0.000243146033119 0 8.96907924713
2.064826 -0.000496688883272 0.839931 0.0004083902805 0 8.92601272846
1.084796 -0.00024726277179 0.946003 0.000361203108187 0 8.92728324088
1.583092 -0.000192994484642 1.516783 -0.000366135628722 0 8.92609858829
0.28035 8.94714343247e-05 0.814524 0.000239022763353 0 8.96790907939
0.25359 -2.86785767834e-05 -2.610153 -0.000389929845332 0 8.94795816468
-0.929316 0.000232480206069 -1.492271 -0.000379305842017 0 8.94867694401
2.615979 -0.000518833444065 -0.557599 0.000128341769042 0 8.91802029079
0.775698 -6.94899703733e-05 0.616721 0.000352512720235 0 8.88751785286
0.043084 4.22167467034e-05 -0.305318 -0.000224657559292 0 8.96741238314
0.103124 -0.000182529267478 -1.225505 -0.000528748136019 0 8.98967183788
-0.030968 -6.27834920841e-05 0.014233 -0.000160399457368 0 8.96522380462
1.885178 -0.000462423126504 1.676591 5.90011583599e-05 0 8.95592454079
-0.238277 0.000104288186134 0.317968 0.000154701688649 0 8.97158973754
-1.624738 0.000368192011305 0.483095 -0.000363624011031 0 8.92315288666
-0.598367 3.18907288571e-05 -1.531088 0.000145533869828 0 8.96146832254
-0.210223 9.80424524101e-05 1.292414 -0.000233548766042 0 8.98464374014
2.271522 -0.000353635966745 -1.066043 0.000239718855384 0 8.89090908081
-1.704797 0.000294902170541 -0.961972 -0.000129320378998 0 8.95607863711
2.9639 -0.000299229112541 0.669705 0.000267937007061 0 8.9282275708
3.748515 -0.000529927136997 -0.905017 -0.000543114055384 0 8.95433100118
-4.183742 0.00056218764193 -0.771265 6.27063145411e-05 0 8.89235450639
-1.171424 0.000366981951279 3.118695 0.000359655494757 0 8.90718049593
1.401516 -0.00011531853691 -0.147683 -0.000554953824284 0 8.9755485558
1.971113 -0.000134615130264 2.335765 0.000196777500246 0 8.91284480746
0.631532 -5.94376548391e-05 0.407022 0.000243075530539 0 8.89763724339
0.43685 -0.000105947339894 0.945636 9.44678742921e-05 0 8.93076130087
-3.356462 0.000372923036248 1.099333 0.000295138018708 0 8.90386335444
1.288384 1.59491803557e-05 -1.031616 -0.000613265674564 0 8.98837580774
0.53292 1.35459215646e-05 0.272221 -4.05378989439e-05 0 9.01101522201
-0.899935 -3.97790074116e-05 0.161957 -0.000239354838903 0 8.92286763493
3.384468 -0.000282884123094 0.249407 -1.5229368731e-05 0 8.94740316538
3.579203 -0.000596107324232 1.79594 -5.94894739832e-05 0 8.96685409385
5.33642 -0.000910067921146 -1.400125 0.000125614801297 0 8.92386668176
0.336342 -0.000107133306698 2.453151 0.000251426569822 0 8.94371101876
0.553529 -4.3977419398e-05 0.31017 0.000140278658554 0 8.94658456332
1.168127 -0.0003640134594 1.852964 0.000105757356767 0 8.93267357413
-3.493055 0.000684238546997 1.452452 0.000279839933913 0 8.91972686028
-4.391819 0.00068184662723 -1.261678 -0.000493050373484 0 8.98707653402
1.633053 -0.000175080282357 -0.383678 -9.64505120294e-05 0 8.93489108144
-1.791824 3.89588934699e-06 1.719443 0.000155677588556 0 8.93007084575
-1.298759 0.000275367325135 -0.465493 -0.000232385400248 0 8.92733821251
0.338863 7.97909905343e-05 1.309483 -4.75278212554e-05 0 8.94278036943
2.600026 -0.000673592544233 0.394145 -1.18333303371e-05 0 8.88582098142
2.292673 -0.000427116529032 0.983584 0.000524489803726 0 8.90090086431
-0.187949 -5.3442514722e-05 1.415394 0.000302660682551 0 8.92538450856
0.68868 -7.52862344727e-05 -0.93085 -0.000426719863237 0 8.9840574091
0.08678 -5.02035024818e-05 0.886759 0.000537641066439 0 8.90490843547
-0.726811 0.00020463044518 -0.427289 -0.000411025780383 0 8.96471884263
-1.843579 0.000209188425982 0.960155 -0.000181177371258 0 8.93602953844
2.167431 -0.000203575404222 -0.885135 4.88078577825e-05 0 8.95773814369
-2.414449 0.000324086285117 2.353745 0.000683851474103 0 8.8948060284
0.523896 0.000178538854546 -0.990907 -5.38231719238e-05 0 8.91173608449
1.007889 -0.000157409938762 1.176765 0.00030746658236 0 8.96497476445
2.755269 -0.00039485259189 -0.234165 0.000446630370455 0 8.92805533831
-0.59986 -6.83885806652e-05 -1.409671 -0.000369885901252 0 8.91736915375
-0.960123 0.000205769199839 0.739986 4.01507694561e-05 0 8.96545009576
0.186759 -0.000170162048715 -0.547157 -0.000257817597074 0 8.95365111209
1.469298 -0.000277294780226 1.54417 0.000369240913208 0 8.92911113397
2.774214 -0.000367498357202 -1.788473 -0.000759765530542 0 8.97383816002
-2.400094 0.000297377824721 2.081209 0.000160758838211 0 8.9158448867
-0.42972 8.2713219806e-05 1.765515 0.00068479470317 0 8.85140360172
1.184609 3.62940340689e-05 -0.597735 -0.000908369184982 0 8.98116823484
-0.221263 -8.17997883504e-05 -0.495011 -0.00031886034957 0 8.94774001498
-2.254444 0.000443909987757 1.218394 -0.000181903941067 0 8.97090093626
0.923973 -0.000398948633163 0.911734 -0.000134747076217 0 8.91062778206
-1.90909 0.000348005708853 0.502539 0.000288699743676 0 8.95072852894
-2.152332 0.000161321086543 -0.174335 -0.000540127545653 0 8.9954932411
-0.111438 0.000110683188275 0.952295 4.95251062627e-06 0 8.93620010066
-0.083775 0.00030695461742 -0.045999 -0.000390941034923 0 8.97571426469
-0.785105 0.000280291985081 0.931447 0.00034529202684 0 8.94079382203
0.034298 -7.6662032958e-05 -0.004721 -0.00027940080727 0 8.92420646845
1.287976 5.18594410502e-05 1.61753 0.000263199646695 0 8.93179403949
-0.255379 0.000108461721949 -0.673588 -0.000169043114174 0 8.97246158034
0.37574 1.36277418851e-05 -0.929715 0.000239511364364 0 8.95137211593
0.919796 -0.000446069316645 -0.345138 6.95705786565e-05 0 8.92278971739
1.359213 -0.000135206219596 0.765757 0.000317512777646 0 8.94558281341
-0.292987 -4.05075064276e-05 1.339586 0.000293139292247 0 8.9252426663
4.468299 -0.000640885737387 0.110062 0.000318824010336 0 8.91821991212
-2.540193 0.000453684055303 0.352501 -0.000115394254359 0 8.96102713848
2.052369 -0.000144701027782 0.911322 1.32903340073e-05 0 8.90831891081
-0.065001 0.000181793807524 0.164257 -9.09291612118e-05 0 8.94671277206
-0.441463 4.53152561339e-05 1.334588 0.000395507024662 0 8.95292614078
1.613286 -4.51927075652e-05 -0.753814 -4.99141870931e-05 0 9.00657970048
-0.956389 -4.9996099794e-05 -0.659278 0.000323764819197 0 8.92393525676
1.866206 -0.000212995065412 -1.093162 -0.000290992855158 0 8.93577665561
0.095595 -0.000198177157661 1.813576 0.000388925674859 0 8.93516248953
1.651305 2.99014362987e-05 -0.301812 -0.000354396643062 0 8.92431892453
-1.619228 0.000407711286537 2.325988 0.000174916993462 0 8.91229211715
2.626277 -0.000454486955828 -0.319755 0.000233569236507 0 8.92194445031
1.762293 -0.000240252887518 -1.968005 -0.000522940026212 0 8.95124051484
-3.687399 0.000425681668385 2.804189 0.000796795345819 0 8.86788114902
1.721727 -0.000467017750913 -0.91129 0.000155059341233 0 8.89481422956
-1.505536 0.000215313430415 -0.046132 -0.00041179198867 0 8.96948112108
2.194497 -0.000319385993339 -3.207926 -0.00044953089137 0 8.98235902805
0.571294 -0.000262913204477 -2.448875 -0.000472067025707 0 8.9694441273
-3.433593 0.000586302393054 1.821091 0.00058728937413 0 8.89477997845
1.599158 -5.46104565251e-05 0.2408 -0.000168616058761 0 8.97452429155
3.485843 -0.000608675085453 0.624868 0.00030605218196 0 8.93480038826
0.001288 -0.000118829946298 0.858806 3.62177609812e-05 0 8.94352578008
-0.054655 -4.00744852462e-05 -0.884162 -1.6247297359e-05 0 8.94210205029
1.044032 -0.000267411875756 1.371361 0.000190475590559 0 8.98149605266
2.223224 -0.000494097760263 1.344309 3.0861592678e-05 0 8.95369940107
0.927999 -4.80609681874e-05 1.261552 0.000235416230497 0 8.92600982173
2.129999 -0.000381578441068 -1.533254 -0.000969006968711 0 8.96864065787
1.241294 -0.00019801686998 -0.946443 -0.000250547354172 0 8.95883828044
1.366276 -0.000379538477365 0.135056 0.000313288640272 0 8.91520850837
-0.515076 -5.6997053836e-05 2.132716 0.000699707729569 0 8.91670023751
1.850643 -0.000247041439252 0.474126 8.16140529575e-05 0 8.90562569855
-0.978932 2.99394367693e-06 0.458931 3.01784037318e-05 0 8.94596700496
1.000005 -0.000369512826889 1.410807 0.000240023712879 0 8.90748820897
-1.020616 0.00035598228841 -1.672468 -0.000510203075428 0 8.99310778807
-0.128911 -5.69798669968e-05 1.323367 0.000259616329476 0 8.90134717774
-1.022194 0.000204037237289 -2.781577 -0.000389216455928 0 8.9749922398
3.273825 -0.000511345511724 -2.949902 -0.000730126961364 0 8.96803180094
0.877606 -0.000110739219344 -1.056634 -0.000384724256084 0 8.94093395619
1.037796 -0.000239983332944 1.319721 0.000441575730711 0 8.92406242356
0.197056 -0.000221468069775 2.076365 9.76350768613e-05 0 8.94463436923
2.376305 -0.000556722554859 0.648919 8.40800236884e-05 0 8.91405036242
-1.795335 0.000149477221575 -0.906943 -2.96011137453e-05 0 8.97586603855
2.775467 -0.000263425914874 -0.727739 -0.000289276215883 0 8.97664872994
-1.372175 0.000126364417072 0.345671 0.000288477938167 0 8.90208500304
-0.853454 0.000250455741086 1.956643 0.000582572463343 0 8.87564543574
1.993164 -0.000314321901694 -2.051596 -0.000287991273882 0 8.96727764219
1.652786 -0.000504634602985 -0.261755 0.000156546616383 0 8.9508670441
3.847607 -0.000682978843408 -0.484825 -0.000184104598534 0 8.90101207087
2.315959 -0.000352240391611 0.234024 -5.0115290789e-05 0 8.95348751655
-2.188981 0.000178502044994 -0.799245 0.000114022806247 0 8.91546435487
-0.457906 0.000235838793986 -0.170759 -0.000231469745784 0 8.92302501585
-1.41695 0.000200066962936 -0.551136 -0.000300111978474 0 8.97536936871
0.179113 4.11458565934e-05 -1.511956 8.70173926603e-05 0 8.9508895432
1.785398 -0.000294841169075 -0.256053 0.000191984840251 0 8.89494329302
1.437692 -0.000214033609517 -0.289535 0.000126740825853 0 8.92271144102
-0.538634 -9.68081232673e-06 0.269032 0.000241955139704 0 8.93471089823
1.688099 -0.000343061342918 -1.947344 -0.000667425372106 0 8.9785013582
1.289637 -0.00029404893119 -0.1238 -0.000225339660385 0 8.92709700081
-1.50182 1.07924058644e-05 -0.439087 -5.52541638806e-05 0 8.97241273677
0.431638 -0.000257740107948 -0.047825 0.000280324013138 0 8.94713043058
1.000605 3.09846843839e-05 -0.339113 -0.00025956782913 0 8.94836878842
0.712832 -0.000134037807301 0.949447 0.000404034117048 0 8.96673969908
0.877668 -1.19013958742e-05 -1.451249 0.000348173825712 0 8.9100140613
1.119369 -0.000271695826541 -0.207973 -0.00019721548876 0 8.92189608665
0.8415 -0.000467526825295 -1.825116 -2.72374276513e-05 0 8.93022307866
0.813664 -0.000100215300606 -0.328406 8.1612086847e-05 0 8.92844093872
1.493873 -0.000473869272173 0.775805 5.05766471187e-05 0 8.95787277245
2.655468 -0.000319390510523 0.393599 0.000456020909403 0 8.93474569633
0.128784 4.26435511932e-05 -1.872893 -0.000210336812399 0 8.96507265732
-0.464069 7.60862251321e-05 3.835992 0.000246568620466 0 8.93772296218
-0.213458 7.05359939713e-05 2.994244 0.000607921091984 0 8.88882157225
1.439195 -0.000171923107745 -0.794705 -0.000114838918482 0 8.94666845018
2.418933 -0.000270649224881 -0.420827 0.000135247681965 0 8.88852602396
-0.263123 0.000142471057905 1.704963 -0.000378365337432 0 8.98201554536
-0.51154 7.40687487428e-06 0.464747 -0.000285381391895 0 8.98474369806
-0.808784 0.000138079846608 -0.133627 -1.96724621273e-05 0 8.9566560631
0.125582 4.78348387117e-05 1.173439 0.000237266295082 0 8.9377196003
-0.384061 -0.000116217153491 0.334532 -0.000143661282573 0 8.95694033284
-1.542944 0.000414268882126 -1.774348 -0.000607662675626 0 8.96637477909
1.423665 -0.000347731901715 0.681386 -0.000166359940642 0 8.93262301316
0.485754 -0.000393405364959 -1.345622 -0.000313124510888 0 8.88983087272
3.352889 -0.000519822077794 -0.957634 -0.000359362541129 0 8.92442626615
-0.545102 0.000242823545316 -3.135848 -0.00109929888068 0 9.04529248163
1.345606 -7.02053449263e-05 1.57256 0.000451236133723 0 8.92282537457
0.956449 -0.000282957126376 -0.60007 -0.00010807679035 0 8.93258013716
-2.572471 0.000396085018809 -0.240179 5.99817423991e-05 0 8.96045548585
0.742377 -9.82326836397e-05 -2.571329 3.86071298926e-05 0 8.94250935277
0.304956 -0.000207522144078 -0.398321 -0.0002191434017 0 8.97959906103
1.995266 -6.51513442717e-05 -0.164294 -0.000363576076666 0 8.98328634987
-0.210856 -4.20696465241e-05 0.003988 -0.00010922700207 0 8.93835649037
-1.240107 0.000148794929133 -0.882466 -0.000177227372638 0 8.92771464653
-1.070614 0.000279035842383 -1.227155 -1.46442018332e-05 0 8.95615383296
-0.156717 7.66275338968e-05 1.972872 0.000337514496315 0 8.92202856831
-2.564465 0.000548100824132 -1.513732 -0.000278893910213 0 8.95302851805
-2.273718 0.000476775366295 0.065994 0.000377132195992 0 8.92266184056
0.27265 0.000189461239712 1.081074 9.32810985822e-05 0 8.93577372425
2.773075 -0.000223166470185 -1.753835 -0.00020857632917 0 8.94017045692
-1.11385 0.000269343774562 -1.153888 0.000164351507265 0 8.9389479822
0.923254 -7.4129932359e-05 0.233705 0.000299141569619 0 8.92753007133
-2.983454 0.000442810766201 0.16648 9.68734378089e-05 0 8.92527393528
2.980612 -0.000124291188235 -1.957721 -0.000240249430272 0 8.96588795543
-0.312837 -0.000138257904114 1.75913 0.000251686377876 0 8.92445346138
-3.278148 0.000490930778503 2.352582 0.00065387873171 0 8.90048113893
0.388809 3.38193189039e-05 0.716019 0.000183239075859 0 8.95008797639
1.518125 -1.04674813444e-06 -0.151402 -0.000368911096306 0 8.98346998549
3.492161 -0.000486020986964 -0.345107 4.26626415737e-05 0 8.93770205331
2.004707 -0.000338454902657 2.550354 0.000591771159771 0 8.9031439974
1.25176 -0.000220307359539 0.808056 0.000100217799739 0 8.94588409427
1.451949 -0.000344637524474 -0.460556 -0.000297995208231 0 8.96711208717
0.570569 0.000161812300016 0.648603 0.000284335126222 0 8.94197459634
-0.847869 0.000178682672478 -0.100154 8.201923832e-06 0 8.94882178891
1.017068 -3.10152508182e-05 0.34465 0.000502801011954 0 8.91752379245
-0.411608 0.000292388977519 0.124621 0.000123722410991 0 8.89734573179
0.085587 7.02927235017e-05 0.328246 -0.000302752924317 0 8.98217039194
-3.891416 0.000569635559206 -2.072505 -0.00038055325991 0 8.94162963597
0.847244 -5.83574028736e-05 0.454849 3.40243516075e-05 0 8.95193074592
0.007896 0.000129950665203 0.629682 0.000426903826197 0 8.88406232179
-1.360225 0.000294264110173 -0.174482 -0.000199706885621 0 8.94663641628
2.259571 -0.000251123134103 -0.733141 -7.98393424231e-05 0 8.93771088098
-2.233163 0.000255674509826 0.474501 9.60851220249e-05 0 8.92763256508
-2.959334 0.000393168560974 -1.605993 0.000240661837124 0 8.93115535526
-2.730461 0.00047758289947 -0.276513 -0.000182958625757 0 8.91645540096
2.956133 -0.00026410350935 -0.447223 -0.000505080671042 0 8.98844658282
2.713713 -0.000690190645975 -1.102759 -0.000202183167259 0 8.95083275468
-0.845774 0.000251398821974 -0.69054 0.000131610589399 0 8.92333421599
-0.537716 -0.000125967482815 -0.665362 -0.0001033053457 0 8.91408306829
1.187974 -0.000326221531196 0.582444 0.000428102130472 0 8.93345623152
-0.658381 0.000236823786822 1.213279 -0.000485256199383 0 8.98435916469
-0.264184 9.48151510643e-05 -2.403998 -0.00101118168544 0 8.9993498631
-2.659254 0.000335572433195 -1.945782 -0.000331602228682 0 8.94235286744
-1.31185 0.000617927914505 2.916391 0.00040856262927 0 8.87543822941
2.045105 -0.000401893669337 -1.628659 -0.000459097071868 0 8.96744944666
-1.123435 -0.000155489638898 -0.567757 -0.00013243601385 0 8.96553018955
-1.169676 6.64601813326e-05 -0.287848 0.000305242041641 0 8.889056222
0.973131 -2.25320816137e-05 2.57223 0.000542430461334 0 8.9080328906
0.751406 -0.000165148814574 1.366105 0.000477920997045 0 8.8720280431
-0.741625 -0.000165582304167 0.245385 -0.000183751688526 0 8.95618950335
1.350377 -0.000379660857673 0.17868 -0.000216345303489 0 8.9562485953
0.639397 -4.02988120274e-06 0.248556 -0.000132028331144 0 8.95871331688
3.607123 -0.000733107231138 0.347807 -0.00017578180078 0 8.93402028065
0.183613 0.000107986206098 0.192308 0.000245416850476 0 8.9093149194
-0.15275 0.000132751112571 0.813368 0.000212839378046 0 8.91878064793
2.44039 -3.93560662725e-05 1.778556 -0.000306964845513 0 9.02025534379
1.555531 -0.000442130791286 -1.765086 -0.000315543677502 0 8.93655286156
0.507386 -9.64959949107e-05 -1.390136 -0.000316502786016 0 8.96825062241
1.690455 -0.00025148281064 -1.617127 0.000136473387555 0 8.90242257367
-0.393159 0.000112146788497 -0.483769 -3.40703654738e-05 0 8.9534590219
2.42848 -0.000215048654992 0.103778 -0.000133285215214 0 8.95254936161
-1.844838 0.000342872320541 -1.280758 -0.000216174353387 0 8.92144986674
3.505081 -0.000262093323738 -2.136007 -0.000379639033536 0 8.98656675131
-2.028832 0.000251403374344 0.062984 1.12260956171e-05 0 8.97950831357
1.440882 -7.26520419368e-05 -0.323983 0.000143206721406 0 8.91114319751
0.896275 6.82484490357e-06 0.365413 0.000116873484706 0 8.93414976573
-0.022507 6.93826751611e-05 0.722186 0.000331867560521 0 8.9215183957
0.283002 -1.04634900704e-05 -1.371319 4.51911587092e-05 0 8.93201784031
0.34916 -6.77593082027e-05 -1.083506 -5.01119888793e-05 0 8.93325285835
-0.911983 6.46937075024e-05 0.441571 0.000312313578068 0 8.92783180298
-0.876684 0.000393418258117 1.042942 -0.000136575628141 0 8.95629731075
-1.292814 0.000322061585548 -2.441869 1.02390806432e-05 0 8.93545060957
0.589122 -0.000157643482022 -0.033782 0.000232278845072 0 8.90282342713
2.331823 -0.000418400376061 0.765285 -5.4431716974e-05 0 8.93557788072
0.969992 -0.000125855809994 -0.283354 0.000436993281335 0 8.89847808035
0.920925 -0.0001456363026 0.827712 0.000227015088996 0 8.91956268806
-1.371273 0.000176436961363 1.681016 0.000532937014216 0 8.87748326144
1.877131 -0.000248428072628 -0.838556 -0.000140995659206 0 8.9437258989
-1.148938 -0.000175629085864 0.424093 0.00064755818267 0 8.9225808707
1.860443 -4.80046005384e-05 1.980508 0.000154824541417 0 8.93583635967
0.724299 0.000132016716441 -1.911227 -0.000115612694141 0 8.96151932896
-0.397282 4.73521099333e-05 -0.272979 5.50341410573e-05 0 8.96406966177
-0.616257 2.58413867786e-05 1.503506 0.000347512507729 0 8.96839727744
-0.210906 -2.90921275623e-05 0.023355 0.00014319688096 0 8.91794334919
-1.845123 0.000160145100909 1.808257 3.90570620769e-05 0 8.88559533384
1.210214 6.67167159161e-05 2.455642 0.000553743254004 0 8.90398301637
-0.056054 0.000193254775336 -1.222833 -0.000153524025136 0 8.96149456405
3.283105 -0.000504824016396 -0.265884 0.0002059936726 0 8.93447892224
-2.61829 0.000226714241662 1.915334 0.000159013085279 0 8.93559740096
2.26353 -0.000147621196454 1.373084 -0.000444795166555 0 8.99037286555
1.274065 -0.000281546289896 0.068662 0.000201300648056 0 8.91795261896
-3.002294 0.000702294132508 1.17411 3.30573843387e-05 0 8.97198540295
-1.231816 0.000225954991598 -0.118701 -4.60737728729e-05 0 8.9548564846
4.020411 -0.000520426345953 -1.113204 -0.000426984259969 0 8.90419109844
1.131387 -0.000337953050576 0.04837 0.00018708526188 0 8.94324177598
-0.301203 0.000103291195925 1.176983 -0.000153118243582 0 8.95856794903
0.469359 -9.97875501503e-07 0.587871 -0.00067262703512 0 8.95720469539
1.38865 -0.000208805675239 1.740916 0.000416638601366 0 8.91220462133
-0.691268 0.000297524890864 -0.210652 -9.09285871969e-05 0 8.9436409001
1.40632 -0.000372621633312 0.476339 0.000189468091883 0 8.9661132634
1.169491 -0.000351152416472 0.389955 -0.000480756395622 0 8.97881496194
-1.31089 -3.20360560083e-05 -0.379047 0.000482759737684 0 8.90875372525
1.877319 -0.000382378722191 0.26459 -0.000124405585595 0 8.96444907647
1.768334 -8.68627024867e-05 1.314084 -0.000431627180603 0 9.00443893393
-0.833474 0.000231467502649 -0.502193 0.000314721347891 0 8.89838583874
-1.982715 0.00028112946806 -1.782547 -0.000114574613591 0 8.96471947123
-3.320192 0.000526153954947 0.818586 -5.22819200594e-05 0 8.93657658892
0.38867 2.13680185987e-05 0.717768 6.51956244492e-05 0 8.92384694365
-0.166022 -0.00014380597778 0.427137 -9.63451322683e-05 0 8.95308216372
-0.831971 2.99190319427e-05 -1.804513 -0.000688226036991 0 8.97344290446
-1.310214 0.000296151474532 -0.761842 -0.000312510627143 0 8.94418717408
1.174877 4.46991954093e-05 -0.419846 -4.51163529486e-05 0 8.93811189428
0.009363 -0.000123700462156 0.067199 0.000209707484214 0 8.94648282703
0.561345 -2.15682405858e-05 1.711528 0.000335605721882 0 8.89665153697
0.841705 -3.27974725109e-05 -1.436475 -0.000473468551644 0 8.94936777006
0.225336 8.1768506178e-05 -1.500883 0.000125850153798 0 8.91469995182
-0.521805 -5.80317712961e-05 -1.054621 -0.000531841515434 0 8.96003742712
-4.643665 0.00071052114948 -1.033726 -0.000243243571713 0 8.8882782441
2.500096 -0.000452111912743 -0.393809 0.00057741607266 0 8.89480665566
1.171571 -0.00042769700579 -0.372344 -0.000207440290959 0 8.91042114176
0.765065 -0.000457171615799 0.074174 0.000215665202331 0 8.94116377965
-0.680451 3.19925868755e-07 -0.88539 0.000278203731419 0 8.9513726881
2.010026 -0.000105379641162 1.594736 0.000467917326853 0 8.90179993104
-3.714746 0.00052925038938 -1.18428 -0.000328363052713 0 8.94498838924
0.65346 -7.38661366517e-05 0.169053 -3.61630990834e-05 0 8.94644547554
-0.324736 0.000101982953666 0.65871 -0.000194480083078 0 8.97597017749
-2.509369 0.000174638229099 2.288627 0.000402911006544 0 8.93126928699
-3.495836 0.000649792564596 -0.451512 -0.000378418292685 0 8.96756793598
0.223161 5.9279897613e-05 -0.955693 -6.77301858768e-05 0 8.94054611016
0.739916 -5.46221202686e-05 -0.343035 -0.000248183150193 0 8.95238282439
-1.909897 0.000202601211121 -1.552392 0.000126092049767 0 8.92066676107
-1.517823 6.75372750419e-05 -0.196774 -0.000438904427466 0 8.92427912907
1.953601 -0.000294330943392 -1.041844 -0.000396478391509 0 8.95960948809
1.778848 -0.000235253262934 3.056255 0.000492772667388 0 8.92154525568
-1.1675 0.000185973726191 -0.520546 -0.000369622815964 0 8.95353505601
0.187496 1.20959740456e-05 0.757315 0.000486414025771 0 8.91247645198
1.428236 -0.000333767960545 0.064187 -6.22436957448e-05 0 8.92032532428
1.351743 -5.48938920191e-05 -0.973163 -0.000118235851553 0 8.94440037142
2.347624 -0.000168312208249 -0.265261 -0.000448242286876 0 8.94793000662
2.442618 -0.00020607421551 -2.684677 -3.54106475043e-06 0 8.95087295195
-0.403733 -0.000192366434885 1.307044 0.00101595759141 0 8.84210063333
-1.770553 0.000392990114783 1.967541 0.000417219255403 0 8.91700514287
0.452639 8.01476335731e-06 1.20447 1.94506237614e-05 0 8.96130863813
-0.852123 2.5253446568e-05 0.675213 5.06241111275e-05 0 8.93031381797
-0.331721 6.7316619379e-05 -0.014734 -0.000249230499722 0 8.94360578192
-1.856231 0.00031772786717 0.700401 0.000202914936143 0 8.92052935928
-0.222727 1.0137838978e-05 -0.281446 0.000189055312461 0 8.91687511909
-1.448238 1.97796475156e-05 -0.674405 -0.000281626867782 0 8.9499320416
0.543788 -3.00262451374e-05 -0.400794 -0.0001906913485 0 8.9562577174
-2.073826 0.000177470373529 -0.441761 -0.000338384124599 0 8.97473892623
-1.515512 0.000272493702933 -3.079436 -0.000303109435703 0 8.96224906451
-1.405949 0.000300150335054 2.033472 1.36744950706e-05 0 8.95499404245
3.15052 -0.000460241761988 -0.089626 5.58204582588e-05 0 8.91905244051
1.799148 -0.000543647403678 -1.087134 0.00027691356342 0 8.92146281993
-1.151456 0.000266664194456 0.234436 -0.00016858447939 0 8.96071375167
0.792184 -0.000134397948663 0.498894 -0.000155509387988 0 8.96953940489
-0.223519 0.000108066320972 -0.811111 -0.000245441441287 0 8.97750736799
-1.716414 0.000218617266214 -1.568236 0.000301069232575 0 8.90696885778
-0.499338 6.67926043885e-05 -1.009814 -0.000238546278958 0 8.95353270401
-1.137963 0.000251065088042 0.542978 -8.5391000446e-05 0 8.92198947288
0.03297 -7.32945870588e-05 -0.187439 -0.000207477364816 0 8.95662385231
-1.015711 0.000213588707271 -0.414655 -0.000425068803137 0 8.94627028367
-1.478166 0.000325126304521 1.159876 0.000133908389578 0 8.92086605632
1.190242 -7.04345061485e-05 1.026243 -0.000219012291294 0 8.97085247896
-0.792539 0.000262520145473 0.008593 0.000261175960059 0 8.9114051626
0.235841 -6.02593503029e-05 1.077787 0.0003472840685 0 8.89999102536
0.108763 -0.000179879011712 -1.39127 2.4925415879e-05 0 8.91879173029
1.676135 -0.000449979263887 0.955075 0.000177220360301 0 8.95274431828
0.331158 -1.8821404745e-05 0.207193 0.000302524287951 0 8.91246795647
-2.359297 0.00051587502554 -0.485304 -0.000320187593179 0 8.98196836039
0.245759 -0.000155961171781 1.985062 0.000591652258021 0 8.8960654119
-2.205928 8.31106728627e-05 0.276924 0.000136931791746 0 8.93927044561
-1.827447 0.000542079381433 -1.115541 -0.000458700980135 0 8.99301549176
1.51037 -0.000348390758715 -0.519468 -0.0006609053962 0 8.96449049111
0.050174 0.000184274758288 -0.712867 -0.000545464488709 0 8.96490696967
0.781842 -3.36425322947e-05 0.775885 -3.01226674145e-05 0 8.95926751172
-1.748406 0.000358049233787 -0.932576 0.000244807705897 0 8.93264812906
0.036272 -0.000238704960673 2.353704 0.000872106601095 0 8.88387201669
1.768182 -0.000424841514623 1.196553 9.11448887126e-05 0 8.96781119402
3.29711 -0.000538853717897 0.151003 -0.000173590001723 0 8.92152629844
1.585861 -0.000195431126128 -0.244579 -0.000306319727127 0 8.93976530499
1.565629 -2.57749244089e-05 0.74045 0.000106487757292 0 8.95527006527
1.06433 -0.000203254637668 1.956815 -0.00013282240933 0 8.94298406775
-0.479398 0.00025482163513 0.169816 4.83590654719e-05 0 8.89647878111
-1.783278 0.000193961575101 1.095998 -0.000320536341893 0 8.9366371627
-0.158486 0.00016783151043 1.709188 0.000133790853799 0 8.94018185363
0.1381 -0.000127320599058 0.211439 0.000374253946609 0 8.9300033775
-2.130794 0.000433531397841 1.2782 0.00082616462108 0 8.90865575023
-0.391128 0.000228048653868 0.082214 0.000525700610155 0 8.88554759192
2.635475 -0.000413333216929 0.307077 0.000125164847587 0 8.9357504094
2.384098 -0.000176355108121 -2.134764 -0.000691056453583 0 8.96964468144
1.46432 -0.000330008481162 -1.80633 -0.00057265764959 0 8.94187221309
-0.22775 3.74913931884e-05 0.428854 5.31506504405e-05 0 8.93907198669
1.454634 -0.000346263720772 -0.757415 -0.000196227852894 0 8.96810493847
1.122759 -1.12067663123e-06 -2.368471 -0.000688953683305 0 9.00698710339
-0.154569 -2.04686000282e-05 1.29451 7.91787782885e-05 0 8.93233887647
-1.228997 0.000242890341038 0.681286 0.000417853421809 0 8.90015409551
0.423557 8.02961761877e-05 -0.569035 -2.95753671468e-05 0 8.95494479066
0.891698 -0.000263587556972 -1.046313 -0.000355409516268 0 8.93523704342
-0.173229 0.000219676876886 0.373076 -0.000171577117975 0 8.95122662351
1.45189 -0.000294283953215 1.302079 0.00036547089815 0 8.92494666211
-1.64177 4.16275359437e-05 0.209754 -0.000206685710639 0 8.93185645405
-0.017308 4.34814259114e-05 0.884063 0.00017232239635 0 8.95278228146
-1.4136 4.44928283959e-05 0.445895 -0.000118255642892 0 8.91912112785
-1.009165 0.000339072506787 0.209249 -0.000245511685523 0 8.96147822581
-2.844747 0.000496676925692 0.519083 -0.000471160912112 0 8.97101056975
1.176812 -0.000531789744785 -0.260922 -0.000212948674304 0 8.94094841026
-4.686068 0.000932936569086 -0.561706 2.85418873901e-05 0 8.9700642949
0.257498 -5.40899885374e-05 -1.720393 -0.000137671747651 0 8.9418771964
-1.386901 -1.28856132559e-05 0.562327 -0.000500735888966 0 8.97217089037
-0.168563 -3.61793114422e-05 1.696913 0.000538054306124 0 8.89154903426
-3.013091 0.000343515497306 -0.474445 0.000195408471564 0 8.9277977275
1.126019 -0.000162895171153 1.119693 1.93071692361e-06 0 8.92697705348
-2.537233 0.000263654988309 -0.683505 -0.000117605223816 0 8.9740945584
0.602985 -0.000152853212378 1.77415 0.000166001726782 0 8.93806868473
0.326995 -2.5154855742e-05 -0.347032 -0.000308395715306 0 9.00007743694
-0.737107 1.11556396111e-05 -1.709152 -0.000411892112946 0 8.95608022265
-2.286158 0.000386238177114 0.447883 0.000303252329161 0 8.93030278195
-0.313797 -0.00012651339328 1.456991 0.000285000181797 0 8.92850529589
-1.129771 0.000236720788556 -0.777189 -9.28562290319e-05 0 8.95779937382
-2.018361 0.000499923942997 2.034917 0.000185871019762 0 8.92884639112
-0.65201 0.000230443196773 -0.920931 -0.000266156622709 0 8.93797440208
2.043664 -0.0004435916797 -0.397712 0.000147047377287 0 8.90458157611
0.722649 -0.000330416064662 0.299608 -0.000201950335798 0 8.96749830461
0.478167 -2.47669365259e-05 -0.280865 1.78773133254e-05 0 8.91054437686
-1.146831 0.000279753167663 -0.253427 2.86939246626e-05 0 8.94488796861
-0.11403 -9.57667591088e-05 0.519313 8.66983341656e-05 0 8.94416919165
1.335615 -5.10870371411e-05 0.919865 0.00016087151831 0 8.93303542074
-1.042844 0.000126069135128 1.682925 0.000127635357438 0 8.9338421932
-0.738658 -5.19595027313e-05 0.740968 6.9539199658e-05 0 8.94251592726
0.727343 -8.23056249858e-06 -1.718933 -0.000842539231513 0 8.94231580225
1.024952 -3.3624710641e-05 -1.552957 -1.64458428313e-05 0 8.94399999939
-2.869521 0.000293384095816 -0.909074 0.000401648426287 0 8.89120957329
-2.49991 0.000366314384376 2.41535 0.00100764569199 0 8.8919578944
2.535206 -0.000440235309388 0.544396 0.000129039194843 0 8.9451850351
-1.361358 0.000237454861586 1.13631 -0.000426395827021 0 8.96948307063
2.671153 -0.000748586244675 0.178964 -0.000271550326329 0 8.94050204784
2.061578 -0.000359991010194 1.338363 7.65844292495e-05 0 8.97300252076
2.8005 -0.000351971223964 -1.759589 -0.000607543661445 0 9.00832747455
0.858644 -0.000136356043895 1.109089 2.27407053153e-05 0 8.93955731022
0.220745 0.000192652304199 -2.225432 4.67351765009e-05 0 8.93012647395
-0.897026 0.000244894372651 -0.195797 3.70601489777e-05 0 8.96935856272
-0.00014 -0.000183880618686 2.226116 8.40615827106e-05 0 8.92380265799
0.115258 -0.000139278969329 -0.186422 -0.000374406461201 0 8.92184806632
2.757655 -0.000511067057936 -1.735403 -0.00020154965175 0 8.93074112989
-2.244797 0.00013607554856 1.488267 0.000902125303084 0 8.88521592014
-0.413788 -0.000108717550536 1.114491 0.000589996644204 0 8.8941730757
-3.821946 0.000486824128354 -0.837857 3.87565946912e-05 0 8.93821974616
-2.014706 0.0004953760984 1.817144 0.000533340528581 0 8.91151133531
-1.662346 0.000129391698965 -1.811915 -0.000179543051823 0 8.93680818218
0.879155 -0.000395113029739 0.844462 0.000118955375043 0 8.94696595387
0.877281 -0.000216190354953 1.807052 0.000491427650228 0 8.91450935117
1.127636 5.45363556148e-05 -0.942451 -0.000258550989926 0 8.96318866403
-2.892243 0.00040692435242 0.022345 -6.64894652637e-05 0 8.90693132162
0.028371 0.000292723743514 -0.03502 0.000170033371778 0 8.90290720242
1.415743 -0.000109377976192 -1.579938 -8.46092141765e-05 0 8.93860195484
-0.431117 0.000135421365005 1.590719 0.00050992531817 0 8.89894559538
-0.720492 2.40373778506e-05 -0.093201 0.00046091122562 0 8.89236829603
0.05821 -0.00017191156496 1.342141 0.000485029725924 0 8.95298479734
0.157489 4.70605743058e-06 0.253599 -0.000140161606021 0 8.98146175479
1.095147 2.45535563119e-05 2.050849 0.000421841970004 0 8.90855104383
1.196865 -0.00035190343454 -1.925684 -0.000408662242241 0 8.97727915102
-0.53369 4.5957870616e-05 -0.757723 8.41721352389e-05 0 8.93055952514
-0.740883 7.92999349122e-05 1.046949 0.000468375607044 0 8.8840446792
1.838435 -0.000136661809058 1.909406 0.000152784656125 0 8.96805208513
0.619074 -0.000157689831549 0.065815 0.000119285434237 0 8.95177797974
-0.175907 -0.00020125976678 -1.377622 -0.000150771858745 0 8.95703542634
1.303305 -0.000120266278298 0.703475 0.000303791355002 0 8.93247900837
1.529402 8.81084582417e-05 -1.930102 -0.000477381090455 0 8.96034690501
1.041789 -7.52165489918e-05 1.834411 0.000353151756818 0 8.89230839688
4.279253 -0.000822038907107 0.673394 0.000421265434236 0 8.89306753795
-1.824236 0.000290142898751 -1.170877 -3.56257487012e-05 0 8.97689764915
0.159115 9.11440447309e-05 -0.734107 0.000387369318158 0 8.93505045841
-0.517724 0.000125574255864 -0.594711 -0.000110062164456 0 8.97088766718
-1.862055 9.93047919796e-05 1.494838 0.000212801369066 0 8.93033790258
0.371146 -0.000245547279769 0.290311 7.10389918495e-05 0 8.94215378832
0.526593 -0.000174685585011 -1.998292 -0.000194160752315 0 8.92368806996
-1.934507 0.000395553638652 0.873131 1.9738123467e-05 0 8.93852495175
-0.178824 0.000195041135738 0.857136 -0.00042761193062 0 8.95922893004
0.622405 -3.3043563835e-05 -0.30479 -3.08708529737e-05 0 8.9497211963
-0.264842 0.000131922995474 -0.508999 -0.000638801532449 0 8.99505511087
-1.073613 9.47244520729e-05 2.095488 0.000422748140004 0 8.91997222812
0.054122 -2.76379589328e-06 0.284237 0.000628164064784 0 8.8882328276
1.142407 1.17533957554e-05 -1.095107 -1.12152895643e-05 0 8.93796460584
0.613889 0.000171346435499 -0.687684 -0.000527165016018 0 8.98757016982
-2.326563 0.000390131437521 2.681951 -1.07176794378e-05 0 8.93184568204
1.768802 -0.000281859111167 0.619725 -5.36281735018e-05 0 8.92616524702
0.927173 -0.000200675971819 -1.319256 -0.000333240641604 0 8.97639963707
-1.626748 7.48795668295e-05 -1.410379 9.00790578787e-06 0 8.93757906608
-3.024934 0.000464792315684 -2.634834 -0.000132416636478 0 8.97566852048
-1.03926 0.000220751579285 0.809368 0.000458305020305 0 8.94897982516
0.88176 -0.000402188219956 1.301283 0.000354830171241 0 8.92958999578
-0.132763 -0.000164529441236 1.631158 0.000284383032336 0 8.88013998935
-0.57268 6.08694665617e-05 -0.06876 -0.000234614470511 0 8.92641195112
0.428728 -6.09451832304e-05 -0.909166 -0.000377398390925 0 8.97823554586
-2.283506 0.000200442506664 -0.382237 -0.000518858076228 0 8.92946562457
0.359109 0.000122852682916 1.639372 0.000729365387339 0 8.91119031186
1.502314 -0.000197444515044 -0.777646 -0.000147820619891 0 8.94694331656
3.780234 -0.000517625975446 0.320652 0.000248700217772 0 8.95189817599
0.06305 0.000236639469529 0.812199 -4.32841857971e-05 0 8.96323933484
1.411752 -9.92542016589e-05 0.123565 1.6727030872e-07 0 8.95107094889
0.881537 -0.000333478238594 -2.71456 -0.000781940978888 0 8.96809932761
-0.08014 -0.000116277423859 0.666105 0.000451732252262 0 8.90590930012
0.655656 -8.20918272057e-05 -2.895313 -0.000541830312753 0 8.96918736402
2.771761 -0.000337266393688 1.009907 2.06628646803e-05 0 8.93437816503
2.165533 -0.000443230317029 -2.42699 -0.000403367344975 0 8.99331910887
1.679078 -0.000188546058289 -1.918565 -0.000737019840733 0 8.97261693611
-1.968909 0.000171794924458 -0.551929 -0.000360149731664 0 8.96132916023
0.499801 -0.000417498483202 0.552433 -1.82414743546e-05 0 8.93912078607
-0.009944 5.00004421246e-05 -0.884905 -4.43920409981e-05 0 8.93677252258
-0.133004 -8.55106415181e-06 0.604269 0.000435406124793 0 8.94752302459
0.109413 -9.59921151526e-05 -0.006487 0.000147460303716 0 8.90851594736
-0.493886 0.000117536652317 -0.750026 0.000310753007054 0 8.96044658085
1.015725 -0.000171804364267 0.042284 0.000711382155407 0 8.89788972029
0.291989 -0.000162301043056 -1.013044 -0.000115883140846 0 8.93463862227
0.604298 2.57075688165e-05 -0.603412 0.000203675510068 0 8.9544140106
1.051901 -0.000446177476751 -0.587422 -0.000145707796603 0 8.96628057685
-1.559282 0.000172075148463 -0.500784 8.31743425918e-05 0 8.93238335855
-0.058415 0.000269911546826 0.252788 0.000310480108764 0 8.92431285808
0.258772 -1.48690084461e-05 -0.481791 -0.000229272708004 0 8.92723877631
0.196025 -0.000274226354989 -2.3472 -0.000835133302392 0 8.95385579512
-0.364853 0.000203098704814 2.622313 0.00081554402693 0 8.85161197985
-1.794254 0.00025173498627 -0.382668 -0.000167253462636 0 8.93515367285
-1.709881 0.00061650171308 -0.172803 2.16889314321e-05 0 9.00565520772
2.965328 -0.000764226355678 -0.047162 -9.75324902553e-05 0 8.94892472623
-0.491245 5.49071575344e-05 0.126777 -4.11687294261e-05 0 8.96343638235
-4.32065 0.000630884448756 -0.765309 -0.000638980477746 0 8.97024595958
-0.245034 6.86788302481e-05 0.319299 -5.30535280827e-05 0 8.88286569336
-0.950718 -5.86019040993e-06 -0.613801 0.000166251186898 0 8.94513084568
-0.486233 2.17695194116e-05 2.557662 0.000329016877759 0 8.92420954727
3.226456 -0.00017098502516 -1.064738 -0.000271686914125 0 8.97312380959
-1.743854 0.000377364724321 -0.684764 0.000154257489979 0 8.87977773878
1.120269 -0.000191482576239 -0.354744 0.000182779670851 0 8.94853779141
-0.734597 -6.50769134918e-06 -2.957824 -0.000658275360219 0 8.96346629568
-0.472572 0.000108053796647 1.579981 0.000101198367165 0 8.93447810646
0.501941 -9.82760853041e-05 -2.938441 -0.000155627517775 0 8.94948187514
0.0007 -5.5867909717e-05 -1.220949 -0.000480072416 0 8.98187359151
2.317136 -0.000390382177425 0.66233 9.37909781619e-05 0 8.92673006288
-0.217048 0.000340170526263 -0.154813 3.28848908138e-05 0 8.93733044433
-1.420242 0.000530839254507 0.64259 -0.000179626637277 0 8.94567939496
-1.514696 0.000445113867403 0.301191 0.000208749641749 0 8.94489276131
0.670785 -0.00032262133892 0.537867 8.79933850681e-05 0 8.92772292812
-1.145396 9.97330309176e-05 -1.019536 -0.000441047387182 0 8.97461072358
-3.813726 0.000338051442795 0.530778 0.000335182585866 0 8.9032784355
-0.423919 0.000211250506828 1.691507 2.58565863673e-05 0 8.94760554485
1.63993 -0.000327559652523 -0.814993 -0.000425124729642 0 8.93277636844
2.165193 -0.00053677929717 2.43519 0.000946616529462 0 8.8423124843
-3.412888 0.000592127363528 -0.333015 0.000111194545391 0 8.92897233949
1.866499 -0.00028215544396 1.005414 0.000148368645542 0 8.92747129913
1.227595 -0.00018571577047 2.46637 -0.00011204737073 0 8.93776921933
-1.765071 0.000245585737765 0.903984 -0.000210181087909 0 8.94813093272
1.058884 -0.00010211779838 1.17244 -0.000100198230497 0 8.94872350833
0.146648 -0.000109172890681 -0.673669 2.45064964036e-06 0 8.94981586171
-1.682101 0.000413361683654 -1.216317 9.35355227565e-05 0 8.94793841716
1.138126 -0.000357830506797 -2.165635 -0.000298522022231 0 8.94569096975
-1.068723 0.000195542837879 0.192339 0.000139047836369 0 8.95792039785
-0.19082 5.8258385578e-05 -0.065394 -0.000178273435041 0 8.94429216262
-2.509058 0.000350441973878 0.459428 0.000182889999208 0 8.90761108177
2.659469 -0.000521153968827 0.499204 -0.00014152171686 0 8.93999579546
-0.390883 -1.34668961576e-05 0.895154 7.73077470685e-06 0 8.92219234279
0.602608 -3.526252033e-05 -1.089556 -0.000575799029169 0 8.97418570226
3.085071 -0.000338470376036 -0.108867 6.67594522173e-06 0 8.92892691765
-0.726124 0.000255259546818 -1.822134 -0.00050155760716 0 8.9726328463
2.815406 -0.000330039005937 -0.368736 -0.000319341439136 0 8.93255607825
1.520233 -0.00020887373466 -1.261237 -0.000159300065818 0 8.94174546916
-4.403853 0.000765802460086 -1.287432 -0.00012446734416 0 8.9429372203
-1.843549 0.000387207381876 0.35863 -0.000129141408446 0 8.94127845372
2.838025 -0.000236831570078 -2.651331 -0.000688228460756 0 8.96572575452
1.287754 -0.000278234994439 -1.098331 -0.000175822074585 0 8.9565365929
0.947352 -0.000184855383202 -0.681645 -0.000503482979734 0 8.9883008541
-0.504821 -8.35909882938e-05 2.020647 0.000271821598555 0 8.93156207467
2.90088 -0.000229623853717 -2.902575 -0.000393271931102 0 8.98997222272
1.592622 -0.000157923669771 0.948604 0.000153688329694 0 8.92548260132
-4.298654 0.000655612994331 0.857579 0.000390428230689 0 8.88922205357
-0.406948 -0.000190573210362 0.216436 0.000142449267265 0 8.95975549676
0.573776 -7.4791054474e-05 1.246551 0.00107117008296 0 8.86971683849
-0.376942 0.000184547577773 0.290894 0.000167598780448 0 8.94308443694
-2.171237 6.76294423595e-05 0.408627 -9.60687769404e-05 0 8.94239494859
0.806579 0.000252562990747 -1.564309 -0.000642967634284 0 9.00188157788
0.585727 -0.000190735863398 -0.043773 -0.000328940982689 0 8.98102251638
4.124031 -0.000836972893841 -1.674141 -0.000181745020163 0 8.9462894638
2.315354 -0.000510730249498 -2.79775 -0.000625704347318 0 8.95948948858
-1.619217 0.000424178785449 1.755394 0.00048017124798 0 8.8722434065
0.070282 -6.36506184089e-05 -0.523342 7.44676158068e-05 0 8.92217486972
2.124403 -0.000155993315788 0.144888 -0.000236692105436 0 8.92319333359
-0.594422 -0.000117112290328 0.076732 3.93941896344e-05 0 8.92379241444
-1.060647 4.52194302265e-05 0.459707 0.000133994779118 0 8.92884833213
-0.828896 3.99407585941e-05 1.768633 -2.09244923545e-05 0 8.94399925832
-0.231398 -0.000283180308325 -2.438058 -0.000408962916529 0 8.95356554761
0.685847 -4.21691408155e-05 0.465332 2.1382995055e-05 0 8.90273740494
-0.078986 -2.47069828916e-05 -0.542596 -3.40300363951e-05 0 8.97085026098
2.94831 -0.000404099659282 -0.515496 0.000138727528593 0 8.92274843415
0.242212 -0.000341749920632 0.333854 0.00049093375431 0 8.90637153446
-1.784248 0.000118043264519 0.932911 4.18302030558e-06 0 8.92723996829
0.969867 -9.15978807431e-05 -0.190018 -0.000337259157064 0 8.99281524381
-0.785044 -3.48347833941e-05 1.27803 0.00026367997519 0 8.89278094069
-1.812683 0.000283103327866 -0.207674 0.000137956015077 0 8.9356863783
-0.049508 -2.12777735403e-05 0.781694 0.000111225627004 0 8.96758780316
3.781745 -0.000572326404506 -0.799775 -0.000249068338536 0 8.95449687795
-3.822868 0.000612230169244 0.550039 0.000119862706177 0 8.93433007021
-0.839667 -0.000192740220302 0.443536 -4.41102876043e-05 0 8.95458467037
-1.535375 0.000149488858281 0.778388 -6.80013318141e-05 0 8.912441444
0.800384 -9.80262865699e-05 -3.118519 -0.000118819421592 0 8.96396158101
-1.707919 0.000542592343932 0.091487 -0.000368601291037 0 8.94627289355
0.379252 -0.00016419235253 -0.002926 -0.00018856755589 0 8.98019439689
-2.261515 0.000350821602708 -1.43356 -3.56015523949e-05 0 8.93538825634
-1.735856 0.000303803570078 -2.379625 -0.000308878577519 0 8.95450138507
-0.607625 4.22920130863e-05 -0.774196 -0.000175459670927 0 8.90325936227
0.410442 -0.000104529129348 -2.403524 -0.000366198144908 0 8.92851285301
-1.498433 0.000127508967614 -1.612474 -0.00014381608616 0 8.9587525249
-0.364684 8.57080270461e-05 0.270101 -0.000190502914034 0 8.97448428257
1.222133 -0.000168256003868 0.509045 0.000300530942559 0 8.97111780484
0.26705 -0.000242012008619 0.303179 0.000163991803253 0 8.9489030236
1.435644 -0.000111709305417 -2.516366 6.11084876104e-06 0 8.91749739109
-0.332179 -1.2744169431e-05 -0.950406 4.97901034613e-05 0 8.93799807645
0.422391 -0.000129708992829 -1.206562 -0.000390408528364 0 8.94936021272
-0.037765 1.09296833945e-05 -1.280452 -0.000234374544065 0 8.93483788427
0.692569 -1.5201118824e-05 0.822577 -0.000245798569092 0 8.94238979052
3.940299 -0.000393961983134 0.071737 -7.66661185988e-05 0 8.91849610603
2.217848 -0.000375200170601 -0.133089 -9.09366147443e-05 0 8.93845312208
0.033639 6.98708879777e-05 1.628896 0.000225093813637 0 8.90716533145
3.047201 -0.00046378909284 -0.690217 -0.000540636330446 0 8.95017021132
-2.186498 0.000324621268173 0.713873 0.000420129461396 0 8.88457936763
0.542282 -4.28944150176e-06 0.394733 0.000192621947932 0 8.95928424052
0.651022 -1.43185756636e-05 0.490094 0.000186931263337 0 8.94672933776
-1.831634 0.000117881659801 0.447825 -0.000299688180369 0 8.92878158836
-0.783441 0.000229766106715 2.613396 0.00052310692353 0 8.92781003373
0.380898 3.5207759902e-05 -0.305541 5.67824296512e-05 0 8.93578982642
-0.795847 0.000210934324113 -0.283842 -6.04875822684e-06 0 8.91496877995
3.227042 -0.000832799108834 -2.509694 -0.000416527389834 0 8.98363069507
1.176452 -0.000206314436141 1.165335 -0.000420796184753 0 8.99166705854
-0.901241 0.000210444705515 0.500578 -0.000275176175541 0 8.95632587678
-0.616039 -2.99231828049e-05 -1.234111 -0.00041650638876 0 8.92156083862
1.804247 -0.000490331545301 1.895852 0.000226256708178 0 8.91877644655
-0.535866 -0.000184873828607 -1.933621 -0.000314868499782 0 8.93980026658
-0.356352 0.000243242953894 -0.699565 -0.000143193853657 0 8.92326921157
-2.386463 0.00036642871543 1.217276 0.000800859655944 0 8.89189668002
-1.694632 0.000305004324532 -1.026152 0.000228424115537 0 8.91679341507
2.206788 -0.000371445775825 1.043748 0.00019575880025 0 8.91443568543
0.645995 5.54968316849e-05 1.847554 -2.2114328577e-05 0 8.93522229835
-1.513443 0.000331472851024 0.361353 0.000163888996984 0 8.9172099871
3.126132 -0.000365755097031 -1.192004 -0.000148633657796 0 8.9973669528
-1.313746 0.000108128321027 1.879767 0.000497954291005 0 8.90511182864
-2.23161 0.000258132917817 1.9004 -6.47730557593e-05 0 8.93401151527
-0.973856 0.000228912139589 -0.287778 0.000205311239097 0 8.90992302352
-2.237366 8.46605674122e-05 0.980628 0.000106572159967 0 8.9024761522
0.172541 0.000244569140711 0.560972 -0.000257482973255 0 8.98211975828
0.561634 -8.53698797914e-05 -0.947855 -0.000435463233251 0 8.95620781253
0.271221 -0.000181837482701 0.054187 -0.000415413532914 0 8.97097696763
-1.744234 0.000259723426213 0.529145 0.000163715980867 0 8.96013303828
3.082844 -0.000665100880581 0.615967 2.17167855088e-05 0 8.92453157124
0.781951 0.000208025263075 -0.901312 7.1883907317e-05 0 8.93074504298
1.172091 -0.000206720866871 0.298198 0.000110517278542 0 8.93043603853
-1.163994 0.000400135722237 2.090105 -0.000157336406098 0 8.96314577569
-1.109804 0.000230894805589 -1.337889 -0.000459926951826 0 8.95869147674
-1.350513 0.000239823997867 -0.808653 -0.000454137794979 0 8.93986552101
-1.023645 0.000243093811578 -0.679731 -0.000474010597131 0 8.94251960121
-2.40399 8.33856683407e-05 -0.41114 -0.000119212275387 0 8.9283141097
-2.990776 0.000240029475026 1.382149 -5.90523043302e-05 0 8.93309561181
-1.957597 0.000292829227059 1.410498 0.00015139849934 0 8.94512025966
3.899231 -0.000654535678904 1.237282 0.000118693887046 0 8.94291716162
1.226386 -0.000339107242342 1.856884 0.000395370015897 0 8.94278701961
-0.601539 0.000193692252214 -1.440176 -0.000554787997324 0 8.94937912142
0.802103 8.15245966903e-05 -0.542992 -4.89555248617e-05 0 8.97800206729
0.295898 -0.000177919082808 0.28676 0.000245075840695 0 8.90955955726
1.302739 -0.00038512621142 1.219118 7.10863391565e-05 0 8.94586077329
0.837652 0.000244709929924 -0.319556 -4.78138792943e-05 0 8.98215333995
-0.557235 2.66236070869e-06 0.815827 0.000571398652615 0 8.91121922994
-2.652318 0.000250993146781 -0.167771 -0.000293345988978 0 8.93917077269
1.663819 -0.000243162174704 -0.296435 0.000295233352096 0 8.93710837539
1.643488 -0.00027123935518 -1.647041 -0.000360856926289 0 8.96143526542
-1.78776 3.33630006882e-05 0.282358 -0.000488377936945 0 8.97976595472
0.112446 -9.48682862518e-05 -0.274116 -0.000120185474559 0 8.93298160068
1.532319 -2.17631396262e-05 1.438932 0.000277445378158 0 8.93237137199
-1.678587 -0.000105197041181 0.54678 0.000214540310094 0 8.9141960874
0.528403 -0.00016690558607 -1.033774 -0.000188540492041 0 8.93150199437
-0.7554 -0.000166106024261 -0.257617 0.000277778604807 0 8.92848340715
-0.282758 -0.000105168423064 -0.580841 -6.21248487235e-05 0 8.95336906125
-0.213931 0.000198825521973 1.780885 0.000152064324909 0 8.93188974568
-0.171169 5.75830968814e-05 -0.991711 2.60978538569e-05 0 8.96837860874
-1.436091 0.000468709349816 0.225613 4.37584724615e-05 0 8.93445005554
-2.402647 0.000353213344162 -0.065414 -9.26713727583e-05 0 8.94795680536
-1.199938 0.000281670847697 -0.539943 1.79082319176e-05 0 8.94919607766
-0.681442 0.00050821423271 -0.312959 -0.000614462381751 0 8.97277318954
-4.27424 0.000686468642232 0.928636 0.000132756412567 0 8.92247544311
0.177444 0.000165799498647 -0.376242 -0.00028267328346 0 8.96635952261
1.506561 -0.000147281454113 -2.155647 -0.000658010436161 0 8.94492130819
1.816108 -0.000413332759898 2.94419 0.000759445287458 0 8.89711385629
-3.429979 0.000635100099142 1.261479 0.000106052551566 0 8.95617146111
-1.51725 0.000163780174138 -1.10144 -4.12582083074e-05 0 8.96785648339
-0.716232 0.000316555659418 -0.379185 -5.53927093155e-05 0 8.91255210478
2.546912 -0.000341653291563 -1.278918 -0.000419724379568 0 8.96973242904
-1.800908 0.000153610209129 -1.231773 -0.000224007215091 0 8.94620857138
-1.833744 0.000353172468691 -1.008272 -0.000105438071818 0 8.93230844442
0.812811 -0.000431057603749 -0.339137 -0.000462314628018 0 8.96177720012
-2.784503 0.000421327430765 1.110221 0.000649153392474 0 8.91273362994
-0.930836 7.12038483888e-05 0.494965 -7.08957325844e-05 0 8.91630118511
1.481235 -0.000225501904464 1.616489 0.000493178780183 0 8.91000322304
-0.328349 5.36610326452e-05 -0.755597 -2.59362503058e-05 0 8.92433611519
0.362884 -3.35270094458e-05 0.741942 5.15097099289e-05 0 8.90988982598
-2.54845 0.000273681234881 -1.449294 -9.07972996327e-05 0 8.92761391587
-0.839371 -8.94774088871e-05 -0.176325 -0.000519541222866 0 8.98713545821
0.381519 -2.80052373753e-05 1.486555 0.000115980045706 0 8.92923640111
-0.580725 -1.37779564696e-05 -0.558027 -0.000626292753298 0 8.96868111588
1.03215 -0.000115896374027 -0.36724 6.56704768867e-05 0 8.89228897792
-0.894143 0.000250034835558 -0.583614 0.000149529572599 0 8.95813944795
0.041778 8.41729669421e-05 -0.156358 0.000192185976638 0 8.94183808595
-0.26723 -6.58135645952e-07 1.154868 0.000238924206877 0 8.91848552489
3.588324 -0.000558738450648 -1.608503 -0.00011884200638 0 8.94395171527
-1.226839 0.000210724944946 0.664984 0.0003373793853 0 8.91949611659
0.774433 -8.54617210869e-05 0.451897 0.000115676004423 0 8.94681595115
2.005532 -0.000402858028069 1.071125 0.00029142261196 0 8.95939531437
-0.895564 -1.2019641822e-05 0.010714 5.14785415548e-05 0 8.89440043269
-0.502044 0.000182127265718 0.323573 -1.19909998919e-05 0 8.99627326702
0.901203 -0.000226172201263 0.678453 0.000289265940145 0 8.90512144612
1.34328 -0.000194832062479 0.729063 -0.000107582704222 0 8.9396981244
-0.319074 -8.44827185027e-05 -0.147858 0.000651693958154 0 8.90510848876
-0.37157 0.000161367141901 -0.348532 7.61210511894e-05 0 8.93451491187
-1.892101 0.000305099166336 0.831122 5.20030050461e-05 0 8.90752347405
0.284952 -0.000144543966728 1.082392 0.000224847197682 0 8.9001484665
2.273575 -0.000615953005906 0.620296 -1.46732919916e-05 0 8.93066485583
-0.863082 0.000151448850943 0.537919 0.000252009323694 0 8.92656409257
0.344785 -0.000306125727415 -3.196628 -0.000610178252067 0 8.94212764406
0.821673 0.000191968833696 1.134563 9.39993169404e-05 0 8.9461168133
2.219984 -0.000140255842191 -1.663955 -0.000853658556128 0 9.01101475598
0.736189 0.0001060493596 -0.472391 -7.41587893988e-05 0 8.94950623093
2.550852 -0.000202922789894 -0.805914 -0.000444259908526 0 8.95929646128
-0.315441 -0.000366851301299 1.805398 0.000278375771433 0 8.91518306889
-0.168468 0.000245908662444 0.157205 -0.000210741142734 0 8.93631550772
0.609328 -9.63415852391e-05 0.45482 0.000232566859933 0 8.88935926242
0.953096 -2.69255697249e-06 -2.13042 -0.00034248469139 0 8.99299587496
-0.226947 0.000214114432888 0.669526 -0.000105967426717 0 8.95101941753
-0.738111 0.000107161020046 1.386733 -7.18606698148e-06 0 8.95112112941
-2.05008 0.000417346357864 -0.562658 -9.72633353046e-07 0 8.94478569888
-0.038183 -3.85893424422e-05 0.897286 0.000338356016342 0 8.94346814402
1.296292 -0.000348728544952 0.262675 0.000696829382511 0 8.87193355943
-0.349227 0.000108636868495 0.4514 0.000602210921377 0 8.89786750899
-1.902696 0.000392137651869 -0.329322 3.59698967754e-05 0 8.94943048123
-0.15002 0.000113917112156 0.281757 -4.88486853171e-05 0 8.9273284806
-0.033044 8.31953718612e-05 -1.118473 -0.00080645614952 0 8.99808706499
-1.690742 0.000422236258572 -0.226899 -8.04915964522e-05 0 8.93293686505
0.743145 -0.000255857073143 -2.273311 -0.000158841943596 0 8.93728035267
1.828617 -0.000503825134987 -0.588934 -0.000312404116884 0 8.96704254049
-2.136935 0.000400441174327 0.858609 0.000437532521696 0 8.92133056676
1.090795 -0.000399540711078 -2.455999 -0.00038101563715 0 8.96514973219
3.136618 -0.000273703662842 -1.464194 -0.000175282672814 0 8.95656829154
-0.716616 0.000148626448622 2.446892 0.000162627196292 0 8.93641845318
1.768721 -9.72127701289e-05 -1.260418 -5.82206803853e-05 0 8.93502357833
0.267724 -0.000144046669462 -2.332659 -4.65828371526e-05 0 8.95288146069
0.261939 -0.000331276614818 -0.538029 2.25305214091e-06 0 8.96381573602
3.378524 -0.000607156449936 0.825125 0.000356634763111 0 8.9105903475
0.83718 -5.31483274652e-05 -0.596037 1.27211960582e-05 0 8.98335638659
-0.065838 -0.000334628854435 1.610399 1.83536380167e-05 0 8.91034350133
0.871994 -0.000300874202474 2.255633 0.000446969909355 0 8.89004883426
-0.649157 0.000192200493285 -0.398825 -0.000256469349956 0 8.9457961414
1.704493 -0.000288816770807 0.237037 0.000544962812409 0 8.91120877817
-0.604734 0.000177750199161 1.202051 -6.6321686677e-06 0 8.93473149279
4.591371 -0.000578728595758 -0.439244 -0.000699706669954 0 8.98777859551
-0.956081 0.000192752559861 -0.338392 0.000127819408961 0 8.91464708138
2.461514 -0.000312153682473 -0.240294 -4.20219767986e-05 0 8.95193476495
0.545405 6.78817377218e-06 -0.47557 0.000284179962646 0 8.95727015011
-2.495981 0.000362029437073 -2.078628 -0.000319872060019 0 8.94536648264
3.619187 -0.000468721384811 -1.601107 -0.000822840703629 0 8.99799749544
1.653366 -0.000416858066165 0.238078 0.000338248643206 0 8.93845603431
1.679473 -0.000497026509434 1.602738 -0.000262735283975 0 8.97495589871
0.537641 -0.00017363278445 3.271454 0.000482572528892 0 8.89876264399
-0.090934 0.000113821140024 0.046626 1.45656087293e-05 0 8.89996474313
0.25769 -5.75456791011e-05 -0.853065 1.38385931033e-05 0 8.96991214293
3.165736 -0.00032237144995 0.436493 0.000196466167634 0 8.96085357239
-4.113652 0.000684104328197 1.971249 0.000559380983991 0 8.91743774006
-0.756625 -8.29143217754e-05 0.679467 0.000399259050718 0 8.90414781865
2.020179 -0.000435703581566 -0.245177 -8.69274011845e-05 0 8.98591118625
0.228595 -0.000136628337512 -2.204333 -0.000356383771135 0 8.95542020959
2.656883 -0.000510836803262 2.175542 0.00055761254572 0 8.91904438445
2.662683 -0.000472185572342 1.125419 0.000536103939339 0 8.9019392663
-0.968158 0.000138750738387 -1.156535 -0.000165913216246 0 8.95836287954
0.356895 2.74403103445e-06 -1.015734 -6.10258325499e-05 0 8.93776901397
-1.450008 0.000305513345441 -1.488601 -7.50615847897e-05 0 8.92677105637
-1.710213 0.000496670771681 0.699325 -0.000415094512417 0 8.93952359992
0.573546 -7.58329857552e-05 0.559859 0.000413385279965 0 8.91475953218
0.591442 2.20054277227e-05 0.479392 0.000320547954829 0 8.9520648196
-0.209765 -7.25149813952e-06 0.105215 4.73029893477e-05 0 8.94968716398
-3.115766 0.000509169917441 -0.229324 0.000321018403922 0 8.91463054757
-1.10233 6.07338784982e-05 -1.64022 -0.000192059547416 0 8.95815542724
-0.376208 7.77366144426e-05 1.124161 0.000372451797913 0 8.90421671367
0.619678 -0.000103358577924 2.264991 0.000380766694949 0 8.91377690488
-0.784794 6.76505848289e-05 -0.763189 -9.8649250026e-05 0 8.93173703857
0.813658 -1.20617874079e-05 -1.154125 3.71163431943e-05 0 8.95922305822
0.97765 -9.61237602958e-06 -0.439688 -0.000115034472749 0 8.97165383825
-1.625678 0.000178982886683 -0.579832 0.000396784330996 0 8.90819697654
1.131222 -0.000230686793702 -0.508431 -0.000823527463206 0 8.99914190279
0.093891 -5.8284779736e-05 -0.146706 0.000279004448917 0 8.91080327435
-1.276755 6.28431777889e-05 -0.928233 0.000204272655103 0 8.94206939334
3.672662 -0.000472960489893 -0.866145 0.00011098928722 0 8.93121713391
2.136981 -0.000311717601196 -0.761875 -0.00017110844306 0 8.965443852
-3.386747 0.000671555487776 0.137312 0.000278839994928 0 8.92786068276
-0.109936 0.000113167440122 -0.124505 -0.000121309414577 0 8.92409035622
0.248334 -0.000163532162372 -1.339048 0.000174013372988 0 8.93615422249
-0.84283 0.000183946598261 0.238693 0.000157252057121 0 8.92877904808
-0.776148 4.47950019166e-05 1.061502 -0.000266669340745 0 8.96640515887
-1.630361 0.000377850776222 -0.732357 -0.000286590834104 0 8.98877634273
-1.534738 0.000318995039075 -0.578233 0.000189317536242 0 8.92107133137
-1.892581 0.000189888903244 0.649003 0.00108732316637 0 8.83838278603
0.145106 -2.07392747195e-05 0.223837 -0.000233145703206 0 8.94301388077
1.166526 -0.000291287417967 1.130836 -3.06517941744e-05 0 8.92956427463
0.997145 -8.92899086357e-05 0.926544 -2.46204218808e-05 0 8.93830422795
1.838553 -0.000283450971291 0.065519 0.000142215062819 0 8.92553209836
0.052768 0.000538807776758 -0.570027 -6.1067042708e-05 0 8.91363159294
-0.382253 0.000262020458199 0.508733 -0.000120934178065 0 8.9639909214
-2.776237 0.000429947159644 -0.020907 -0.000181074921051 0 9.00359309258
-0.189314 7.46832770039e-05 0.596033 -3.01956017529e-05 0 8.93022422819
0.23221 -0.000142907105542 -0.655725 -0.000381213564366 0 8.98901550668
-0.068021 1.35430312241e-05 1.078118 8.75014532315e-05 0 8.92876247913
-0.971261 0.000196138046759 -0.499722 -0.000357901419725 0 8.98931994827
0.028395 -0.000138691342332 2.798475 0.000429987034917 0 8.97226867059
0.028546 -7.65130972908e-05 -0.377753 9.55491700061e-05 0 8.95370735955
-0.048458 -3.69102132208e-05 1.869006 0.000225167564777 0 8.90478813835
3.71719 -0.000559338719641 -0.671873 0.000122440457149 0 8.93453186866
2.860295 -0.000500629869133 -0.47238 -0.000151930101445 0 8.92604706087
-0.753053 3.15648722587e-05 -0.988502 -0.000393452243644 0 8.94852304758
-1.499901 0.00032026018421 0.374957 0.000114114047103 0 8.97151011993
1.128455 -0.000358219368281 0.687269 0.00045282399288 0 8.9256575158
-0.644726 -4.3661825185e-05 2.854936 8.55511686414e-05 0 8.92346436218
-1.172104 0.000281675181926 0.659839 -4.19815765814e-05 0 8.94988959004
0.625887 -4.39147572978e-05 -0.657182 -0.000423256349718 0 8.95391168189
-0.759216 2.10798088001e-05 0.220522 0.000145578042946 0 8.9279836121
0.425791 5.03923188119e-05 1.103209 0.000378212680714 0 8.92454255797
-0.506879 0.000164262579697 1.459939 0.000600201026719 0 8.89009061201
-0.465759 -0.000161399727571 0.765224 0.000523935110167 0 8.88655287889
1.153469 -0.000285221778503 2.227203 0.000506118235945 0 8.89620137824
-0.46594 0.000222042089449 0.703939 0.000624429980047 0 8.91735580335
0.913805 -1.77873045992e-05 -0.030384 0.0001212747138 0 8.93853034542
0.677551 -6.03015593033e-06 1.116003 -0.000221857766945 0 8.95865817254
-0.689726 0.000150260995249 -0.56163 0.00022999005947 0 8.89476897234
-0.139149 8.30073159705e-05 0.88989 0.000601664415829 0 8.91072071234
-0.621629 0.000239448747513 0.104616 -0.000107314399629 0 8.96047788974
-1.181398 0.0003275704183 0.206004 0.000342646427252 0 8.90469872229
0.303276 -4.89111891797e-05 -1.824339 -0.000193579422051 0 8.94717484256
-2.646432 0.000562767645033 -1.006236 -0.000163756162405 0 8.95574908072
-1.117583 0.000232274698134 0.901635 2.77194405216e-05 0 8.92392047971
1.362177 -0.000308700690286 0.526234 -6.10923738338e-05 0 8.9758541146
-0.019655 -5.90024380092e-06 1.126833 -4.81452252296e-05 0 8.94811298875
-1.665199 -0.00010592778365 -0.192019 -0.000224105542102 0 8.99512625237
-0.294174 0.000169573697465 -0.474449 -0.00067678260693 0 8.98775598034
0.594042 -0.000138172210965 1.570475 0.000742902770851 0 8.87190691407
1.212515 -0.00010444235999 1.991706 0.000408342911815 0 8.90829338892
-0.632472 5.92867921447e-05 1.1962 -0.000240777006776 0 8.95271933813
0.139213 -4.58722076357e-05 0.865852 0.000236110090708 0 8.90900638759
-2.876225 0.000605977423468 3.454158 0.00055253313314 0 8.89935724419
0.535365 -0.000188531710385 0.820992 0.00021913010937 0 8.92342640459
-2.191028 0.00047017634851 -0.437358 0.000119787099099 0 8.95753179942
-2.324762 0.000172080804036 -0.181279 0.000380535388475 0 8.91206362078
-1.057527 -9.44931385862e-05 -1.006521 0.000120128732506 0 8.91581306732
-0.544118 6.36223134988e-05 -0.065292 -0.000205638145431 0 8.93735469644
-0.155442 0.000101813334274 0.674859 -5.26978950309e-05 0 8.95741240781
-0.093915 -0.000226346666643 -1.688813 -0.000803792940184 0 8.96560597588
0.856408 -0.000341676003262 0.795703 4.91276426739e-05 0 8.93784389887
-0.932453 -0.000114732977511 1.394928 0.000187640598596 0 8.9040117007
0.432267 -2.99036770123e-05 0.156245 -0.00014752231517 0 8.93685962931
2.723145 -0.000345476095388 -0.534944 -3.35568229582e-05 0 8.93626080008
-0.647457 7.67966066141e-05 0.552816 0.000265451300486 0 8.88206675132
0.612567 -0.000165125254753 0.439388 0.000325329365748 0 8.88867774722
0.825894 -9.97415065515e-05 1.680973 3.83963649508e-05 0 8.92392253215
0.011334 -3.62073158621e-05 -1.40398 -0.000231586608883 0 8.96310695014
2.284402 7.28527770801e-05 -3.178021 -0.000541183438382 0 8.96939336506
-0.555686 0.000262820443438 -0.569337 0.000393908321839 0 8.91459825593
2.29821 -0.00014900877514 -1.168216 -0.000449435927386 0 8.98741797876
0.398921 -4.88875553149e-05 0.597843 0.000171724249084 0 8.89864541638
-1.628416 0.000300301160913 0.525212 6.16304863043e-06 0 8.91686708999
2.233796 -0.000507515612121 -0.327752 -6.34883810036e-05 0 8.93560736618
-1.56403 0.000325173720286 1.493589 -0.000105717822313 0 8.96428281612
4.601228 -0.000775881802047 0.744293 0.000257265171077 0 8.91715122843
-0.767795 0.000135063683976 -1.649247 -0.000240706309693 0 8.9565760007
-0.966029 0.000270075335845 2.971743 0.000753548521877 0 8.89769489494
6.463888 -0.00127596252064 -2.152202 -0.00045050869416 0 8.95402345238
1.513719 -0.000153946039243 1.373199 0.000229625747967 0 8.94859336565
0.061651 -0.00026629446383 0.565641 -0.000278913925927 0 8.92755454751
2.413595 -0.000372029469232 1.791195 0.000732566540586 0 8.93837951089
0.567996 -0.000146912927925 -2.174626 0.000506762515415 0 8.89721431034
-2.2817 0.000206563006798 -0.956988 -0.000164719839716 0 8.91925225299
1.703241 -0.000238332736536 -0.502307 0.000281060342023 0 8.86991804837
2.631179 -0.00046644243318 -0.872501 0.000167890995733 0 8.95817291548
-1.063175 7.08653540643e-05 -0.633637 -0.000394334889927 0 8.9377775593
1.369403 -0.000126761458717 -2.21179 -0.000669767634925 0 9.009727263
-3.273645 0.00052102183913 0.027695 0.00021764020548 0 8.92127691476
0.857018 -6.35647582236e-05 -0.836433 8.61397263038e-05 0 8.88446896787
-2.090201 0.000270509672974 0.986314 0.000280593849476 0 8.92977833171
0.030557 1.34513451042e-05 -2.603397 -0.000532517760263 0 8.99183701535
-1.708861 0.000386403388475 -0.799842 -0.000198513037258 0 8.97096917911
-1.596495 6.45762116901e-05 1.309288 1.35086776915e-05 0 8.96645773104
-2.703526 0.000469346839148 0.709016 0.000142816656711 0 8.95950130522
-1.343122 0.000303802642471 -0.311337 1.73772335784e-05 0 8.98249392242
2.436475 -0.000243930846858 -1.259344 -0.000303970090796 0 8.97532283739
0.118957 5.43187805627e-06 -0.649035 -4.30280939363e-05 0 8.97335803116
2.680485 -0.000450902673493 1.010128 -0.000429134183816 0 8.95898119097
-1.989818 0.00023615338602 -0.032823 -0.000336167922496 0 8.94868136484
2.349323 -0.000419917826215 0.666524 6.3871862306e-05 0 8.94657297004
2.173106 -0.00041771929873 -0.686824 -0.000120490791065 0 8.96320467478
0.551707 5.21836460886e-05 -1.786599 -0.000582734207067 0 8.96905817698
1.586275 -1.98300209497e-05 0.016693 -5.58939763618e-05 0 8.97333464635
1.952505 -0.000480348866998 0.802621 2.07244884581e-05 0 8.94946896561
2.065535 -0.000172349941848 0.631747 -0.000160934002318 0 8.99271745793
0.817316 -0.000168668808567 0.195795 6.86483581023e-05 0 8.94930149356
0.088516 4.94177182253e-06 1.353435 0.000159511449368 0 8.93608619042
-1.298794 0.000183416164467 -1.480506 -0.000489680152193 0 8.98009394155
0.320543 -0.000249978290761 -0.623526 8.06445405333e-05 0 8.91191533134
2.803994 -0.000526663422634 1.641745 6.44396380548e-05 0 8.95292197264
-1.075742 0.000350331834144 -0.929572 -0.000231140428724 0 8.95380612038
-3.103119 0.000679115368197 -0.063402 0.000142584024628 0 8.93351316702
1.221536 -0.000124781841061 0.978429 -9.44766118736e-05 0 8.94451265884
-1.353741 0.0002656354239 -0.511658 -0.000127009397296 0 8.92123877473
2.010317 -8.44060392193e-05 0.372549 0.00016000600815 0 8.97179350371
0.650002 -0.000271403439648 -0.168777 0.000161029960023 0 8.90753346698
-0.672219 -2.65205776243e-05 -0.188755 -0.000642438610463 0 8.99866788449
-1.577907 0.000204293826216 -0.212851 0.000231838698983 0 8.94356761793
-1.444208 0.000265692002134 1.097603 -0.000149723740748 0 8.91642191963
0.14976 6.86790180931e-06 0.234592 -0.000316904713061 0 9.00908028464
1.331238 -0.000289870395229 0.798242 0.000228944936412 0 8.98412973416
1.612661 -0.000433196493402 -1.340869 7.90686567271e-05 0 8.89565518264
-1.62378 7.71607463704e-05 0.565372 0.000190682846343 0 8.90528732304
0.129455 6.65627975892e-05 2.594573 0.00040073825217 0 8.94403472938
1.04125 -0.000100331120216 -1.498666 -6.08676720235e-06 0 8.91677120009
-1.154607 0.000217897458015 1.683176 0.000291709774533 0 8.97360571219
-1.377805 0.000234350437259 -1.285656 -0.000399734599564 0 8.93777595801
1.355486 2.67950356569e-05 -0.022412 0.000260340317239 0 8.89165442072
-0.542546 0.000181032320401 1.126956 3.07116532689e-05 0 8.96817710221
0.671861 -0.000291879598056 0.462042 0.000231191777813 0 8.90831250422
1.737096 -6.17688246306e-05 -1.294512 -0.000584164733954 0 8.97837563071
-1.325316 0.000372752621523 -0.720836 0.000134270599666 0 8.95469681154
1.058357 -8.94010558456e-05 2.201235 0.000362906615556 0 8.88641442437
1.812799 -0.000429706196997 1.360154 -0.000441670120053 0 8.971024153
-0.358275 -2.66586081251e-05 -2.446456 -0.000516855879999 0 8.97739065436
-2.58794 0.000410719072639 0.865736 2.74773310956e-06 0 8.92947971545
-1.801279 0.000515188459182 1.547413 3.18380022186e-05 0 8.95462588948
2.903516 -0.000532381446954 -0.936682 0.000293528822457 0 8.88450362
3.615099 -0.000657555546973 0.91505 0.000679801498912 0 8.90654186217
0.609675 -5.97941091929e-05 1.102263 -8.88616333831e-05 0 8.9849050044
1.10381 -1.78916637027e-05 1.763236 -0.000429833065979 0 9.00636411853
0.952079 -0.000198260401076 -0.720061 -0.000213039775181 0 8.94949441975
0.69821 -2.49641869077e-05 0.96409 -0.000447049252499 0 8.98592252968
-2.638429 0.00046302027795 -0.541127 -0.000212570792587 0 9.00523089887
1.238533 -0.000215218563215 0.236281 6.8403719595e-05 0 8.96055850357
-1.832758 0.000405454125606 0.939259 4.71619698331e-05 0 8.94174089953
-1.193053 0.000316691382497 0.352199 -3.65698757375e-05 0 8.94255345239
-1.467667 0.000111971171811 2.156654 0.000686244781381 0 8.91042793369
-0.687174 4.59638346548e-05 1.729665 8.66510840133e-05 0 8.9399718717
-2.656736 0.000150886319665 -1.216684 -3.44278355844e-05 0 8.93933460566
1.257876 -7.06747719871e-05 -0.882428 -5.93355878171e-05 0 8.9485550031
-0.076225 2.7744437687e-05 0.069688 0.000206781158389 0 8.91199050736
0.856958 -0.000226348762785 1.266606 -1.38207350595e-05 0 8.95230484965
-3.048213 0.000422040459474 0.339401 0.00014311533383 0 8.94100125393
-1.41032 0.000245662526144 1.764784 0.000462804903296 0 8.91894753317
-0.946091 0.000123588811444 1.568311 0.000647191542716 0 8.91724620854
-0.707259 0.000178382253209 -0.032522 0.000266222459323 0 8.93742446224
-0.04436 -0.000103176474589 0.250036 6.85458657507e-05 0 8.9428768419
-0.782977 3.40329876101e-05 -0.585695 7.05160352339e-06 0 8.93489824347
1.91128 -0.000387780551436 -1.359357 -8.30311400243e-05 0 8.9271746572
1.956545 -0.00029787724532 -0.954728 0.000228806898782 0 8.92076912334
-1.693103 0.000366424671259 0.076785 -0.000104600476637 0 8.97130139999
1.331751 -0.000188066341324 0.006369 -9.73694527565e-06 0 8.92595200202
3.012445 -0.000448144137535 0.749144 0.000498236820469 0 8.89804528543
-3.058476 0.000553338571482 -1.911906 -0.000197560172384 0 8.92460433856
0.148692 -0.000107833141664 1.131423 1.51236309901e-05 0 8.91760635895
0.523984 -5.29474103198e-05 1.029999 -1.41300743016e-05 0 8.93632492667
-3.101921 0.000579532549744 -1.538605 -0.000361816205848 0 8.93206695459
-0.779023 0.000340156811032 1.426077 -2.20478375845e-05 0 8.94432629558
-1.808563 5.37852281826e-05 0.675936 0.00040252149036 0 8.93783015361
-0.463409 -6.16750796777e-05 1.469156 0.000269953414555 0 8.90729868497
-0.562512 0.000223235470211 1.083991 -3.86422020618e-05 0 8.96860837599
-2.09128 0.000217548442215 1.01263 4.12995005291e-05 0 8.93938744268
-1.104251 1.47278707996e-05 -0.430545 -0.000134860797421 0 8.94344356153
0.889781 -4.44271269134e-05 1.628987 0.000690834322335 0 8.9175282751
0.345135 0.000129135761025 1.276248 6.09719003904e-05 0 8.94981226434
3.041057 -0.00028770760606 -0.884682 0.000110017511246 0 8.92649911296
-2.173691 7.25425226975e-05 0.130784 0.000210030084598 0 8.93995223746
4.707154 -0.000903454323287 1.35546 -0.000378887276563 0 8.95938930909
0.566235 -0.000525522793631 -0.842237 -0.000167782777367 0 8.92738796799
0.322844 -0.000129977772828 -0.197071 -0.000175882292793 0 8.94166906813
1.688266 -4.09114399053e-05 -1.319668 -0.000218018183012 0 8.94091552275
-1.892565 0.000259580636131 3.311533 0.000161843420662 0 8.93737374154
1.814349 -0.000299666672005 -2.052723 -0.000407375672317 0 8.97152645317
0.130974 6.67174495396e-05 -0.02759 -0.000402088529091 0 8.93745262067
-0.428605 0.000119413443794 -1.662118 -0.000238723905898 0 8.94442772895
-2.09464 0.000584521162735 -1.94949 -0.000347541987132 0 8.95479523897
1.869032 -3.15700360229e-05 0.785112 0.000693563390274 0 8.91992355211
1.809199 -0.000510173140654 -0.083214 0.000296933199027 0 8.90752422088
0.51844 0.000246264838033 1.33243 2.77079578405e-05 0 8.94121650496
0.822245 5.39333199459e-05 0.189336 8.05672428894e-05 0 8.93479985092
-2.59959 0.000580630448775 -0.447538 -0.000242618708041 0 8.95128849056
-0.730862 0.000225377391507 -0.776957 -0.000237209322827 0 8.9595599099
2.303751 -0.000830842954963 -0.342182 7.35627972749e-07 0 8.96001945181
2.715126 -0.000290034861463 -2.654308 -0.000494707130936 0 8.95351868253
-0.20078 6.3962327703e-05 1.785499 2.08942640595e-05 0 8.97507383456
-0.810016 0.000495978486166 -0.635995 -0.000331969117593 0 8.98960681555
-0.829853 0.000101404505832 -1.458512 -0.000108713597562 0 8.92266514269
1.628126 -0.00038976608192 1.947646 0.000263030687437 0 8.92166130169
-2.363206 0.000333808527448 -0.815724 0.000330947324297 0 8.90111116118
-1.002288 -3.75423470072e-06 0.653184 -0.000358628673499 0 8.943841614
-1.066385 0.000422543030692 0.312152 0.000554407973789 0 8.86716623499
-1.755604 0.000323788733869 -1.059462 6.32031179593e-05 0 8.93357547398
1.66359 -0.000136507710055 0.21654 -0.000142702363449 0 8.96049266604
-1.757509 0.000341809523116 -0.687847 -0.000505326144095 0 8.96988504587
-1.754739 0.000267081595755 -2.603639 -0.000815336476017 0 8.99332974825
-0.585401 9.24031139219e-05 1.096983 0.000825598350423 0 8.90933508547
-1.288631 4.82957289317e-05 -0.324247 -0.000245092484591 0 8.95449050339
0.456707 5.98494876443e-05 0.234864 -0.000237033178037 0 8.99497781903
-1.13191 0.000171794176022 1.269538 9.92461627433e-05 0 8.91726841722
1.284851 -0.000170218730979 -1.1359 -0.000610841334342 0 8.99335452957
3.325666 -0.000429930143903 -0.560657 5.30532243996e-05 0 8.95348938111
-0.393605 0.000407709239596 0.635965 4.44221378327e-05 0 8.94175474571
-0.066419 2.09295035652e-05 -0.496519 0.00040705783866 0 8.90425052997
1.382795 -6.26178044962e-05 0.665365 -1.24066331756e-05 0 8.94883769949
-0.356675 0.000185618010486 0.413745 0.000201559696969 0 8.9244928362
-0.065174 -0.000113338541491 1.026191 0.000314705098581 0 8.93743238605
-2.182601 0.000280112503976 -1.539891 -0.000478701483097 0 8.97823234241
-0.629939 -8.76361501334e-05 0.441562 -1.98464911287e-05 0 8.90609001904
-0.383018 4.36803343581e-05 2.332368 0.000608807273573 0 8.87676714357
-0.942291 7.32493095114e-05 -0.091349 -0.000268665007953 0 8.96715024874
0.362806 5.94501219191e-05 -0.893886 -1.44078747021e-05 0 8.96422493136
-0.506484 0.000169713151658 -3.77258 -0.000850254321918 0 8.9287332485
-0.305493 2.27738430223e-05 2.044545 0.000189936356618 0 8.93276274345
-0.154148 7.83814501756e-05 0.137406 5.10236634931e-05 0 8.94124056821
0.050457 -6.34442246499e-05 1.169551 0.000236852916582 0 8.89341718279
-0.782494 -5.47557547054e-05 1.232792 7.81925127656e-07 0 8.90845345503
0.712284 -0.000173327116244 2.112793 0.000687444041494 0 8.86462708862
0.086993 4.36137266172e-05 1.514991 0.000348409745252 0 8.92649351326
0.890084 -0.000330007886727 -1.41016 0.000246414202182 0 8.91968980753
-0.979309 -4.01018346418e-05 -1.692111 -0.000514778890487 0 8.96379728608
2.615082 -0.00027464442423 0.720522 0.00012889824478 0 8.91215514627
0.371871 0.000138149437155 4.827019 0.000916645387395 0 8.95189519064
-2.950075 0.000409029654462 -0.599654 -2.05034023184e-05 0 8.93640672995
0.937215 3.95994060198e-05 0.469955 -0.000205644655209 0 8.93451187318
1.272525 -1.3037373123e-05 -0.147969 -5.26603903507e-06 0 8.91235550858
-2.995467 0.000302157758788 1.565514 -6.6926067119e-05 0 8.93361555209
0.073736 -0.000243198659665 0.166272 -7.3848571876e-06 0 8.91077734664
0.137548 0.000125353575959 0.260752 -0.000237833967039 0 8.98189859349
-0.036716 -0.000165461643225 -0.72728 -0.000393513048546 0 8.95772700479
-0.388032 -0.0002747262984 0.105033 0.000392290789991 0 8.89527837417
0.171866 2.84872891241e-05 1.017994 0.000108620631649 0 8.92639044911
-0.465951 3.36432706667e-05 0.354026 -0.000155649672638 0 8.96250212887
-1.064685 5.39544257592e-05 1.848583 4.21327270497e-05 0 8.9508257194
2.107604 -0.000200448450849 2.602516 0.000103622685414 0 8.93958149628
0.820832 -0.000168715380257 0.425724 9.21584306327e-05 0 8.95001187103
-1.308466 0.000171702439382 -0.155789 5.05860400136e-05 0 8.94161995458
1.72401 -0.000384060405298 -1.960172 -7.76574674107e-05 0 8.95507898997
-3.588505 0.000572757428518 -1.702693 -0.000137268253817 0 8.96692480608
-0.328369 3.06514301464e-05 0.963552 3.35966981862e-05 0 8.94361995906
-0.202686 -0.00012714754393 -0.947063 -0.000490222786688 0 8.98779648451
-1.966771 0.000345409234784 0.459385 7.13503146092e-05 0 8.94400043598
-1.866708 7.15791029325e-05 0.120758 0.00010774608042 0 8.9359002203
0.787265 7.88109554254e-05 -0.634213 6.51652804047e-05 0 8.96050796331
-1.273455 0.000267253997896 -0.349249 0.000456617293703 0 8.91416006129
0.378843 -1.2023524352e-05 1.565007 0.000568194434173 0 8.9172009633
-3.122904 0.000318866017804 0.2549 0.000248504161021 0 8.95218322778
-0.749701 0.000163396639523 0.796362 0.000561379982144 0 8.89410279216
1.692092 -0.000314669641342 -0.082565 -4.85396383445e-05 0 8.92359363646
-0.791444 9.27608949306e-05 0.781036 0.00012519953793 0 8.92731201886
-0.870723 0.000174434309309 0.565078 0.000165228422653 0 8.94701061757
0.559753 -0.000175618391207 1.224933 0.000276325835386 0 8.94358159944
-0.962777 7.56052882404e-05 1.677277 -0.000277908493414 0 8.96556592207
1.15571 -0.000252732658499 -1.307979 0.000274647904247 0 8.91044691477
2.330483 -0.00035839295964 1.641693 -0.000244946061765 0 8.96843717414
0.157316 -0.000233514136699 1.527879 7.94397344522e-05 0 8.96110651636
-0.086578 4.69318043027e-05 -1.571922 -0.000718676416885 0 8.98475311264
-0.319199 7.76165143183e-05 1.596759 0.000531590400352 0 8.89403745537
-2.690636 0.000264067475855 -0.487793 0.000432890566288 0 8.89074928292
1.55823 -0.00035938261569 0.561652 0.000161597912203 0 8.91165731366
0.908356 -9.3206434996e-05 -1.124791 -0.000341474416396 0 8.99421861876
-2.295093 0.000229317143541 -0.952726 -0.000153696284585 0 8.93651717845
2.527328 -0.000426957423511 -0.081191 5.0982975675e-06 0 8.94935184328
-2.299023 0.000449993325989 -1.407795 -9.66052449988e-05 0 8.94096667969
-2.504532 3.12885120969e-05 1.02261 -8.87008564664e-05 0 8.93321462873
2.375974 -0.000124544582857 0.471747 0.000334031382878 0 8.90600619913
-3.240166 0.000469195039133 0.926467 0.000266383335819 0 8.9460010659
-0.700633 -2.87297751739e-06 0.211728 1.32397149684e-05 0 8.9342639895
-2.509955 0.000216103031292 0.046888 4.98165109044e-05 0 8.88959554745
-2.087211 0.000381925801562 0.797779 -0.000123342737142 0 8.94901282953
-0.319411 -0.000192302571015 -0.09592 -8.94310473819e-05 0 8.90091339833
0.569549 -8.40297547407e-07 -1.045531 -0.000596818324669 0 8.98524510398
-0.34213 0.000248244843407 1.192491 -6.00835227409e-06 0 8.95224556454
-3.713451 0.000224382851028 1.765891 0.000232595899015 0 8.88585928731
3.647257 -0.000692277831083 -1.488764 -0.000453797629218 0 8.94581116203
-3.069505 0.000488089997099 1.195311 0.00041938687344 0 8.88206110468
-2.994553 0.000535873418512 -0.906451 0.000322681059123 0 8.92697769294
-0.862725 5.97521458575e-05 -0.571015 0.000145201511718 0 8.87512634817
0.813035 -0.000102863567613 0.530161 0.000218546231595 0 8.85685466883
1.629938 -0.0003964996012 -0.184262 -7.05211242081e-05 0 8.9758624814
-1.845289 0.000529050201913 -1.138639 -0.000697669403206 0 8.94671529678
0.327094 -0.000228378152393 -0.42263 0.000287006926428 0 8.91125707381
0.76307 -0.000216546817668 -0.472836 -0.000188180369788 0 8.96680236517
3.313576 -0.00041885700097 0.023598 0.000208384959316 0 8.93541031667
-1.359077 0.000137788675741 -0.298025 -0.000382192179567 0 8.97295822201
-0.779284 0.000222582744217 1.687428 0.000193639316316 0 8.9389274148
-0.09966 3.47718688726e-05 -0.373518 -0.000614884276128 0 8.97573221899
-1.578943 0.000250081119652 1.023964 9.40389942837e-05 0 8.94096679666
-2.638399 0.000482949210553 0.212507 -0.000304203904865 0 8.96958916102
-2.714859 0.000377826135998 -1.179082 -0.000326541359347 0 8.96881961276
3.042356 -0.000463516057311 1.045316 0.000507291691064 0 8.90713230943
-3.815815 0.00065128176094 0.900142 0.000541889424409 0 8.90690572089
0.102218 -0.000398715062502 -0.845822 -0.000229280204876 0 8.93789826938
2.641179 -0.00036671182054 0.979312 -0.000170440837652 0 8.9953165045
-0.359456 8.37802178131e-05 0.563644 -3.4661590291e-05 0 8.94466909162
9.8e-05 0.000187093083371 -0.986027 -0.000256438507027 0 8.98672000439
2.888788 -0.000312891045514 1.648066 -0.000487806326717 0 8.96240403165
-1.408419 -1.66974975881e-05 1.409008 0.000429926137765 0 8.90889879304
-2.129285 0.000206112770696 -1.054129 -0.000627112230765 0 8.97850688002
0.273533 -0.000224419730643 -0.324968 0.000211133686689 0 8.90734613539
3.116646 -0.000479254814696 -0.349786 -9.3510492356e-05 0 8.98907322257
1.522619 1.58102496778e-05 -1.705372 9.16308838858e-05 0 8.93163238669
1.567488 -0.00021025756449 1.016533 -0.000123819540551 0 8.9691289524
1.383747 -0.000230101481254 2.100877 0.000964073709397 0 8.85443756393
0.962698 1.56241449782e-05 -2.583035 -0.000188412143189 0 8.94780097792
3.962097 -0.000523348088418 -1.664497 -1.85552656495e-05 0 8.95554710784
-2.456773 0.000477270887353 -0.017656 -0.000359059299246 0 8.96911587592
-0.00578 7.27365508829e-05 -1.889718 -0.000380159249239 0 8.93906366898
-3.06484 0.000691015315569 -0.439279 0.000609785537534 0 8.906900607
-2.06437 4.59618981653e-05 -1.267292 -0.000221193454001 0 8.96540060861
-2.387301 0.000342985690696 0.40401 -5.7933063775e-05 0 8.89955420498
-1.857794 0.00031108062838 -0.192857 0.000202193665478 0 8.89293522259
0.631235 -7.24932189334e-05 -1.315225 0.000113191544444 0 8.90670449883
1.389634 -3.53335619517e-05 -0.345725 -0.000196915960041 0 8.94904857673
2.555264 -0.000427675932834 -0.89779 0.000456731281214 0 8.93081832165
2.025878 -0.000205678021233 1.557898 5.92566651342e-06 0 8.91249580533
0.479972 8.48837889643e-05 -0.042685 -0.000676221888538 0 8.99294617923
-2.725295 0.000411545988702 0.995222 0.000237720309532 0 8.92701751596
3.227212 -0.000435367336635 -1.129255 -0.000335140472806 0 8.98757226717
2.332952 -0.000291141826149 0.482254 -0.000184886546608 0 8.88597011632
0.415764 -0.000123352235494 -0.368684 -9.42015525838e-06 0 8.91476046584
3.096337 -0.00060189383931 0.899398 0.000150188580731 0 8.93858710676
2.542973 -0.000262909307037 1.573818 0.000412357769505 0 8.93788056548
-3.725657 0.0006675596793 1.333637 3.77608545119e-05 0 8.98531029862
0.878604 -0.000111065508493 2.648808 0.000507530353086 0 8.89739938514
1.387331 -0.000410118546741 -1.115825 2.98818578514e-05 0 8.93213174705
0.512529 -7.64807833799e-05 -1.48314 -0.000419984826531 0 8.97016688005
0.846058 -0.000258954889001 -1.136714 -0.000481955516756 0 8.96166757836
4.965327 -0.000756284219601 -3.33218 -0.00054819191095 0 9.00060956519
-0.702068 -7.97904075407e-05 0.019489 0.000525674741399 0 8.863045353
-1.379307 0.000149015046802 0.068526 -0.000373606464769 0 8.98014261913
-0.716565 1.98476592282e-05 -0.762309 -0.000104835277152 0 8.93508312381
-1.513331 0.00022616175062 -0.900209 -0.000371885965255 0 8.959670774
0.722907 -7.39566095566e-05 0.662221 -4.09394724953e-05 0 8.9602696927
-0.027652 -4.35439609799e-05 0.509447 -4.02892201038e-05 0 8.93581811697
-2.104215 0.000245777746591 1.614684 0.000358826591773 0 8.92257273804
2.18122 -0.000367756119825 -0.701821 4.75885580508e-05 0 8.94396879484
1.124425 -0.000121351181557 0.309216 5.92635671218e-05 0 8.95459494663
-1.580559 0.000147595780684 -2.198534 0.000288342409044 0 8.92211156858
0.5428 -5.01518855244e-05 -1.759545 6.12566459797e-05 0 8.91006428757
0.216483 1.23661145078e-05 -3.388684 -0.000655142177443 0 8.99110938457
-0.207624 9.13918963067e-05 -0.417749 -0.000189701861243 0 8.92534030541
2.936643 -0.000819282644512 2.142905 0.000453656325002 0 8.9224727174
-1.4907 0.000176413724247 -1.41822 0.000127076241026 0 8.93919067077
-0.298694 -0.000197316002638 1.203428 0.000312066804623 0 8.93520266331
1.369673 -0.000177254160024 0.972892 0.000166921211448 0 8.93380292793
2.896729 -0.000521006815895 -0.76991 -2.91423492054e-05 0 8.94533315956
-0.083339 0.00013006302375 -0.347179 -0.000313391318344 0 8.96069258319
0.018953 0.000188131286261 -1.409432 -3.29195551974e-05 0 8.95209966147
-1.998614 0.000338210376721 -0.664629 -0.000712801173776 0 8.98664970807
0.654164 -0.000166979735973 -0.604061 6.5642760545e-05 0 8.92760328886
0.433917 -3.12377087165e-05 -0.265142 -8.28008903577e-05 0 8.96518854596
-2.793868 0.000312856942439 -0.212997 0.000363080987803 0 8.881208678
-0.490683 -9.71710190064e-05 0.984637 0.000247387814999 0 8.92314181766
1.592393 -0.000214534496342 -2.030371 -0.000492451017407 0 8.96579285167
0.928602 -0.00026205182569 -0.226217 -0.000393362604867 0 8.98628932026
-0.433278 -0.000170043197182 0.11654 -0.000208445237594 0 8.97995378208
1.846649 -8.7027471583e-05 -0.260235 7.74223813942e-05 0 8.93603740272
6.020284 -0.000985320344489 1.196657 0.000145629462086 0 8.94904434662
-4.490006 0.000642536772516 -2.137483 -0.00045468261683 0 8.9810382064
-2.663111 0.000309341007565 1.372469 0.000435574793096 0 8.91904874867
-0.1757 6.91370273852e-05 -2.254882 -0.00117247463796 0 9.02347430768
-2.199454 0.000246370206532 0.867794 8.4475539123e-05 0 8.93001154533
1.733592 -0.000372188081347 1.553127 0.000450215642278 0 8.85392448455
-1.318768 0.000257214645165 -2.321506 -3.46444882239e-05 0 8.93121032982
0.512038 -0.000153448881783 2.399328 0.000516075109655 0 8.88771068674
0.773259 -9.02382762386e-05 2.405144 0.000223162394802 0 8.91139310413
-0.511921 0.000132107487182 1.558204 0.000513333835765 0 8.91289128998
1.962678 -0.000425853132476 -0.331819 -0.000476078072818 0 8.95880666152
-0.418135 0.000119475917044 0.286553 -0.000239034917635 0 8.97955700664
-0.173987 3.61034953177e-05 1.037366 0.00023836505539 0 8.93091854147
0.01962 5.48879874053e-05 2.21558 0.000290311259554 0 8.87514648311
-1.621806 0.000224631532732 0.473235 0.000257846552264 0 8.90016971277
-0.467265 -0.000113924496163 -2.596375 -0.000256474333414 0 8.92296809809
-1.59203 0.00035220101329 1.152579 -6.22602781121e-05 0 8.92331065463
0.709959 -0.000237543324437 0.054057 0.000142978061921 0 8.92867970544
-0.140259 4.02480216658e-05 0.636759 3.31957148516e-05 0 8.89213714883
0.278612 -7.32804082224e-05 0.854082 0.00074711204434 0 8.9223501987
-1.412419 6.20804228813e-05 1.333484 0.000193817829892 0 8.91920957624
1.127347 -8.05840913082e-05 -0.563683 -5.17712499703e-05 0 8.95586948551
-0.529695 7.06398002797e-05 1.546875 0.000314015873305 0 8.90719757684
-1.12628 0.000379954868784 -0.088936 0.000183243672585 0 8.94547601552
-1.641484 0.000119023161031 -0.498665 0.000361608052581 0 8.89774457673
0.89922 -0.00014210222257 -0.304953 -0.000552192294002 0 8.96525289605
1.335625 -0.000152024012081 -0.596275 -0.000482905444611 0 8.98354456637
0.896591 -0.000238220872445 -0.70562 -0.000449916511222 0 8.94990786823
0.441083 -0.000233657747055 0.317262 -8.43786491045e-05 0 8.93191420841
-0.351854 0.000119906234751 -1.497772 1.28617151914e-05 0 8.92030592569
1.069404 -0.000111024707667 1.082007 0.000670036670929 0 8.8769879533
2.185114 -0.000334678141885 0.061888 -0.000185048888887 0 8.94248008301
-0.104256 0.000151579972053 1.937964 -0.000324006527114 0 8.95177077519
-2.27279 0.000371716677646 -1.40791 -0.000775287998148 0 8.97157206163
0.362577 -4.83765534682e-05 -0.913555 0.000140962616177 0 8.94510062302
-1.921247 0.000154574101158 0.919344 -2.8450576868e-06 0 8.91995524244
-1.621692 0.000506693215648 1.045801 -5.1556097288e-05 0 8.95373476401
3.926625 -0.000843320920681 -0.495865 0.000123883937547 0 8.93989191064
-1.241019 0.000476955825119 -1.748266 -0.000825649423539 0 8.95276968704
1.411954 0.000184193229629 1.059689 -0.000182352931948 0 8.9689654217
-0.020392 -0.000126526314051 -1.213984 -0.000336190508138 0 8.9832918078
1.326717 -0.000228510515573 1.056335 0.000153879244282 0 8.9237729579
-0.561409 -0.000134708250395 0.032512 -0.000713365958841 0 8.97284906879
-2.060298 0.000362107630442 -0.27564 -0.000312068361587 0 8.96123625344
1.708846 -0.000182353502407 0.562058 -5.32201567975e-05 0 8.94787537104
1.168371 -0.000115526222793 1.365245 0.000629586250837 0 8.93078639122
-1.482089 4.90438631028e-05 0.666362 0.000315502741715 0 8.89509385873
-0.03043 -7.87960188464e-05 -3.180866 8.34355791123e-05 0 8.91157826682
3.322273 -0.000397264766753 -1.344851 -0.000540262410496 0 9.00181616604
1.576397 -0.000388123511733 1.391601 1.72210164575e-05 0 8.9227555413
-0.949925 8.72108135627e-05 -2.058151 -0.000651594518341 0 8.95620820908
-0.910774 0.000305413731603 -1.398984 -0.000341044002475 0 8.93141901925
0.060135 -6.23379235308e-05 0.355594 1.98034020957e-05 0 8.95146686001
-1.129297 0.00028725160188 -0.225006 0.000146296944087 0 8.94070370506
2.893128 -0.000463595500433 0.884544 -0.000284335319962 0 8.97252466817
0.967916 -0.000278001641771 0.854 0.000382989998541 0 8.92947354221
1.849995 -0.000507898864247 -0.367896 -0.00016098197669 0 8.96620264551
-0.308831 0.000124616451588 2.517333 0.000496863301174 0 8.92266513783
0.365742 1.10672564376e-06 -0.976172 -0.000286184888691 0 8.95214497572
-1.423985 0.000435776473814 -1.232136 -0.000387474688404 0 8.97446336556
1.244759 8.0671227409e-05 -0.122452 0.000353486293454 0 8.93920199608
2.551627 -0.000361680777082 -3.034328 -0.000793379394442 0 8.97033212893
-1.752896 0.000284169896287 1.402168 0.000321945079069 0 8.93310115267
0.35798 -9.33178014334e-05 0.076943 0.000437975501038 0 8.87783366993
0.19123 -9.08520384768e-06 3.22187 0.000452166725308 0 8.96472231845
-1.215576 0.000567272088107 1.314479 0.000450052386357 0 8.88773575398
-0.526641 0.00013643203387 -1.356243 -0.000235550641047 0 8.95546586021
0.192178 0.000227498817335 0.065677 -0.000245289571517 0 8.95146171465
-1.669926 0.000149815571628 1.79901 0.000354944818837 0 8.96721462847
-2.172011 0.000310652899721 1.342654 0.000142543347932 0 8.92935613008
-3.697119 0.000578968604075 0.468312 -0.00050584677176 0 8.96888854439
-1.915206 0.000274428312281 -0.088284 -0.000247864526267 0 8.94446596016
0.948948 7.27503831181e-06 -0.976703 9.5756240747e-05 0 8.93280285276
0.961378 -0.000147270661667 -0.348843 -0.00011148877766 0 8.97145151066
2.055852 -0.000542432329618 0.239195 0.000646884017304 0 8.91933055827
-0.866553 0.000162316632222 0.929174 -6.02750481994e-05 0 8.93515007919
-0.945998 0.000158112033969 1.788519 0.000470618280151 0 8.90536380599
3.028865 -0.000455313992322 -0.858715 -0.000155746655836 0 8.94073910003
2.62834 -0.000511608765143 -1.291855 -0.000593915932223 0 8.9594372815
1.116561 -7.99560200533e-05 -0.516056 -0.00053321455689 0 8.90672912049
1.589049 -1.11404120853e-05 0.99174 8.83972367357e-06 0 8.94667307925
0.482603 -0.00034047917482 0.623771 0.000870062714945 0 8.88215797588
2.192729 -0.000434449625698 0.034355 0.000216111322681 0 8.9505244654
0.10972 0.000292880646423 -0.075762 -0.000224329287641 0 8.92651510386
1.863483 -0.000376304922582 -0.712333 -0.000273029442409 0 8.93371442196
0.779825 -0.000110229287671 -0.400025 -1.75038998329e-05 0 8.9295665991
0.321332 -0.000340584439303 0.249104 0.000518327135633 0 8.89053032825
0.429293 0.00010887009359 -0.260458 -5.44481865386e-06 0 8.95372590607
-3.153839 0.000436792563066 1.110842 0.000264591263584 0 8.95293348759
3.223038 -0.000558785145003 1.808177 0.000317588037159 0 8.95686172353
1.774644 -0.000337186542418 -0.306739 -0.00023601295247 0 8.90855010452
-0.454654 -1.17053043369e-06 0.939892 -4.93314467869e-05 0 8.98694213134
2.674783 -0.000351202325973 -0.405887 4.48259561342e-05 0 8.94297674664
1.894277 6.23703061531e-05 -1.153011 -0.000242294877926 0 8.97333949922
-1.798411 9.00793130876e-05 1.818355 0.000314260099471 0 8.91400650503
-0.377064 -2.40998388996e-05 -2.20349 -0.000308133098389 0 8.93840452718
0.839532 -0.000294997458836 0.13534 0.000203905744846 0 8.94668758899
2.211969 -0.000231712716606 0.237499 -4.98521735996e-05 0 8.91257004779
1.956484 -0.000602902702053 1.926011 0.000313006076889 0 8.89292292837
-3.192901 0.000247074098698 1.430222 0.000189946945205 0 8.93374696128
-1.510787 0.000126290443734 1.815144 0.000412051825276 0 8.91369865329
-0.72731 0.000263908859298 -3.393166 0.000210658834745 0 8.90416047642
1.601481 -0.000373754108275 -1.024476 -3.95391694014e-05 0 8.92719849535
-1.671179 0.000385957348114 -1.81649 -0.000274767659049 0 8.96354953972
-1.109187 0.000319800881102 -0.99006 -0.000356987465468 0 8.96123295007
-2.118465 0.000364265540022 -0.333259 7.51557987556e-05 0 8.92214841039
-0.416985 0.000220674142569 -1.561195 -0.000205564395557 0 8.95091764113
1.323306 -0.000291078020553 -0.439416 -0.000515421360115 0 9.00791435501
0.268397 0.000157661151641 0.221814 0.000104715182551 0 8.93906361263
-0.60702 -3.44625412649e-05 -0.041878 -0.000427438749674 0 8.95270959796
0.906222 -0.000233713604725 2.406091 0.000341646091593 0 8.96226600515
0.308318 5.43333287587e-05 -3.009306 -0.000401050031801 0 8.92901241405
-3.012504 0.000578099660461 0.153777 6.32090365187e-06 0 8.95560960618
0.345669 -0.000194503863819 -2.39639 -0.000482800654399 0 8.9519486206
2.114628 -0.000319753161338 0.732326 0.000401621422076 0 8.88578661773
1.24712 -0.000198007649859 0.072052 0.00014813877385 0 8.93107473874
0.030663 -0.00018903344077 1.988736 -3.27254656608e-05 0 8.966411129
1.008968 -0.000291444450409 1.344199 1.29426302233e-05 0 8.93884047415
1.481127 -0.000192359170974 0.588806 -2.87028622057e-05 0 8.93402570973
0.707127 -0.000157774184666 0.880848 2.51352416687e-05 0 8.98383724793
1.32209 -0.000484742431767 -0.31942 7.67231590692e-05 0 8.91866635677
-0.647982 4.51839943314e-06 -0.357509 1.32917000051e-05 0 8.93749020742
0.618454 -0.000100998203908 1.649254 0.000431054568179 0 8.94763838036
-2.027024 0.000500411940749 -0.943044 -0.000276474220418 0 9.00307301383
2.135485 -0.000228122953837 -1.530962 0.000319624561007 0 8.93105922726
-5.118013 0.000851297640166 1.507026 -0.00024233488435 0 8.9466102231
2.097873 -0.000526128590998 1.072078 -0.000382189273738 0 8.96351339675
0.208536 4.64418956973e-05 1.797991 -8.38177073436e-06 0 8.94294297455
-6.009601 0.000921648478267 -1.405977 -0.000462430278503 0 8.96921537926
1.878054 -0.000412348750814 1.754178 0.000490809374848 0 8.9102003327
0.274004 -7.08567469835e-05 -1.131626 -0.000314986606316 0 8.99820731522
-0.383008 -7.35260551069e-05 0.808925 0.000409308866609 0 8.88090027002
0.509507 2.70034554191e-05 -1.330424 -0.000219226874213 0 8.95548109122
-0.624173 -5.63542500321e-05 1.114928 -0.000275966168882 0 8.93301912919
-0.262424 5.62896418979e-05 0.573893 -0.000397804375684 0 8.9773817075
-2.212772 0.000452113303258 2.016415 0.000452677021478 0 8.8662477055
3.626841 -0.000587040169276 -0.734828 -0.000202352016064 0 8.98331865808
-0.515449 2.04567125367e-05 0.068831 -0.000355845887206 0 8.949577651
-0.521921 -3.98016080861e-05 0.973778 0.000290757872172 0 8.92492792763
-0.051181 -4.67085135573e-05 0.15236 0.000298133514572 0 8.91558060253
-1.410899 0.000133285636997 -3.539024 -0.00099755480873 0 8.95643530977
0.411212 -7.27336531153e-05 -0.348323 -0.000172869415543 0 8.93684488586
-1.53181 0.000236213532745 -0.027621 -0.000163356855931 0 8.95371097108
-2.192029 0.000208445057914 -1.40507 -0.000107056276068 0 8.93972709739
3.015057 -0.000470594885016 1.560252 0.00022028148701 0 8.94779099147
0.301872 -0.000320897014222 1.95089 0.000555218767415 0 8.8885879748
-0.715235 -8.28858895019e-05 4.282992 0.000928154896696 0 8.90203640072
-2.212966 0.000470882199193 0.011876 0.000255328418716 0 8.90529172947
0.456884 -0.0003944804707 0.518311 -0.000293717556279 0 8.93901829128
0.002106 -0.00020401694374 -0.135866 -0.000162939091797 0 8.97566505836
-0.80113 0.000149812273408 -1.070223 0.000340501160266 0 8.90687007325
-4.377535 0.000546163085862 1.483647 0.000229703261374 0 8.92630770919
-0.56504 5.19345693639e-06 -1.284728 0.000481491272137 0 8.86205302521
0.591842 -2.23543429424e-05 1.634071 0.000443439310555 0 8.88336555393
-2.711472 0.000444995688114 -0.469873 -2.87594085199e-05 0 8.92491863963
-2.559859 0.000521890795207 -1.040773 -0.00017675170095 0 8.95574738736
-1.024627 0.000117343043661 -1.471915 0.000339321160735 0 8.87014271442
1.896028 -3.60935486541e-05 0.536052 0.000207767153955 0 8.9283104038
-1.567162 0.00028505592487 -0.097334 -3.04895496326e-05 0 8.92029315396
2.139692 -0.000351161384911 0.469047 0.000429493630805 0 8.94561445222
1.022024 -0.00015367608862 -2.368439 -0.000402341213866 0 8.95622592545
-3.707781 0.000721512584994 0.36697 -4.48527103304e-05 0 8.95570671459
3.571528 -0.000370226063286 1.497298 -0.000158888349451 0 8.9803718629
-0.313557 -9.14956464931e-05 -0.916425 0.000468897155445 0 8.89004099791
0.404987 7.68741733794e-05 0.750453 4.13705671706e-05 0 8.94475302136
-1.316029 -7.44065741636e-05 2.355629 -4.03716067446e-05 0 8.94350063684
0.690102 -0.000259090907839 1.812418 0.000736237429963 0 8.88241198795
-0.065756 5.95718183951e-05 0.215715 -5.25260410003e-05 0 8.97791564394
-0.580211 -0.000126519019966 -0.100476 0.000134193064942 0 8.93247473706
1.714467 -0.00017507102638 -1.317812 -0.000118686476299 0 8.955097874
-3.88011 0.000316019961045 1.573202 0.000102843626251 0 8.94309186748
-3.905526 0.000721142380775 1.37615 0.000109111322026 0 8.90687194972
1.915418 -0.000259005723314 -1.516339 -5.62939393824e-08 0 8.9843707909
3.128661 -0.000551464371329 -0.060066 0.000110522747905 0 8.93816121125
-0.116237 -0.000251597343537 2.418182 0.000434208621461 0 8.89561347978
-0.495831 -5.04597856916e-05 -2.576072 -0.00025193565963 0 8.96561904329
-0.178692 2.69624380801e-05 1.308587 0.000442775778626 0 8.92340423053
0.393822 -8.39231435069e-05 -1.018039 -0.000342661982729 0 8.93635846495
0.951648 7.83543722898e-08 -0.414418 -0.00018543680535 0 8.94482968313
-2.283628 0.000262148037965 -0.461524 0.000559357759693 0 8.89698209305
0.62712 2.35950850474e-05 -1.191622 -0.000100368090536 0 8.92789970547
2.019199 -0.000254864579246 -2.013256 7.65104980342e-05 0 8.94168629865
-0.830521 -2.33099037155e-06 -0.526967 -8.67004587091e-05 0 8.96475982408
-1.061124 7.88926837687e-05 0.744255 0.000179862740914 0 8.91366262931
0.744946 -0.00018939550491 -1.364488 -0.000222968998004 0 8.9288804326
-0.149208 0.000188832983278 0.092979 -0.000117637867909 0 8.92963273243
-2.506017 0.000464809804795 1.101575 0.000530188834714 0 8.89846670374
-0.921072 -1.83567008206e-06 -0.017519 0.00064030759996 0 8.91602549128
0.547453 -0.00010116476257 0.391341 0.000211990596676 0 8.94041158442
-0.403363 6.45567110064e-05 0.224299 0.000362939946129 0 8.90486896309
-1.116335 0.000203549904837 0.393357 4.79423259249e-05 0 8.93451716917
-1.511751 0.000470125461589 0.665257 0.000312665036003 0 8.91621608375
3.273817 -0.000459410807925 0.160249 4.40173440068e-05 0 8.9253432843
0.686871 -0.000190335192669 1.127695 0.000224631476785 0 8.89069377321
-1.792401 0.000119809595693 1.025096 0.000385380855524 0 8.8660351494
-1.075269 -3.20194260432e-05 -1.179934 -0.000265703358838 0 8.9724643586
-1.084676 0.000341279167211 -1.402673 -0.000533225970109 0 8.91287071999
-1.383396 0.000444609109939 0.235921 7.19285401634e-05 0 8.93610462214
-0.483229 6.24964500208e-05 0.764438 0.000140961723117 0 8.91634461329
0.627057 -5.47570892386e-05 2.727749 0.000505006542675 0 8.87887424593
1.240462 -0.000202503864315 -0.041798 -0.000105667336494 0 8.95966219086
-1.628646 0.000330073590507 0.87652 -6.63534547851e-05 0 8.91545413156
-1.1e-05 -6.41026825217e-05 -0.312714 -0.000243035677752 0 8.95981120104
-1.54127 0.000424235611287 -0.233727 -0.000477581974082 0 8.96515568562
2.257578 -0.000386847450328 1.200117 0.000340303057897 0 8.91293322694
0.828878 -0.000328291756432 0.80041 7.84365752254e-05 0 8.93464601065
-0.446686 6.17080985175e-05 -1.775142 -0.000281997273121 0 8.98613039874
0.866536 -0.000174424514893 -1.114391 -0.000163962821449 0 8.93942846264
-5.120058 0.000812945984584 -0.795523 -0.000225403649909 0 8.95012972187
-2.733608 0.000396184206943 -1.429888 -0.000254624171909 0 9.01082733061
-1.111317 0.000328721581254 -0.753817 -0.000176061334491 0 8.94602393571
1.990353 -0.000472143770942 -0.863957 -0.000164987963699 0 8.93163830725
-0.841109 -5.841908473e-06 -0.351301 -0.00054430321154 0 8.97758451784
1.362967 -0.000173880331396 -2.515861 -0.000495677918546 0 8.98620804564
-1.637773 0.000252721808274 1.790652 9.62700238547e-05 0 8.97209797626
-0.832614 5.10299346363e-05 0.129735 -0.000363290370371 0 8.98881772769
-1.930819 0.000237155275365 0.888469 0.000289901831358 0 8.92144901698
-1.124053 8.67137904683e-05 0.41948 -0.000195108720086 0 8.9595432909
1.10139 7.91892451821e-06 -1.141203 -0.000315201772028 0 8.95554733408
-2.180349 0.000145541429657 0.677106 0.000471134209442 0 8.87648757937
-0.867567 0.000162814369719 -0.07052 3.45256840209e-05 0 8.95235790721
0.701884 -0.000242637884663 -3.694007 -0.000882583554962 0 8.96923169574
2.524524 -0.000368165444419 -0.010273 0.00011027479061 0 8.9570540545
-1.278055 0.000111327035718 0.149582 0.00019044588342 0 8.91002063645
0.329967 3.73460597342e-05 -0.399992 -0.000294235248055 0 8.97550040878
0.072923 -7.15652481504e-06 1.047903 -5.36618570178e-05 0 8.94903369714
-1.865856 0.000374512037173 -1.666447 -0.000535941620987 0 8.95403863623
2.449716 -0.000285305367645 -0.39196 0.000120207927543 0 8.88539377249
-0.171737 -0.00011083239468 -1.341932 0.000352587659145 0 8.86936564189
1.153301 7.79622247722e-05 0.019553 -0.000299552755767 0 8.96852246739
2.828396 -0.00018970459812 -1.813845 -0.000657945683949 0 8.97197613659
-0.423247 0.000182504066395 -1.208989 0.000126171663878 0 8.92244586358
-1.845792 0.000416889848178 0.048106 -0.000196039271741 0 8.9539004985
0.988029 -5.18989327759e-05 1.395221 5.40787617951e-05 0 8.93267939051
1.069529 0.000114265706331 -0.857281 -5.24284862853e-06 0 8.9318037808
0.360209 6.34243179783e-05 0.188906 0.000200981792515 0 8.91610549486
-2.935622 0.000536065457233 -4.318696 -0.000867594472913 0 8.98471217813
0.465626 5.20691875119e-05 0.893752 -0.000111228275109 0 8.92854608011
-0.203666 0.000231334526655 0.576783 -0.0003597951062 0 8.96198559342
-2.629372 0.000284652228952 1.340061 0.000952712127559 0 8.8801084943
-0.607805 0.000119179674666 1.249772 -0.000114440153878 0 8.9756061067
0.810921 -0.000147426436341 -0.604514 -0.00048542007812 0 8.95761782536
1.07254 -0.000305091632689 3.192443 0.000373536032432 0 8.91207995734
-1.17086 0.000171001483738 1.057752 0.00018363637401 0 8.93983514613
-1.238756 0.000356320261736 0.85202 0.000172745747708 0 8.94582095239
1.813328 -0.0003902012246 1.739453 -0.000101249640544 0 9.00341647166
-1.247554 -9.94130443877e-05 -0.151116 -0.00012629579332 0 8.95988446562
-1.636392 8.02518939862e-05 0.832837 0.000170604653092 0 8.91558041645
-0.21162 0.000135602171601 -0.122932 -0.000221975474882 0 8.94895994094
-2.873672 0.000438992943313 -0.762724 -0.000414634855495 0 8.93466513711
1.976962 -0.000487017665873 -0.202 -0.000219347659322 0 8.93232006456
-1.76098 0.000172418059565 -0.624561 -0.000130941944698 0 8.93466128284
-0.748067 0.00024828424299 -0.300539 -0.000419465942033 0 8.9524114799
-2.727446 0.000346018474839 2.059979 0.000495344663115 0 8.8874734244
-0.930642 -5.72488589529e-05 2.455544 0.000723332533615 0 8.91614791121
-4.05184 0.000569954565908 -1.284977 0.000163927958072 0 8.91845153711
-2.28243 0.000484068793661 -1.635852 -0.000153067507762 0 8.92692214859
1.126049 -0.000156427717337 -1.560301 0.000119881983298 0 8.95198735797
-2.710256 0.000218844535888 2.249601 0.000606488878204 0 8.87892926628
-0.442901 0.000243919242143 -1.485641 -0.000582725830135 0 8.96273993249
0.879636 -2.04027640211e-05 0.341361 0.000402369796315 0 8.93067338444
-1.11818 8.24815842765e-05 -1.292903 2.14181623083e-06 0 8.91395756092
0.981123 3.4373753189e-05 2.336286 0.000526368597786 0 8.89370633958
-1.121309 0.000117471123428 1.005248 0.000436171041382 0 8.88078602436
0.472355 5.79068731308e-05 -0.955497 -0.000262510358773 0 8.95294253916
-1.236178 6.32645671851e-05 0.888594 0.000222901108337 0 8.94755091107
2.811926 -0.000346150826911 0.720001 4.36838715441e-07 0 8.94507720011
-0.645205 6.94499043884e-05 -1.343625 0.000176005712499 0 8.93408364755
0.090869 -0.000232059303526 0.664712 -9.29529242375e-05 0 8.92551685629
-3.169388 0.000733514853418 -0.393033 -0.000126915986701 0 8.97347980528
-3.508553 0.000323418207724 -0.347553 -8.0685168151e-05 0 8.94322084767
-0.022313 -0.00018366034151 0.34838 -1.14081325549e-05 0 8.9440580984
-3.187417 0.00024531280597 -0.801415 -0.000123204574131 0 8.99158132504
-1.816785 0.000456466498981 -0.363921 -0.000389041101257 0 8.97677010386
-0.725543 0.000266083806926 1.595435 7.89245977067e-05 0 8.93832263591
0.316676 -7.85876072207e-05 0.938467 -0.000260558284805 0 8.96501727102
2.308285 -0.000280473055363 2.39181 0.000165032074601 0 8.91327212435
-2.350015 0.000312894854492 1.661819 0.000481840472687 0 8.92687679123
-1.328353 0.000107361574953 -0.285964 2.96274716005e-06 0 8.935408429
-1.655595 0.000419352305126 -1.616479 -0.000210061252095 0 8.97048886452
-0.612117 0.000176022790383 -1.165485 -0.000272790714508 0 8.96940795969
-0.732094 0.000213962469815 -0.259321 4.98476170083e-05 0 8.95219871238
-0.083766 6.38770090107e-06 0.097921 0.000226737867036 0 8.90844868731
1.011007 -0.000251715320128 1.842718 7.20633811225e-05 0 8.94847866238
-0.811534 7.50521214815e-05 1.289067 0.000437642740869 0 8.92462506607
-1.866837 0.0003169208698 -1.074761 -0.000236178506739 0 8.9288507932
-1.624557 0.000425391640715 0.669747 0.00019827491112 0 8.92682864203
-1.153566 0.000395558870688 0.602376 0.000106868607901 0 8.96947291705
-0.054443 -9.586689555e-05 0.089846 -0.000357154756854 0 9.00276495845
-0.147753 -0.000185959384002 -1.306559 -0.000589242890538 0 8.94584415847
2.773737 -0.000229018418725 -0.216803 -0.000354378925883 0 8.99398953444
-0.995648 5.98087086949e-05 -0.508005 -0.0001842414645 0 8.9659411717
-2.323403 0.000340843534768 -1.88064 -0.000282502484634 0 8.93226961551
1.634105 -0.000263092028405 0.544827 -7.5048445181e-05 0 8.92923091477
0.277564 4.03546822648e-05 0.046053 0.000153779415279 0 8.96118335024
-2.431287 0.000582585723382 0.803981 -3.29401048871e-05 0 8.91581384984
-2.737296 0.000353186132955 1.939351 0.000669928490391 0 8.89390402113
1.168069 -7.51381331926e-05 0.127961 -0.000121296031078 0 8.9226209205
-1.21107 6.43449661812e-05 1.221127 -0.000115801059105 0 8.95287323633
-1.637001 0.000234347156077 -0.886832 -5.91618199721e-06 0 8.95015885671
0.633335 -0.000345972757003 3.109416 0.000480547377671 0 8.89287134877
2.086408 -0.000293482605843 -1.249129 -0.000260415611734 0 8.94976513583
-1.594093 0.000400222266346 0.645674 0.000128935789352 0 8.9168699698
-0.172283 0.000147842852424 -0.265103 4.2453065344e-05 0 8.95254769919
-0.657455 1.68435480609e-05 0.555929 0.000248443733019 0 8.9511179437
1.177801 -0.000315783657229 0.741185 -3.42092159584e-05 0 8.94083263275
1.21097 -0.000292123327398 -0.081329 -0.000225213701324 0 8.97609534007
-3.914673 0.000615805379351 -0.701962 5.49097285979e-05 0 8.94905899278
0.814366 9.86686282619e-05 0.394639 7.2094662872e-05 0 8.94901114255
-0.441495 0.000180515999394 -0.03703 0.00023483084688 0 8.93540359342
2.594935 -0.000536163324826 -1.073012 -0.000464320704019 0 8.96613589824
0.310623 -0.000152756016536 -1.078273 -0.000378438704793 0 8.98800374293
-0.794357 0.000201186226803 1.862893 0.000198977852129 0 8.92836598436
2.752313 -0.000360995593122 1.198478 0.000316780517546 0 8.92264241771
4.196511 -0.000481833676556 2.389159 0.000250269859057 0 8.92101171218
1.15353 -0.000346823988896 -0.556914 -0.000116049521339 0 8.95937634774
-0.312143 -4.77805481621e-05 0.051481 0.000315548606009 0 8.93273609653
-2.424504 0.000532629704304 0.450866 0.00039966585868 0 8.89039930581
2.271906 -0.000572844798149 -1.642038 -2.40895629532e-05 0 8.94081410653
3.256413 -0.000478637767149 0.7922 0.000359979157293 0 8.94033173404
2.365525 -0.000401505618031 -1.041152 0.000105671742947 0 8.90768367505
2.971376 -0.000634536132865 -0.366025 0.000127147708045 0 8.92806775271
-0.718583 0.00010292718824 -0.076026 -0.000499378972881 0 8.9578834458
0.272597 -1.93007902734e-05 0.646307 0.000234985804054 0 8.90181459074
-0.23066 0.000181288912267 0.647363 2.22735473765e-05 0 8.99430339352
0.713755 -2.57267188539e-05 -0.833984 0.000106107379897 0 8.91809598352
-1.465249 0.000320944547791 -1.448117 2.25799294641e-05 0 8.91627391453
-1.935109 0.000270597667776 -0.460674 -0.000243558389665 0 8.94742455343
1.858426 -0.000315706768517 0.853962 -0.000310230547319 0 8.92837063178
-3.107973 8.09486120547e-05 -1.844085 -5.63582661789e-05 0 8.93928867555
1.586998 -0.000346103644537 -2.648131 0.00018965807466 0 8.94018322662
0.118543 -0.000170557730707 0.445428 -0.000143405880598 0 8.96974247272
-3.216497 0.00048502447714 -3.477081 -0.00059908253444 0 8.94969892668
0.818125 3.77689313313e-05 -0.693483 -0.000302271567491 0 8.95660267412
0.417962 5.63785123941e-05 0.903856 0.000217077896028 0 8.95772234294
-1.840331 0.000213928390016 0.18617 -0.000235536317616 0 8.95905308433
3.227075 -0.000381364372765 -0.091163 -2.19418508331e-05 0 8.92740957351
2.732024 -0.000354927615387 -1.068828 7.02901337459e-06 0 8.90557384008
2.947503 -0.000407457693545 0.885056 -0.000555597501063 0 8.98620931293
0.028473 1.63958501729e-05 -0.747351 0.000109137817854 0 8.912622092
0.885724 -0.000332710791747 1.13026 0.000352854950419 0 8.92804327197
2.346166 -0.000579408974062 0.230355 -9.88030709422e-05 0 8.91479616101
0.653931 0.000139211139735 -0.077466 -0.000322712675167 0 8.97452444377
0.801441 -0.000146582527819 0.022145 -0.000549429400187 0 8.95908239974
2.760744 -0.000309790994069 0.325403 -0.000430702569261 0 8.98261650682
-3.535046 0.000428645074235 0.47715 0.00020393165415 0 8.8796550336
-1.67361 0.000123557164112 -0.631417 -0.000214746470888 0 8.93420807528
2.63047 -0.000348049046293 1.033171 -4.08929291771e-05 0 8.95897513345
-0.609073 -0.000222700805281 2.177173 0.000247946643786 0 8.92671212831
-2.783999 0.000738997666181 -0.001768 -3.78449813044e-05 0 8.95086550913
0.09035 0.000115245467255 -4.190582 -0.00109131215908 0 8.98288979361
-4.024907 0.000664361734873 -0.044432 0.000404414439885 0 8.89818490726
0.187424 -0.000136389342064 1.109364 -0.00024847815716 0 8.94458850546
0.5888 -1.34521988855e-05 -2.0584 -8.93627930156e-05 0 8.94846614307
-0.230755 6.92558110982e-05 2.170957 -2.37451031577e-05 0 8.94955525758
0.29553 -1.37090144575e-05 -0.560031 0.000185746493789 0 8.89003983692
1.742589 -0.000356161905576 -0.169639 -0.000416144651934 0 8.96289291391
0.266368 -0.000217585116681 0.006527 4.87778201866e-05 0 8.94068530728
2.119213 -0.000125813603004 1.356068 -0.00018617602697 0 8.9759200567
-0.637564 0.000147565550905 2.089999 0.000327970190024 0 8.95425917094
-0.788784 5.31248078253e-05 -0.734115 0.000193089039812 0 8.91557436943
3.294441 -0.00050708776707 -1.828497 -4.96914880658e-05 0 8.93905097849
-1.846814 0.000467446629954 -0.263274 0.000358776812447 0 8.91238354275
0.370967 -0.000208813691226 -0.414757 -0.000212111634584 0 8.92076659064
1.044599 -6.93453401262e-05 -0.120624 0.00069691002289 0 8.92575395684
-1.370908 0.000140628180819 -0.012967 3.65373386051e-05 0 8.90421334906
-2.439776 0.000466323321603 1.908887 0.000166624337222 0 8.93844442883
0.061462 0.000182289010916 -1.202909 -0.000542473957491 0 8.96246428652
-1.579359 0.000100084709463 -2.141296 -0.000593277218292 0 8.94840972516
-1.244512 0.000273769818376 -0.819192 -0.000871710435047 0 8.96500187841
-0.29007 -0.000126892359743 -0.618809 -0.000718892688101 0 8.96944226319
0.287683 -0.000123735828869 0.044262 0.000544992343922 0 8.92806568256
-2.315414 0.00039957203208 1.975241 0.000405220738556 0 8.96543291947
1.320627 -8.18343141626e-05 2.322841 0.000225309236074 0 8.94597495538
-0.171023 7.74858695017e-06 -0.193409 -0.000129469520175 0 8.94118146524
-0.838874 -5.91399936688e-05 1.725769 -6.56982137106e-05 0 8.96203530417
-3.394846 0.000228870243451 -0.436607 0.000333576541212 0 8.90838613915
-2.180675 0.000417201817534 1.16306 0.000354773453872 0 8.91600540145
-2.717034 0.000246012004852 -1.490385 -0.000279722444943 0 8.91640156612
0.193686 -0.000142641949022 -3.368082 -0.000136737833988 0 8.93523599084
-1.242261 0.000219217296116 0.197118 -0.000200353588572 0 8.96002377432
-2.513402 0.000286946733717 -0.204114 -0.000185725378177 0 8.91241939642
1.387784 -0.000395653522325 -1.403591 -1.59813383473e-05 0 8.94951435316
-1.096176 0.0002575575046 0.21944 -0.000151263437929 0 8.92235608256
1.547074 -0.000421016382251 0.632292 5.25144827485e-05 0 8.95390707367
-0.505004 4.5392266367e-05 -1.000619 -0.000268101920437 0 8.92946893473
-0.649571 0.000117952686925 -2.716401 -0.000804642965476 0 8.95138229812
3.301472 -0.00060528779413 -0.083899 0.000192516413603 0 8.9385418936
-1.209128 0.000229731249581 2.720623 -4.17352540471e-05 0 8.96805681079
0.756942 -0.000138210866767 -1.433806 -0.000427334389511 0 8.97256597484
0.542906 5.26161721198e-05 2.474489 -0.00011838804058 0 8.96831835724
-0.754837 7.13920102511e-05 0.009253 0.000432796769124 0 8.92490493243
3.192983 -0.000402715959345 0.351007 7.73470335499e-05 0 8.91526856878
1.00478 -0.000142778336258 -1.321281 1.4500796159e-06 0 8.91111658037
-0.536171 -8.67677172732e-05 0.216099 0.000267050604386 0 8.9228841445
-1.266372 1.06635474891e-05 -0.387712 -6.82572203691e-05 0 8.89284740197
-2.261348 0.000345676352624 -0.877923 -9.46438325232e-05 0 8.94975166301
0.377301 -0.00016419361158 -1.262832 -0.000490421568748 0 8.95754082131
-1.511966 0.000190648147705 0.911414 3.94159006294e-05 0 8.9442120343
-0.252516 -0.000132318144771 -0.066652 -0.000198548589071 0 8.96711581188
0.646129 -9.29418509628e-05 -0.432233 -1.99485953099e-05 0 8.93937605415
0.909029 -0.00018234477652 0.261109 -9.72036643801e-05 0 8.94225599931
-1.488884 0.000435482042169 -0.424346 2.88496857788e-05 0 8.93756062377
-1.794391 0.000540732927462 -0.881687 -0.000127165461556 0 8.93896383314
-2.776495 0.000763877035639 -0.629787 -0.00047840919778 0 8.99133712589
-0.760757 0.000261125811075 0.008807 -0.000211490790284 0 8.93410053023
-0.953061 0.000418378138319 1.083907 0.000144948830545 0 8.94055679537
-1.338949 0.000183527725247 0.439173 -0.000160530314538 0 8.89224398887
1.474852 -2.42946026948e-05 -2.07184 -0.000414789523188 0 8.95681475142
-1.74976 0.000505639792974 0.176418 0.000264080698799 0 8.95466562615
-0.680246 -4.74467595609e-05 0.588807 0.000217394347169 0 8.90054564488
0.158062 -2.51632279416e-05 -0.533149 0.00012634018992 0 8.92644962018
-3.440391 0.000456180283866 -0.624201 0.000338024754453 0 8.8907326507
-2.802167 0.000485446654081 -0.662874 0.000265611371667 0 8.91990831731
0.139074 -3.17153769226e-05 1.312968 0.000291935613098 0 8.9353414363
-1.515198 0.000148305436756 1.014064 0.000862326708584 0 8.88237545234
-0.513197 0.000125080239927 -0.945528 -0.00028612002952 0 8.93394405096
0.238657 5.14745688224e-05 -1.701118 -0.00056778268696 0 8.96322060999
1.0125 -0.000453107486424 -1.405514 5.4507801989e-05 0 8.94276449333
0.209954 -0.000224158044246 -0.05841 0.000157021768641 0 8.92772659578
-0.114098 -1.60907766992e-05 0.347083 0.000304774379813 0 8.90717743326
0.401203 -6.2467844357e-05 -2.030103 -0.000360324807011 0 8.93991631197
-1.047835 -2.50650110538e-05 -0.834071 3.48447245784e-05 0 8.93402246094
0.994788 -7.00720411999e-05 3.963057 0.000194647652284 0 8.95102235174
-2.439737 0.000627468038843 -0.003853 -0.000174867531113 0 8.97183862981
0.98301 0.000131036326521 -1.315045 -8.76195901444e-06 0 8.92600481992
2.607351 -0.000397204204056 1.886401 0.000422768085959 0 8.89052118273
-1.232766 0.000382668666621 0.329488 -0.000261803338793 0 8.96950175698
2.696754 -0.000274048002681 -0.77013 0.000278998420792 0 8.93451175247
-0.879352 0.000197651055817 -0.465088 -0.000186443186323 0 8.92784535268
1.641051 -0.000317239374946 0.727476 5.68181668267e-05 0 8.90509854125
-0.191188 -0.000370377195473 -2.269956 -0.000124993936615 0 8.90506214265
0.012625 -7.3336629473e-05 2.723912 0.000348581898059 0 8.92476409447
1.706668 -0.000409290252396 2.666047 0.000239524421493 0 8.88408419156
1.557098 -0.000273152572723 1.319789 0.000340125236864 0 8.95085522207
-1.224234 0.000246408002283 -0.881997 0.000312447437471 0 8.91117828968
-1.363169 0.000307757260528 -1.735969 -0.000894702591203 0 9.01961253374
2.11882 -0.000304058800168 -0.895489 0.000292839770714 0 8.93856361886
0.270848 -2.26899645538e-05 -0.285266 8.10962124755e-05 0 8.92838510492
-1.529203 0.000616299386945 -0.320813 -0.000295828153382 0 8.95662976036
1.948686 -0.000103710451188 -0.766657 0.000173346013484 0 8.91618224533
3.995384 -0.000741388187457 0.467222 -0.000458354452312 0 8.964721309
-1.429555 0.000280726653921 1.46077 0.000121479763553 0 8.95194235083
3.007672 -0.000447477875613 2.088431 0.00035782981778 0 8.90254573958
-1.207004 1.37019909401e-05 -1.589939 0.000117442903203 0 8.93584214091
2.541583 -0.000398702524357 -2.553797 -0.000781158864173 0 8.97876913494
4.009136 -0.000745478759096 1.880901 0.000520344040634 0 8.93008442043
2.602624 -0.000708188698637 -3.201325 -0.000850386800178 0 8.96746258411
1.841957 -0.000208060618577 -0.764294 -0.000142659795281 0 8.98987206113
-0.96377 0.000231494466355 -0.614955 -5.74308067853e-05 0 8.94647870625
0.753949 5.721403934e-05 -0.428014 -0.000600919749659 0 8.94970632715
-0.922588 -0.000141554905895 -1.62933 0.000361320835294 0 8.91281392945
2.956469 -0.000449425448521 0.133903 0.000338693374226 0 8.93335818774
-2.885874 0.000404477139498 -0.699757 4.77954513943e-05 0 8.94700182252
1.611357 -0.000331247099764 -0.888106 -0.00018094524792 0 8.95915064651
0.073601 0.000176814304249 -0.334689 0.00025218011554 0 8.9394154001
-0.483646 0.000175409675687 -0.752279 -5.12189376255e-05 0 8.94847611007
-0.328722 5.99184314874e-05 -2.365951 -0.00119649429048 0 9.00635776414
1.561718 -0.000102503041662 -1.262312 -0.0005833936048 0 8.97829311187
-0.664445 3.2129655227e-05 -0.37047 -0.000159048356691 0 8.93796425065
0.863465 -0.000137728285451 0.138651 0.000313611230914 0 8.92584977583
2.384517 -0.000476306379205 -1.28687 0.000219844953916 0 8.92884860662
-2.648692 0.000242547156271 -1.40914 -0.000189404313505 0 8.9394538777
-2.809519 0.000615291411416 0.877574 -5.91258463213e-05 0 8.92772617174
-4.250733 0.00053373010824 -0.023384 0.000223533168615 0 8.90803666011
1.269421 -0.000489461567258 -0.113296 8.88426849702e-05 0 8.90018433145
2.081162 -0.000282505104695 0.631964 0.000779931679774 0 8.91999606262
-0.903984 3.50345645206e-05 -2.607267 -0.000331520008067 0 8.95217120855
-1.888053 8.30861719616e-05 2.23844 0.000454124269874 0 8.92512151457
-1.990558 0.000325905735355 -0.180396 -0.00044293024755 0 8.96165949866
-1.091923 -0.000214042849489 0.580314 0.000225770720927 0 8.94617923941
0.585553 -7.59616919612e-05 1.014343 0.000178655799562 0 8.89004255888
-3.188182 0.000419217606775 -0.188839 -0.000221560851306 0 8.9618743139
-2.78112 0.000157915754346 -0.377299 -0.000357613700656 0 8.97865542506
-0.47623 -0.000100660055698 -0.271871 0.000398959978639 0 8.92581386857
0.018506 0.000279962376117 -3.245305 -0.00114176892674 0 8.99292800609
-0.372014 -0.000240937352945 0.442843 0.000157876358609 0 8.93398600708
-2.682954 0.000482525610051 0.037401 -0.000505062894218 0 8.96472925241
0.51638 -8.73965839279e-05 0.405895 1.02518812755e-05 0 8.93072154601
2.840508 -0.000521535037554 -2.001736 0.00044849066045 0 8.91445516639
-2.392666 0.000188921051829 -0.005198 0.000790168668294 0 8.86903917741
-0.839659 7.23793320895e-05 0.345535 0.000333873637715 0 8.91824201323
-3.752561 0.000364945394244 1.076971 -0.000253228892975 0 8.98539400061
-1.992148 0.000156705685014 1.093919 3.85856435284e-05 0 8.93514038063
1.03087 -1.08042161529e-05 -2.385313 -0.000258048092567 0 8.98305526032
-0.376408 0.000286904774587 2.109124 0.000403894885904 0 8.90929312113
-1.024999 3.1509679485e-05 -0.75898 4.01646953466e-05 0 8.91753513646
2.191753 -0.000334860673164 -1.444556 -0.000419948672856 0 8.96523805773
-1.426386 0.000396635370417 -0.372141 -0.000265024423469 0 8.98391162551
0.779103 1.46354953787e-05 1.466457 0.000404472743269 0 8.90618098067
-0.305114 0.000308390394781 -0.222994 0.000238003107284 0 8.88574632933
1.092656 -0.000154309904946 -0.655176 0.000124515065345 0 8.99521493497
2.284365 -0.000232283227356 -1.766822 -0.000357597426247 0 8.95516736687
1.279558 -0.000180638362814 -0.979232 -0.000517515076622 0 8.95536529372
-3.128812 0.000302155348834 -0.60715 -6.75272582701e-05 0 8.92383536265
1.741672 -0.000150001512327 -1.091234 -0.000122799053441 0 8.94654723137
-0.664916 0.000263099614822 1.231927 3.24624860668e-05 0 8.93568543611
-2.662015 0.000525520968399 0.144612 0.00031288831174 0 8.91676705692
0.975996 5.20971390444e-05 0.822338 -0.000209393549735 0 8.9627120704
-2.098581 0.000129177580617 -0.547113 -1.56796444112e-05 0 8.93315864602
-2.350909 0.000215588579604 -0.960594 -0.000139339270719 0 8.96751805674
3.13408 -0.000360933940615 2.341184 0.000546949707886 0 8.89115454598
-1.015036 2.11907347543e-05 0.009107 -0.000126773487142 0 8.91930827811
-0.665296 0.000133507514107 -1.357446 -0.000929309119303 0 8.9911233034
-0.587087 4.89986329754e-06 1.473347 0.000342022049477 0 8.92521376098
0.878545 -0.000104634351919 -2.03455 -0.000240954637025 0 8.98356942595
-0.796261 0.000283261561813 1.52199 0.000540502236064 0 8.90065026654
-0.87802 3.62699130109e-05 -0.551168 0.000415889782348 0 8.9146590201
-3.447096 0.000435693628727 0.878434 8.55458667484e-05 0 8.9141775696
1.931719 -0.000205647774683 -1.492241 -0.000261678137955 0 8.94965455541
-0.284197 -0.000204778591927 -0.321113 -0.00013241418923 0 8.97838545852
0.991909 -2.84363411829e-05 0.674657 -2.46822060099e-05 0 8.93189009675
-1.699939 0.000159374426744 0.282889 -0.000180397815661 0 8.95361849182
0.151253 -8.87997824821e-06 -0.08307 -0.000492298683837 0 8.96199943495
2.155006 -0.000198881143985 -1.341378 -0.000423632630839 0 8.99625168612
-1.507687 0.000137272026649 0.701135 -0.000474696760765 0 8.95629160241
2.120821 -0.000517724296017 -2.068665 -0.000433256411733 0 8.97031201656
0.28729 -6.71866699028e-05 1.27638 7.62081290859e-05 0 8.92826813456
0.474244 -9.87898639585e-05 1.937638 0.000677922872724 0 8.89369891228
-0.956348 0.000220547603836 -0.368592 0.000313315552342 0 8.9246360494
-0.915555 0.000130481257265 -0.990984 -0.000702268601086 0 9.00545798557
-0.896656 0.000109979816528 -1.913998 0.000262751044943 0 8.91226328659
0.36652 -8.27010334666e-05 -1.468197 0.000144930606095 0 8.94295792251
0.372331 -5.92043876058e-05 0.328177 0.000222845628041 0 8.92091668634
-1.185667 0.00018087528391 -0.181667 3.68145172792e-05 0 8.97141343938
-0.991881 0.000146817874534 -0.640737 0.000120146304126 0 8.88370082832
-1.550588 8.89203928668e-05 -2.323488 1.59943601262e-05 0 8.94715739923
1.323315 -0.000344122253237 -0.848545 -3.3966752376e-05 0 8.91802127085
4.125319 -0.000521477308933 0.299112 0.000336575730265 0 8.944217078
0.355906 -0.000248089959349 1.341626 5.60839503592e-05 0 8.94421208518
0.304417 0.000293834842132 1.72838 0.000254783715786 0 8.9458828872
0.592244 -0.000172343468998 1.626257 0.000225576220826 0 8.91854378699
-0.037696 0.000152243809029 1.484528 -3.72743079148e-05 0 8.94472348259
0.460274 -0.000229086447287 0.703166 0.000338145829448 0 8.89136001936
1.94201 -0.000130749152398 -0.241765 0.000229274463073 0 8.9328056069
2.390388 -0.000507661472137 0.437253 0.000276675251594 0 8.91170885178
-0.460646 -5.17775056733e-05 1.284258 0.000151639765594 0 8.98581945314
1.019736 -0.000124126468208 0.022855 -2.20459911712e-05 0 8.95025432989
-0.549809 6.95631076347e-05 1.634463 0.000288360121889 0 8.92595275594
-1.294642 0.000315234360915 -0.564504 -0.000591619642573 0 8.95404958908
1.081663 -0.000227161802353 -2.061384 0.000109136336746 0 8.9420191217
0.256044 -0.000145081314949 0.763137 0.000151405468589 0 8.93187174783
-2.885719 0.00016154349309 -1.318615 5.44854525478e-05 0 8.89344338042
1.137299 -0.00028632507555 2.513462 0.00044490146174 0 8.92894086893
0.012325 -0.000175056747049 -0.924328 0.000136847370228 0 8.94022615531
1.008299 -0.000214709519116 2.115518 0.000173642543239 0 8.94483939546
-0.077076 0.000183819668302 -0.631799 0.000332230561945 0 8.89194392095
-2.033718 7.49530335025e-05 0.004189 0.000305576410409 0 8.88132547352
-0.750656 0.000127180354894 0.808504 0.000106311726832 0 8.9268864115
2.308545 -0.000420712843997 -1.304845 -0.00028885858731 0 8.94673533575
-1.237941 0.000238846678116 -2.817079 -2.60369941617e-05 0 8.90917005973
-2.528974 0.000420438711156 0.283767 -0.000295374206987 0 8.95231067076
-0.361237 0.000237278687467 0.40286 7.73846244664e-06 0 8.93013299641
0.346718 4.49287041974e-05 -1.443019 -0.000171780790978 0 8.90121372324
-1.562226 0.000262210425159 -1.173288 -0.00051521742901 0 8.96130102843
-0.59087 -0.000214786114195 1.300458 -0.000218203440298 0 8.93674908653
0.318585 0.000196995380314 -0.435162 -0.00026206443309 0 8.95538036303
0.288014 -0.000411766134174 -4.017742 -0.000670183292293 0 8.95421784157
0.254538 -3.1514636942e-05 -2.891989 -0.000582607504137 0 9.00684386373
0.923773 -0.00032966935565 0.405856 9.02404925725e-05 0 8.91210259575
2.216757 -0.000269199976005 -0.024402 -0.000397540733816 0 9.000715232
-2.725123 0.00041265809498 -2.482792 -0.00044654026138 0 8.93569427928
3.970669 -0.000586181239398 1.218948 0.000189152689628 0 8.9858802684
-0.241486 -0.000129299755769 -1.320292 -0.000363127421818 0 8.96187577005
0.639881 0.000161812199347 -0.807124 -0.000401467202151 0 8.95624518817
0.120797 8.14139260219e-05 -0.170263 -6.62751853062e-05 0 8.93941571767
3.603752 -0.000837521786252 1.462612 -3.39824832655e-05 0 8.92719775123
-1.885811 0.000409187505689 0.404274 0.000307393750094 0 8.94446182185
0.207623 -0.000288565300016 -1.294411 -0.000282745697451 0 8.94103987718
0.809642 4.58343054302e-05 -0.892183 -1.5599197033e-05 0 8.97075194476
-0.147705 0.00014983440641 0.090637 0.000204646489368 0 8.91912130138
-0.338985 0.000288142323349 -1.870447 -0.000415293645457 0 9.00084385426
1.485983 -0.000104914207546 -0.328039 -0.000119522138259 0 8.92450148208
0.009618 6.62426901452e-05 0.606022 0.00013309028488 0 8.93180265013
2.454809 -0.000282907289196 0.132426 9.40275701493e-05 0 8.95075627781
1.330505 -0.000201746406729 -1.537541 0.000354363833808 0 8.88226521971
-2.170227 0.000315196409482 -2.235145 -0.000340059585401 0 8.93871130694
1.814328 -0.000279172029782 1.984674 0.000573295686699 0 8.92538462719
2.442566 -0.000184648724986 -0.093779 -5.95858780864e-05 0 8.95510780844
-0.176482 0.000185989763854 -2.358629 -0.000582364184761 0 8.9697440376
2.514213 -0.000439921823494 -0.269855 0.000114431936802 0 8.94443613143
0.157127 -9.45373743149e-05 -0.055771 0.000207598109149 0 8.94363449063
-1.565332 7.4558160904e-05 -0.100363 0.000701511055574 0 8.89893753396
1.578321 -0.000145478084249 -0.48041 -9.18052041388e-05 0 8.95316371055
1.433933 -0.000254229056306 -1.057731 8.15961871116e-05 0 8.93663341758
0.476237 -0.000144915394456 -0.936569 0.000258291130211 0 8.9513736129
-0.405769 0.000139343760397 1.301163 -0.000191117667919 0 8.96146548161
0.25937 -5.77549846985e-05 -0.433523 -0.000431855977765 0 8.9982025235
-2.049588 0.000489936281354 -0.859513 -0.00047554899917 0 8.95624679602
-0.787259 0.000153115526796 0.913827 -0.000170515317967 0 8.9187359154
-1.397304 0.000335994730674 -1.662409 -0.000302329715563 0 8.91376601524
-2.857043 0.000395142664275 0.903518 0.000222086241825 0 8.92716768196
-2.532189 0.000215856387107 -0.958592 -0.000488453490872 0 8.9157653057
0.940749 -0.000170719328215 0.033372 9.01760110681e-05 0 8.89368021959
-1.583737 0.000323108010298 -1.002111 -0.000148704237044 0 8.97014296043
-1.964192 0.000358558256764 0.161612 -5.52122552909e-05 0 8.93276777748
0.351561 -0.000208804062004 0.785301 0.000244376966624 0 8.90317100422
1.158018 2.63759790229e-05 -1.668198 -0.0009209479233 0 9.00391491002
-2.39223 0.000274105270108 0.781747 0.000148908636048 0 8.96262646554
-0.738495 -8.20010466761e-06 -0.995397 -5.78780232759e-05 0 8.89330149431
-1.72188 0.000190959232589 -3.08215 1.4954483517e-05 0 8.89034379264
0.362383 -4.99908345064e-05 0.668889 -3.75706322374e-05 0 8.96142815405
-1.883433 0.00043037779761 0.760472 -0.000311792240052 0 8.95980048716
1.257222 -0.000156196468641 0.006983 0.000270010254098 0 8.88311142549
-0.03933 0.000116229255994 -0.802978 -7.61063839113e-05 0 8.94732465546
0.441522 -8.27583512313e-05 0.475285 -5.59827564503e-05 0 8.96979441326
1.932317 -0.000280499118399 1.215086 0.000475207968921 0 8.91481158922
-0.890766 8.19805474355e-05 0.805218 9.83368845773e-05 0 8.95999822464
-2.138179 0.000186506289783 -0.832029 -1.71129085856e-05 0 8.93857730866
-1.221039 0.00014237341187 -0.966485 -8.68362886215e-06 0 8.93119286919
-1.236115 0.000234375177429 0.937679 -0.000118676626276 0 8.96573817389
-0.774655 0.00016816724189 1.254454 0.000750125994832 0 8.91495758767
2.384602 -0.000495165576568 2.673781 0.000469826451193 0 8.94860653677
0.640712 1.103220867e-05 -0.02862 2.44636255542e-05 0 8.96675036743
1.771705 -0.00061321762977 -0.23753 -0.000450739184711 0 8.95003663599
0.815986 -0.000149965431243 -2.13678 -0.000663728308459 0 8.94612484126
0.92274 -0.0001496152772 -1.150725 -1.4728845307e-05 0 8.95028551994
-2.727509 0.000278298153972 0.196621 -0.000327288676551 0 8.97827631594
2.918072 -0.000322986191865 1.156343 0.000205521062053 0 8.91344524136
0.508555 -0.00015486470197 1.848479 0.000468863364773 0 8.92680298643
-1.354329 -0.000142022244816 3.898912 0.000930616345311 0 8.87546811019
1.482166 -6.77565479689e-05 -1.609857 -4.98915743699e-05 0 8.91017378397
-0.691081 1.482739631e-05 0.091564 0.000119790951478 0 8.92652928344
0.449805 -1.61779891679e-06 -0.434029 -0.00037900287867 0 8.95214342714
-0.796623 0.000185830289754 -1.493635 -0.000529484192437 0 8.98507981603
1.321481 -0.000252615290769 -0.014106 0.000126748495481 0 8.93455064165
-1.885183 0.000398966633459 2.006776 0.000263696270335 0 8.9124363435
-0.633139 -1.15242391885e-05 -1.974866 -0.000276781763265 0 8.92811681102
-1.940222 0.000298633678932 -1.007292 0.000234520493435 0 8.92981835562
0.799229 -0.000242695013804 -0.095654 0.000246266813244 0 8.88305416883
0.875457 -0.000138726614213 -1.585339 -0.000337795061351 0 8.95312236341
-0.02066 1.4732826773e-05 0.85736 9.70879288906e-05 0 8.93277310112
1.686923 -0.000529155578429 -0.700738 -0.000249870937165 0 8.91675366544
-0.852028 0.000202175419598 0.064516 -0.000297893890811 0 8.95808635488
0.419892 -9.43743610869e-05 0.794575 0.000180293832067 0 8.9353823179
-3.58644 0.000688053069989 1.772745 0.000155128226358 0 8.90078785531
-1.426408 0.000330045027734 -1.859641 -0.000205594211236 0 8.99090567624
-0.014453 -0.000118219003904 0.442914 4.02936517494e-05 0 8.94096702041
2.73472 -0.000599519961462 -0.158351 0.000280948667593 0 8.93433902483
3.379336 -0.000743867549729 1.598943 -9.46694468347e-05 0 8.94724315113
-0.345398 6.22145712834e-05 0.40431 0.000140148945162 0 8.93089630452
-0.111671 8.51259511167e-05 -1.888912 0.000119170147793 0 8.91183348806
-2.448895 0.000336057245397 0.220866 -0.000120171695597 0 8.925670004
-0.294033 -8.80705758549e-05 4.274408 0.000891135012756 0 8.87881969693
-0.529058 0.0001521651162 0.664594 3.86966679223e-05 0 8.90462235204
0.619153 6.0654033829e-05 -0.082842 -0.000423577956735 0 8.96396571654
-1.66378 0.000135544850265 -0.368665 -0.000334162317603 0 8.97107516587
-1.217643 0.000197200133374 0.477866 0.000356474338477 0 8.97049210667
-0.111253 0.000294109654377 2.381653 0.00037689321421 0 8.92716137955
-0.19657 0.000319302996748 -1.37037 -0.000566864584283 0 8.9991149715
-1.654364 0.000158557926636 -1.191179 -3.85935702849e-05 0 8.93804093793
1.993575 -0.000417439488928 -0.705076 -1.31311581522e-05 0 8.92726033818
-2.686004 0.000373270454919 -1.433499 7.25264673299e-05 0 8.92152050244
0.806262 -0.000566269456117 3.949027 0.00073507587192 0 8.88104368412
-2.123786 0.000410492943056 -0.39525 -0.000194548393965 0 8.95220680827
0.693878 -2.17935385464e-05 -0.277933 -0.000121983140235 0 8.94263673751
1.513489 -0.00043887115553 0.526945 0.00019466156908 0 8.92502541214
-2.688329 0.000575714774646 0.035419 0.000157631448574 0 8.95564523126
4.486885 -0.000710084686445 -1.193998 -0.000596165056276 0 9.00540581286
-2.392922 0.000166554288277 1.130523 9.10338347299e-05 0 8.91123867222
1.742501 -0.000204473300962 1.753331 0.000660218472514 0 8.8903761931
-2.017731 0.000319939291245 0.29377 -1.62609782506e-05 0 8.9405943167
-1.098503 0.000226211264014 -1.189568 0.000256176234346 0 8.92004200943
-0.518009 -0.000223130374538 -2.04465 -0.000440837737484 0 8.97690120188
-0.599582 -0.00024208673024 -1.615846 -3.11179566693e-05 0 8.89717278121
0.281289 -2.97250925362e-05 0.171979 0.000461023250447 0 8.86992393749
1.403898 -0.000297255587291 -1.907925 7.30147812995e-05 0 8.94423392995
2.306542 -0.000127105820298 0.389093 0.000188996106966 0 8.93984826598
2.242302 -0.000379864247372 2.372788 0.000171481920978 0 8.95989391618
1.773524 -4.67353015069e-05 1.148879 0.000367242941776 0 8.89867530717
-1.494678 0.000160756312914 0.154744 -3.75321088545e-05 0 8.97654058991
0.900731 -0.000155032813108 0.147744 -3.94274971523e-05 0 8.9111162264
-1.725101 0.000294596367904 -2.349751 -0.000588032556675 0 8.98177612241
-1.40027 0.000370906598201 -0.124787 -0.000452536993426 0 8.97732396025
-0.031854 0.000119144338516 -1.380738 -0.000359044628346 0 8.93545280887
1.189116 -6.33126727355e-05 -1.340481 -0.000421272331686 0 8.94734643425
1.572566 -0.000224655824658 -0.067381 -0.000394501432051 0 8.98722983862
-3.237663 0.000435962549758 -0.85649 3.94927999006e-05 0 8.90815360068
-4.615111 0.000671406788891 -0.040419 0.00010697319407 0 8.91327731356
-1.405242 0.000215452466655 2.636526 4.76734334086e-05 0 8.92346436826
-0.164564 -0.000135447207338 -0.01951 3.67331263207e-05 0 8.89718472084
-1.089027 0.000166555170214 3.631282 0.000559062181168 0 8.93115943208
0.946528 0.00013072885973 -0.660512 0.000102343686075 0 8.904790976
1.932124 -0.000244828443778 -1.488008 -0.000201108067908 0 8.90566411731
-0.905087 0.000124747094189 2.205092 0.000211702844608 0 8.9233241726
0.195006 7.44960938692e-05 0.142945 0.000243783202153 0 8.95927740442
-2.200449 0.000233527247794 2.595652 0.000584689967827 0 8.94424897176
-0.146562 -0.000120678991093 -1.892243 -0.000156317165202 0 8.95186781873
-1.862328 0.000369708632119 -0.319862 -0.000513690374133 0 8.98770138192
-3.734952 0.000734628535879 -0.195693 0.000135173802023 0 8.91073792776
4.297116 -0.000600573936367 2.077788 0.0004179043711 0 8.96455379471
-2.310563 0.000217716985538 2.364972 0.000100983876771 0 8.91615920641
0.411551 -9.54578784194e-05 -0.712666 7.49777937763e-05 0 8.90009630084
1.658519 -0.000253080937628 1.421862 0.000386156846385 0 8.93653819821
3.452306 -0.000559634359851 0.312749 0.000100980149716 0 8.92507328361
-0.659419 7.83113198758e-05 0.74196 -5.25027174449e-05 0 8.97396145766
0.672735 -8.26092727615e-05 0.899166 -0.000315093320533 0 8.96938392445
0.194481 0.000173064070708 2.672883 0.000211518403766 0 8.91635992354
-1.647571 0.0002463050127 1.522804 0.00032964789434 0 8.91688187523
2.329111 -0.000398076902276 -0.616682 -0.000416214429559 0 8.94427746395
0.756503 -0.000151033216245 -0.694914 -0.000176554139182 0 8.92047761494
2.18629 -0.000100440252518 1.414937 0.000301139565678 0 8.95735931581
3.058077 -0.000322441459561 0.290925 -0.000179359137427 0 8.98143559092
-0.57986 2.29616262876e-05 -0.310993 -6.22776452961e-05 0 8.95934913793
0.19161 -0.000141040749789 2.142814 0.000278739748283 0 8.88994218739
2.453374 -0.000704035876308 -0.152038 -0.000368285823273 0 8.94710465693
1.065301 -0.000159232378152 0.850505 0.00023044334634 0 8.92625632353
1.168726 -0.000269324293139 0.747237 1.92729076029e-05 0 8.92724344164
0.658585 -1.50130607368e-05 0.193523 0.000130406740339 0 8.95414124557
-0.137287 5.83280909432e-05 -0.459495 -0.00035025514574 0 8.92550346809
1.347626 -2.16681691498e-05 -0.624692 -0.000255882603484 0 8.9648942621
-0.703189 0.000165387076442 2.076474 0.000194278323669 0 8.93937016406
-2.400631 8.44231282418e-05 -0.076021 0.000267554313799 0 8.9310180273
-0.504144 4.96522663374e-05 -1.106467 6.78624128161e-05 0 8.97814041474
-1.398526 0.000114015174368 1.981889 0.000386197318051 0 8.90864132125
-0.107026 4.41508028019e-05 -0.417144 -0.000342526167988 0 8.98301654506
0.521551 0.000207429255751 -0.376669 -0.00031574346117 0 8.97444774607
3.045377 -0.000516731554557 1.48103 0.000238879405364 0 8.91495793466
0.808383 0.000171609720327 -0.991786 -0.000502688259084 0 8.97556012245
-0.666075 2.49394433023e-05 -0.169941 3.76750389675e-05 0 8.96511075968
1.651428 -0.000223468866382 -0.070546 9.38511963606e-05 0 8.96904564448
-1.487477 0.000245766614087 1.254512 0.000166740087325 0 8.95624171679
-1.075057 0.000356706856141 -1.305246 0.000152240818044 0 8.93577225957
4.500901 -0.000660751139484 -1.163478 -0.000854824119945 0 9.00901914639
1.959522 -0.000293897110673 -1.01917 -0.000488578710369 0 8.97128621715
-1.164989 7.73376242894e-05 -1.267796 1.77459163682e-05 0 8.94928473786
3.994314 -0.000515748973189 0.72533 0.000433262873101 0 8.89664510178
-3.337433 0.000672398829367 2.449773 0.000180869051234 0 8.95608349859
0.000742 3.72641384882e-06 -0.239129 0.000257196113845 0 8.92608169079
1.222033 -0.000125972778101 -2.01196 -0.000512602087577 0 8.95650881604
0.034913 0.000296859742344 1.587546 -7.14696465e-05 0 8.93869301738
2.648868 -0.000488566294609 0.9677 0.000109579867759 0 8.92319627898
1.275632 -0.000191661898199 -0.813228 -0.000312650315846 0 8.96110107857
-0.536921 2.5484875741e-05 -2.109865 -0.000838721788686 0 8.99063530556
2.828572 -0.000456324914541 -1.077938 -0.000205136856082 0 8.91410291525
3.357541 -0.000580268636968 -1.099335 -0.000551999665512 0 8.9731085807
2.601897 -0.000468472688715 -1.007775 -0.000255782490778 0 8.97121952859
0.737756 -0.000282822474473 -0.343243 0.000322735352951 0 8.91208167797
-2.015578 0.000287141260357 2.215169 0.000412309641946 0 8.94492305407
0.866007 -0.000243422584603 -0.475766 -9.44517367969e-05 0 8.95294945069
-1.882527 0.000241448968053 0.125124 -0.000640839233979 0 8.98823571031
-0.898308 9.09001769103e-05 1.342449 0.000104091379619 0 8.93939230362
-1.736811 0.000118631199537 -2.325583 -0.000577930481114 0 8.99925654115
3.382999 -0.000512333863471 -1.694343 -0.000186095967398 0 8.94857392738
-0.239442 4.91096428039e-05 -0.877493 -4.77242190863e-05 0 8.92472126288
-0.910862 0.000170973332377 -1.377529 -0.000175433577503 0 8.9488350262
-0.276063 9.00679304745e-05 -1.567604 -0.000199370410682 0 8.95193207529
-1.246027 -0.000148189792344 0.173158 0.000412174380953 0 8.88733491423
-3.178906 0.000618406890205 1.556355 0.00015633349804 0 8.93416979492
-1.264986 5.44814076124e-05 -1.567507 -0.000269899106239 0 8.9130245572
-0.633646 6.11514257813e-05 1.428015 0.000244120876822 0 8.92488427077
0.677161 6.33454904139e-05 0.704348 0.000120845310595 0 8.92831807233
0.344153 6.51720212459e-05 -0.310924 -0.000291651984807 0 8.97923106962
-2.780357 0.000163324780162 -1.532713 0.000125478168362 0 8.90066232771
-1.280176 0.000152405013986 1.945821 -0.000142384895559 0 8.97353326503
1.662885 -0.000281270006591 -0.81712 -0.000415886994252 0 8.95093795074
1.609991 -0.000426407256767 1.205922 0.000285429353571 0 8.92890445086
3.328639 -0.0006356724105 -1.45063 -0.00054669119085 0 8.9525642485
-0.23004 0.000253915951715 -0.108694 -0.00051568599197 0 8.91403499265
0.793038 -1.12279849869e-05 -0.101989 -0.000301119088033 0 9.00361263766
-0.58449 -3.25397353644e-05 1.142652 7.74238446674e-05 0 8.93224820252
1.568372 -6.73930695596e-06 2.354708 0.000360639917271 0 8.9276550065
0.822713 -0.000131324770499 -1.562103 -0.000348064945459 0 8.94182157123
2.64184 -0.000435245772003 2.205149 0.000344870731311 0 8.94774941079
3.692573 -0.000806721784177 3.397855 0.000830789124034 0 8.88257725928
2.321786 -0.00016179141275 1.069472 0.000315045339286 0 8.94448094271
0.851005 -0.00026066007649 -0.389892 0.000293873385712 0 8.89846720703
-1.648263 0.000370515902487 -0.420132 6.0345354222e-05 0 8.92579475908
0.066645 -8.45275251916e-05 -0.423096 0.000431442437894 0 8.90989815299
2.315024 -7.42165007542e-05 -1.624408 -9.56173671678e-05 0 8.97447530468
0.800809 -0.000304799278431 -0.361728 -0.000195224149211 0 8.93729014544
-3.815237 0.000446824914435 -0.654599 -0.000215660294526 0 8.93003503442
5.4422 -0.0011166972691 -0.833204 8.81183001214e-05 0 8.93544697149
-2.114006 0.000184459523657 0.100106 -3.6009801845e-05 0 8.9527948495
-0.158911 5.83917652701e-05 -1.03444 -0.000392785700467 0 8.96477462277
-2.562011 0.000437833025723 -0.368388 -0.00030500837483 0 8.93738398212
1.419756 -6.44975059432e-05 -0.744104 0.000208142766409 0 8.92303568058
-1.460047 0.00034160431677 -1.021182 2.52228175722e-06 0 8.95748062671
-1.15054 3.08331291704e-05 1.58805 5.84283522705e-05 0 8.9507454954
1.158981 -0.000393137846715 0.503817 -3.43019338868e-05 0 8.93745828003
-0.713599 0.000284584621873 -3.432323 -0.000515274784392 0 8.9840621293
-2.304449 0.000414984418486 -1.459738 -0.000187232679725 0 8.92225605201
0.195492 0.000169426237906 -0.875878 -0.000700102529407 0 8.9851386161
2.879683 -0.000223906578379 -0.785796 -0.000335508202831 0 8.99668106678
-0.156946 0.000211364523937 -2.735531 -0.000481132058491 0 8.95446398695
-1.528628 0.000131836782686 -0.854476 0.000342078344438 0 8.93279950737
1.441753 -0.000246961292298 0.005175 -9.9740393135e-05 0 8.91240581295
0.24126 0.0001532511538 -0.637956 0.000815698862179 0 8.91092655932
0.98505 -9.09386828151e-05 1.337414 0.000289318842415 0 8.91112090737
-4.285575 0.000585534638915 1.215512 0.000771334288117 0 8.8835857101
3.09856 -0.000527191062962 0.258442 4.32129632486e-05 0 8.94121333448
0.925553 0.000342078286176 1.405084 0.00042408792909 0 8.92792066145
-2.971425 0.000645489953262 -0.5957 0.000112480206208 0 8.93860899883
1.013207 -0.000272160492549 0.302483 0.000370746134585 0 8.89594779725
-1.125083 0.00023621502887 -1.059516 7.36227571808e-05 0 8.92300147321
0.372265 -7.80581085233e-06 -2.283179 8.6154318263e-05 0 8.94400666049
-1.320513 0.000212541460372 0.150025 3.83276436695e-05 0 8.93367500221
-0.61743 0.000157223473922 -0.120895 0.000341165648207 0 8.92574207743
2.07134 -0.000372011604927 -0.221522 -0.000202343247181 0 8.9137005006
-1.369029 0.000218040401934 1.128506 -0.0002378596804 0 8.9442244887
-0.041511 -2.93261645586e-05 0.948761 0.000148810048881 0 8.92507992257
0.342651 -0.00015028504843 -0.490011 -0.000146843328937 0 8.94721110854
1.770875 -0.000235312545097 -0.008658 -0.000313996831741 0 8.93330613142
-1.034032 0.000347589074716 -1.505776 -0.000591697392453 0 8.954202055
2.328789 -0.000425530560545 -0.277482 -0.000270254932323 0 8.98785871105
-0.189 7.12096697401e-05 -1.541824 -0.000118256321091 0 8.95591248756
2.314429 -0.000442699140835 -0.173941 6.68738621243e-05 0 8.89380483685
-1.697417 0.000443150143721 -0.534481 0.000353840532934 0 8.9095857531
0.909146 9.46335580459e-05 -1.372259 -0.000294154801087 0 8.93004186633
-0.011808 -1.58141546014e-05 -0.498347 -4.53563944989e-05 0 8.92071036053
-0.948745 0.00023433980151 -0.871091 -6.80560660207e-05 0 8.93586362197
1.183168 -7.48754480475e-05 0.023885 -0.000133907682847 0 8.96089697333
-0.349579 0.000164222219989 0.271242 -0.00018868316428 0 8.96833234424
0.407506 -0.000136296003523 0.584996 -0.00038631894732 0 8.97825028449
0.096015 1.35680602343e-05 -0.070731 0.000169269645701 0 8.92126892792
0.454112 -3.05045669115e-05 1.440887 0.00041425124797 0 8.93684756735
3.582724 -0.000685427312931 -0.555837 0.000258671524172 0 8.91416334615
1.124903 -0.000312156648152 1.365291 0.000120329694537 0 8.90377411425
2.761953 -0.000468233767915 -0.60101 0.000150771206434 0 8.93997769524
1.314077 -2.11488583242e-05 0.53654 8.21711010333e-05 0 8.91791811229
-1.042399 -3.41404927195e-05 -1.112455 0.000111195572747 0 8.90937500985
1.491662 -3.82193003591e-06 -1.580629 -0.000304165166879 0 8.98804733562
-3.536435 0.000492304556347 -0.458979 0.000201939862736 0 8.92061824101
2.519294 -0.000411597447445 -1.794501 -0.000436504371787 0 8.94933636352
0.285587 -0.000173434104841 0.514349 -8.49020343913e-05 0 8.93279296343
4.037876 -0.000524310807763 1.889368 0.000154147455295 0 8.95415265547
1.910074 -0.000376220057902 -0.909566 -0.000666660465743 0 8.99095378399
-0.891313 9.59824930642e-05 2.078959 0.000953724799808 0 8.89656629305
3.284861 -0.000580470443189 -2.146628 -0.000796502421244 0 9.02285731507
1.10382 -0.000210706258809 3.127124 0.000637832941309 0 8.93805394472
1.418 -3.78198738311e-05 1.602394 0.00039646569608 0 8.93488933731
-2.620017 0.000536322288605 -3.625261 -0.000819085164472 0 8.98189145912
-3.109028 0.000545409969031 -1.39916 -0.000215686379208 0 8.95788158732
0.857908 -0.000100047707826 -1.076982 -0.000363087181549 0 8.97153262595
-0.633341 0.000212949614523 -1.359211 -0.000612754604467 0 8.96033261897
0.595999 -0.000107208589406 0.325526 0.000122558733355 0 8.93893739833
-1.684259 0.000414208981066 0.517485 -0.000490487132944 0 8.96966631861
0.598032 -0.000349077225747 -1.219735 0.000144252341503 0 8.90063164327
1.243164 -0.000217580788337 2.329884 0.000215192372465 0 8.88607529925
0.040076 0.000165169427167 -2.165677 -0.000427527724424 0 8.9678317325
-2.489936 0.000398665907006 0.96749 -0.000263374350214 0 8.94460340386
1.230108 -3.03616681599e-05 -1.635647 -0.000260392989338 0 8.96370624397
1.536836 -0.00010051177444 -0.672118 5.23149321634e-05 0 8.92155085075
-0.762546 -0.000122363923195 -1.192912 -0.000170636397433 0 8.93700138677
1.703018 -0.000237363670885 0.280333 0.000254677265883 0 8.94489886549
-1.342606 0.000384688468455 -1.539396 -0.000416487367029 0 9.0078003668
1.484086 -0.000209388911131 -2.870972 -0.000965481075184 0 9.00169368071
0.187499 1.60672191041e-05 -0.057776 -0.000277951901074 0 8.90926092327
-0.025838 8.24026320601e-06 -2.219255 -0.000593512673228 0 8.95048854158
-1.269198 0.000295405363061 -1.341841 -0.000254770666443 0 8.93625740776
-2.6997 0.000442208691109 2.357217 0.000136406735736 0 8.95982127998
-0.297696 -2.17633337334e-05 -1.944173 -0.000546889629196 0 8.94243784017
4.708447 -0.000880847512078 -0.851481 -0.000201681376926 0 8.96682397283
-0.570162 0.000186477068237 -0.120033 -0.000179572544542 0 8.95245264162
2.788029 -0.000271905751886 -0.748111 7.23377908772e-05 0 8.93768653847
1.698397 -9.18775961718e-05 1.215583 0.000400670867001 0 8.92750542904
-0.607551 0.000209242684345 -0.756247 0.000204284072533 0 8.95059597591
-0.416184 5.57319687093e-05 3.166396 0.000379920920623 0 8.90884331246
3.895707 -0.000498071846249 0.072338 -0.000615992130233 0 9.00530942388
-0.13812 1.30472147153e-05 -0.910134 -0.000460302582261 0 9.02210188619
1.706964 -0.000233927668635 -1.898744 -0.00076744221041 0 8.99427722782
-3.998137 0.000707342940778 1.565716 -0.000223319570136 0 8.9337992253
-0.65087 4.65575738724e-05 0.710333 -7.73139078932e-06 0 8.94850106011
0.834864 -1.56541110995e-05 -0.658655 -1.53002995377e-05 0 8.94953816756
1.397828 -8.61103398052e-05 -0.217988 -0.000121437287544 0 8.96821564599
0.564491 0.000102442588256 0.455685 0.000353951567213 0 8.95482600409
0.766042 -0.000257330437801 -0.511007 -0.000361458021274 0 8.94882012877
2.054153 -0.000297313071572 -1.562088 -0.00053058133998 0 8.96412980892
4.117181 -0.000676040114617 1.280237 3.15403328691e-05 0 8.98391458781
-1.042947 0.000144681000054 -1.560929 -8.67378249055e-05 0 8.93383598416
-0.912494 0.000143731203653 -0.271406 0.00016962340731 0 8.95471358982
-0.854318 8.41769949369e-05 -0.072226 -0.000291378045941 0 8.97548783796
-0.307036 0.000400560842403 0.957829 0.000378030075345 0 8.93304192049
-3.65127 0.000539661751334 1.352615 0.000191715966111 0 8.90918393635
2.546458 -0.000246534410562 -1.130662 9.28324213146e-05 0 8.91303264657
-2.857803 0.000525465547401 -2.124057 -0.000105366467329 0 8.92821347118
-2.044931 0.000619504931179 0.255857 0.000726651002444 0 8.92991352734
3.174709 -0.000424055124751 0.294586 -4.12113324639e-05 0 8.96887236308
0.743388 -0.000103208608501 -1.607096 -0.000415972529653 0 8.95874972608
-2.464185 0.000347020969691 2.351715 0.000731755595442 0 8.90211256974
1.846849 -0.000458611266524 0.652553 0.000452346588536 0 8.91969469825
0.340216 -0.000295310649748 0.684521 -1.36389166801e-05 0 8.92815047984
2.317983 -0.000438732677657 1.597681 0.000210518948287 0 8.93275722044
0.71818 -0.000295850930583 -1.570493 -0.000562700579998 0 8.97843610561
1.349005 9.15286107328e-05 1.760228 0.000139438430213 0 8.96527598026
-1.026459 -3.82772899918e-05 -0.945953 0.000135316015479 0 8.95267621025
0.353289 -0.000272083515952 0.717502 0.000262036578047 0 8.91885988653
-0.290054 1.60041494176e-05 2.380387 0.000487828191543 0 8.92061896079
-1.697704 0.000593343440887 -0.435672 -0.000195846572556 0 9.00506763822
-0.837871 7.22658901224e-05 -0.210322 -0.000277575556274 0 8.9337243391
-1.498751 0.000124547240034 0.084822 0.0001470793773 0 8.93841886803
-1.038216 0.000330790214535 0.451042 3.08378549592e-05 0 8.93162038524
-2.3235 0.000383183049314 -0.235176 -8.70234674585e-05 0 8.95887742946
-1.617801 0.000363960311649 0.293948 0.000120074405652 0 8.96042692415
0.949001 0.000323654701792 0.222023 5.20531856644e-05 0 8.953021616
-2.648457 0.000638814697022 0.180219 -5.0610438329e-05 0 8.91654987849
0.241512 -0.000152558377801 1.103818 -0.000436198965196 0 8.98605913725
-3.499245 0.000502718521901 -1.937931 -0.000353005952148 0 8.9254755726
-1.3055 0.000116544246272 -1.354996 6.05135406243e-05 0 8.93573861786
0.580195 -0.000355595129164 0.854727 0.000174664539919 0 8.92155771278
-2.378493 0.000204903976768 1.009968 5.95243982333e-05 0 8.94335477087
0.769375 -0.000134350479393 -1.333518 -7.73854161204e-05 0 8.96475326493
-3.723411 0.00065291391275 0.143445 0.000179151546747 0 8.92850276338
-4.477596 0.000810973872365 -0.834501 0.000288899812248 0 8.91944791074
1.198345 -6.87072319544e-05 -0.812077 -0.000216845959419 0 8.92252492096
0.33681 -0.000176561193312 1.97437 0.000395114661756 0 8.88890066832
1.602504 -0.000114081921703 0.216866 -0.000169431596323 0 8.94847512261
-0.233203 2.85933563197e-05 -0.723382 -0.000378512945905 0 8.98090780536
2.773182 -0.000599550437687 3.875662 0.000710104276042 0 8.90535114686
0.822068 -0.000493247723094 -0.276666 -9.05133039792e-05 0 8.94472544795
-1.109386 6.29613335476e-05 -1.148202 -0.000384118409587 0 8.97660301674
2.749585 -0.000640324803296 1.083078 -0.000110242543661 0 8.95712065948
0.948305 5.45761949149e-05 0.022195 -0.000215931212046 0 8.98002390751
1.553006 -0.000364379414945 -0.551092 -0.000331833235458 0 8.95922181735
0.045122 -0.000109595557525 0.535617 -8.55557168631e-05 0 8.94487098207
1.917398 -0.000348303561984 1.083546 -0.000204275642509 0 8.94335239464
0.403219 -8.90125055843e-05 -0.18037 9.94843474442e-05 0 8.97188685052
-1.442507 0.000159289025422 0.427167 -0.000197641530812 0 8.96977293163
0.165694 -0.000105279030525 -0.039256 0.000318553639701 0 8.9272240059
1.01783 -0.000233208652267 -1.385123 -2.00950739193e-05 0 8.95673729506
0.4656 7.0331000335e-05 1.12825 6.30695206205e-05 0 8.9158821645
0.082869 -0.000195467607711 -0.896706 -0.000434558810954 0 8.98469967936
0.644921 -0.000169514569655 -0.791413 -7.44284784923e-05 0 8.95409895556
1.55102 -0.000183620729648 0.514195 -5.62804220708e-05 0 8.95906227679
0.48295 -4.80689046222e-05 1.596969 0.000402619762914 0 8.96439927068
-0.478295 -6.18387594388e-05 0.073164 0.000240929737353 0 8.90426197528
0.402287 0.000128817010439 -1.53181 -0.000524692503591 0 8.95912433768
-0.667402 0.000179563905092 -0.022381 0.000200905537898 0 8.93429207904
0.586707 3.07154528478e-05 0.065765 -0.000207232730284 0 8.92868028877
0.271632 4.28000917371e-05 -0.260758 -0.000330776338135 0 8.96377892403
1.077967 -2.91940554733e-05 1.029147 0.000291439775046 0 8.92377046768
-4.073955 0.000599449293407 0.576745 7.41415877778e-06 0 8.91605680312
-0.073103 -0.000236755056665 -2.104678 -0.000448587760899 0 8.94115248521
-0.06368 0.000115625391047 -0.472611 -0.000210106088726 0 8.91645826236
-0.224859 -0.000128225947278 -1.637187 -0.000384387385793 0 8.98387529223
0.568751 4.50081299026e-05 0.883557 -2.48184320251e-05 0 8.94078467425
-0.599477 7.67032573659e-05 1.761717 0.000550838904352 0 8.93368680038
-0.717364 6.10177889361e-05 0.682948 0.000420223567835 0 8.8852996717
-3.257474 0.000254313875136 1.157007 0.000147264261316 0 8.94607404541
0.99425 -8.91717759454e-05 -0.01333 -0.000287555712097 0 8.96224985672
1.469073 3.96474422121e-06 0.057769 -2.26869789582e-05 0 8.95001787863
2.588311 -0.000292335045359 0.703189 -5.98714355466e-05 0 8.97879295119
3.085954 -0.000407700889063 -0.833247 -9.89867649707e-05 0 8.95733740814
4.231832 -0.000720627742468 -1.024472 6.79930106081e-05 0 8.96339743171
0.614782 0.000184201287427 1.385933 4.0631809398e-05 0 8.96542419148
0.6499 0.000104496909415 1.119331 -0.000344612719374 0 8.99917798328
-0.180836 -1.67163384158e-05 -0.305181 0.000146193039923 0 8.94215803449
0.790748 -0.000317594117213 -1.207025 0.000193535002858 0 8.93192546103
-0.193412 -1.59215868355e-05 -0.018332 -7.1343860112e-06 0 8.93063796313
-3.738655 0.000433477407231 -0.596639 -0.000429115317466 0 8.98338330517
1.437375 -0.000379951045219 0.053031 0.00010998362597 0 8.88218448759
0.256457 -0.00011828387692 0.22134 0.000107418994964 0 8.95138556789
-0.806747 0.000314735820092 -0.459222 -0.000283568988323 0 8.97019622088
0.276172 -9.36066639955e-05 0.378135 0.000104577312565 0 8.95423721232
-0.352297 4.87085918951e-05 1.991048 0.000875639556146 0 8.88743340263
-0.513897 -0.000249637778825 0.921934 0.000649149834992 0 8.90788083813
-1.244075 0.000249637958714 -0.337301 5.0156844944e-05 0 8.91399135235
-1.870577 0.000313503576529 0.509481 0.000201568515622 0 8.88857108913
-1.761331 0.000395595047899 0.704529 0.000469397487478 0 8.90701491786
-4.286539 0.000618662767511 -0.592859 0.000290920077859 0 8.94290112522
-1.934933 0.000577952194464 -1.990328 0.000212870659533 0 8.89739357279
1.134893 -0.000214770439498 -1.352407 -0.000302925421161 0 8.94807674272
-1.361784 0.000338020302807 -0.358041 -0.000132687530228 0 8.9649864807
-0.550292 0.000171650486886 -0.737413 -5.39605947485e-05 0 8.95477145659
-0.967047 0.000257896529263 -0.122195 1.48671247141e-05 0 8.9606660144
1.333008 -9.64469253031e-05 0.435528 -0.000341543524858 0 8.95725514123
1.612913 -0.000328181679903 -0.932696 -0.000491220725949 0 8.97081400387
-1.978753 0.000370729591962 -0.048869 -0.000127693495863 0 8.93774039468
-3.312319 0.000431606114145 -0.024128 0.000141656954977 0 8.96162285613
1.144061 -0.000325059789014 -1.481833 -0.000233628148238 0 8.94451823069
-0.930293 0.000283013610426 0.561476 -0.000113727228861 0 8.94920520458
2.799508 -0.000586998083667 -0.530182 -0.000331720689084 0 8.93757677981
-1.755101 0.000325681012504 -0.488657 -0.000329573629632 0 8.95103511111
0.300893 -8.90455601911e-05 2.355622 0.000269530222186 0 8.94866860211
2.521848 -0.00038864213492 -0.132892 -0.000266273877691 0 8.9689769921
-1.308515 0.000410089535328 -1.925538 -0.000756603723559 0 9.01514076637
1.90739 -9.48331526838e-05 -1.131119 -0.000192277910907 0 8.9187423186
-0.434475 -4.3125484717e-05 1.477891 0.000286938130673 0 8.91296076178
-1.045806 0.000151034955373 1.415949 -0.000122724372379 0 8.94752331371
-1.480635 -2.79720252833e-05 -0.311403 -0.000161140532844 0 8.95803120867
1.284422 -0.000135334702161 1.188277 1.78333782055e-05 0 8.94909479242
-0.507775 -4.16218631146e-05 0.724953 0.000255220847216 0 8.92973937099
0.492071 -0.000233934180598 -0.355492 0.000151458005417 0 8.9126426901
-3.761522 0.000593215095222 -1.258526 -0.000152611950737 0 8.95119743236
-1.570981 2.41590705351e-05 4.76454 0.000941130084171 0 8.8759853135
-0.419721 -0.000154259161394 -1.665447 4.01016791432e-05 0 8.93925453784
-0.423292 -5.37626368111e-05 -0.550936 5.02274040635e-05 0 8.9426906471
-2.071432 0.000507788938617 -1.453461 -0.000112688723681 0 8.9636843465
1.646748 -0.000315631607325 -0.324663 0.000355554930077 0 8.88245163286
-1.856754 0.000395221525491 1.79017 -0.000160869919993 0 8.95404342406
0.761931 -0.000107154329665 0.712333 0.000183482689192 0 8.91841185706
0.430942 0.000108000107829 -1.418658 -0.000271443770522 0 8.95813448549
-1.391978 -9.84097698886e-05 -1.016218 -0.000224914909402 0 8.99392948421
2.648869 -0.000395309417409 0.285789 0.000418220188854 0 8.91421175074
-0.965374 -2.81874371e-05 -0.235314 -0.000112106001805 0 8.97969255338
1.474353 2.02090375418e-05 -2.052857 -0.000510511725667 0 8.94595496578
-1.15464 2.35072100101e-05 -1.599758 -7.58595840492e-05 0 8.91563970377
-0.003777 -7.02881374315e-05 0.751223 0.000156146599678 0 8.8982968411
-1.695156 0.000235351673778 -0.361236 -1.03817728307e-06 0 8.9504924504
3.097945 -0.000380965516685 -0.114662 0.000375334367478 0 8.91890572632
-1.885822 0.000481163399091 1.184637 8.81176442442e-05 0 8.90076025726
1.166719 -0.000106912840295 0.052144 4.45601726669e-05 0 8.91761875965
1.149047 -0.0003100151421 -0.555519 -0.00014654924678 0 8.91515292439
-0.570978 0.000154605733646 -1.364715 -0.000700698914742 0 9.00988054011
0.281866 -2.73602153114e-05 0.210539 0.000128368695905 0 8.92889726241
0.175725 5.13413251687e-05 -1.346375 -0.000321172617925 0 8.94783440625
-1.527 0.000104489736412 0.208676 6.92244687774e-05 0 8.94704057057
1.448489 -0.000166815061138 -0.283745 -0.000491559875302 0 8.97876730787
1.645918 -0.000263356569407 0.696059 0.000418541758883 0 8.91249206625
-1.454294 0.000105747311958 1.71939 0.000620851187074 0 8.93625046263
-1.865816 0.000388748169095 -0.134678 -0.000723398787694 0 8.97600960035
-1.261614 0.000109393474887 -0.780445 0.000442618716852 0 8.91460548106
-0.170571 1.23021424106e-05 0.461735 4.55739479846e-05 0 8.93888789138
1.150131 -0.000388990700008 -1.453514 -0.000500680690239 0 8.96070165324
-1.397821 0.000269669254471 -0.403283 -5.08876109426e-05 0 8.94117758681
2.862188 -0.000501376989543 0.438226 -0.000319636613739 0 8.95909272314
-2.737026 0.000416022092733 -1.080437 -0.000302634253792 0 8.91620610554
0.540871 0.00019361306889 0.404696 -0.000514966422454 0 8.97614420063
-0.368964 0.000108099243546 -1.24689 -0.000520763513644 0 8.95881443713
1.952356 -0.000373386282304 -0.441559 -0.000452348996485 0 8.95404241474
-0.27776 0.00022794067984 -0.479461 9.76410992579e-06 0 8.94702205193
-0.563146 -1.5969255467e-05 2.723498 0.000344181732533 0 8.9204035303
-0.042136 -0.000112490044568 1.417033 0.000185160365532 0 8.95600170307
-2.69644 0.000498162487067 0.6706 0.000227147312057 0 8.9022321079
0.894839 -0.000148218189043 0.33835 0.000242813650756 0 8.90200764153
-0.106162 0.000166631857721 -0.987968 -0.000138595675334 0 8.97276771331
1.722122 6.32614077867e-05 -0.74249 -0.000172962089051 0 8.92230623814
-0.100384 -7.97779141211e-05 0.93402 0.000152208784803 0 8.90050188068
-0.739743 -0.00011496354143 -0.995229 -0.000289631337377 0 8.98683532432
1.197793 -0.000284847729829 1.768116 0.000116137677083 0 8.94706697227
-0.816655 5.26240092569e-05 -0.474447 -0.000236883669547 0 8.96081777955
2.560513 -0.000386775876929 0.842875 0.000689790247324 0 8.86542566127
0.557365 1.98893893597e-05 -0.467187 -9.86012826339e-05 0 8.95119327247
0.58759 0.000127338131778 -0.786392 -9.16392616372e-05 0 8.92227362868
1.096095 -0.000195014237835 2.688419 0.000663179784454 0 8.85223498074
2.110493 -0.000296654770931 0.133862 -0.00021335463701 0 8.96389636364
0.093728 -0.000194848178819 -0.383742 0.000213818437522 0 8.94280510292
2.689771 -0.000322124084361 0.174565 2.00736743935e-05 0 8.93962651098
0.419283 -7.02652867913e-05 -1.027951 2.60024457949e-05 0 8.94286682422
0.995621 -0.000347966423326 -0.690048 0.000186302395545 0 8.89421234763
1.886926 -0.000488180052419 0.534462 0.000448266251782 0 8.9519170607
-1.559119 0.000122851472783 0.451916 0.000331492884694 0 8.92652575317
1.744797 -7.48977655183e-05 -1.553814 -4.09947720984e-05 0 8.92662827274
0.058515 -4.81965818776e-05 -1.884124 -0.000462196568941 0 8.94972314343
4.050948 -0.000592368274838 1.118088 0.000450019574784 0 8.9471527319
-0.511722 -0.000205956284259 2.200375 0.000341184650489 0 8.88652353857
-0.103502 -8.62254080782e-05 -2.409302 -0.000249959962532 0 8.9495854943
0.088638 -0.000100699014799 -0.279874 2.40960284205e-05 0 8.91045863954
-0.16401 6.88755101846e-06 -0.229096 0.00014984713154 0 8.93095485621
1.986176 -0.000351393007948 2.935354 0.000662511839125 0 8.90153036401
0.10602 -0.000259855145691 0.055609 -9.91932395223e-05 0 8.94938361019
-0.20436 -0.000148268127348 -1.249616 -0.000179592209512 0 8.94165961708
-0.603404 0.000206569508987 -1.174615 -0.000250524654676 0 8.9551633519
1.083834 -0.000386090472237 -1.025486 -2.02716122084e-05 0 8.91108958225
1.414383 -0.000146240277836 -0.188636 -0.000178586724754 0 8.97304527243
-3.759586 0.00054993088906 -0.261263 -5.69583231495e-05 0 8.94434540326
1.157398 -0.00030066951772 1.707742 0.000574960503815 0 8.87805212076
-0.79048 -2.09163733487e-06 1.983541 0.000556260567144 0 8.92622900186
0.925302 -0.000180449342789 -0.206575 0.000124312232717 0 8.94731467355
2.144865 -0.000396374971215 1.068994 0.000108627969107 0 8.91270369659
5.088054 -0.000976525763046 -0.29625 0.000150657182394 0 8.93428925932
1.230627 -0.000223927013855 -1.745604 8.63057642532e-05 0 8.90738763679
0.199888 -5.7124436364e-05 1.272147 0.00038595311105 0 8.92306110456
0.786111 -0.000200371310966 1.682902 -0.000133181177953 0 8.96847160989
0.856071 -9.40961675792e-05 0.065373 0.000276629868743 0 8.92352479123
0.734885 -0.000143748174877 1.265405 -7.20873962891e-05 0 8.9728871686
-2.031621 0.000237168005759 0.329017 0.000114027896125 0 8.92435891267
0.726339 -8.40415478329e-05 -0.899452 -0.000233708638202 0 8.93196509814
-0.960274 -6.79580017985e-05 0.511016 0.00024144237185 0 8.94422598713
-0.034005 -0.000347532159375 1.447387 4.85078569585e-05 0 8.95731915654
-1.163648 0.000175453272154 1.45448 0.000556180503089 0 8.87217155228
0.699996 -0.000285086637906 1.203692 0.000265254297892 0 8.93508917627
2.60938 -0.000195279535391 -0.431075 -0.000594439031273 0 8.99727241826
0.348253 -0.000141980043738 1.389585 0.000161672754296 0 8.92103549723
0.727932 5.10478875393e-05 -1.165085 0.000293706759185 0 8.91596634687
3.158546 -0.000661828599661 0.179866 -0.000558196745776 0 9.02366309838
-0.528856 2.19162043538e-05 -0.311751 1.6684572494e-05 0 8.93211388082
4.774124 -0.00065361980268 2.547586 0.000416702314297 0 8.93777126323
0.517266 -0.000186438283472 3.793994 0.000649866777236 0 8.92696442492
-0.034716 3.85165577104e-05 0.049051 8.57212704535e-06 0 8.94376083709
0.442379 -0.000275462583626 0.49377 -2.70741130446e-05 0 8.9411083142
1.123984 -0.000398052307169 0.794548 -1.18126928915e-05 0 8.96734142492
-3.24937 0.000382821488562 0.86136 0.000458746318605 0 8.90395028391
0.114808 7.94074329013e-05 -0.06069 -0.000102169768695 0 8.95461721372
-1.967401 0.00028356462131 -0.726206 -5.93482053447e-05 0 8.98072429746
0.044661 0.000100387414393 -0.359383 3.27429685978e-06 0 8.94529955565
-1.875304 0.000220901668078 1.246933 0.000393917354502 0 8.92180294186
-0.63269 0.000262094723279 0.734216 -4.62471583752e-05 0 8.9468550773
-3.708069 0.00060986652144 0.068363 0.000254054749891 0 8.91004532156
-3.555911 0.000496096403478 -0.294837 -2.48998967494e-05 0 8.92407795305
3.275739 -0.000414273870839 0.0234 6.14223630621e-05 0 8.94687687859
-1.124089 -2.65407800112e-05 0.215693 -8.34138477086e-05 0 8.93557220435
-2.184679 0.000560125835571 2.299593 0.00074967631567 0 8.91473546949
-0.277934 -8.37229483772e-06 -0.198091 -7.61293803831e-05 0 8.98039293232
0.643541 -5.66025537969e-05 0.461039 -0.000246704185172 0 8.94156073273
2.399553 -0.000529681885918 -0.296445 -0.000567154281006 0 8.99535995058
-0.516238 0.000182207018592 0.223401 -0.000221881325452 0 8.95773548635
-2.092657 0.00026439427978 -0.304646 -9.67264905052e-05 0 8.95182258647
-0.190342 -0.000138472463946 1.548999 0.000106445977917 0 8.91104368268
0.442089 -8.09366356862e-05 -0.387804 0.000366905242724 0 8.93230368852
-0.158409 0.000306799101435 -0.881601 -0.000233727291938 0 8.95367517133
-1.010146 7.33601295214e-05 -0.134714 -8.61651812905e-05 0 8.92020111266
-1.25762 2.00380033735e-05 1.956992 0.000794538991155 0 8.86047981534
-0.422498 -6.16438596509e-05 -0.346453 -0.000298485380722 0 8.95189744853
0.561158 4.21517471187e-05 2.949287 0.000619984824685 0 8.90000220675
-0.393531 -0.000208803116911 0.935413 -0.000638596359225 0 8.98571322729
-3.030593 0.000397422375491 -2.066895 -0.000251157435754 0 8.96417818607
-1.83526 0.000200769289124 0.516546 0.000358691045449 0 8.89283226792
-0.42929 0.000343486162901 0.684116 0.000611374847083 0 8.90788463056
-0.550861 -0.000159473618322 -0.68926 3.02334012798e-05 0 8.96023342872
1.776866 -0.000333971221002 2.607619 0.000324139857641 0 8.93281985929
0.43519 0.000118414641518 0.791567 0.000191380752083 0 8.92556042897
0.437414 -0.000280924767111 0.270015 0.000566680332731 0 8.88766672857
-1.685608 0.000248621684769 0.039223 0.00031237846951 0 8.88478846769
1.100542 -0.000146811884469 -0.841368 0.000132237064514 0 8.94298276642
-0.634639 3.16327639909e-05 1.891273 0.000416093136951 0 8.9269823004
1.042658 -0.000102860939841 -1.988588 -0.000435640974284 0 8.97231996403
0.795641 -7.65305075321e-05 1.596662 0.000268958071483 0 8.92261145885
-1.114614 6.70284379959e-05 -0.005868 -0.000162703033244 0 8.94998777985
0.026236 -4.61232100436e-05 -0.398152 9.0038558296e-05 0 8.97906473119
-1.550253 0.000471105903557 2.874442 0.000902619252605 0 8.91224806892
2.048185 -0.000137258331276 -0.614092 0.000218030978117 0 8.9632028871
-1.618775 0.000343323979869 2.304363 0.00088186816746 0 8.85380677034
-0.79909 0.000170598717962 0.326881 -0.000110457370541 0 8.95970617824
0.015269 -0.000344480048106 0.306207 0.000263778632686 0 8.92661533996
0.255007 -0.000174079561462 1.6617 0.000155900408638 0 8.95531384569
0.291188 0.00014395091495 -1.452966 -0.000103482578696 0 8.91621556573
-2.538144 0.000520210131376 1.524985 0.000477528963613 0 8.91520122089
-2.020139 0.000228992353148 -0.285469 0.000133440230489 0 8.94325486318
0.817725 -0.000169677476815 0.192205 -2.50215133865e-05 0 8.94501045126
0.486513 -6.41077069695e-05 -1.793122 -0.000616069588021 0 8.94566846117
1.638017 -0.000148200405831 -0.678907 2.23330416279e-05 0 8.90946511655
1.479953 -0.000352554836725 1.369654 0.000252803745972 0 8.90217904333
-0.149941 0.000179600968674 0.351128 -0.000396333249754 0 8.97584244595
1.168945 -0.000133957661697 2.076008 0.000440071054731 0 8.90787434723
0.252568 -9.19379734792e-05 -1.873782 -0.000366542729115 0 8.94238881426
-1.229481 0.000336052444434 -1.420222 -1.1876101816e-05 0 8.91563408345
-2.057649 0.000258819920684 -2.701638 -0.000317105008509 0 8.94397611281
0.016162 -4.38031057287e-05 1.459108 -0.000139722304711 0 8.96635758608
1.034943 -0.000285412350155 -2.084982 0.000138758263592 0 8.94984112685
0.532599 7.35684071956e-05 -0.575737 0.000115161676802 0 8.95072976126
2.155133 -0.00029208929241 -0.895378 -0.000121323989227 0 8.92995671748
-2.066348 0.000201232187186 0.923005 0.00020165434456 0 8.9182249508
2.706951 -0.000432508860285 -0.051481 0.000133744956219 0 8.91734113154
1.31285 -0.000131838113853 -2.069598 -0.000680088973683 0 8.99683075816
1.574984 -0.00022103558336 1.204087 -0.000401338888486 0 8.98452633191
2.407237 -0.000332719519483 1.850815 0.000165085235048 0 8.95454132548
2.276258 -0.000593428297121 -0.677958 -0.000709820388465 0 8.96665280643
1.493349 -7.1066417088e-05 -0.546044 0.000311238245559 0 8.93590038589
2.858072 -0.000417707255395 2.7555 0.000595143629129 0 8.91558867738
-0.780835 0.000281511344243 0.476247 0.000279624342722 0 8.93756184814
0.754513 -0.000270910340256 -2.023505 -0.00031128062446 0 8.99301062895
1.564566 4.61252970331e-05 -0.195045 9.43482272431e-05 0 8.92849113802
2.501093 -0.000480711758096 -3.148 -0.000337190085835 0 8.93768827127
0.669825 -2.25525734948e-05 1.538166 0.000400410404034 0 8.93971342121
0.030723 0.000195109537054 0.427928 4.23898548136e-05 0 8.96434336525
3.120837 -0.000328476242674 0.486711 -0.000220066195479 0 8.94283205138
0.50857 -3.85209238759e-05 -0.517764 -0.000212494768144 0 8.94420419366
-2.48426 0.000159586036464 0.42636 -0.000104422081779 0 8.9803264514
-2.848343 0.000296747295668 -0.213125 -0.000300082283046 0 8.95338064662
0.322007 -0.000237364554478 -0.043858 0.000244275677806 0 8.89075792758
-1.301466 0.000269640778157 -0.194765 -0.000728687687714 0 9.00782483626
-0.245518 -8.5231531596e-05 -1.00976 1.93760015492e-05 0 8.93246556395
1.078543 -9.57614647492e-07 0.978708 -0.000338227300624 0 8.94852193552
1.102522 1.19076700195e-05 0.838883 -0.000118911076401 0 8.94303581393
-0.199829 4.97994775639e-05 0.884661 0.000406186010273 0 8.94052850041
-1.793571 0.000434053005053 0.812281 -0.00040750346426 0 9.01218142732
1.391619 -0.000253726014717 -0.75661 3.08256544746e-05 0 8.93047063508
-1.23781 2.97843291051e-05 -0.122102 0.000204420726258 0 8.89257694565
1.839053 -0.000613357607784 -1.175569 -0.000462595565306 0 8.98799601288
-1.143268 8.57214341743e-05 -0.151314 2.3218473659e-05 0 8.92180615112
-1.072768 6.96303930222e-05 -1.590005 -0.000492160745233 0 8.93874651893
0.635075 -6.0016685818e-05 -0.114262 0.000453401158808 0 8.87531490781
-1.238167 -0.000141915974545 1.452234 0.000454457364936 0 8.87238155759
-0.577146 0.000287748038121 0.871348 4.51612181516e-05 0 8.97257967683
1.660506 -0.000269640390516 -1.341596 -0.00047774462191 0 8.98102155896
-2.150905 0.000294190770497 0.876086 0.000291343761385 0 8.92159332043
0.152545 0.000150571875821 1.222821 0.0005096003526 0 8.91560813582
-1.374604 0.000202914062868 0.236743 -0.000109752147773 0 8.95411401356
-0.349125 8.2395405596e-05 -0.949471 -3.37900137387e-05 0 8.93966443358
-3.762306 0.000373339414407 -0.849866 0.000438151139543 0 8.90771878978
1.270038 -0.000158535023964 0.182942 -0.000314225529667 0 8.990877091
-3.567267 0.000660499090045 1.00844 0.000249096331508 0 8.95612513522
-0.368728 3.55454618784e-05 -1.036682 -0.000241627992157 0 8.94709437472
1.236585 -0.000167954117999 2.252216 0.000499160975551 0 8.89920333141
2.775849 -0.000326658417358 -0.222997 -1.86209492689e-05 0 8.93215451485
1.252415 -6.85439994542e-06 -1.931754 -0.000550330118654 0 8.97657659506
-1.849908 -4.305362e-05 0.371989 5.05580361622e-05 0 8.94901614897
-0.624405 0.00013989073817 0.163188 -0.000262220914439 0 8.96920196798
2.883744 -0.000465526937035 0.460181 0.000308574019967 0 8.89887430849
1.392663 -0.000375402350288 -1.760399 -0.000218564426729 0 8.93919189162
2.858908 -0.000575732745398 -1.351357 -0.000408948450519 0 8.94925456827
1.574495 -0.000182180757595 0.406663 0.000130625074031 0 8.92687670168
0.046332 0.000185043793743 0.585904 -9.32035067128e-05 0 8.96782151161
-2.553223 0.000435905888266 -1.929832 -0.000232480445556 0 8.9451688573
1.2144 -0.000254682561668 0.495578 1.98778141782e-05 0 8.9361866409
-0.538454 1.54933897113e-05 0.304553 0.000387158657096 0 8.91548497338
-1.680083 0.000277687795363 1.790448 0.000224440362863 0 8.92982038519
-2.808531 0.000360118674094 0.205888 -0.000362129868242 0 8.95346126354
-0.607591 -7.69063678175e-05 -0.136144 -6.52917150433e-06 0 8.95425247366
0.194427 -0.000104554324073 -1.311784 -0.000512190417721 0 8.95032626679
2.72095 -0.000318262898684 -0.627455 0.00020665375032 0 8.94736633913
1.057616 -0.000221428833549 -1.502893 -0.000461635986033 0 8.98071403477
-3.470996 0.000393005504252 0.863574 0.0003871565322 0 8.89748989394
1.133289 8.96016374714e-05 0.419576 8.15552683556e-06 0 8.93564124747
0.166957 3.72877236196e-05 -1.507849 -0.000492361968337 0 8.9669056283
0.824641 -7.04660106286e-05 -0.782395 -0.000183213967598 0 8.93181466626
1.245587 -0.000349883866824 -0.81026 2.11095671426e-05 0 8.96250618103
1.825387 -0.000260739291453 1.223223 -3.14242590834e-05 0 8.9726806862
-0.540208 0.000278622393879 -0.051373 -3.34321563993e-05 0 8.96020337434
0.964569 -2.49928491806e-05 0.130406 8.71707669905e-05 0 8.95774297837
0.633789 -0.000244116584719 -2.413393 -0.000525344295852 0 8.93497648402
3.158743 -0.000459247345735 1.247939 0.000322703215945 0 8.92623560799
0.810105 -0.000265545303616 -1.317833 4.78037630554e-06 0 8.93073417756
-2.710936 0.000396984975373 -0.805712 -6.37468588099e-05 0 8.9657646756
1.058054 0.000156128492228 -0.421037 -0.000214504174772 0 8.95145821118
-0.401576 0.000272066643653 -0.497126 -0.000324733138312 0 8.98337152373
1.251969 -0.000273940864116 -0.561462 0.000351029605064 0 8.89220242493
-0.544589 -0.000116624100635 0.318069 -0.000126873291852 0 8.95273677505
-2.594377 0.000438703171374 3.150302 0.000337829044322 0 8.94887062413
-2.806302 0.000458488055092 2.071604 0.000495931262712 0 8.91857766244
0.412846 -9.70297251368e-05 -1.877707 -0.00076812540697 0 8.95790738445
-1.686509 9.48894254181e-05 0.621531 0.000200978104737 0 8.94333849538
-2.514988 0.000277949712131 -0.983016 0.000317787228672 0 8.89812526684
0.382984 -0.0001841119376 0.457557 0.000457564615139 0 8.91679906727
-0.971749 0.000258469902684 -0.342583 0.000483555896356 0 8.91275531191
2.180375 -0.000348795735561 0.594371 0.000144794610641 0 8.91901953939
1.953251 -0.000240869315236 0.676705 0.000411469243898 0 8.93001275379
-4.207818 0.00071403806504 0.38092 0.000308375610945 0 8.95332297422
1.425001 -0.000306784815197 2.013964 5.45140513307e-05 0 8.95630786138
-1.731076 0.000205481806786 -0.285393 0.000159990822955 0 8.90986824338
0.054572 -0.000115722186109 0.079512 0.000245427710243 0 8.91591456542
-0.591846 -1.87699293802e-05 -0.172971 0.00021129372186 0 8.96270680353
-0.088241 -0.000165591166934 -2.717684 -0.000427618987695 0 8.92327974733
-0.388754 0.000156648563409 -1.924588 -0.0004608618168 0 8.96966203375
-0.332394 -8.50133301989e-05 -0.972438 -0.000288090545021 0 8.98467829164
-2.383902 6.71232750689e-05 1.160575 0.000112999033966 0 8.91623619877
0.273435 0.000182579721414 0.589756 0.000328040411151 0 8.93018450233
4.902813 -0.00098230478871 -0.670821 -0.00053745637889 0 8.97442343528
-1.961977 0.000207610970973 0.010572 -0.000219733389458 0 8.94238733383
0.291114 -5.90388745381e-05 -0.539746 0.00028255960266 0 8.93850790466
3.823645 -0.000403742282938 -1.911716 -0.000422220703567 0 9.00083084449
2.091979 -0.000375634845605 -0.973207 0.000495733990768 0 8.90481142931
-2.690499 0.00026804899269 -1.584219 -0.000829378685116 0 8.93699961076
1.203464 -0.00014491848464 0.007623 0.000130428213461 0 8.92643911874
-1.383097 0.000135889448049 0.858426 -2.97464060029e-05 0 8.95420221053
0.779292 -0.000164090187904 2.057505 0.000595343913122 0 8.88952104415
1.911232 -0.000495228767599 1.564123 0.000161502061148 0 8.917017566
-1.020367 0.000376706834791 1.643764 0.000364495714482 0 8.91438630571
-3.109448 0.000495093639317 0.327063 -4.13468191779e-05 0 8.93206056729
0.41215 -0.000134531066301 -0.117884 -6.11355059139e-05 0 8.94660492043
1.492822 -0.000311760841527 0.154245 -2.01953430593e-05 0 8.93127173445
-1.671851 1.98506795261e-05 -0.375781 -0.000255626479263 0 8.95999039777
0.189174 -5.30789567187e-05 -0.149167 -0.000430335678422 0 8.96116888033
1.106905 -0.000113807040106 2.153877 0.000104534539334 0 8.92205250934
1.266495 -0.000217670139943 -0.370216 -0.000239150376996 0 8.9326493203
-0.012405 -0.000203670792122 -0.227438 -0.000312331100651 0 8.93718797581
1.029329 -0.000281930503046 1.026503 8.95419296682e-05 0 8.92801808553
-0.196527 9.88347138821e-05 -2.780511 -0.000305557726566 0 8.91527278695
-0.742943 -0.000177552855344 3.173037 0.000744645702518 0 8.89681317156
-0.140307 -3.59392483508e-05 0.363386 0.000316834911697 0 8.88982204526
-1.382117 0.000309664364633 -0.186108 -4.54951155708e-05 0 8.970251756
0.090568 -0.000278135615116 2.415151 0.00056418641977 0 8.87235939902
3.28234 -0.000376085632861 -1.497166 -0.000164669161275 0 8.95746596478
0.23926 2.08838895332e-05 0.14721 -0.000103782223925 0 8.97072136992
-4.028164 0.000447299588918 -0.899581 -0.000172504650706 0 8.94485226815
-1.361114 8.95373078185e-05 1.272647 1.98038721078e-05 0 8.96125001065
1.938307 -0.000349935519833 1.033371 -3.47283075607e-08 0 8.97561230823
1.634936 -0.000276551816971 -0.483871 -1.32042441739e-05 0 8.96010911808
-3.142551 0.000466385390998 0.161076 0.00019119515427 0 8.94491232878
-3.567416 0.000272676465841 1.805801 0.000246733794141 0 8.91084345495
-2.719611 0.000477749099963 2.39414 -0.000146216650198 0 8.96214891101
2.235184 -0.000533327268676 1.497158 0.000302582980045 0 8.95380744278
-0.203679 0.000202488255534 -0.440704 0.000457408826567 0 8.91184745475
0.340981 -6.59866288335e-05 0.570454 -0.000257181825282 0 8.96612621909
-0.314585 5.46756510875e-05 0.465418 0.000362736415048 0 8.94365996034
-0.654684 0.000401964931868 0.006078 -6.86762931782e-05 0 8.94538327011
0.041476 5.48728937137e-05 0.049464 4.71191534123e-05 0 8.88310540669
0.777498 -8.5979582281e-05 0.857877 0.000698580228371 0 8.91231974987
1.409306 -0.000353389209769 -0.496664 7.32927365591e-05 0 8.89785268073
-0.246627 -0.000154823869753 -1.467274 -0.000194730204007 0 8.97084377992
3.312749 -0.000357654252936 0.626222 -0.000256308000478 0 8.91707096531
-0.212427 0.000102115133434 -0.223737 0.000436151475271 0 8.88472985257
1.867439 -0.000463569220256 2.837739 0.000447681449279 0 8.95431891852
0.007198 0.00013298979572 -1.236372 -0.000608238841895 0 8.97595112241
1.503695 -6.00618879528e-05 -1.257305 6.24448755631e-05 0 8.97369809694
-2.145635 0.000297411399538 2.925625 0.000453880713478 0 8.92641616187
1.993208 -0.000321076993213 -1.848063 -0.000711469733418 0 8.98704356095
2.445655 -0.000263171861846 -3.100948 -0.000341188561673 0 8.92188210426
1.648482 -0.000280757430504 -2.126881 3.7034204639e-05 0 8.92892913354
1.417273 -0.000115827037996 0.497846 -1.23307971496e-05 0 8.89810225527
0.066867 -5.72334620849e-06 2.031138 0.00014645732619 0 8.94293046361
1.363379 -0.000322058486347 0.868767 0.000292044258556 0 8.9277639165
0.747453 -0.000199690361745 -0.041822 -0.000173709353478 0 8.93669098215
-0.981801 0.000155681175696 1.287391 -4.14472127238e-05 0 8.9375838963
0.395645 0.000266329704457 0.394515 -0.000555718410976 0 9.00291069937
-1.131874 0.000159854878903 1.795468 -8.59852098079e-05 0 8.96095262266
-3.752138 0.000351781869876 -0.124555 -7.02048341141e-05 0 8.94847174426
-2.849995 0.000645656522157 0.648779 0.000292058187567 0 8.93731755752
2.342238 -0.000258164135133 -0.754246 -0.000611646806026 0 8.97495278238
-1.488185 0.000272950681443 1.001149 -7.51696501582e-05 0 8.94952174512
1.739086 -0.000349946626728 0.309849 0.000414161400121 0 8.91673016881
1.716473 -7.89781163818e-05 -0.603068 -0.00037678663244 0 8.965197735
1.759168 -0.000145422298685 -1.315912 -0.000314808596488 0 8.93568268446
-0.763757 0.000168859927181 -0.57717 -0.00032089788401 0 8.94202290892
1.620091 -0.000215843852826 -3.478754 -0.000324877947564 0 8.95615813298
-0.42743 6.3030083376e-06 -1.320772 -9.54664730771e-05 0 8.93421038144
1.094681 -0.00038085954833 -2.183081 0.00030013487033 0 8.91889734845
-1.38785 0.000270425357125 -0.193272 0.00012096213561 0 8.9165680008
0.741432 -0.000119883037852 0.280335 9.57309667298e-06 0 8.97409189072
1.998174 -0.000244272935519 -1.109057 -0.000236347103544 0 8.93678608869
0.00695 -0.000302415535591 0.021396 0.000175808538176 0 8.92456880765
0.284198 -6.67678226221e-05 0.415411 0.000280549683868 0 8.94742092686
0.740137 -0.000118458048824 1.941826 1.03235879235e-05 0 8.98111810586
0.372544 -0.000138900936591 1.409089 0.000562166772444 0 8.93789368
-1.097212 0.000241307416115 0.04004 -7.75641553026e-05 0 8.94480879481
-0.395892 -4.85939531763e-05 0.624016 -1.31427213277e-05 0 8.91638975111
0.688444 -7.74611074079e-05 -0.229353 -4.00212127044e-05 0 8.95019634327
1.652811 -0.000273217642158 -0.123563 9.87096494588e-05 0 8.91643924072
1.45475 -0.000193903692883 0.057502 -0.000118841654365 0 8.94574237873
0.702174 -9.67292911038e-05 -0.176692 0.00032653770455 0 8.95149444642
2.158798 -0.000319466767843 0.123046 0.000305009538419 0 8.89172417179
-0.310739 0.000165760933094 -0.37813 -0.000175426819344 0 8.97438625894
-0.02242 -0.000118218250642 0.033277 7.3401107579e-05 0 8.91107641833
-2.356769 0.000174551826536 0.408934 0.000213207848441 0 8.9119519693
-0.307045 0.000207621132405 -0.720934 2.46071258329e-05 0 8.94869845661
1.311103 -0.000139888397906 1.140245 0.000258850003405 0 8.89745687666
-1.367383 0.000168436496329 1.414842 0.000547423462638 0 8.87792125352
-1.803177 0.000132399277036 1.300244 0.000468866769725 0 8.90612947163
2.852409 -0.000335963916356 0.360938 0.000445602538626 0 8.92994926562
0.527006 -0.000178313603488 0.887513 -0.000161553486009 0 8.9066568548
-1.927137 0.000205144728422 1.164003 0.000467814750057 0 8.93042095616
2.339542 -0.000461873209253 0.145345 6.25946473021e-05 0 8.91873330944
-2.859738 0.000654960713205 -1.584 -0.000200111428071 0 8.95542267083
-1.240845 4.5510237725e-05 1.440983 0.000254464297793 0 8.91807149166
-0.114794 0.000183593982203 -1.044755 -0.00021165554765 0 8.94071208854
3.145704 -0.000615664969294 -2.241589 -6.41957498543e-05 0 8.90405553946
-0.954343 0.000144377861669 -2.437538 -0.000150161963426 0 8.9241324222
0.591871 -0.000117876491954 0.276626 -0.000565515031612 0 8.95871486614
0.204577 -0.000107409380592 0.437177 -0.000216654532323 0 8.95452992569
-5.289884 0.000863337996958 1.096961 -0.000326970616918 0 8.94996213995
-1.390764 0.000245559051806 -0.265662 4.28452717937e-05 0 8.9615095616
-0.886802 -3.62466560568e-05 0.926995 0.000304836570707 0 8.89381278257
-0.932458 4.42113482865e-05 0.342741 -0.00026238758219 0 8.9522684843
3.56638 -0.000668901543608 -1.70896 -3.01628005685e-05 0 8.92571922426
-1.287594 0.000306242141182 -1.503058 7.34232290505e-05 0 8.98631659026
2.896779 -0.000443228297799 -0.207551 -0.000187112907053 0 8.91537741852
-1.333442 0.000104202212387 -1.221507 -0.000572421961235 0 8.9373579946
-0.824846 0.000261171424278 0.890293 0.000244295919647 0 8.94861480283
0.730468 -8.91286384085e-06 -0.259805 -0.000187413726261 0 8.94960187705
4.122185 -0.000610983777096 0.039742 -0.000329668978806 0 8.96668743862
0.243336 0.000192775982284 1.011236 9.48825072126e-05 0 8.96364635821
2.345498 -0.000354020050304 0.329007 -4.97844694445e-07 0 8.96566688357
-0.457284 0.000125129124619 -1.201751 0.000182332425342 0 8.92600174852
0.703769 -6.37611427479e-05 0.276054 -0.000201439156969 0 8.9471665856
0.148958 3.99123471226e-06 0.363433 -9.64847389259e-06 0 8.94010504088
-0.03341 2.11977465808e-05 0.931418 0.000297237297555 0 8.93065255887
-3.736233 0.000608993099413 -0.577319 0.000333000835706 0 8.93025969421
-2.800028 0.000601053299205 1.718268 0.000543034280928 0 8.92655438034
0.125555 -8.79801908558e-05 -1.069366 0.000268730481358 0 8.92539592558
-1.081839 7.21680564273e-05 -0.121979 0.00034265774091 0 8.93108133402
1.26654 -0.0002176533402 0.420049 -1.46301809715e-05 0 8.95186321645
0.98864 -0.000412512555752 1.267858 0.00014165452579 0 8.92616692363
-0.161626 5.37382062868e-05 -0.637211 -0.000110191172845 0 8.98618599498
3.920915 -0.000713814004749 -1.077028 -0.000124516707715 0 8.9113658153
-0.750656 -5.49341236377e-06 -2.380037 -0.000125266165797 0 8.91015236899
1.412771 -0.000141206164267 -1.352164 -0.00014084750306 0 8.96295050584
-0.478204 0.000153083900077 0.59092 -0.000175289900631 0 8.96444068748
-0.055063 6.0721284596e-05 -1.038486 3.28415927107e-05 0 8.92448582127
-0.822096 7.71424312323e-05 -1.044372 -0.00014972725255 0 8.96225660194
-0.36995 6.5736921141e-05 -1.525591 -0.000609261289628 0 8.94132634367
-2.148144 0.000626249268619 -0.058473 0.000266098996578 0 8.94159435775
0.873137 -0.000157189062355 1.578865 0.000140283836515 0 8.95917450167
1.853731 -0.00030696250001 -0.885152 -0.00020761937475 0 8.94100452041
-0.413404 0.000151860056714 -0.303046 3.74803032531e-06 0 8.98024182575
-0.168201 2.76815156327e-05 -0.674154 -0.000316582544789 0 8.93267071637
1.608172 -0.000424010452344 0.638061 -0.000167713456719 0 8.92085574763
1.532323 -0.000358407827304 0.669812 0.000176806125211 0 8.93548242999
1.904016 -0.000217554583094 1.624927 -3.89878500875e-05 0 8.94595808663
-3.914772 0.000603145318249 -0.150218 0.000166507142595 0 8.94903302001
0.480257 -0.000123403912674 0.650994 0.000240883824255 0 8.90423538255
-0.341809 0.000115948419214 -0.000429 0.000631196460183 0 8.86216917081
2.47313 -0.000286677562177 0.437867 0.000227008204554 0 8.89578522994
2.493282 -0.000269889484665 -0.667499 -0.000153868056657 0 8.94656391802
-1.219799 0.000313882570249 -0.827122 -0.00056275233305 0 8.98345672328
0.92147 -0.000139980327984 -1.990575 -0.000542707164972 0 8.96853413463
-3.961057 0.000423948770117 1.15383 0.000402510861144 0 8.95983380221
1.503885 -0.000305889494936 0.621852 -0.000523773689077 0 8.97355226089
1.846255 -0.000595118263128 -1.342206 0.000195840392496 0 8.92358538628
2.44918 -0.000376599072337 -1.199353 6.83354254341e-05 0 8.92450535534
1.186866 -0.000214719068182 -0.321969 0.000273244678709 0 8.8868270942
-2.21515 0.00035774231469 0.258316 6.58683255192e-05 0 8.95144940163
-0.791221 0.000165779017807 2.020054 7.8950546707e-05 0 8.94066963117
-1.192302 0.000160446262716 -0.332718 0.000410135128681 0 8.92280810909
2.264566 -0.000471783945719 0.288288 -8.70555560977e-05 0 8.93196503971
-2.501518 0.000369154209783 0.564115 -0.000167332274257 0 8.92613658642
0.916427 -0.000134904273489 -0.540994 0.00018491412908 0 8.94753740618
0.617956 1.36423991268e-05 2.297998 0.000168438838648 0 8.91663875233
-1.034173 0.00041135017958 -0.837956 -6.26119591131e-05 0 8.93443270368
1.65958 -0.000250727780095 0.694379 -0.000224480292598 0 8.98392846428
-1.253788 0.000295486725532 2.126073 0.000552437069709 0 8.92915701647
-1.78337 0.000219187301537 -1.003727 5.27026330282e-05 0 8.90014026119
0.733872 -6.20137611471e-05 0.187622 -0.000110197757814 0 8.94443880374
-0.284204 -0.00015660867989 3.590275 0.000854551648446 0 8.89329133574
0.554083 6.19863871841e-05 0.06539 8.64119659828e-05 0 8.93345693801
0.703431 7.88429169971e-05 0.527457 -3.33915515972e-05 0 8.9356868297
-0.086816 9.1460748897e-05 0.56628 3.44780790992e-05 0 8.93054698053
-0.971284 0.000165238530359 0.628 -0.000258160100909 0 8.93903671241
-2.202028 0.000580366042944 0.037648 0.000262099603694 0 8.90292948247
3.001544 -0.000426423044474 -0.701068 -0.000152447645682 0 8.98621962539
-0.669943 0.000383424055843 -1.271419 -9.0261139598e-05 0 8.98759766498
2.317404 -0.000396208799575 -1.475471 -0.000521575471111 0 8.95720357434
-0.265151 0.000187443433708 -0.610961 -0.00015653724526 0 8.94433145145
-2.556192 0.000521059741659 1.059632 0.000150768802852 0 8.90543763522
3.795855 -0.000552808499857 -1.234111 -0.000475699186837 0 8.93463323949
2.540956 -0.000191316992974 -1.436841 -0.000162268612707 0 8.95611436391
-1.675294 7.24726384356e-05 1.296079 0.000345900352554 0 8.9108939519
2.0584 -0.000297427296306 -0.279537 0.000297680470187 0 8.9287089316
-1.898574 0.000492017743531 0.872801 0.000117511313089 0 8.9156265576
-0.108745 -0.000360922407658 1.705844 6.53501487178e-05 0 8.91923198517
-1.741399 0.000131689213221 1.827428 0.000169891841387 0 8.90432934576
2.621346 -0.000299271359115 -0.237318 -0.000112170001304 0 8.94187443958
0.31602 -0.000344616076911 0.419024 0.00031234949237 0 8.91358213279
-1.144342 0.000278687473576 1.69144 8.19115813207e-05 0 8.95290251769
-1.589604 8.66369170289e-05 -0.401127 -0.000514968089411 0 8.97944863889
-1.10367 2.72985961184e-05 0.472936 0.000463375600924 0 8.89899569128
1.077987 -0.00033194290408 3.074699 0.000461219357083 0 8.89030171415
-1.46043 0.000250953502192 0.058102 0.000170964197326 0 8.91775759809
2.154053 -0.0004034246295 -0.958973 0.000151741996417 0 8.90559131885
-0.162849 -0.000107069899113 2.169024 -7.94902223752e-05 0 8.92869167945
0.166517 0.000308326871448 -2.400305 -0.000970935363356 0 8.99713734827
-0.602741 0.000114859472434 0.218895 -0.000174493113016 0 8.96522444238
-0.054011 6.06188417824e-06 -0.312731 -0.00012173881673 0 8.93525068967
-0.123055 -0.000143978224713 0.707365 0.000245991099875 0 8.89452038955
0.114487 6.06478730405e-05 -0.0584 -2.79120751508e-05 0 8.932594782
0.286413 5.9981216037e-05 -0.720801 -0.000132995381192 0 8.92717389782
-0.203622 -0.000158624763427 1.882474 0.00030709484502 0 8.94485560575
-1.761598 0.000478554148771 1.511251 0.000160932547903 0 8.92639874535
0.406895 7.08204152341e-05 -1.116218 -0.000128702535673 0 8.94695264818
2.278524 -0.00050912409419 0.0788 0.000169260094311 0 8.88844389797
-1.136843 -0.000147352189529 1.639189 -0.000181683402418 0 8.95167377347
0.791951 -0.000196004266411 -1.196929 -0.000222176450018 0 8.99144576274
3.996735 -0.00029624813922 -0.416591 -0.000191997665872 0 8.97051630582
0.543228 -0.000121347790751 1.591138 0.000132571744183 0 8.9499252443
0.912297 -0.000230974728714 2.224459 0.000636582674828 0 8.87274259986
0.479772 0.00010297543214 -0.19539 -7.01422876612e-05 0 8.9676773331
-0.305352 0.000168231839249 -0.430386 1.22517326969e-05 0 8.93889755128
-2.388862 0.000507824066169 -0.080221 -7.41021872361e-05 0 8.9603078156
-0.469406 -9.30473546491e-05 -0.332226 0.00021374191787 0 8.93309259358
-1.122708 0.0002837869023 0.068874 0.000444238906754 0 8.89199881894
0.554548 -0.000185214530035 0.832926 0.000276537026549 0 8.93507527802
2.823583 -0.000444137269541 -0.090221 2.9324415081e-05 0 8.91892657322
-2.36617 0.000183107182657 0.014772 -0.000196983541337 0 8.9602442657
-4.852172 0.000563856180657 -0.845067 -0.00042897194006 0 8.97229031801
-0.310408 8.97237752258e-05 -0.793858 -0.000404704419602 0 8.95055694434
1.256739 -8.58872387673e-05 -1.871272 -5.76818897221e-05 0 8.91051625138
0.307948 -6.34573756306e-05 0.348056 0.000593605337621 0 8.88673803987
0.346918 0.000120725647914 0.123298 -0.000314979167186 0 8.96718726005
-3.012445 0.000710267697366 -1.181869 -0.000327701033845 0 8.94037078774
-1.741347 0.000243044415036 -0.674031 0.000211079061898 0 8.918501701
1.121068 -0.00029808498487 0.65331 7.93582923359e-05 0 8.934787781
-2.326955 0.000448170229282 0.983094 0.000908045579745 0 8.89051290644
1.892188 -0.000182741729248 -0.476818 0.00012320792599 0 8.93327101558
-0.933993 -4.22507145535e-05 1.877345 0.000920532670632 0 8.84074424647
1.225936 -0.000301068404313 1.324942 7.1910781512e-05 0 8.95894785701
1.805446 0.000140733066159 -1.123751 -0.000291842772996 0 9.0089207909
-0.274073 -7.73734703581e-05 -1.08405 -7.62405396065e-06 0 8.92817985911
-1.393012 0.000377339494465 1.198664 0.000223698288937 0 8.94432625684
2.748714 -0.000670259621115 1.348211 0.000536060369232 0 8.89618714739
-2.452932 0.000584368956808 1.346665 -0.000105911802294 0 8.92622406642
1.516346 -0.000242845271965 2.366584 1.70573221754e-05 0 8.92161862972
-1.481029 0.000461666022526 0.456708 -0.000579928477458 0 8.94760727831
-1.742772 0.000386039699482 -1.947087 7.98458052015e-05 0 8.93025772201
3.370413 -0.000752097038699 0.493909 0.00032254052209 0 8.94499009397
-1.944816 0.000311211374594 0.292952 -6.05149829547e-06 0 8.92806758656
2.650814 -0.000516387471117 0.234421 0.000254166880795 0 8.9282910925
-2.456181 0.000240674797015 3.108934 0.000182186404556 0 8.90954022271
-2.93668 0.000486136020291 -1.38566 0.00031598285994 0 8.88647550516
-0.696712 -0.000161067168361 1.232175 0.000249537684287 0 8.95299060004
-2.252006 0.00050694656627 1.151894 0.000284253218815 0 8.96451501929
0.915142 4.97157136625e-06 1.417496 0.000639335512473 0 8.89591863031
-1.208218 0.000192983952789 -0.50603 -0.000439970087771 0 8.9700840337
-3.274895 0.000153699074659 -0.953238 0.000139934380795 0 8.93748889384
-2.157455 0.000573665221086 -1.08758 -0.000244270261479 0 8.92554583185
-2.577334 0.000545543148078 -0.712752 -0.000152108410477 0 8.95291315112
0.632056 0.000136213805059 -0.487599 -7.47514732259e-05 0 8.94592756301
-0.752291 0.000106387889064 0.681995 5.06844525992e-05 0 8.94120567777
1.434254 6.75563376925e-05 -0.364852 -0.00044290708615 0 8.99334771838
3.574045 -0.000683201361113 0.400187 0.000265432239485 0 8.92813295236
-0.868313 0.00048487628528 -0.812965 -0.000509554523902 0 8.98912401934
0.591144 -1.67531614749e-05 -0.416003 -0.000375709010953 0 8.9632045962
0.128424 -9.16869747141e-05 0.137334 -0.00036485051462 0 8.99147209946
-2.742622 0.00041106966209 0.171848 -0.000150776928754 0 8.94990486763
-1.108256 -8.84246080921e-05 -2.920671 -0.000312528919099 0 8.94771348131
0.547783 -0.000194081853025 -0.3742 0.000590690679238 0 8.92940864548
-0.775036 0.000116702104143 -1.458332 0.000174737864697 0 8.92697208832
2.001217 -0.00030852957215 2.227573 0.000105203332863 0 8.96705913765
-0.199716 0.000147502516856 -0.297892 4.67740454206e-05 0 8.97447427284
0.7658 -2.78556129403e-05 -0.085986 -0.000253139967564 0 8.92968772253
0.711859 -0.00031401766736 0.716185 0.000382573364992 0 8.94674356928
3.589928 -0.000374718691559 1.450007 5.58933217582e-05 0 8.94279997852
-0.318609 -4.56462498044e-05 -0.950354 0.000236504035394 0 8.90486414924
0.137668 3.70017075765e-05 0.267864 0.000319527088738 0 8.88454605082
-1.534028 0.000301143484032 1.843835 0.000485861150536 0 8.90412426593
-0.931653 5.01756389954e-05 2.024163 0.000391449416581 0 8.90521980124
1.095261 -0.000357873762315 1.716234 -7.25952512222e-05 0 8.94775025436
-0.816978 0.000180166257107 1.134767 0.000530891822835 0 8.92163743026
0.742785 -0.000302061068374 1.519145 0.000505453372959 0 8.91840323947
0.504471 -0.00015430968784 0.344779 -0.000262619673406 0 8.97662082947
-1.058022 4.24212488146e-05 -0.218587 -0.000639773986607 0 8.97564770756
3.626487 -0.000763614316026 -1.151054 -0.000190409728455 0 8.9335585151
1.040643 -7.57319345875e-05 -0.389913 0.000129675465619 0 8.9171991901
-1.449081 0.000325376529709 -0.720309 -0.000388223775522 0 8.96999585105
1.861001 -0.00039502048281 0.46584 -1.12776750988e-05 0 8.9042351768
0.771718 -0.000123496670959 0.204107 0.000199073904347 0 8.93334214798
1.058387 -9.34945444397e-05 0.628679 -0.000137134266848 0 8.93534009402
-1.131159 0.000337721929825 -0.074112 -0.000279665274525 0 8.9524693407
1.837537 -0.000295150475556 0.762246 0.000779999377136 0 8.90721682167
1.156326 -1.65465386272e-05 -1.8106 -0.000736448571595 0 8.98164802468
0.289882 1.47031081884e-05 -0.413067 0.000472829463988 0 8.90436723486
-3.851782 0.000520231251948 0.188023 -0.000251102304134 0 8.95575260544
3.225597 -0.000227048070839 1.553794 0.000442362536223 0 8.92543015425
-0.786559 -0.000175344318922 -1.395152 -0.000557868751618 0 8.98462141803
-2.716179 0.000423340338543 -1.127853 0.000298106484164 0 8.93705022974
-0.219577 0.00018045094063 -2.520282 -0.000492509923414 0 8.93988552647
0.573184 -3.86177917897e-05 -0.547541 -0.000128741831156 0 8.96102988233
0.876333 -4.58264219449e-05 0.589737 -0.000150799114986 0 8.91336008964
0.482772 4.69462806599e-05 -1.222591 0.000168591186864 0 8.90657648673
3.776795 -0.000777090685715 1.078577 9.15093421773e-05 0 8.90723335838
1.148248 -0.000144382880349 -1.998102 -0.000171929204009 0 8.94779502715
-0.625996 8.87734578559e-05 -1.619685 9.59157376318e-05 0 8.91711735367
0.207034 4.08137914918e-05 -0.296908 0.000135503414779 0 8.96933290598
4.858219 -0.00073630932264 0.794574 -0.000150594013901 0 8.93228154834
1.033571 0.000100915261007 -2.020536 -0.000273871772469 0 8.97061981801
-0.379319 4.72985680621e-05 2.142678 -0.000189372129652 0 8.99992685003
0.610598 -4.67402090706e-05 0.584051 -0.000380650485521 0 8.96770855343
0.182606 -0.000124572543787 -0.463824 0.000100201571275 0 8.93199303627
-0.566746 0.000125982804963 -0.437695 -0.000368738548854 0 8.963286698
0.700067 -0.000185150791371 -0.151057 0.000290682477659 0 8.90184668762
1.600231 -0.000323093685491 0.515556 0.000409749548961 0 8.9073860366
0.015458 8.85500712882e-05 0.83231 0.000480152721111 0 8.90953682413
0.878625 -0.000227728296813 0.747864 0.000187945442969 0 8.93376291937
-1.98542 0.000580894230776 -0.098603 0.000193393942777 0 8.95086008548
-0.749525 0.000230166738595 1.795353 0.000123577153553 0 8.94754589665
-0.522341 -1.9748649627e-05 0.626519 -0.00010319849832 0 9.00965272414
-2.470696 0.000657673923306 -0.078522 -0.000223536831676 0 8.98117005078
0.526451 -0.000125218829002 0.886426 0.00018085427184 0 8.90314353388
-2.272926 0.000316304994046 1.137096 0.00034952984339 0 8.9237251735
-2.337696 0.000449828065234 0.310591 0.000293229746097 0 8.91666726188
-0.709341 0.00032158837835 0.867852 8.18781104005e-05 0 8.93823051378
-0.854897 0.000157504258923 0.420462 -3.20031469094e-05 0 8.93303834566
3.038482 -0.000536345188339 -1.263634 -0.00041503355327 0 8.9806495588
2.092726 -0.000216278294483 0.916785 -0.000125508037127 0 8.9173380413
1.070055 -0.000305510112597 -0.103668 -0.000121363796236 0 8.93790908939
-0.344753 0.000255363664425 -0.744544 -0.000153758892568 0 8.99759182222
-1.078157 0.000161934435834 1.329229 0.000107060597496 0 8.89417158209
-0.579868 0.000166101727372 1.378084 -3.24157500276e-05 0 8.97465760756
-0.521726 -3.35436863027e-06 2.084952 0.000385641627104 0 8.89866170409
0.666037 -0.000213878730948 -0.140777 -0.000134358976332 0 8.94832327052
-0.33644 0.000119380012074 -0.165431 -0.000515890249993 0 8.96968996055
-0.683158 -6.0257872109e-05 0.044158 2.81088920221e-05 0 8.94149764278
1.479226 -0.000162126485285 -0.553528 -0.000244075154336 0 8.91919982174
-3.133408 0.000539026755395 2.316284 0.000653274501095 0 8.92546288213
2.426631 -0.000341555976799 0.677021 8.91088771962e-05 0 8.91184622695
0.814769 -0.000252073586727 0.562408 -0.000239426984443 0 8.95004803408
1.823621 -0.000264441776206 -2.61556 -0.000366857321486 0 8.92514939398
1.816449 0.000117509262338 1.943309 0.000367294484309 0 8.91990977068
-0.725205 -2.87503925177e-05 0.819617 0.000324190748948 0 8.91782816806
-1.443685 0.000356254221563 0.82877 0.000345498847143 0 8.94193984342
1.130175 -0.000188630030001 0.611921 8.40368854409e-05 0 8.92166282553
-0.705327 0.000169886133953 -2.679989 -0.000472992648583 0 8.96174685292
0.405041 -0.00017980774132 -0.468731 0.000147970598428 0 8.92231550159
-1.206013 9.66678680271e-05 -1.184829 -0.000483817488642 0 8.98292253269
0.780885 2.79860939548e-05 -0.405149 0.000517531371461 0 8.88695256233
-1.77686 9.45761074164e-05 -0.971238 -9.51136818661e-05 0 8.91525968271
1.22874 -0.000186563150209 -0.975003 -6.08537139307e-05 0 8.91952929751
-2.122071 0.000493370566839 -1.06847 -0.00047100223222 0 8.96936509814
2.435254 -0.000487617655606 1.360283 0.000172444440587 0 8.90711767281
-2.128159 0.000240942603303 1.032017 0.000539928950472 0 8.91196093381
-0.316694 -9.52074922532e-06 1.26503 0.000136745135713 0 8.92877885557
-1.750382 0.000307088107285 1.928703 0.000299122136959 0 8.95617083561
1.95541 -0.000416701960265 0.450317 8.59656029143e-05 0 8.97707697719
0.534961 4.01709295676e-05 0.487098 -0.00013951250037 0 8.97295751847
-2.74552 0.000322886144468 -0.201234 -6.80758366064e-05 0 8.9415363991
0.297853 -3.6789639172e-05 0.255774 1.1301433657e-05 0 8.92743174189
3.555897 -0.000550826252968 0.963175 -7.11197529329e-05 0 8.97810373428
0.57287 -0.000126266412688 -0.323722 -0.000103276399626 0 8.91272147959
-3.146178 0.000271012932035 1.746902 0.000251032424606 0 8.92007957809
3.074492 -0.000550551640618 -1.873941 -0.000275547396468 0 8.9297586209
-2.527095 0.000523092218605 -1.378087 -0.000637456595367 0 8.99558481615
-0.724838 4.19676492945e-05 1.014461 0.00057627874765 0 8.9097250864
2.66524 -0.00047264847132 -1.095456 -0.000255628579991 0 8.95514114207
-1.969301 0.000166326902597 -0.12661 -5.57018430676e-05 0 8.9087516055
0.183031 0.000108298756979 0.028053 -0.000375619492385 0 8.96495199953
1.885881 -0.000269971689952 -0.498255 1.06251875388e-05 0 8.91682834692
2.432303 -0.000353529029614 0.060115 0.000375075671801 0 8.92517733866
-1.98999 5.05931757101e-05 -0.712583 0.000643063822847 0 8.88661605924
-0.494157 0.000188463861589 3.453874 0.000686126215489 0 8.88938454603
2.36243 -0.000321501158161 -0.263584 -0.000524526461994 0 8.99463641234
3.247857 -0.000241328010785 -1.447525 -0.000397811786407 0 9.00811193069
0.61367 -0.000350398990501 -1.014271 0.000655148276424 0 8.89528103917
-0.054392 1.08259356331e-05 -0.65242 -7.39896245761e-05 0 8.94869432787
-1.096752 0.000255757612331 0.092352 -3.03692190906e-05 0 8.96117447027
-0.450828 9.98999722034e-06 -1.623242 -0.000587172844353 0 8.93837518639
-0.144467 -0.000196027386847 -0.695021 0.000225344877314 0 8.91731170062
-1.607532 0.000392614945644 1.725219 0.000130501635103 0 8.91929370928
-0.054421 -6.76784668557e-05 -1.252327 -8.15545472062e-05 0 8.94042626256
0.489727 -0.000117943729144 1.350541 0.000574848535081 0 8.91766020575
-0.261237 6.44025475638e-05 -1.957739 -0.00026601447713 0 8.96337894553
2.393458 -0.000431975231617 1.257203 0.000301941337647 0 8.90003478158
2.590546 -0.000202753570389 -1.012664 -5.64601121253e-05 0 8.92876639518
-0.268071 0.000107262397168 -1.810326 -0.000373196836103 0 8.95998133974
-2.454136 0.000376090080271 2.933087 0.000354683761085 0 8.9474984222
-0.336167 5.28976229568e-05 1.084978 0.000791923356043 0 8.91877731902
-1.575306 0.000219711567405 0.613595 -0.000194883866167 0 8.95731094769
-0.004141 -2.53848913491e-05 -0.222239 0.000391934480345 0 8.90859800058
1.129723 -0.000153277696114 -0.838268 -0.000461675627876 0 8.9580328535
-2.918972 0.000378401815995 -0.249866 0.000161733073571 0 8.91522473282
0.3276 6.3919244817e-05 1.153752 0.000206283934815 0 8.95711216688
-1.075504 0.000271005140753 0.674955 -0.000127340405058 0 8.9480675302
0.170913 0.000287157618896 1.367212 -7.37025517027e-05 0 8.92996312191
-3.234271 0.000373645838334 -0.374039 0.000221102223201 0 8.93241579309
-0.828911 0.000146791542639 -1.532846 -0.000239976092259 0 8.94202710783
-1.563997 0.000331072624303 -0.402451 0.00029206897406 0 8.92011512901
-2.611158 0.000160263017262 1.507294 -8.18492207352e-05 0 8.98021948128
-1.196275 0.000411856809238 0.05501 -0.000189278437118 0 8.98293299652
0.865168 -0.000112781935495 0.239031 7.80449561058e-05 0 8.94573948936
-0.274173 1.27042104911e-05 0.346987 -0.000109345851165 0 8.95366815882
-0.607878 0.000170853161956 -0.338289 3.8612369337e-05 0 8.94478635202
2.953088 -0.000490117411132 0.320822 -5.06484858146e-05 0 8.91669897291
-0.633445 0.000274187673582 -3.136379 -0.000582029648156 0 8.99120448254
3.256718 -0.00057842640622 -0.724607 0.000358330208179 0 8.94284591107
4.118773 -0.0005124983892 -0.710624 0.000112287213754 0 8.92818914655
2.386532 -0.000292855734165 0.889983 -5.14266138938e-05 0 8.92727943599
-3.398228 0.00063796920008 -1.258644 -0.000725165209011 0 8.98555116236
-1.074248 0.00026895783032 -1.486418 -0.00052287843776 0 8.96222112731
-1.442306 0.000143377788347 -1.171573 -0.000100086675402 0 8.95428562973
-1.244764 9.23106296633e-05 -1.107832 -0.000153106133227 0 8.93096836803
-0.018729 0.000108600845112 -2.08467 -0.000857775816569 0 9.02852519479
1.110914 -0.000200882562355 0.589631 0.00059306774921 0 8.92545755442
-1.045832 -7.33854544362e-05 0.543157 2.63836600465e-05 0 8.94756593597
0.833381 3.44584326221e-05 0.909004 -0.00028510054948 0 8.9826838326
-0.899903 4.81804405291e-05 1.047452 0.000172954990036 0 8.93144838622
-0.209989 0.000165816466633 1.589219 0.000324044367282 0 8.88076384528
-1.322099 0.000286637356788 -1.415902 0.000385592729735 0 8.91673221441
-1.318628 8.03364223355e-05 -0.698267 0.000257729871358 0 8.92467347677
2.511845 -0.000455284717819 -0.528525 -0.000355452563692 0 8.97363641116
-0.855031 -8.72479005524e-05 0.743623 -9.97011181346e-05 0 8.91165840334
0.768921 -0.000194571634643 1.21977 0.000128529601206 0 8.91301495883
-0.052429 -0.000487935382317 -1.986358 -0.000211505107576 0 8.92170157587
-0.455902 9.29282953327e-06 0.71142 -0.000259875763127 0 8.96845842009
0.898719 -0.000184264547865 -1.478568 -3.38190963301e-05 0 8.92174038356
-1.467805 0.000197400367879 0.746447 -1.77095942055e-06 0 8.93666495668
2.228032 -0.000101824088902 0.197701 -0.000581425394174 0 8.96543442068
-0.886317 -0.000194983967603 1.433638 2.69132020356e-05 0 8.96729890124
2.343187 -0.000184955058205 -0.94135 -0.00030147688316 0 8.93934230648
0.640648 -0.000305419538766 2.270303 5.06996804968e-05 0 8.94359115993
0.636482 -0.00011530618633 -0.217088 8.36586596887e-05 0 8.9440426637
-1.976251 0.000358612427443 2.00821 0.000414015517755 0 8.92095182331
0.690546 -1.54924170137e-06 -0.198581 -6.60638045278e-05 0 8.97997298974
0.776038 8.6375058501e-05 0.59401 -0.000323751530691 0 8.95182014992
-2.467516 0.000535816314837 -1.96504 -2.52453643293e-06 0 8.93263043807
0.912839 -0.000172342323902 1.756996 0.000609812962001 0 8.88962635397
2.458298 -0.000287655850763 -1.129275 -0.000562030206468 0 8.98459749172
-2.084255 0.000265171115663 1.292982 0.000220070136266 0 8.96826911168
3.431084 -0.000438120752306 0.372531 -0.00053651723251 0 8.97544156078
3.593454 -0.000491599649341 0.769674 -0.000190364604685 0 8.97231960995
1.950057 -0.000468299079193 -2.422009 -0.000395853619012 0 8.95485918115
0.857101 3.15554776039e-05 0.527244 -0.00056575546264 0 8.93807974991
0.23324 -1.85588826886e-05 1.348289 -0.000103715116545 0 8.93554712604
0.093358 -0.000104426599314 -2.03739 -0.00034166545017 0 8.98031402933
-0.369501 0.000139233156823 1.851409 8.8730181766e-05 0 8.97554179979
-1.877596 0.000111290954419 1.029574 5.23486039385e-05 0 8.91412812601
0.670151 -0.000108181759544 -0.842101 -0.000192615178865 0 8.93176678527
-0.268923 2.55554402341e-05 -2.794993 -0.000297117927669 0 8.9452195173
0.268523 -0.000157476855519 0.594453 5.30068514243e-05 0 8.93198653554
-1.209609 0.000213831588398 0.413334 0.000388413495891 0 8.9307743607
2.986201 -0.000335650816468 -0.999462 -2.7109711462e-05 0 8.93804424119
-0.318486 0.000318957818318 1.158795 -1.89409093184e-05 0 8.93724101094
1.796391 -0.00045497336225 0.724675 5.95381099397e-05 0 8.93224870154
2.826254 -0.000175007226686 -0.543658 -0.000565063436507 0 9.00696704245
-0.267788 2.45004876765e-06 1.25838 0.000681414687447 0 8.9130225383
0.082979 -0.000140155146712 1.098677 0.000186561943202 0 8.96069029347
0.397419 -0.000169341188135 -0.625882 -0.00051800226176 0 8.99080508438
-1.525657 5.46914323537e-05 0.585789 0.000347890281776 0 8.94719909648
0.14376 0.000229074991527 -1.290287 -8.49247589536e-05 0 8.94213920314
2.848185 -0.000676125194027 0.20159 -0.000113487513319 0 8.91532499977
1.663884 -0.000375218431176 -0.068763 -0.000535513432413 0 8.99173077252
1.47085 -0.000123619379275 -0.664473 -0.000385824230085 0 8.95840090206
0.934374 1.33237293497e-05 -0.717858 -0.00049017582671 0 9.01715923603
-0.128682 0.00012038267808 -1.967118 -0.00053894660023 0 8.97258761615
1.64708 -0.000413351236031 -0.192501 -9.71022277439e-05 0 8.94904747301
-2.204801 0.000203639900424 2.424913 0.000508590495506 0 8.89552654802
0.492672 -0.000333753139343 -0.512732 0.000320367965264 0 8.93059496845
-3.577531 0.00061145634455 -2.337208 -0.000424590721262 0 8.95075818209
1.067232 -0.000433973130125 -0.658442 -0.000388270820562 0 8.96269197812
-1.82616 0.00016777644768 -0.923417 -5.0962996348e-05 0 8.92651660089
0.881867 -0.000366017020182 0.008552 -8.50285163379e-05 0 8.97126634341
-1.120648 3.08352568197e-05 -0.690161 0.000154822865309 0 8.97303380709
0.139666 0.000112492660365 1.247629 0.000140849904434 0 9.00219219512
-0.820557 0.000157436004051 -0.389927 -0.000123585091946 0 8.92986967067
0.302556 -4.74650996479e-05 0.959374 0.000254030709495 0 8.95048695157
-2.095346 0.000407050834263 0.462711 0.000115165452608 0 8.91683228471
-0.745893 -4.31767628308e-05 -1.268498 0.000417168472796 0 8.90666195383
0.350312 0.000182135447509 0.23161 0.000520135398972 0 8.88621946993
-0.894737 -5.07091295089e-05 2.806963 -0.00020776611544 0 8.95084640452
1.362298 -0.000328830099901 -0.494 7.10410161607e-05 0 8.92857537649
-0.789811 0.000382626953568 -2.719373 -0.000225772933893 0 8.95301293336
-0.758034 0.000217192984826 -0.635856 -5.92823535237e-05 0 8.95190599432
-2.868222 0.000478111506591 2.36915 0.000255259077119 0 8.91753267911
1.094316 6.02699197221e-05 0.335408 6.14366991978e-05 0 8.9388059635
1.062882 -0.000241049903256 1.528289 0.000644331540438 0 8.8848248984
-0.421776 5.73115757252e-05 -0.112402 -0.000424115669599 0 8.93897992337
-1.153856 0.000335650717015 -0.760441 -0.000258933580008 0 8.94323507975
-2.115778 0.000419899646242 0.621239 0.000221177767216 0 8.91392737864
2.176529 -0.000372568086738 1.041484 0.000443095330141 0 8.94656524123
-0.134076 -8.53470411216e-05 -0.072009 0.000433430704274 0 8.9014716435
3.361337 -0.000542412690607 0.525252 0.000218441511804 0 8.92917095535
1.867913 -0.000344817020549 0.368986 -3.94189856179e-05 0 8.97288661869
-2.828395 0.000401543103144 0.059779 0.000465947788073 0 8.90826892668
0.641985 -4.23992840159e-05 0.022156 -0.000258860213947 0 8.97445152639
-1.806128 0.000339761160623 1.515955 0.000192114607277 0 8.91401877305
-3.979206 0.000776220941346 0.291749 -0.000356837245779 0 8.95318010529
-3.480601 0.000359250034722 -0.483271 -9.77844343755e-05 0 8.93939123186
0.18597 -5.02066047318e-05 -0.746543 0.000444885313681 0 8.92900397177
-1.223004 0.000424490458329 0.960825 6.40909015985e-05 0 8.93054671399
1.857889 -0.000402839076771 0.351066 -0.000143443088534 0 8.96576403066
3.305633 -0.000473190358458 1.021135 0.000180743650289 0 8.96227211025
0.800413 -6.43531105016e-05 0.635117 0.000315016813833 0 8.91341337103
2.179498 -0.000366882601893 -0.290541 0.000259169713141 0 8.90197065061
0.93567 -6.25584943155e-05 1.089301 0.000353255452855 0 8.91511888775
-1.678529 0.000378990488257 1.426612 7.86794656423e-05 0 8.94892718111
-1.863188 0.000345354773311 -1.949847 -0.000321031973471 0 8.95684804753
-0.508458 -6.51913293135e-05 -2.432316 -0.000450568628436 0 8.97107875756
1.036435 -0.000303605359211 0.641092 0.000578468501205 0 8.92415804273
-0.040319 -0.000121283169231 -1.065554 -0.000367971430107 0 8.97652753821
-0.611182 -8.53427741052e-06 -1.299488 1.40017244181e-06 0 8.95036217995
-0.841747 4.54189038534e-06 -3.717903 -0.000397024139927 0 8.95286395143
0.945216 -0.000177387214542 -0.413118 -0.000189525293449 0 8.98300393663
-1.022087 2.26107127837e-05 1.090838 0.000196281487768 0 8.94741523608
1.345431 -0.000383024251667 1.878891 0.000253327642842 0 8.94115669653
-3.436139 0.000671562728056 1.185191 8.96731708409e-05 0 8.94933210805
1.304638 8.32194295816e-05 1.92362 -0.000189856001649 0 8.90835830328
0.750847 5.56263197938e-05 -0.964536 -0.000280337978819 0 8.95750558469
-0.166231 -0.000126370346816 1.555689 9.48262689531e-05 0 8.95492403806
-2.842629 0.000467921892536 2.500114 0.000412876122756 0 8.90823276797
-2.123255 0.000360940362193 -1.903944 1.46547646596e-05 0 8.95485914812
1.357964 -0.000306295387254 0.87276 0.000245186522256 0 8.9091597605
1.328025 7.68364734756e-06 0.962977 0.000498894087651 0 8.91224692271
1.596972 -0.000480578322558 0.859608 -9.23319980458e-05 0 8.92001803629
-0.078074 5.57127137919e-05 -1.546179 -8.27814088918e-05 0 8.95981480999
2.511295 -0.000294450200879 -1.047531 -0.000190823397241 0 8.97438347872
3.848815 -0.000738256033591 -1.675687 1.03817432133e-05 0 8.91881326236
-0.844206 -0.000112476809733 -0.340732 0.000114157457097 0 8.91455126628
-1.500311 0.000146055535708 -1.140289 -0.000405720663486 0 8.9492999649
4.670779 -0.000724871271971 1.089335 0.000459844164423 0 8.92691905361
-1.902575 0.000284473030262 -0.123849 -2.86320078899e-05 0 8.92904223476
1.506507 -0.000153623062498 0.094136 -0.000364707902711 0 8.99397630322
1.617372 -5.04275129264e-05 1.363336 0.0003039810281 0 8.92822316962
1.365134 -0.000108751962015 -1.694895 -0.000306015138384 0 8.96044666948
-3.015876 0.000192703036424 0.790578 0.00022776985521 0 8.97465604858
0.039146 -0.0001441564631 -0.221954 0.000132912993831 0 8.96967621722
-0.697495 6.44566691838e-06 -0.198658 -0.000257397064946 0 8.93660303225
1.343656 -0.00017285295232 -2.208285 -0.000649332279522 0 8.9802352909
0.421197 -0.000246136497532 -1.585884 4.39224172611e-05 0 8.9435364224
-0.043557 -5.69865046265e-05 1.100512 -0.000488698343671 0 8.98344243939
-2.880791 0.000580306512093 -1.118292 -0.000447933941205 0 8.95244019448
3.619836 -0.000343632235709 -3.306683 -0.000177222204161 0 8.93246729436
1.727241 -0.00032694075287 1.359959 0.000584748049048 0 8.90763114331
0.987677 -0.000173633369271 0.620754 0.000151780427683 0 8.91800420372
2.721523 -0.00052380632502 -0.375604 -0.000110644725329 0 8.94362373652
0.868615 -1.94741091458e-05 -0.829052 -0.000214174714827 0 8.99121976072
2.0353 -0.000216072886732 -0.101379 -3.30581900343e-05 0 8.96686350077
-3.560075 0.000582398164104 -0.705214 -0.000720451911622 0 9.00014218082
-3.401677 0.000768815082565 -1.243628 -0.000494948403437 0 9.01506708847
2.007177 -0.000135977492121 -1.023692 9.24303448012e-05 0 8.91468726666
2.10796 -0.000524667499354 0.263118 4.29291082158e-05 0 8.94207033817
1.856212 -0.00015531467029 -0.709382 -0.000119620977199 0 8.93829194288
-1.940619 0.000349590397155 1.488006 -0.000100282729158 0 8.99562224087
-0.458677 8.96112660134e-05 1.312779 0.000361863623596 0 8.92043199638
0.969755 -0.000297941312279 -1.891471 -5.9217243851e-05 0 8.96679660145
1.115562 -0.00024067882586 -1.949514 -0.000414135364133 0 8.96298885326
-2.159226 5.45390120579e-05 2.146187 0.000362988008907 0 8.90448100569
1.674522 -0.000136438721404 2.591688 -0.000276952862901 0 8.97780284143
-0.306188 0.000225369892939 -0.83424 -8.29890327141e-06 0 8.94042537665
-2.943617 0.000597596128733 0.350392 0.000244763981729 0 8.93605152593
-1.686313 0.000462552803871 -0.823472 -0.000598358211746 0 8.9614839511
2.533696 -0.000423580399456 -2.448295 -0.00051943418046 0 8.9838540305
1.487824 -0.000186254668388 -0.929972 -0.000561330964652 0 8.96233754408
1.002875 -0.000104960212991 0.323109 0.00036686149098 0 8.93691101608
-2.244449 0.000484979815703 1.993662 3.82597331991e-05 0 8.92578283346
3.51472 -0.000537048792847 0.357672 6.0478100724e-06 0 8.93147983613
-0.542374 0.00017470296794 0.615878 0.000298145971544 0 8.92020884437
-1.032202 5.8952521646e-05 -0.941133 2.06998111236e-05 0 8.90270542741
-2.996856 0.00042098030887 -1.262624 -0.000369780668834 0 8.97919968943
1.802121 -0.000375032788503 1.009217 8.40308208462e-05 0 8.95063213739
-1.42163 0.000394546086364 -2.012902 -0.000151364398536 0 8.9455959382
-0.53743 0.000382920873662 0.253951 0.000359177534176 0 8.94573102572
-1.335287 0.000304590538389 -1.24646 0.000186550955906 0 8.95885628985
-1.10882 0.00024391988563 1.48841 -0.000657776731613 0 8.96520812103
-0.077349 -0.000108838724695 -1.257258 0.000202063717384 0 8.91294106914
0.116071 -0.000221156415445 1.949376 0.000277087078407 0 8.9301024771
-0.640765 0.000249922682527 -2.005905 -0.000568851476736 0 8.95086740485
0.176339 3.35356774836e-05 -1.018471 -0.000221728867649 0 9.01540887957
-0.560069 -9.93683325726e-06 -1.440207 -0.000117331802907 0 8.95934810081
-3.476458 0.000562475464979 0.125138 -0.000284629450007 0 8.94416551321
0.199632 -0.000138586568609 -0.056025 0.000269374488268 0 8.89577342959
-2.082164 0.000424913317528 0.751649 -0.000204861643089 0 8.93469298988
2.20142 -0.000567029521674 -1.225141 0.000289135155838 0 8.94661304548
-2.011762 0.000441909451143 2.027557 0.000297357265794 0 8.97215962184
2.025694 -0.000359949995516 1.524864 0.00023538268576 0 8.92716699085
0.916316 -0.000387148405192 -0.792147 -0.000125996328016 0 8.9347729561
-2.017225 0.000207558676039 1.151879 0.000229789776582 0 8.89014957706
2.238936 -0.000151181643819 -0.277779 0.000335171213326 0 8.92778141217
0.462608 -0.000403522701292 -2.162494 -0.000231725114661 0 8.90735712142
1.407749 -0.000264777755196 1.315059 4.29394159977e-05 0 8.97922681852
-0.742817 0.000237864452288 0.226327 6.45866914793e-05 0 8.92560101567
0.683291 -0.000215072378371 -0.29718 -0.000495676774479 0 8.95069978161
0.929448 -0.000145764603677 -0.723554 -0.000481706760801 0 8.97279949763
-3.006439 0.000397941999989 -1.640955 -0.00040841108424 0 8.98239393019
1.277294 -0.000436324138937 -0.779992 3.60850787434e-05 0 8.96447466583
-2.318704 0.000207040807476 1.434967 0.000305330542896 0 8.93070828079
-0.235836 -3.71005710569e-06 0.35594 0.000180276525735 0 8.92452494835
-1.894193 0.000473996197469 0.6351 7.71845513931e-05 0 8.97458293644
-0.53441 -7.16328441269e-05 1.311582 0.000751332019156 0 8.91926317574
-0.067377 2.31928256332e-05 1.346856 0.000449990237686 0 8.92697626825
-1.472205 0.000112382631419 -1.954481 -0.00049996598131 0 8.95782292919
-0.779532 -0.000118370749876 1.175372 0.000263009018317 0 8.90843558814
-2.102806 0.000207524003106 0.526824 0.000107062378796 0 8.92254998658
0.384053 -0.000205554213348 -0.34409 -0.000316273304528 0 8.93646001872
-0.364349 -6.88884260793e-05 0.582924 -0.00032088201141 0 8.97101997066
0.252455 -4.49031955622e-05 -0.343573 -0.000345125165671 0 8.94505994066
1.510254 -0.000164851569439 -1.967464 -0.000657240553088 0 9.01813473024
0.586313 -0.000336330733948 -1.884919 -0.000457780653039 0 8.95785161418
-1.58844 0.000484176853386 -2.045155 -0.000758851699513 0 8.95674336624
-0.592767 2.39848149448e-05 0.955582 1.53229016715e-05 0 8.95218852257
1.526087 -0.00033897813687 -0.209732 0.000160105696909 0 8.9090435948
2.657464 -0.000571586596589 0.072717 0.00021845878269 0 8.93101764368
-0.523245 -0.000222823053968 0.274058 -0.00028007069138 0 8.96547777303
-1.164758 0.000109163811317 0.803939 0.00025301495909 0 8.92399691184
-3.446792 0.00050336944545 -1.514054 -0.000899025302947 0 8.97706606324
-1.329785 0.000434074887416 -1.561744 0.000144479645519 0 8.92871521267
-0.310022 7.1521472956e-05 0.059593 -0.000269725252402 0 8.95724601653
4.729204 -0.000586452185966 0.682608 -0.000404847638174 0 8.97362777606
3.323195 -0.000569849090402 1.863088 -0.000168093492954 0 8.93711129866
-0.077592 2.96526771606e-05 -0.349944 -0.000187185996145 0 8.95549842199
0.530094 -0.000224742995035 1.93838 -4.26224926651e-05 0 8.92232213617
2.076672 -0.000157505548514 0.090834 0.000138001104918 0 8.93715850858
-0.360629 -6.25677521522e-06 -0.384288 -0.000127250920073 0 8.93465104662
0.632245 6.69134993265e-05 -0.777581 0.000106867804556 0 8.98027814581
0.567809 -0.000142139988017 1.794099 0.000310474342692 0 8.90718357377
0.153212 0.000129638668092 0.721263 0.000129148924786 0 8.96005256439
-2.963522 0.000545876586483 -0.297241 -0.000226071351247 0 8.9918798265
-0.833029 0.000251320026062 -0.79219 -0.000342203534828 0 8.96491212309
3.151906 -0.000703449659032 2.401014 8.74482865725e-05 0 8.90582858742
-2.588439 9.24237647436e-05 1.036652 3.08983750258e-05 0 8.93794268168
-0.25105 -4.54806002658e-05 -1.448552 -0.000107286831422 0 8.90807539353
-0.461888 -2.32829702877e-05 -0.650581 -0.000203721414202 0 8.96019496032
-3.181489 0.000464520714757 1.727452 0.000326273783509 0 8.9082495018
1.677528 -0.000286942405858 -2.43376 -0.000714961563915 0 9.01009080895
-2.82137 0.000506588258621 -0.57436 -0.000184230259907 0 8.9709135433
3.137453 -0.000348897909025 -0.779826 -0.000246419113935 0 8.9736576346
-0.751207 0.000182782298155 2.09956 0.000335518312021 0 8.91861203315
-2.671285 0.000537278550932 -2.255386 -0.000402357450921 0 8.97633042796
-1.271442 6.17055707432e-05 -0.03813 1.39616850212e-05 0 8.91306653143
2.752915 -0.000349882842862 -0.63064 -3.82533463256e-05 0 8.90718692527
-1.238496 4.18499651325e-05 1.020256 0.000505642639338 0 8.89976147014
-2.619407 0.000466506196822 0.646785 -0.000326706118605 0 8.95363452918
-2.227847 0.000302947787486 0.525293 -0.000298844929959 0 8.99454480988
2.264399 -0.000421802755685 -0.019313 -0.000479165194048 0 8.95785645329
1.999353 -0.00046323339619 -0.601858 -9.70764152935e-05 0 8.95516075925
0.439234 -0.00025482166409 -0.51485 -0.000198685904544 0 8.95626147067
-2.364106 0.000506572678767 2.421882 0.000659634085197 0 8.87958544651
-1.809394 0.000167357217477 0.569896 0.000484438902898 0 8.89483198281
0.857219 -0.000209587018657 2.104598 0.000499324037348 0 8.88944084221
2.073795 -0.000157180538958 -0.314398 0.000195220627427 0 8.94503954643
1.744416 -0.000305133318201 -0.904786 -2.04430838633e-05 0 8.92954983039
-3.435616 0.000540481922445 0.655689 -0.000289209806186 0 8.94496861681
0.261278 -7.2873863264e-05 0.951671 -0.000122301994139 0 8.94291601837
-0.221353 0.0001922530982 1.96033 0.000557225330864 0 8.90753503602
3.04774 -0.000181843577971 1.592065 0.000342059684781 0 8.91702405513
-1.598299 0.000218283375694 0.625 4.02240207685e-05 0 8.92242799338
-0.879074 0.000176707981774 -1.314829 -0.00039819041402 0 8.96305410106
-2.411846 0.000439976437147 -1.457485 -0.00059097128184 0 8.97754325957
-0.872461 0.000265462998554 0.193735 0.000215127530345 0 8.93371998647
-2.909084 0.000529304419221 1.661068 0.000174243250281 0 8.91242517845
0.611783 -0.00016998205572 -0.141418 -8.89353637245e-05 0 8.96732800098
2.12547 -0.000238001388439 0.442007 6.22322194878e-05 0 8.94425991623
1.215393 -0.000155296307863 0.522528 3.5015028209e-05 0 8.95688354083
-0.110248 8.98157124408e-05 -2.786665 -0.00064325533463 0 8.99052707188
-1.019903 0.000320774718002 -0.574002 0.000709433930233 0 8.89150586989
1.065511 -0.000121476978491 0.93827 0.00042344090889 0 8.90353478492
2.322228 -9.95673056986e-05 0.436792 -0.000359851811369 0 8.96387463886
-0.28178 -0.00028512588455 -0.516563 0.000101705911049 0 8.94895409306
1.583759 -0.000342799846387 0.875768 0.000295133330275 0 8.93010657278
2.000378 -0.000209211166152 0.387435 -0.000147311430698 0 8.95374535199
3.69476 -0.000372514872934 0.404978 -2.95439161321e-05 0 8.89849993468
2.049103 -0.00049477340724 1.241424 -0.000105248508197 0 8.92603382445
-2.198966 0.000541639545122 0.587212 -0.000133103263775 0 8.95382778719
1.943111 -0.000447538806379 0.265098 -0.000475939294478 0 8.94125562828
2.593764 -0.00064027775356 -0.333519 0.000166145941388 0 8.89168444679
1.195914 -0.000393237523732 0.669637 0.000285063466855 0 8.88879335402
3.330929 -0.000397277627612 1.045903 -1.33674165264e-05 0 8.9397245369
0.937993 -0.000196444534829 -0.018247 -0.000303182458499 0 8.97753863537
0.128976 -0.000102352238771 -1.389673 6.64003536587e-05 0 8.86847667703
0.478359 3.27512277666e-05 1.997373 0.00031205927902 0 8.93814988287
1.114417 -0.00040136899847 -0.867779 0.000226975273314 0 8.89094575589
2.849252 -0.000436611592527 -2.648968 0.000242206313563 0 8.95366982355
1.315218 -0.000304217566012 1.03601 6.56155818029e-05 0 8.95544991578
2.450371 -0.000593527359264 0.0854 -0.000111177747188 0 8.95327719581
-1.490251 -7.84893217435e-05 1.683333 0.000246961474828 0 8.92758013399
-1.28599 0.000575319065025 -0.428302 -0.00010950664792 0 8.91688282185
-0.63212 0.000196559102375 -0.186398 0.000192146051091 0 8.94928620294
2.826868 -0.000451687863321 0.69343 0.000742683494453 0 8.8559526599
-1.750154 0.000423531873182 1.403726 0.000426147894691 0 8.93198991733
0.337486 -0.000305142887684 -0.926598 -0.000219968103721 0 8.9162143475
1.818667 -0.000315915200901 -0.829539 -0.000305285279521 0 8.97969950724
1.532059 -0.000288948982978 -1.115292 2.84655794597e-05 0 8.91956842232
3.109569 -0.000392357675389 -0.496006 -0.000341366431525 0 8.98505060816
-1.495944 0.000191589061204 -0.647922 9.44868457229e-05 0 8.94369146105
0.750576 -0.000336588748267 -0.842932 9.52497799839e-05 0 8.97072556364
-1.530581 0.000341898267948 -0.295555 -0.000400989495282 0 8.98586089942
-0.913811 6.15914438794e-05 0.895707 -0.000229707559313 0 8.96322640044
0.684741 -9.55885491941e-05 -0.27015 -0.000121014081584 0 8.96186775918
0.295608 3.81152167119e-05 -2.597457 -0.000265200382286 0 8.94093520683
1.742459 -0.000198103393631 -2.266016 -0.000821639175219 0 8.96397714236
0.434273 -0.000109500790155 -1.250279 0.000288045234759 0 8.91863397247
-1.091667 3.66318775541e-05 -0.605304 1.95356602947e-05 0 8.94767328843
-0.015353 5.70270589788e-05 -0.526807 -0.000166467773535 0 8.95917767134
-1.434118 0.000198168259743 -2.024346 -0.000395929601213 0 8.97270073359
-0.17993 0.000177712473674 0.395282 -0.000252554351008 0 8.94330595935
1.66298 -0.000216453899892 0.274863 0.000264217594383 0 8.91611509853
-2.462045 -2.78880265977e-05 -0.813605 0.000152457997583 0 8.92976450881
0.738992 8.27824025438e-05 2.158741 0.00032234742373 0 8.93229467957
-0.044113 4.64877798639e-05 1.239285 0.000211935645873 0 8.92022326311
1.475284 -0.000257187770808 0.040108 3.77933819146e-05 0 8.94655619609
0.454941 -0.00027961081794 -0.3387 -8.76111488433e-05 0 8.97151109989
1.714077 -0.000379544929143 -3.611794 -0.000381505391332 0 8.90310341433
0.111708 4.97309611553e-05 -1.944821 -0.000364063236765 0 8.92705418738
0.181513 -0.000179411310872 -1.70463 -8.04016684958e-05 0 8.91201940924
-0.702074 2.80956680134e-05 -0.091164 -0.000552417431078 0 8.98898751912
1.700625 -0.000256755872341 -1.531766 -0.00031379019992 0 8.94139626282
-0.310663 -6.58891026636e-05 -0.156 0.00015222191048 0 8.90807222994
-2.304193 0.000430418098113 2.941436 0.000533031760664 0 8.89796163823
3.118623 -0.000601820833517 0.553389 0.000483176261096 0 8.90987891806
-4.272804 0.000719181330018 -0.308779 1.70914685323e-05 0 8.91888882527
0.096849 0.000188752620374 -1.104989 -0.000193930634274 0 8.96135914635
-0.936442 2.76734288598e-05 3.357799 0.000760695530784 0 8.90880591312
0.403161 -0.000194605193087 1.003432 0.000119696863308 0 8.93435767065
1.02399 -0.00028723453406 -0.209898 0.000160249745169 0 8.8945524001
-0.226976 0.000145258993625 -1.240254 -0.00038779123736 0 8.91025773199
1.884281 -0.000384284361842 -0.82062 -0.000227435946878 0 8.93655895369
-0.613464 0.000218482506244 0.120496 -0.000345923711657 0 8.99108906785
2.226658 -0.000278361490549 0.645156 -0.000243999098164 0 8.96861700952
-1.668396 0.000354081089155 -1.149062 -0.00034370901995 0 8.93173546723
-0.854952 0.00030393567865 -0.037954 -0.000261441203863 0 8.94630658665
-2.518027 0.000591645631402 -1.115943 0.000364521770098 0 8.88563107837
0.052339 3.82446713573e-06 1.341968 5.298313615e-05 0 8.93742308008
0.286347 -0.000234939882387 -2.814342 5.15718319142e-05 0 8.91753715319
-0.29251 -6.58394696799e-06 0.4271 -1.62659840422e-05 0 8.95156783603
0.8786 -0.000271030972792 1.766693 0.000261362342384 0 8.93051827539
2.532262 -0.000357382341724 -1.487734 0.000231526038469 0 8.94963676798
1.632745 -0.000305353192739 3.684896 0.000686862440217 0 8.91413610971
0.988313 -5.03839608564e-05 1.451203 0.000300901732214 0 8.93512525057
-2.201242 0.000369521883371 -0.982029 -1.17541362391e-05 0 8.9551758648
-0.169162 -1.42567911907e-05 0.026768 7.44453253811e-05 0 8.89767331354
1.517358 -0.000209866436575 -1.231628 0.000218812593158 0 8.9616836771
2.887616 -0.000270248997816 0.198467 -0.000668287037848 0 8.97470022595
1.604466 -0.000251643161367 -0.917993 -0.000305506480768 0 8.93819667559
-2.63528 0.000202657307067 -1.533681 0.000335830868149 0 8.90370541156
0.761985 -0.000204415567987 0.675434 -3.93675952909e-05 0 8.92535888544
-1.280503 0.000242951093277 0.507722 8.58159849334e-05 0 8.899037203
-1.054822 0.000323059267884 0.066107 -5.25051815916e-05 0 8.93583400201
0.708089 -0.000422858947536 -0.554203 -5.82981309729e-05 0 8.94075260461
-0.424414 2.80058848575e-05 2.276741 0.000577609698751 0 8.90865169034
-1.284121 7.53100328205e-05 0.989756 0.000154481701901 0 8.93011748861
1.322854 -7.93090973132e-05 -0.57009 -0.000125784516995 0 8.96102130874
-0.967223 0.000438368277389 -0.319069 1.71903849439e-05 0 8.94524806942
-0.586088 1.59833040706e-05 -0.219427 0.00013195570211 0 8.9370389168
0.799152 -0.000142037099567 1.865419 0.000160653459258 0 8.92989805599
-0.729295 -1.5195076134e-05 -0.090647 -0.000150239531977 0 8.99178686182
0.53682 2.96913033755e-06 -2.740393 -0.000186162940346 0 8.94019111849
-4.04496 0.000693657910866 0.689382 0.000450975922817 0 8.8802145435
-0.572783 -0.000113568029414 1.287008 0.000640574515916 0 8.90200782065
1.653525 -0.000250573173091 0.735691 -3.50575206946e-05 0 8.94206159417
0.760285 -0.00025231215766 0.293368 -0.000275212582842 0 8.93109184406
-1.38461 0.00028839751553 -0.094997 -4.33580532149e-06 0 8.91820486789
1.508976 -0.000211900479914 -0.917979 -6.47749948017e-05 0 8.94225235698
-0.019424 -0.000273471051462 0.676746 0.000434986601667 0 8.88529870983
-2.625531 0.000317693271916 1.041045 0.000326792872597 0 8.89200717583
0.73222 -5.67971422094e-05 1.757975 0.000352933078695 0 8.94300871605
-0.668255 1.79249868693e-05 -0.85021 0.000206772598737 0 8.92466738546
3.694225 -0.000552713052866 0.630596 -0.000310799423256 0 8.99654386801
-0.280276 -5.08349458187e-05 1.294722 0.000177407830652 0 8.98923094676
-2.28941 0.000407484880388 0.589621 0.000566825994241 0 8.89089976259
0.267867 -0.000137140629419 0.7684 0.000698464726246 0 8.89843641461
0.680354 -0.000168121506786 0.060804 0.000124346919965 0 8.96572834144
0.7546 -0.000272716724725 1.485973 0.000257788091297 0 8.98643835422
3.257418 -0.000696805912613 -0.078473 0.000262112839736 0 8.96838078559
1.772706 -0.000467521498332 -0.335304 3.62583069002e-05 0 8.89087760375
3.246555 -0.000582494313375 1.948645 0.000625669827364 0 8.92700046498
2.54522 -0.000342353662825 -0.903908 -1.21169693211e-05 0 8.9199377863
0.652107 -3.52069564557e-05 -0.379123 -2.23615757326e-05 0 8.91952396319
-0.353428 0.000169193758725 -0.645659 -0.000401473228792 0 8.95603791594
-2.934192 0.000778941855637 -1.548864 -0.000375307408661 0 8.93767873348
0.033546 -7.77631109e-05 -1.95237 -0.000225457307655 0 8.93103806384
2.202495 -0.00035489297617 -1.427352 -0.000575972078752 0 8.94650551361
0.557962 -0.000273074426809 0.716476 0.000768351811597 0 8.85917081999
0.68615 -0.000377311597349 0.364563 0.000140702998218 0 8.92118006193
-0.25868 8.85877262376e-05 -0.357874 6.28340755919e-05 0 8.93138513738
-1.565589 0.000118820778279 -0.034898 5.57855040274e-05 0 8.90721548018
1.066528 -0.00035331001482 0.751702 0.000225060005317 0 8.9285318196
2.282163 -0.000333083974972 -0.164513 -0.000176445106393 0 8.940814416
-0.024847 -0.000182020319356 -1.54346 -0.00037146821252 0 8.95956185553
1.581609 -0.000228391465586 0.200647 -0.000107087255496 0 8.94575956936
-1.971062 0.000415468087091 -2.157366 -0.000610004352149 0 8.95370382461
-2.071847 0.000105064085945 -0.235109 -9.58778835329e-05 0 8.94680969283
-2.882409 0.000486610916022 1.198853 0.000420684811102 0 8.90732116114
1.07389 -0.000231164759072 -1.708814 -0.000367100507195 0 8.93673711976
0.07243 -2.06050326025e-05 -1.537421 -0.00023817767306 0 8.97317478383
1.607092 -0.000137047010143 0.98758 -0.000215939252739 0 8.96886099
2.84179 -0.000527657980424 0.322321 0.000298403384549 0 8.97105523991
-1.249459 0.000333970110074 -0.354683 0.00017684654264 0 8.94123421452
2.360264 -0.000518438187455 0.29454 -0.000338423007672 0 8.99461736338
0.357461 -1.72541512145e-05 2.106127 6.27530807558e-05 0 8.95116900372
2.895847 -0.000361500746809 -0.191252 -9.11427823775e-05 0 8.96834330058
-0.590909 7.85390183399e-05 -0.693372 -0.000423264165116 0 8.95433323224
-0.147622 0.000101214209232 0.395899 -7.16845174479e-05 0 8.96352487309
1.361445 -0.000273914155157 0.558352 4.98790640268e-05 0 8.94661681021
0.755383 -0.000262810867975 0.041895 -8.19767943995e-05 0 8.94877015695
-0.641851 0.000193226682505 0.648607 0.000410549328714 0 8.91121935084
-0.039714 0.000115267450328 0.279123 0.000288002998026 0 8.93414326747
2.554541 8.52537425642e-06 -0.031789 0.000199580484587 0 8.93219392438
1.603259 -0.000173924280908 0.619034 0.000244506284155 0 8.89979963354
-1.557016 3.67306740022e-05 1.110326 1.9036602408e-05 0 8.9681931022
-5.500452 0.000979837327395 -0.204957 0.000230191721996 0 8.91849123434
1.914233 -0.000201333513641 1.431338 0.000186301759604 0 8.93247677684
-0.547 3.7262794208e-05 -0.309972 -2.42895784526e-05 0 8.95172694121
-1.703857 0.000335223640796 0.938427 0.000170694134507 0 8.91752470559
0.560383 -7.20003318613e-05 -0.578673 0.000193424279163 0 8.92144957055
-1.127832 0.000197784985822 0.47088 -0.000234140063464 0 8.94370850133
-2.67026 0.000427342222689 0.300132 -0.000616937562101 0 8.95818342157
1.809 -0.000191864607597 1.152072 0.000160150101502 0 8.89993159005
2.645813 -0.000232033404362 -1.140063 0.000100080901748 0 8.91676899671
2.728879 -0.000366308263148 -1.392516 -0.000238058296107 0 8.96535205302
1.380263 -0.000296942374406 -0.30013 -0.000206501724258 0 8.9662578931
-0.087156 -0.000311031233518 0.083783 0.000233370200497 0 8.92854871972
-2.150205 4.47874563879e-05 0.326098 0.000120051192428 0 8.95470922995
-1.421405 9.09353037828e-05 -1.784745 -0.000653113860212 0 8.92274653901
-1.169896 0.000285746302495 1.340961 -0.000342672022874 0 9.00061637089
1.358972 -0.000482119580063 1.036578 8.86344636578e-05 0 8.9192449976
1.738237 -0.000191326048115 -0.398939 -0.000199355522726 0 8.97380493929
-1.349556 8.29457225465e-05 0.199667 0.000251178485798 0 8.90269624727
1.956317 -0.000259925679323 -0.994072 5.34755172272e-05 0 8.93745498322
-2.045401 0.000593958825525 -0.060401 0.000459746956635 0 8.9386096396
-0.35602 0.000137450591053 0.225176 -0.000304627820517 0 8.96199626083
1.844956 -9.78919400152e-05 -1.782126 -0.000462108782583 0 8.99750550916
-0.479418 0.000114204455872 0.099684 0.000453616587458 0 8.90622208023
-1.030504 0.000309879240483 -0.598813 0.000354676472174 0 8.9121074489
-0.065596 -0.000144956123728 0.627607 5.45555495297e-05 0 8.93190599753
1.172065 2.09353035875e-05 -0.17761 -8.32801995712e-06 0 8.95572478862
-0.92519 0.000106928541552 -1.856689 0.00020582013411 0 8.90331322659
1.201718 -0.000248291084094 1.193648 0.000850072737216 0 8.87055309462
-1.958006 0.000273592279843 -0.095229 -0.000279342871195 0 8.93647874875
0.406103 1.30287791983e-05 0.256819 -2.50824077148e-05 0 8.97701948726
-1.582911 0.000170353153366 0.472817 -0.000201692286573 0 8.95350117965
1.632824 -0.000364164726767 0.418499 0.000561165395593 0 8.9047124977
-0.680513 -4.70535388323e-05 2.212733 0.000260965453798 0 8.92052557587
3.124455 -0.000736510491914 -0.025762 0.000352420992951 0 8.92999204378
-2.30901 0.000289372301521 -1.619279 -0.000393175335083 0 8.96183376211
-1.273012 0.000330267635632 0.402808 0.000254168785402 0 8.89398182626
-1.753674 0.00030487071344 0.386801 -6.90818313971e-05 0 8.97868554719
-0.344554 3.92296959487e-05 0.438544 -0.000226550259724 0 8.92708223252
0.655563 -7.71790646718e-05 -1.640307 -0.000473050972468 0 8.97704376749
0.102712 9.65970721618e-05 0.562953 -0.000441039465848 0 8.95562362892
-2.25473 0.000351771407608 -0.766472 -0.00070329749141 0 8.96307906732
-1.042337 -0.000183804487386 0.19179 1.02304666174e-06 0 8.91810340505
-1.114862 0.000230306036322 -0.452378 -0.000536049516981 0 8.99817204024
1.917544 -0.000313631434845 -0.65725 -0.000363628094965 0 9.00600761888
-0.796024 0.000166644633129 0.826094 -1.84750251482e-05 0 8.94465335141
1.463878 -0.000296119161443 1.389031 0.000269020688414 0 8.93914083292
-0.821849 0.000208903689107 0.240723 -0.000493253936575 0 8.99465903576
2.816707 -0.000406251422183 1.682762 0.000548918017918 0 8.91557204895
-1.050046 4.03446516148e-05 -0.69243 -0.000469124064015 0 8.97931199035
0.68319 -0.000106072314162 -0.571791 -0.000341667866916 0 8.92992794673
2.354732 -0.000547416777966 -1.969507 -0.000481974942602 0 8.94304023246
-1.749376 0.000376282300574 0.548148 -0.000334270119431 0 8.94469578369
0.02683 -0.000130437363073 0.825485 0.00017889320375 0 8.93177433222
0.965228 7.93821220347e-05 0.270881 0.000375293430754 0 8.92306552937
2.630289 -0.000398743846574 -0.670915 -1.21649561003e-05 0 8.93230934091
1.540476 -0.000329830849024 -1.230959 -0.000400989191238 0 8.96889824501
-0.399085 -8.49645619187e-05 0.316665 -0.000233884490402 0 8.92855071723
0.389855 -9.94528985699e-05 -0.470592 6.09320298407e-05 0 8.90861619181
1.726715 -0.000191656650774 0.268779 0.000438750184762 0 8.91833379998
1.564562 -0.000309151193448 -0.791694 -0.000199125806619 0 8.98680643642
2.751216 -0.000240675977044 -0.628256 -0.000699715663345 0 8.96647115574
-2.726136 0.000679728923793 1.085809 0.000158218761926 0 8.91970677674
-1.823174 0.000299597839021 -0.329735 -0.000346500708483 0 8.9375423821
-0.12096 -0.000128004346607 1.180106 -7.90655846792e-05 0 8.96035626714
0.406517 -1.12741607261e-05 2.62155 0.000328790074837 0 8.92126909417
-1.67856 0.00021749078358 -0.397918 -9.54179859117e-05 0 8.92612087022
0.428933 -1.4381859658e-05 -0.876189 -0.000149415295721 0 8.97106563187
-1.505534 0.000184341906116 -2.301065 -0.000254820574997 0 8.9227637935
-0.991459 6.33128907324e-05 -0.754961 -6.41539883764e-05 0 8.93185918154
-0.961719 -8.27501247721e-06 -0.561309 -0.000696559563163 0 9.00333286143
-3.68714 0.000623427352103 1.757147 0.000261423848278 0 8.90974899029
2.140595 -0.00042046146855 -2.373936 -0.000633508285865 0 8.95283333878
0.3507 -7.39641259406e-05 -0.41939 3.42221052841e-05 0 8.94999749975
1.258458 -0.000119108700234 0.682879 -0.000352790473466 0 8.93814696969
0.236543 -0.000345304255746 0.296227 -0.000192110480008 0 8.93136820463
-0.326969 0.000114896078254 -2.293569 5.18326346785e-05 0 8.97657744022
0.625638 -4.78263305039e-05 1.112772 -0.000467004909967 0 8.9868281238
1.020339 -0.000349800698297 -0.054059 7.26185903393e-05 0 8.94386532005
0.853783 -0.000463625868329 -1.130232 -0.000113468395044 0 8.94680952032
0.963382 0.000140598294464 -0.345079 -0.000489793904474 0 8.99740222086
1.721334 -0.000339554597707 -1.180074 -5.94909499553e-05 0 8.91108432488
0.989354 -1.93522925087e-05 0.369914 -8.85277096956e-05 0 8.94359664077
-0.88653 0.000191435198208 2.54763 0.000721432473185 0 8.89476213677
-2.640404 0.000392525245373 1.540548 0.00022928500042 0 8.94070610246
-0.268818 0.000128540865242 0.794472 0.000229255794394 0 8.90233237326
-1.350205 0.000210372240935 -0.929692 -0.000667144928713 0 8.98551663933
-0.284396 0.000178348594256 0.561878 -0.000345361004653 0 8.9484494336
1.79758 -0.000115150166194 0.239827 -3.4740352559e-05 0 8.98398480117
1.318466 -0.0002160507996 1.177924 -2.19880755681e-05 0 8.92865824403
1.105475 -7.17150646377e-05 -0.261306 -0.000369370510872 0 8.98724877024
0.562063 5.43761433454e-05 0.269745 0.000414850327599 0 8.90609396441
-3.132356 0.000458373690336 -2.84602 -6.87882331756e-05 0 8.94602216563
-3.108321 0.00035344666259 0.258106 5.08205274275e-05 0 8.92792018527
0.99906 -3.39475877568e-05 -2.108431 -0.000282150652864 0 8.96281128268
-5.14106 0.000799318505366 -0.149165 0.000525405962477 0 8.88647467017
-1.221885 0.000395318462539 -0.838152 0.000151782631981 0 8.93976655227
-1.302615 0.000104143243505 -0.739767 -0.000555611015862 0 8.93330063848
3.412988 -0.000305436091689 -0.363999 -0.000245478651444 0 8.98453191533
-1.084295 -0.000109599625578 -0.410735 0.000243208746802 0 8.90638851705
-2.250525 0.000511336790014 0.82882 -0.000230922007194 0 8.95177373643
-3.434205 0.000619144897131 0.166045 -0.000323495705213 0 8.96959241854
1.309239 -0.000439222636876 -2.482745 6.251271889e-05 0 8.94303529654
1.503717 -0.000262090233151 0.589199 -3.51027264554e-05 0 8.94395973454
1.582469 -0.000545858540604 -1.767279 -0.000118615557999 0 8.91284872449
-1.453741 0.000185559378452 -1.013425 -0.000786258683986 0 8.98791577769
-2.037323 0.000317050469112 1.071921 -0.000152143821123 0 8.98203121544
0.080887 -7.88217485104e-05 -1.560099 -0.000432201347379 0 8.95508116373
-1.725981 0.000172517387509 1.755743 6.88815520755e-05 0 8.96763145494
-0.530458 0.000225539591139 0.514386 0.000221090277814 0 8.92833620853
-1.280714 0.000308171585009 1.079655 0.000119430644784 0 8.919023001
0.143054 2.6040283549e-05 0.261175 4.50719334415e-05 0 8.96935167718
1.407689 -0.000300962892834 0.800734 0.000529414672872 0 8.8963763962
0.976244 -7.46411950803e-05 0.04265 -0.000240918924165 0 8.95075219299
-0.080901 -7.41313768995e-05 1.156678 -1.77250883595e-05 0 8.95328896715
1.312154 -0.000236289316216 0.724331 -6.33792312914e-05 0 8.96036582013
-1.822152 0.000182896946523 -1.379055 -0.000231990888867 0 8.92906310113
0.156796 7.26549342654e-05 0.150448 -0.000242416567531 0 8.95880861347
-1.293427 0.000212996233897 2.551308 0.000423558231328 0 8.91764589435
1.619098 -0.000280135343191 2.065702 0.000745416639081 0 8.92380484611
-1.223724 6.17376323831e-05 0.975763 0.000363793557644 0 8.90317422654
0.768138 -0.000183882263228 0.863463 0.000148065312351 0 8.93630317886
-0.587795 -0.000182515052602 -0.094074 0.000230211424229 0 8.90917067789
0.541476 -0.000420787058947 0.009296 0.000254354514859 0 8.88623862352
1.433696 -0.000171746909256 -1.872892 -0.000256098118214 0 8.95163511425
0.792315 2.22166610587e-05 -0.44664 0.000324762151104 0 8.93010605263
1.641725 -0.000205934360277 0.786847 0.000239019234479 0 8.94269713265
-0.682565 -2.62349169954e-05 -1.090215 -0.000191357167026 0 8.93765537559
1.863251 -0.000141755685984 -0.531306 -0.000333797056214 0 8.95025781118
4.378306 -0.000834128376184 1.496531 0.000208176558843 0 8.93417463594
1.497644 -0.000465834624683 -1.392398 -3.24230570838e-05 0 8.91947246784
0.109121 0.000110763369795 0.07002 0.000188537890983 0 8.90643256716
-1.424746 0.000328249513166 0.215291 4.10201376065e-05 0 8.92713360847
-0.766297 0.000160981279232 0.141927 -0.000217529944567 0 8.94713860991
1.182386 -0.000181091857885 -0.680778 0.00031230947069 0 8.92244891737
-2.292999 0.000455248916568 -2.060186 -0.000253599530223 0 8.92351624299
1.453244 -0.000300351973959 0.661444 0.000332844715397 0 8.91643855352
0.584494 -0.000151481377609 2.085925 0.000305097519836 0 8.91509710623
3.318119 -0.000611191112537 0.326345 -0.000100003083578 0 8.92832596848
0.897818 -3.36242346466e-05 2.316291 -0.000379696820582 0 9.00614985865
-1.419257 0.000234090479438 1.099499 2.6453507691e-05 0 8.95239618696
-0.498116 0.000160275901021 -1.296528 -0.000351818807002 0 8.95757752566
-1.4762 0.000339202572455 -0.716836 -1.34435748781e-06 0 8.96797746861
3.04069 -0.000421998880464 0.527505 0.000292372866445 0 8.96628039076
-0.371558 0.000118161169531 2.199289 0.000117175598521 0 8.91745432973
1.565362 -9.69315629579e-05 0.087255 -0.000269104927479 0 8.96070079833
-3.732587 0.000647707590948 0.192635 -3.24932992886e-05 0 8.90144587362
0.798623 -0.000244089143832 -1.259361 -0.000153259882257 0 8.96634264234
0.308575 -0.000255597308161 -1.675934 -0.000458532545369 0 8.96903356619
0.913401 -0.000135217282802 0.146218 0.00036504893696 0 8.87964758579
2.85974 -0.000496663399994 -0.128884 -0.000485972555733 0 9.01978774544
-0.782708 0.000213437846333 -0.415193 -0.000109915500175 0 8.9556917598
-0.702408 -2.7791434088e-05 0.022504 0.0003893727785 0 8.9078222205
1.831453 -0.000643943932788 -1.252671 -0.000356006805554 0 8.92387950063
2.414011 -0.000356251391127 1.197452 -8.38989019436e-06 0 8.96662550069
-1.990659 0.000188489331251 -0.221786 0.000384256670734 0 8.91114494413
-0.293903 0.000263637016937 0.489799 -0.000239566139892 0 8.9601954079
-0.411856 0.000235577062574 -1.966127 -0.000529748547936 0 9.00406544437
-1.159334 0.000154863249051 0.636453 7.45017451405e-05 0 8.95664284811
-0.141221 0.000123868395713 -1.413579 -0.000383479833735 0 8.96142354178
-0.692795 0.000324819014246 -0.137885 0.000578541661945 0 8.89476833999
0.417498 -0.000183236248518 0.334639 0.000531150850186 0 8.91953463805
-0.620943 -9.84427085164e-05 0.484739 0.000312552283059 0 8.8861542133
-1.197178 -1.73467081495e-05 -1.354809 -0.000390773891325 0 8.96298387015
-1.124709 4.50495197182e-05 -0.098833 6.61880461488e-05 0 8.94001174798
-2.07269 0.000245396753342 -0.969047 -4.9984477027e-05 0 8.89063388855
-1.323674 0.000377484260308 -0.49928 -0.000110937508237 0 8.96117472009
-0.659394 -7.75397713802e-05 0.505961 -0.000296518161208 0 8.93108459846
0.806235 -2.50976705177e-05 0.94728 0.00022593556778 0 8.94618072948
-1.870588 0.000268962267398 1.019045 -8.91753232973e-05 0 8.95548469357
2.128514 -0.000212570655165 1.259195 -0.000513247729272 0 8.97221985587
-0.063857 -0.000200400638625 -0.423156 0.000186170985131 0 8.91592132298
3.131106 -0.000363929302778 -2.212362 -0.000206614960359 0 8.97166479868
-2.208308 0.00053740831513 0.269298 -5.74694357789e-05 0 8.93189750955
-0.511617 0.000285847587353 -0.729868 -2.22750311777e-05 0 8.96786001427
2.105676 -0.000396945354911 0.800249 0.000524272547772 0 8.90040569461
1.28601 2.29459779454e-05 -2.359659 -0.000472414614242 0 8.97553500996
1.62113 -0.000261624502117 -1.123727 4.28065039898e-05 0 8.91382641983
1.722682 -5.16401455586e-05 0.653262 0.000578601272463 0 8.87985645173
0.338304 0.000124574173362 0.123946 -0.000430517033728 0 8.98414421833
-0.690352 -7.84517438795e-06 -0.400986 0.000231113966171 0 8.89252665769
0.325734 -0.0002109102133 -1.901155 -0.000669860143207 0 8.96873208405
-1.067092 0.000224622737603 0.665102 7.66378947696e-06 0 8.96259329129
1.04107 0.000263270024817 -2.77005 -0.000673474555156 0 9.00351960153
0.267812 7.64537201787e-05 1.224773 0.000490049042539 0 8.89392312047
-0.444108 -1.58946284522e-05 0.110576 -0.00040647524976 0 8.97114648765
-1.733579 8.39134298755e-05 0.643149 0.000424507489184 0 8.92753351274
2.086055 -0.000230104042659 0.012568 -0.000491927502363 0 8.97565651852
-1.804485 0.000506626480319 -2.13337 -0.000600990532524 0 8.94773996113
-1.740595 0.000251779949689 -0.533826 0.000196657027541 0 8.96361016232
-1.430422 0.000255506664063 -0.381459 0.000247971601117 0 8.93215609764
-1.730952 8.18523452099e-05 -0.066497 -4.84953944358e-05 0 8.96947977976
-0.035242 -5.65542945552e-05 0.159323 2.24830469463e-05 0 8.92658090566
0.363597 -6.37318207534e-05 -3.774469 -0.00128560591985 0 9.01116772978
-0.340339 5.63533472657e-05 -1.034667 -1.49977299126e-05 0 8.90437854481
-4.423209 0.000611582492284 4.405764 0.000764954113407 0 8.92036738479
-1.756967 0.000360926954266 0.866662 -0.000318785432121 0 8.94475399445
1.8398 -0.000282111071864 2.359407 0.000118131805377 0 8.9325013335
-0.310835 -3.51322278573e-05 1.939154 0.000497164047073 0 8.89582892812
1.029025 -0.000231947199918 -1.464479 1.76077912715e-05 0 8.94388029398
1.204687 -0.000345692046647 -0.019181 0.000198486055128 0 8.94661699423
-0.413911 0.000243618682129 -2.323462 1.82270640416e-05 0 8.88980485718
-1.723639 8.42599516762e-05 0.432627 -6.70270439607e-05 0 8.9227828916
1.733091 -0.000276143235108 -2.146953 -0.000750304836407 0 8.97544223653
2.101788 -0.000447167455458 0.103874 0.00013127928322 0 8.93025068853
-0.78955 0.000285797669612 1.205291 0.000146362362807 0 8.92337309843
-3.45389 0.000693878642521 -0.63864 0.000113525521486 0 8.90462108874
-1.891158 0.000187357748414 -0.322155 -0.000247455415285 0 8.95830311682
-0.122521 6.95078673743e-05 -2.641837 -0.000684192668243 0 8.9761360943
1.490398 -0.000191437230566 0.678268 0.000210402013941 0 8.94399516684
2.988594 -0.000527530547795 -1.215499 3.58707648332e-05 0 8.97200676913
-1.993797 0.000373758337661 -0.086048 3.1624025792e-05 0 8.95338414171
1.339284 -0.000138281538114 0.352191 0.000238371005703 0 8.90168711091
-3.310526 0.000616319726594 -1.95551 -0.000625976367303 0 8.96949622455
0.096594 0.000312265598823 -1.916034 -0.000356101112695 0 8.94471437852
1.242448 -0.000186747077053 -1.030291 -0.000168587145882 0 8.9485335607
0.419407 -1.88614372362e-05 1.227003 -0.000128976464425 0 8.92391898065
2.129292 -0.000264023978369 0.440618 0.000120996871225 0 8.91920619847
-0.788052 -6.26997058052e-05 1.935546 0.000319408223252 0 8.86108521639
-1.328038 0.000149626654734 -1.364434 -0.000228640018797 0 8.96747191949
0.215312 0.000123954579214 -0.362514 -6.32927429595e-05 0 8.93720078486
2.353935 -0.000334749758164 -0.455405 -0.000370180617861 0 8.98298599994
-1.284937 3.34401705605e-05 -1.408352 -0.000298266194356 0 8.94472659968
-2.081474 0.00047684025677 -1.118059 -0.000440927005505 0 8.99825543441
-0.730524 0.000382469568774 2.641226 0.000580762711499 0 8.87046583664
-0.293516 -1.0985017267e-05 0.508425 -0.000611185434433 0 8.97569952997
-1.531591 7.53991852562e-05 -0.482225 4.92334978136e-05 0 8.94158250109
-3.527692 0.000743340107721 3.673427 0.00120687762251 0 8.85638727371
1.533091 -0.000395974886714 1.486284 0.000458385693195 0 8.89689564086
-0.773521 0.000290440001804 1.15322 0.00065434344462 0 8.92510186171
-1.650398 0.00037097237248 -0.452673 -0.000252750497629 0 8.96701485974
-0.483199 -1.40104104879e-05 0.244959 9.7828569256e-06 0 8.93585957021
3.132079 -0.000419651090717 -0.389124 0.000435175066503 0 8.89036243932
0.538547 -0.000304201401285 0.708137 -0.000123907397077 0 8.92787785988
5.503626 -0.000815078175116 -1.567248 -0.000937653928528 0 9.02471982539
0.333411 6.74420094653e-05 -0.324778 0.000272593862572 0 8.9134624253
-3.527644 0.000440738991965 -0.768785 0.000240908754089 0 8.93720283553
0.18031 -2.37412293829e-05 -0.25712 0.000381012136441 0 8.94404659178
-3.107196 0.000760074828728 -0.481691 -0.000539939450435 0 9.00185927899
-0.174366 -0.000111754131583 -0.360495 -2.19557881675e-05 0 8.94368163034
-0.882169 0.000277580812433 -0.240192 -0.000715764410174 0 8.9709305693
-1.522113 0.000224808137519 0.737519 0.000165567346628 0 8.95007623285
0.957632 -2.94963301098e-05 -1.222288 -0.000534692329691 0 8.99374981792
0.690587 -0.000170133981205 0.365816 -0.00013510131391 0 8.93067851668
0.593082 -0.000228572063514 -0.023506 -0.000104784766576 0 8.90376325945
-3.849468 0.000648620705769 -0.356183 -0.000147783616101 0 8.95154953686
-3.748901 0.000346461369483 2.938094 0.00088368812481 0 8.85044476075
-2.628821 0.00030002383937 -0.571186 -8.20973285329e-05 0 8.9470902636
-2.914525 0.000319926452687 -0.526711 -0.000242873094035 0 8.92752408325
-2.089012 0.000370699191197 -0.717691 -0.000176601164089 0 8.93629505753
2.601589 -0.000398527692437 -0.010391 0.000413482379731 0 8.94661377929
0.148017 -0.00011050866408 1.598426 0.000607878743943 0 8.90816985481
-1.851121 0.000266922692128 -1.125311 -0.000204179631375 0 8.91696808095
1.995158 -0.00053787354544 3.813195 0.000380682805929 0 8.92573878068
-3.824949 0.000514572318186 -2.001756 -0.000437803885891 0 8.97564461498
-0.369726 -2.23910581837e-05 -0.890135 0.000110663325708 0 8.94432853807
-4.839954 0.00101158744512 1.193011 0.000141262786872 0 8.94768004199
3.081968 -0.000280990867825 -0.333291 -0.000399748069078 0 8.94464795919
-2.575281 0.000479557968755 -0.754995 -0.000305422939306 0 8.93811791359
-0.103188 -5.22442354327e-05 0.012709 -0.000299226968063 0 8.97453089075
-1.406571 0.000143094106799 1.703194 0.000102031854949 0 8.93161652173
0.464421 -2.80950260309e-05 -0.330291 0.000488431614939 0 8.94221717821
0.105546 -1.06726209687e-05 1.321328 0.000619584415976 0 8.88667732111
-1.198414 0.000102991850066 -1.403812 -0.000774423003743 0 8.9312341486
1.371837 -0.000231676574078 2.177587 0.000119423658264 0 8.93675943831
-1.905647 0.00036241787444 -1.40824 -2.45575022059e-05 0 8.97168565403
1.416762 2.1722380686e-05 -0.698233 6.06279182201e-06 0 8.91227625683
0.463994 -7.20359566923e-05 0.144181 -0.000244577675242 0 8.99521214519
2.112583 -0.000486025101508 -1.524677 -0.000562353239542 0 9.016991975
0.241115 3.38512752203e-05 0.926392 0.000171982105427 0 8.93253655656
2.319409 -0.000188752175388 0.767369 -0.000195339409123 0 8.97870415191
3.246891 -0.00061535104589 0.415133 0.000263184438162 0 8.93184515382
2.169986 -9.1039702215e-05 -0.297723 -0.000604976681588 0 8.96599990585
1.593294 -0.000346738577707 -1.710103 -0.000202834778944 0 8.95957157137
0.670459 1.27632343473e-05 -0.849133 -0.00020151728252 0 8.97193494176
1.105202 -3.71438110159e-05 -1.87856 -0.000332147717994 0 8.91575023082
-1.039051 0.000327198566355 1.520888 0.000136206294057 0 8.96215039316
2.226595 -0.000507193768858 0.310553 0.000501560633401 0 8.91508957737
0.946287 -7.81699126581e-05 -2.749558 -0.000997732681222 0 8.99738874419
-2.072034 0.000204688353603 1.583597 0.000488169558754 0 8.95175016504
-0.072287 -2.07348240649e-05 -0.871544 0.000322604846387 0 8.93479264251
-2.797502 0.000443164246298 0.10095 -7.28316573111e-05 0 8.94714100814
-1.751314 0.00016278583924 0.654216 0.000603059469314 0 8.89894241894
-2.784939 0.000224843801018 -0.796438 -0.000101263870503 0 8.89954720191
1.57607 -0.000223298995462 -0.756796 0.000612089815083 0 8.89829496311
-0.922655 0.000252490032329 0.980545 -7.10482793364e-05 0 8.92305351076
-0.247273 3.2186097429e-05 -1.126028 7.3332386214e-05 0 8.93992026404
0.122437 0.00010854058738 0.215021 0.000103314124601 0 8.93076585278
-0.105336 5.44225473368e-05 1.866679 0.000126143087627 0 8.90832291747
0.624231 8.41832627803e-05 0.948004 0.000180379618619 0 8.92493870721
1.482981 -0.000108985946972 1.472072 0.000882609672118 0 8.90122038765
-1.898724 0.000383338914479 -0.047297 -5.90976443905e-05 0 8.91967131959
-1.588371 0.000494728889393 1.71351 0.000439425744079 0 8.92331930654
0.168705 4.37200388837e-05 0.458724 -1.83826988331e-05 0 8.92411058434
-2.518489 0.000529562657769 -0.89404 -0.000112770962941 0 8.92125719683
1.417855 -1.85439521091e-05 0.440029 -0.000172308371609 0 8.93150772329
-0.694716 0.000562807866361 0.689582 -0.000253414230308 0 8.96347962153
-4.444143 0.000698481160544 0.399976 0.000423295592549 0 8.89807632085
1.804748 -0.000295421949685 -0.212014 -9.74448061162e-05 0 8.9534778732
0.624967 -0.00011712236326 2.52521 0.00082226182372 0 8.88375067599
-1.421117 0.000125006406977 -0.097636 0.000218407569032 0 8.92850223244
1.208201 -0.000150370224058 0.589001 0.000141456596949 0 8.93835633875
1.944051 -0.000458520026906 0.265337 -0.000220143935606 0 8.94700940541
3.971122 -0.000651868668742 -0.304182 -5.15780995981e-06 0 8.95288870438
5.057996 -0.000940320627444 -0.040888 0.000153093441116 0 8.91837516847
-3.315125 0.000526280926822 -1.209014 -0.000350854344381 0 8.9342615366
1.298113 -0.000194304787156 -1.09575 -0.000560150481158 0 8.98610507335
-1.353349 0.000255541433772 -1.617194 -6.88992662167e-05 0 8.91763307386
-2.045181 0.00031830704248 -0.098658 -6.94233183356e-05 0 8.93662242552
1.597668 -0.000186078197506 1.14928 0.000535388610499 0 8.91050172553
4.166253 -0.000537237524628 0.074825 -7.50691126772e-05 0 8.97253158631
-0.192693 0.000138286334055 0.044984 -0.000360518753478 0 8.91884948596
-0.134885 5.02500073131e-05 2.099661 0.000334932639651 0 8.90261569343
-1.561063 0.000384704419812 -1.284394 -0.000627135458546 0 8.9533242478
-1.836028 0.000420048807857 -0.181761 -0.000368786138635 0 8.95332257322
0.887557 -0.000190783194801 1.508167 0.000317218769448 0 8.92518541776
0.925751 -0.000378947292766 0.827814 0.000644619372545 0 8.89219901657
-0.999228 6.34074859856e-05 1.495096 0.000508922886781 0 8.88469694811
-1.317333 0.000229232783864 0.0007 0.000117408125789 0 8.90607052213
2.694105 -0.000440444947286 -1.611523 -0.000693934317379 0 8.97851696705
-0.234374 5.75415348673e-05 1.250554 0.000288933309516 0 8.90613871214
-1.165253 9.31965029003e-05 -0.11126 -0.000471262906215 0 8.97497698489
0.491553 5.76461065288e-05 -0.162904 -0.000311366751531 0 8.9634450862
2.423714 -0.000225669170536 -1.381984 -0.000160902583299 0 8.97520073202
3.520744 -0.000586957066335 -0.720973 8.70646238472e-05 0 8.96357656236
1.206784 -0.000253876161276 1.609809 -0.000406571279184 0 8.98170723753
-0.141413 -7.32037038941e-05 -1.023646 -0.000333712820686 0 8.98048754571
1.337346 -0.000491987404133 1.485949 0.000173070164673 0 8.93733349412
0.526282 -0.000390285676276 0.474324 0.000409724754062 0 8.90548979625
-3.803666 0.000435991184764 0.355285 0.000110563583086 0 8.9538026938
1.981844 -0.000145887426273 1.94773 8.06011607451e-07 0 8.95610361491
0.998462 -0.000176546055348 -0.340297 -7.74705966369e-06 0 8.91455581346
0.790134 3.69968497138e-05 -1.462782 -0.000578374480931 0 8.94295332482
-1.232494 0.000341643820573 -0.648398 -0.000265610623165 0 8.99020355551
-2.233374 0.000324612741081 -0.443594 -0.000477663189175 0 8.99154527232
1.051187 0.000141394028728 1.208563 0.000214571316942 0 8.92287734059
-0.103415 0.000141712885857 -2.261491 -0.000324512306735 0 8.92545053893
1.20358 2.87865561119e-05 -0.724183 -0.000551042980592 0 8.98344387924
4.54443 -0.0010086417166 -0.600853 -8.76910051731e-05 0 8.92175748178
-1.397833 0.00015303081126 2.047541 0.000336769634063 0 8.94396571691
0.638754 -0.000152193680316 0.398301 -0.000327850244164 0 8.94903605539
-1.679943 0.000251254101505 2.628042 0.000340111254862 0 8.94045001462
0.297788 6.57311348126e-05 -0.69637 -0.000104700052736 0 8.94193676639
0.762959 -0.000309494761695 -0.172277 0.000529829060255 0 8.91734704917
0.032232 -5.91643809296e-05 0.640073 0.000190673884502 0 8.91728463985
0.315297 -0.000122062887669 0.646314 -0.000189965172423 0 8.93499302169
-0.297924 -0.000213577386759 3.704745 0.00059993876216 0 8.89331050288
-2.148687 0.000138019573067 1.019333 0.000714538710808 0 8.91955725958
2.345116 -0.000730080462564 0.901814 0.000703561991483 0 8.87175690298
3.727716 -0.000651146280233 1.96285 0.000627495470252 0 8.88544305961
1.699725 -0.00046571454228 0.462349 -0.000332018575017 0 8.93507619612
-0.666042 0.000187846481388 1.289733 0.000126331441064 0 8.93965617598
-2.869769 0.000381764173942 -0.564241 -4.16049303143e-05 0 8.91258667646
-0.152011 2.11315933602e-05 0.741955 0.000588759066383 0 8.89331299838
2.011777 -0.000440018554261 1.402318 0.000131186690719 0 8.92107294122
0.16685 9.00368243872e-05 -1.448911 -0.000496570087547 0 8.92127074464
-1.435545 0.000638149493524 0.800913 -4.28859981667e-05 0 8.96431786983
-4.017608 0.000656418609303 1.402218 -8.07967942454e-05 0 8.96984847551
0.720775 -0.000365834200754 -0.72125 1.37313554094e-05 0 8.91426470112
1.81482 -0.000233358876003 0.23569 -4.07190121626e-05 0 8.95520262692
-1.566182 0.000374518630491 0.20514 0.000383790645397 0 8.96348673091
-2.935801 0.000426435553896 0.549292 0.000255699808381 0 8.89975383381
0.976819 -0.000130722238184 -0.530458 -1.49503653651e-05 0 8.95702106823
-1.809323 0.000154433452512 0.070102 -0.000672962586451 0 9.00984683243
0.228671 -2.48827322922e-05 0.405688 -0.000112708667855 0 8.94834961889
2.511642 -0.000249403710981 -0.867497 -4.22193591289e-05 0 8.92321592899
-0.048673 4.84076345685e-05 -0.777371 0.000444119460458 0 8.90143665615
-1.337085 0.000473892761305 -0.421519 4.58505801819e-05 0 8.95383038995
-0.066695 -6.62571237871e-05 -1.399241 -0.00024973586782 0 9.00347193233
0.195774 2.78473599513e-05 2.457209 -7.36867169243e-05 0 8.94198254194
-0.272684 -7.00904255975e-06 -1.049264 -0.000111021265863 0 8.9525169741
1.651516 -9.29927206818e-05 0.463699 -0.000182319767794 0 8.94919099475
3.106012 -0.000246030245455 2.262387 0.00045780061211 0 8.8947021401
4.255572 -0.000667092396139 -0.057605 -0.000220445531659 0 8.95771796573
1.543533 -0.000270246322888 2.838563 0.000729765010677 0 8.90508394743
0.451581 1.41582456643e-05 -0.962064 -0.000375966103775 0 8.99663873427
-2.741524 0.000409105972598 3.406933 0.000287238237583 0 8.92028045058
1.71663 -0.000102924757281 1.29653 0.000197293368296 0 8.91716290422
-1.232585 0.000258144055661 -1.640247 -0.000212173807092 0 8.95487664739
0.117804 -0.000256170417413 -1.198476 -0.000486823328149 0 8.92525481199
-0.648529 0.000380651250893 0.475811 -0.000147119565404 0 8.9592310641
0.879311 7.36453506938e-05 -0.254884 -0.000321926878235 0 8.97209469165
-0.185505 -1.8186252012e-05 0.139974 -4.58141431002e-05 0 8.92145286599
1.757681 -0.000399529468192 0.928826 -7.5475565342e-05 0 8.96275510691
-0.596869 -4.37119261764e-05 0.679532 -0.00013779352948 0 8.97277488244
0.056609 0.000230843962015 0.793712 2.87604549291e-05 0 8.93113200086
0.024113 -9.75558293575e-05 0.545438 0.000302963889341 0 8.9128088355
-0.510822 0.000247302386368 -2.060724 4.61129908662e-05 0 8.94229935321
0.083087 -0.000278486250787 1.159801 3.63842862032e-05 0 8.94478052471
1.133158 -0.000378598713817 1.659521 0.000723855133167 0 8.93269266862
-0.125343 0.000130735969968 2.321864 0.000203880980909 0 8.96677095612
2.692138 -0.000704592437733 -0.477272 0.000249412709181 0 8.91107382034
-0.576414 -0.000111195987819 2.344067 0.000500017001704 0 8.95165424695
4.950444 -0.000550519805023 1.165219 0.000237085704387 0 8.96411847613
1.239009 9.50507407174e-05 -0.671261 -0.000398357547021 0 8.95682823791
1.241375 -5.8768066871e-05 2.022467 0.000653727729058 0 8.88267278107
-0.785321 0.00030394202955 0.498339 6.02984624237e-05 0 8.92635905319
-0.176138 -4.78782081974e-05 -2.267834 -0.000212449681652 0 8.95145999709
0.305327 0.000131458505295 -0.425329 0.000257045880231 0 8.9162882153
-0.1681 -9.70696093899e-05 0.610277 0.000118591421111 0 8.92930771717
2.53374 -0.000543557561702 0.95816 -0.000244246123458 0 8.94439818931
3.054274 -0.000428386466041 2.160072 0.000410086856197 0 8.92119700912
-2.107291 0.000357748118625 -0.951731 -0.000590958193551 0 8.96823129495
-2.422801 0.00022272974453 -1.23749 -0.000124682925518 0 8.94187969494
0.225417 -9.34917487847e-05 -0.558623 6.20147660155e-05 0 8.9695689337
-1.513562 0.000348437297093 -1.682504 0.000110959709 0 8.95144247723
0.322911 8.52166845577e-06 -1.468435 -0.000464986994234 0 8.98014970848
0.118287 0.000123012596921 -2.897424 -0.000281686091725 0 8.95261129528
-1.464545 0.000406791286052 0.324858 1.27339919581e-06 0 8.93038162419
-3.43022 0.000482535141304 -0.574505 -0.000305197198071 0 8.96309626916
-1.538599 8.08741517183e-05 2.043213 0.00082828539493 0 8.85783025485
-0.387803 8.35228011111e-06 -0.443412 0.00023978880545 0 8.93535599601
-0.106833 0.000156029219972 -2.639684 0.000145394756562 0 8.90146864789
-2.023055 0.000186164651754 -1.592923 -0.000219305017184 0 8.96695900753
2.175503 -0.00027983545887 0.160179 0.000159236839974 0 8.89043118888
0.413206 -0.000218012798158 0.097266 -5.82485691004e-05 0 8.92249561472
0.342093 -0.000154937949091 -1.752607 -0.000472684757433 0 8.92653188255
0.350404 -0.000181945936688 0.712184 0.000240186008453 0 8.94768836614
-0.986192 0.000150861096783 0.117214 0.000188411966153 0 8.93301457193
4.203828 -0.000649851371307 -1.037005 -0.000163088574385 0 8.96391373843
-1.990389 0.00041303498004 -1.49947 -0.000234957338436 0 8.94281543554
1.506569 -0.000317477726919 0.550451 -4.12420607075e-05 0 8.96713374308
-2.116199 -7.79478397908e-07 -1.675372 -0.000150207595879 0 8.96034775984
-0.412554 2.59021400277e-05 -1.243985 -0.000242592100491 0 8.94540375457
-0.895577 0.000303158128566 0.297379 -0.000236146935766 0 8.93264645864
1.373044 0.000127402032964 1.148448 0.000549611604436 0 8.87506010129
1.367644 -0.000177340328096 0.109189 -0.000412617290926 0 8.95685401265
0.261197 -5.30974708187e-06 1.08602 0.000292044430217 0 8.91284715156
1.101132 3.52824533191e-06 -0.953025 -0.000683461972724 0 8.97289244839
-2.267673 0.000481845167465 -2.355408 -0.000403853317753 0 8.94010926209
-0.593776 0.000153043023558 2.442529 0.000338914524029 0 8.90956169759
-2.937271 0.000709116005618 -0.211909 -1.01097622967e-05 0 8.94058023855
-0.425215 0.000227556516315 2.199695 9.73002900978e-06 0 8.98864641201
-0.270371 0.000108289093909 -2.205223 -0.000117654588406 0 8.93308559967
-0.22953 -3.90252784486e-05 -1.997127 8.00492476353e-05 0 8.89690482435
0.242144 -8.61376441174e-05 0.272508 0.000683263834502 0 8.89051331689
0.671842 0.0002866815352 -2.369745 -0.000329844329937 0 8.99360927466
1.405042 -5.26124167401e-05 2.368743 0.000588658429188 0 8.86242482024
0.435098 6.40445715481e-05 -0.934894 -0.000325544683883 0 8.96308478533
-1.350567 0.000396947151101 -0.16842 -2.54126517612e-05 0 8.91916633148
-1.379154 0.000154261730676 1.05876 -0.00018221378405 0 8.94863568265
-1.321365 9.30277474204e-05 0.954742 -0.000162173662274 0 8.94643573795
0.480105 -0.000359949928273 -0.297831 -0.000291500257205 0 8.96910882174
-0.114171 0.000142961963243 -1.366876 -3.73294781612e-06 0 8.94526267332
-1.02859 0.000293190099738 -0.637991 0.00016905296858 0 8.89260036792
-2.035266 0.000238180587123 0.187668 0.000310602747718 0 8.92343423196
-1.040439 0.000400145544967 -0.205485 0.000264719811273 0 8.95841247529
0.50499 -0.000540852998144 -0.21773 -4.51224242667e-05 0 8.94970677496
-0.957715 2.96925846088e-05 1.671461 -2.06914144226e-05 0 8.95236921113
0.299639 7.02483090228e-05 -1.199112 -0.000203080558291 0 8.95699535205
1.055303 -9.12872975212e-05 -1.501309 -0.000370177495251 0 8.95326629895
-2.031422 0.000396634966754 -1.439941 -0.000355457895099 0 8.9684753432
-0.320339 -2.09643509785e-05 -0.813181 0.000171888505598 0 8.9171729575
-0.694866 0.00024720062707 1.847654 9.81208685159e-05 0 8.95335835601
1.36879 -0.000158056775609 -0.079308 -0.000452015965418 0 8.9819764883
0.300209 9.98593626203e-05 1.52094 0.000509154296786 0 8.92026978584
-0.141367 -0.000115816104889 0.139825 0.000453409486559 0 8.93734962093
-0.30504 -0.000117038981623 0.542574 -4.44159301536e-05 0 8.90812927143
-3.589057 0.000781050259267 1.199759 -0.000523871234101 0 8.98865549169
0.34842 0.000174567016685 0.205824 0.000301515472747 0 8.9286228178
-0.052511 -0.000240411366471 0.93764 0.000278001935837 0 8.90693859524
0.232498 -2.69575568805e-05 0.14253 0.000675552159987 0 8.9192853778
-2.02986 0.000193988281898 1.262187 0.000394840809282 0 8.92716708832
-0.136901 5.39139781068e-05 -1.017935 -0.0005981690868 0 8.97672656311
-2.956312 0.00037321148157 0.825286 -0.000199052899178 0 8.99173615019
0.422829 5.62527185732e-05 1.616687 -0.000177093798766 0 8.95621296483
-2.486524 0.000442959241036 0.269781 -0.000203022422096 0 8.97978350035
0.810153 -0.000370775570007 0.956789 0.000325693565546 0 8.93756733932
1.391596 -0.000189570736277 -0.461183 6.54740141176e-05 0 8.92368706139
4.170836 -0.000561381975436 -1.920832 -0.000630646898739 0 8.97564227827
-3.423769 0.0009054403215 0.57394 0.00027343200281 0 8.91856778379
0.444126 2.3783481961e-05 -1.792033 -0.000401283054527 0 8.93443686827
-0.659278 2.00437830109e-06 -1.082882 1.97167280118e-05 0 8.94388016779
-5.270327 0.000761897161387 2.984002 0.000336379177295 0 8.95390470162
-0.888855 0.000216124728619 1.57223 -2.69487947071e-05 0 8.91595205996
-0.193001 -3.97455047635e-06 -0.702852 -0.000101693856989 0 8.92292453149
-1.047496 -0.000131901699733 -0.745247 -0.000429795324662 0 8.9946508105
-1.491462 0.00015051358478 -0.385444 -0.000333386929544 0 8.95224304462
0.976093 -0.000383300208468 -0.035376 0.000304234463095 0 8.91847912244
-1.29749 0.000537910711534 0.286304 3.77504624508e-05 0 8.92371396515
0.828972 -0.00019559535851 -0.019144 0.000196968011225 0 8.92859434551
2.356615 -0.000473392237532 -1.270801 0.000307330674935 0 8.91915167235
2.289672 -0.000411090046958 -1.150716 -0.000284043629825 0 8.94441260839
-1.000074 -0.000113204948331 -1.308799 -0.000242395186315 0 8.97345373363
-0.78568 0.00010809013459 1.601397 0.000239066593753 0 8.9343599479
1.214164 -0.000144870122899 -0.907196 -8.27082883971e-06 0 8.95685144529
0.65596 -0.000125841846426 -1.762224 -0.000181634088326 0 8.97739693901
2.950494 -0.000424368381108 -0.091255 0.000165424473501 0 8.91226189017
0.496399 -0.000108896744424 -2.101531 -0.000677647302692 0 8.97117741135
-0.06796 -5.62717678141e-05 -0.002102 -0.00062207519256 0 9.01995212404
1.406392 -7.60141914499e-05 0.393819 -0.000225433386903 0 8.92388488742
-0.891141 0.000451918226158 1.395432 -0.000116898603148 0 8.95307777269
1.060067 -0.000112686020412 1.181099 -0.000254212088348 0 8.95368516596
-0.027653 9.16247906572e-05 0.0827 -0.000169815378338 0 8.94514678577
1.601893 -9.54045729841e-05 -0.551845 1.1693746435e-05 0 8.96757707638
1.529525 -8.30649327362e-06 0.112703 -0.000226866181607 0 8.96862264719
-0.430708 0.000275486823668 -0.40549 0.000261044744256 0 8.93744264095
-3.227745 0.000546561022956 -1.01314 0.000283059929071 0 8.9462579636
0.964222 -0.000136742449131 1.796744 0.000170592607775 0 8.88993630237
-0.224867 0.000305470848985 0.787241 2.0953235339e-05 0 8.98996037577
1.199824 3.17744548019e-05 0.643604 -0.000338830485051 0 8.98200915672
0.622269 -8.34148405971e-05 0.66562 -9.31482898016e-06 0 8.95711765617
3.048828 -0.000530336856092 0.349677 -9.90919947298e-05 0 8.94693662396
1.104883 -0.000266975662065 0.263386 -0.000328859379615 0 8.95367513408
-0.482706 -0.000127016675256 -1.054326 -0.00018076345099 0 8.91673231279
1.419866 -0.000114927958841 1.772078 0.000170296310144 0 8.95924826609
3.023682 -0.000517302032581 1.005735 0.000285516316895 0 8.92196599659
0.844477 -0.000272942930474 0.977202 -0.00023051342714 0 8.92758056906
-2.627298 0.000379147338363 0.178407 0.00044661571979 0 8.89423094316
0.075505 -2.47625307455e-05 1.879807 4.21823423959e-06 0 8.95444105506
0.082449 -3.03887451262e-05 2.091317 0.000340882506012 0 8.88891836877
-1.708255 9.07239520574e-05 1.230007 0.000664269497857 0 8.87225350656
0.852864 8.27890642528e-05 -2.222216 2.47473972979e-05 0 8.99980275586
0.05306 -7.58879671582e-05 -1.749562 2.75214273622e-08 0 8.91532980986
0.600142 -0.000191853562344 0.258177 -3.78192193813e-05 0 8.95131872769
-1.348688 0.000300561185062 2.673789 6.08585300963e-06 0 8.97038701313
1.593868 -0.000222367974249 0.621283 -0.000216267469707 0 8.9857582418
-0.269089 6.9843679788e-05 -1.880546 -0.000343304770308 0 8.95517770252
1.451017 -0.000278767974949 -0.389597 -4.86424653914e-06 0 8.9422082024
1.383143 -7.54167861946e-05 0.119027 -0.000118862758812 0 8.97584810615
0.528427 -0.000110791666083 0.144328 0.00015425767629 0 8.93361491441
1.945269 -0.000317979726938 1.05212 0.000204583202283 0 8.90679620882
1.912593 -9.66529500538e-05 0.086922 0.000278791253198 0 8.95506062067
-1.104007 0.000265152471042 0.724455 0.000296958705534 0 8.91169278867
-4.064278 0.000780031502467 -0.299035 0.000172204018604 0 8.93595061013
0.259935 -4.43706892993e-05 3.103722 0.00119240218676 0 8.87603690084
1.383054 -0.000265602188559 -0.871233 -0.000291321223576 0 8.98488035005
-1.033947 0.00051285558192 1.394262 0.000484427540833 0 8.91582395133
-0.897048 0.000148665379912 0.365824 -0.000166694283147 0 8.96480861848
0.358234 -5.90147928454e-05 1.311633 0.000370684372159 0 8.92180980178
-0.827268 0.000185219248839 0.503014 8.86264151729e-06 0 8.92783235795
1.28789 -0.000139920498284 -0.39881 -0.000288879195362 0 8.94678848776
-1.991956 0.000321079199765 0.499486 -0.000563800123287 0 8.96952444654
-1.087816 0.000315745308959 -0.364844 -0.000104625394057 0 8.96139358271
0.184539 -7.36011218092e-05 -1.238544 -0.000729641596528 0 8.99359014365
0.808396 -0.000235385451152 0.412669 -0.000212887419296 0 8.95977634903
2.716685 -0.000815863944705 -0.825858 -0.000103847557489 0 8.93083003268
-2.986766 0.000341144843116 1.058992 -0.000130562068274 0 8.95774331619
0.884388 -0.000139782937306 -1.274144 -0.000300569107309 0 8.97257858259
0.481513 2.02553948422e-05 0.609419 -9.67565182033e-05 0 8.9695492199
1.951338 -0.000198312407023 -0.59603 -0.000254804679336 0 8.95257426684
-0.32487 -0.000140739366022 -0.960255 -0.000256899365461 0 8.95557990423
1.318733 -0.000198652183458 -0.280808 -0.000616416805057 0 8.96896552613
-1.100741 0.000351569930462 -1.91744 -0.000331105221266 0 8.97814327071
1.983485 -0.000211201939621 -0.862292 -0.000637778874664 0 8.98676662598
0.907016 0.00016404781492 -0.026235 -0.000248060123075 0 9.00644443533
2.131883 -0.000300722471127 -1.757947 -0.00047128477378 0 8.96873491277
-1.253869 5.3166822768e-05 -1.081048 -3.71281956769e-05 0 8.94747485458
2.371693 -0.000405084706769 0.376254 -0.00010569942241 0 8.98315773467
-1.09738 0.000231971353288 0.296697 0.000192330366455 0 8.94920146936
2.482637 -0.000479234020872 2.501349 -0.000249126329443 0 8.92926215976
0.621841 -0.000137231473244 -2.425462 8.59330836512e-05 0 8.94705970721
-1.479493 0.000503654531873 -1.102973 -0.000292698052303 0 8.95601726214
0.223776 -2.09375181449e-06 -1.081036 1.81518629929e-05 0 8.91778765397
0.162832 0.000183728081028 -1.217841 -0.000462860238996 0 8.93581798198
-2.682976 0.000620276061041 -1.805954 -0.000424492517053 0 8.97211094391
-1.190168 0.000372941781503 -1.111702 5.46974452576e-06 0 8.94173558774
0.26577 7.09012032925e-05 0.818622 0.000413891584621 0 8.89319459985
-1.625048 0.000503500821149 -0.204287 -0.000299369629461 0 8.94297549005
-0.136281 0.000164784689258 -0.896287 -5.7683652974e-05 0 8.92721088365
0.648186 -0.000378472916176 1.41518 0.000368377266574 0 8.91521114851
-1.470664 1.05965278729e-05 -1.121574 -0.000426840115638 0 8.94687295011
3.822939 -0.000365370563446 -0.540078 -0.000323503313832 0 8.99037970975
-1.862264 0.000289956146927 0.124339 -0.000145414208657 0 8.90240451616
-0.062594 0.0001609208656 1.018109 0.000125021230648 0 8.96248687222
-1.22198 0.000160026312622 0.632116 -0.000172104917429 0 8.92860771915
-1.097602 0.000155053463926 0.079903 -0.000278239822546 0 8.93396191914
2.879453 -0.000388970639485 0.448674 -1.45662704683e-05 0 8.92769291243
-0.096191 7.90706253669e-05 -0.403293 -0.000342426548144 0 8.97084736004
-2.603308 0.000366786614041 -2.088163 -3.32250253861e-06 0 8.93337669768
1.078332 -0.000137852219188 0.913779 -0.000221744009707 0 8.94805380667
-1.603165 8.96435297412e-05 -0.627678 0.000312461041985 0 8.90381175681
0.792392 -0.000299077896321 -0.007309 -0.000569521571504 0 8.97856097124
-0.249266 -0.000196243620705 -0.896765 0.000211854736753 0 8.91014879975
-2.55787 0.000366106417761 -0.627027 1.53541012849e-06 0 8.95440643568
1.847804 -2.45835679983e-05 -0.394387 0.000124110861503 0 8.93857089653
0.228383 -7.05071201312e-05 -0.335942 -0.00013059924726 0 8.99425547073
3.532894 -0.000752372830174 -1.953597 -0.000622950372103 0 8.96722646476
0.413721 -0.000132329638929 -0.691885 6.38318102651e-05 0 8.9387567479
0.974647 8.37131157545e-05 -0.05517 -0.000106132453118 0 8.94403826014
-1.20757 0.000211110364134 -0.294836 0.000313970832432 0 8.89344852798
0.805366 -0.000289607150733 1.482147 -0.000164965301912 0 8.96057597672
-2.871296 0.000272705708408 0.627011 -0.000562290897175 0 8.96618641467
1.033155 -0.000210918677983 -0.04089 8.09604963758e-05 0 8.90738131316
-3.886583 0.00073688261615 0.063406 -0.00031293695871 0 8.98000445407
1.422954 -0.000349416105535 -0.549689 -0.000169865499195 0 8.953783565
-1.980129 0.000344433626803 -0.475818 0.0002032809066 0 8.89371900244
2.167206 -0.000151792316981 0.153452 0.00015229696427 0 8.95846366573
-2.326039 0.000147092015676 -0.975394 -0.000188972303228 0 8.96205987513
0.282074 -0.000274304037236 3.092503 0.000674756381787 0 8.87939463805
-1.235222 0.000124747171633 0.220524 0.000236995868474 0 8.88173904581
1.901538 -0.00025914292836 1.195558 -0.000267892190083 0 8.94904532483
1.343106 -0.000106268446196 -0.627889 -0.000248375786198 0 8.90916481166
0.357623 0.000107504242929 -1.720553 -0.000156884587587 0 8.9468631016
-0.400157 -0.000342699225321 2.582888 0.000790606610648 0 8.89078850034
2.46821 -0.000485937550333 -0.422322 0.000181299561566 0 8.95606900262
2.553822 -0.000560600950385 1.473387 0.000340152874477 0 8.92836776486
-1.428506 0.000398570207477 -0.378275 -0.000164917362852 0 8.96730736937
-1.740491 0.000596083955208 -0.146435 -0.000450614150758 0 9.01266136999
-0.779055 0.000312354705941 -0.222008 -0.000445594013995 0 8.98199294322
-2.753162 0.000394839451912 -1.288059 -9.79946634561e-05 0 8.9613937214
3.220068 -0.000312522529641 2.143996 0.000375172602594 0 8.91110405645
0.876792 -0.000433398471252 -0.080793 0.000342101299295 0 8.90060096102
1.926094 -0.00033579490497 0.299558 -0.000118789508641 0 8.93689298602
-1.991001 3.52260875002e-05 -0.554911 0.000175469760954 0 8.93576549317
3.036405 -0.000477264102837 -0.584401 -0.000206365552106 0 8.92217038161
-0.791844 -4.43073415903e-05 -0.252119 0.000169880295665 0 8.91174150369
-0.04185 -0.000102365701636 2.205856 0.000106349857596 0 8.95831048201
2.965272 -0.000429510854321 0.156783 0.000310504191651 0 8.92567856861
1.183616 -0.000124277795597 1.526341 4.08455485453e-05 0 8.98059942422
-2.741713 0.000180586529644 -1.212596 -0.000496430249665 0 8.93693132624
-1.535115 0.000216860488485 0.385737 -0.000305693496452 0 8.92938591828
-1.079911 0.000148743417482 -0.061972 -3.46054892639e-05 0 8.95346400499
0.814354 -0.000313504195031 1.587456 -0.0003428351882 0 8.99720321866
0.555454 -0.000128325553072 -1.281481 -0.000368986762457 0 8.96443868144
0.542465 -0.000114909054861 -2.806273 -0.000317324574264 0 8.95538370808
1.55327 -0.000180696679099 -2.286211 -0.000634116903495 0 8.99222833474
-1.588493 0.000227218319887 1.337983 5.4823239274e-05 0 8.92576137809
-0.850683 0.00018843104634 0.794584 0.00026446779608 0 8.93558762312
0.37974 0.00017491218949 0.550473 -0.000557299132414 0 9.013513604
0.233945 1.79111346736e-05 -0.852517 2.6092201063e-05 0 8.95181454565
-1.427748 2.20839174161e-05 2.530035 0.000628606344927 0 8.91519554691
-1.749315 0.000136152734603 -0.999125 0.0002441854727 0 8.86986067989
1.085424 -5.20956968784e-05 -2.370102 -0.000558680003355 0 8.98286974799
-2.494623 0.0003617741246 1.021918 -0.000173024554038 0 8.94484734847
0.224358 0.000143154447998 0.679707 0.00015904186543 0 8.92897706493
0.056037 0.000147656443545 0.004309 -1.82280911023e-05 0 8.94157375898
-1.065326 0.000357620861347 -1.532193 -0.000222464065921 0 8.95545458256
-0.001614 -0.000174631872981 0.796042 0.000667232966812 0 8.9021512346
-0.995541 3.74159956314e-05 0.368004 -5.15024512414e-05 0 8.94582999774
-0.065627 7.97050557057e-05 -1.001991 -0.000455802919281 0 8.97607380806
1.668965 -0.000228986420548 -0.345083 0.000121736787397 0 8.94996374254
0.570903 -0.000166735317529 0.216575 -0.000212430877477 0 8.93855990855
0.072388 1.56001343756e-05 1.355322 0.000148100818893 0 8.93879058955
1.639908 -0.000302192418207 -0.345115 -9.51655882444e-05 0 8.90432781914
-1.108066 0.000110573159333 1.459862 -0.000140559789272 0 8.98169035213
-0.68994 0.000126705263195 0.872121 -7.67391816189e-05 0 8.90792120208
-1.455527 0.000150304383082 2.00882 0.000316371792788 0 8.91903872292
2.701916 -7.68827818287e-05 1.569193 0.000131855160869 0 8.91525425752
1.636728 -0.000330863038903 2.204317 0.000383361631788 0 8.8695657472
-4.302398 0.000425604644273 -0.946635 0.000106563980925 0 8.91699176249
-0.383362 0.000110820838873 -0.747418 -0.000143694870692 0 8.95585934143
-1.111472 0.000207827766199 -0.306015 0.000124920824022 0 8.90561457145
0.268747 6.92228393824e-05 0.70524 6.9424893308e-05 0 8.90364784731
-0.162319 -9.70871038166e-05 2.334749 0.000130982924196 0 8.94257921171
-2.083927 0.000247282700253 3.68437 0.000682311748897 0 8.87170904755
-2.735489 0.000369199088992 -1.654502 -0.000298783277967 0 8.94141655224
1.076246 -0.000315929764149 0.593637 0.000352905587542 0 8.93068760876
-3.119434 0.00062691900054 -2.897285 -0.000344593719943 0 9.00013513778
1.037653 -0.000184764426878 -1.084515 0.000382277887578 0 8.93126202163
-2.00744 0.000337692571248 -0.135541 -0.000178894653446 0 8.93705646972
-3.676022 0.000517594106455 -0.233539 -0.000421971950673 0 8.99433281354
-2.017516 0.000292329411351 -0.279818 -4.36124611694e-05 0 8.9708502031
-1.949642 0.000560645938224 0.928559 0.000531544848036 0 8.93084391614
0.122216 -0.000107577603791 1.103707 0.000561488129361 0 8.91900486822
1.928931 -0.000288202950375 -1.235444 -0.000597718787394 0 8.98183844522
0.507296 -0.000285162433724 -2.79744 -4.64586377084e-05 0 8.93264945982
4.161511 -0.000426731959995 -0.693764 -0.000640464909492 0 8.97381385945
-0.35211 -4.08872565591e-05 0.75837 0.000225168624383 0 8.93181965596
-0.071498 -9.16897108724e-05 -1.497686 -0.000585858450701 0 9.02265312542
-3.474485 0.00052712335104 -0.825341 -3.13997282246e-05 0 8.92165518992
0.194539 0.000266197206791 -1.489997 0.00027423859567 0 8.888185535
0.918319 -0.000102776364538 0.973742 -9.66951915441e-05 0 8.96936469609
0.239704 -0.00017252270616 1.336215 0.000684306371522 0 8.89486869471
-0.49537 0.000434744273794 0.987454 -0.000411358485347 0 8.976686251
-0.86016 4.83546555304e-05 0.035987 7.94541104972e-05 0 8.90867406918
-3.536857 0.000305347812506 0.155178 0.000154366343927 0 8.90574376343
-0.588448 0.000222584645397 -0.05649 -4.92793788064e-05 0 8.92017186751
-0.79913 0.000113975955932 0.763248 0.000483066921204 0 8.91560809636
-1.446027 6.56224756405e-05 2.391265 0.000569080932633 0 8.89140322304
1.140626 -3.75411823418e-05 1.251554 -0.00033092383982 0 8.94138743809
-2.127634 0.00022301783379 2.602866 0.000701667262837 0 8.91012923025
-2.811325 0.000420684757999 -2.444482 4.53683868442e-06 0 8.91822575529
-1.645176 0.000310943734712 -1.224199 -9.01065189428e-05 0 8.90750429428
1.725446 -0.000167764050078 -2.452124 8.05480211611e-05 0 8.92869834912
1.0628 -0.000124601573137 0.072759 -0.000247183107059 0 8.93292023324
-0.743772 0.00025690443055 0.89062 0.000201312198817 0 8.91966452573
2.407044 -0.000253697344455 -1.475319 -0.000490720923127 0 8.9453110514
0.624688 -0.000250285566878 -2.020694 -0.000186935660153 0 8.97512728936
2.014581 -0.000348889986461 0.250083 0.000108533226475 0 8.91572463639
1.401879 -0.000170458837926 -0.040172 2.34062790585e-06 0 8.9779640301
-1.509025 3.8067883185e-05 0.49594 0.000366786036612 0 8.89422405137
-0.74449 0.000364895813648 -1.070582 -0.000620975175693 0 9.00776158674
-3.563174 0.000462305774779 0.078034 8.13498615941e-05 0 8.90649055572
0.30127 -0.000409802442632 0.324613 0.000144090591822 0 8.93056142764
1.070556 6.38075766104e-05 1.194474 0.000186876218927 0 8.95305547372
-0.666901 -1.89010791462e-05 -0.379503 -3.98976564934e-05 0 8.94460690074
3.355435 -0.000382607158304 1.027833 1.19236876623e-05 0 8.91839463673
1.689318 -0.000270020632781 2.014641 6.67522852474e-05 0 8.94326809245
0.519593 -0.000209233966222 -0.327702 -0.000190317638149 0 8.98142740324
-2.584189 0.000477306400122 -2.08524 -0.000652310014532 0 8.99873860144
-0.22054 8.95665657412e-05 1.607018 -1.96606987863e-05 0 8.95436867733
3.681756 -0.000305619031382 0.353407 -0.000238303206493 0 8.93753465503
-0.470067 -0.000266708984196 0.860717 0.000148436992384 0 8.94386667922
1.749106 -0.000540106630518 0.419896 0.000444535790912 0 8.89599912911
-1.547413 0.000201672985118 -1.321105 -0.000263729714435 0 8.95792893716
-0.583365 -5.60631976098e-05 -0.000361 0.000331825293206 0 8.92474607139
-0.032061 -7.8047994368e-05 -1.846732 -0.000370399090659 0 8.93069154885
0.075924 -8.49904514101e-05 -0.058834 -7.4584099612e-05 0 8.94716827053
0.273026 -0.000195436846769 -0.115908 7.31071747837e-05 0 8.91440503719
2.930034 -0.000581015124191 1.551055 0.000566325509132 0 8.88991178955
3.364931 -0.000731031966662 3.035742 0.000826063511989 0 8.87216013482
0.941366 -8.14598461466e-05 -2.381674 -0.00050894980925 0 8.94356480734
-1.094491 0.000194134720992 -0.896152 -0.000151128108154 0 8.92689477363
1.967258 -7.11862005705e-05 -0.258999 0.000236392152522 0 8.89886018116
1.730054 -0.000157647395434 -0.127609 -4.32485450273e-05 0 8.94929740655
1.147094 -0.000453052376789 1.808562 0.00035812846937 0 8.93308510227
1.897837 -0.00054604105687 0.831732 0.000144076250912 0 8.9349406184
1.7623 -0.0004732987485 -1.789534 0.000117414219637 0 8.95097787404
2.410573 -0.000338379413465 -1.33211 0.000154852189967 0 8.93666724813
-0.713675 9.88187611268e-05 0.138874 8.57521200443e-05 0 8.90235554845
2.009097 -0.000332071906209 -0.960803 -1.36177356956e-05 0 8.93837879946
-0.250492 0.000268674343538 1.562413 -0.000484602281007 0 8.94776185182
1.414961 -0.000338737520214 -0.336866 0.000683452551111 0 8.87420147438
0.569614 -7.26522064563e-05 -1.109283 0.000316014780731 0 8.9209787945
-2.795771 0.000352708744239 -1.192112 0.000449950815221 0 8.8606748686
-0.725524 -0.000121960610917 0.035805 -9.78932449e-05 0 8.98690144533
0.103336 -0.000121141729189 0.622688 0.000436120997245 0 8.90333193564
-0.500636 0.000399770075244 1.680822 0.000662893675804 0 8.91044587831
-1.277639 0.000395511706119 -0.441697 -0.000111171187104 0 8.92964605693
0.367977 -4.12177060705e-05 -0.673372 -3.88426065635e-05 0 8.92445621833
0.298552 -0.000208299158669 -0.296748 8.57347943637e-05 0 8.8975813701
-0.14018 0.000167485555325 -1.473211 -7.27301765083e-05 0 8.88496805502
-0.249807 7.01936947044e-06 -0.87154 -0.000292648303385 0 8.9523837403
-0.309466 -0.000114943115375 -0.437056 -0.000406578478535 0 8.96475990191
0.684562 -0.000182704212951 0.178739 -5.64036264645e-05 0 8.92782405983
-0.664806 0.000111479471646 1.164465 -8.47480373192e-06 0 8.97023842333
-2.098558 0.000325513957099 -0.31848 0.000117657145206 0 8.95774405541
-1.493383 0.000448238499193 -0.281085 8.96488757931e-05 0 8.93683162081
-1.947233 -7.62104403604e-05 1.806888 0.00051661518807 0 8.93782739396
1.947251 -0.000178722081345 -0.231089 -7.09298412384e-05 0 8.9332597875
1.911249 -0.000290361640793 -0.653353 0.000170786331621 0 8.91922130139
1.910319 -6.91452432229e-05 0.132546 -0.00016528264434 0 8.96268795817
1.06209 1.20023259796e-05 0.785067 -0.000212494483593 0 8.94520352194
-1.412974 3.25773757422e-05 0.556785 0.000167797278378 0 8.94414287638
-0.503124 0.000234485149694 -0.30748 -0.000333161342362 0 8.97970697548
1.331251 -3.04616008149e-05 0.774945 0.000480527733023 0 8.93093418881
-0.474711 9.31421848309e-05 -1.5584 -5.93540210962e-05 0 8.94429850922
1.594558 -0.000330060384479 -0.490234 -0.000596468566119 0 8.96806934486
2.72691 -0.000198811211923 -2.134846 -0.000883054607518 0 9.00051994912
-0.500776 -0.000107660397259 -0.60476 -0.000308071320532 0 8.97074771072
-0.679919 3.28703764953e-05 -0.384216 7.68655919213e-05 0 8.93975038902
-0.427902 6.55257951218e-06 -1.037574 -2.10906898664e-05 0 8.93733809693
-0.915958 0.000102874376739 -1.335116 -0.00031357573311 0 8.99485531481
1.688732 -0.000308895779728 -0.02778 3.07782516073e-05 0 8.93848343355
-2.033178 0.000159582070438 0.710532 0.000121034455453 0 8.95110743547
-1.108445 0.000375986729004 1.416882 0.000548477025645 0 8.91836932608
-0.902808 4.7879951768e-06 1.344313 0.000218566826447 0 8.93308824368
-0.36619 4.44097837218e-06 0.115098 0.00016675935895 0 8.88332908725
-1.728496 0.000412422584841 -0.331022 0.000253141454886 0 8.93479864025
0.192858 -1.8498054756e-05 -0.882835 0.00034035293544 0 8.8959013242
0.541855 0.000114121899198 1.576866 0.000555228107705 0 8.93517183654
2.50874 -0.000279827689255 0.46762 0.000310087948287 0 8.89889883871
-0.595741 0.000367890205914 -1.741291 -0.000257541045713 0 8.96203305052
-2.236542 0.000393070903619 -1.43882 0.000485577276848 0 8.88171748988
1.302286 7.71494504526e-05 -0.146213 -0.000209536474382 0 8.97815663745
0.722938 -0.000205406819829 -1.283092 -0.000160386853114 0 8.92620015761
2.876936 -0.000616957745251 -0.268959 -0.000216690402868 0 8.95123891281
-1.611511 0.000154255507822 -0.007503 0.00020891025048 0 8.9444411754
0.451467 -2.54438381548e-05 0.759643 0.000182787286808 0 8.90772932011
2.044384 -0.00049049448111 -0.166868 0.000274626084662 0 8.91186476946
-1.023761 0.00018258100272 -0.181965 -7.66033743026e-05 0 8.95470888234
-0.057601 -9.54507335627e-05 0.339301 -0.000325373486671 0 8.97991723154
3.154038 -0.000415069763371 0.105431 -0.000610132159931 0 8.9874968879
0.833645 -0.000164508596819 1.335422 -0.000304192415429 0 8.96512718802
-0.528818 0.000134194807082 0.462466 0.000150864552835 0 8.96968087289
0.084541 8.44305953069e-05 -0.473274 -0.000256898244329 0 8.95386486444
2.707641 -0.000427142944467 -0.567707 0.000228854843311 0 8.91991641653
-2.643798 0.000499743456538 2.921534 0.000506673535915 0 8.91205360611
-0.449058 2.71036363002e-05 -1.17822 -0.000608897884092 0 8.98464502716
-0.021685 -0.000148112245925 0.701065 0.000146882535668 0 8.93765878423
-3.616837 0.000629752518851 -0.521384 -0.000139777983326 0 8.96468381927
0.27684 -0.000100086174777 0.948047 0.000240920110495 0 8.92488911574
0.324163 0.000138572090075 -0.90036 -0.000369101325506 0 8.95241810448
-2.663696 0.000463446446835 1.002033 2.45287807764e-05 0 8.91599009415
1.313434 -0.000240902105494 -0.039547 0.000284732240352 0 8.89177812538
0.401334 -0.000180312970757 0.478516 0.000336376764814 0 8.90074186299
-0.44175 -6.57528720459e-07 1.029716 0.000190455499192 0 8.91150240818
1.053986 -0.000362934705057 2.680897 0.000113259344903 0 8.91138034519
0.865631 -0.000123392554146 1.180383 0.000460975135946 0 8.90206475041
0.884252 -4.15583286718e-05 0.589881 0.000108460550618 0 8.92359422822
-0.386217 0.00020881581174 1.125574 -4.11376495557e-05 0 8.95016580523
-0.036733 -0.000301015650291 -0.298287 -0.000172120106889 0 8.93872562426
0.567125 -0.000230243021271 0.127107 0.000403263331565 0 8.89350203324
-2.323541 0.000431455800607 -0.31431 -0.00033631954469 0 8.94880217291
-1.150924 0.000381784075687 -0.339243 0.00043593487256 0 8.8865500664
-0.721037 -0.0003160542548 0.840312 0.000592421105816 0 8.87927754945
-1.754435 0.000373946414344 -0.138277 0.000157721088122 0 8.89595097437
1.739235 -0.000466237905555 1.515259 0.000177918593913 0 8.9318413447
2.214592 -0.000179822190034 1.780851 -0.000133477278841 0 8.96052906553
0.29792 -8.06820199811e-05 -0.610242 -0.00034654521423 0 8.94629007242
-1.445624 0.000305181618495 0.93772 0.000285129370386 0 8.95720667527
-0.799916 0.000179963919751 2.536464 0.000500157717455 0 8.94249860326
-0.428185 -0.000116538476422 0.024394 0.000358377331725 0 8.94488937869
1.750601 -0.000186589725465 1.528793 0.000655324660598 0 8.93775482153
-1.728198 0.000109748785935 1.106261 0.00046916627869 0 8.89700127541
0.565606 -4.5087455346e-05 0.769356 -0.000106212961884 0 8.90804636274
1.708748 -0.000239559641999 0.659887 -0.000356987646425 0 8.94716834452
0.507648 -0.000244257130837 -1.517923 -0.000365089535201 0 8.97368029556
-1.480792 0.000481313161402 -1.206066 1.76742566023e-06 0 8.97459359234
-3.944806 0.000789464748953 2.581733 0.000835587570429 0 8.91303145605
-0.498383 0.000189494535601 1.228336 -4.21318853588e-05 0 8.97824246156
-5.021527 0.00075776533349 0.872086 -0.000137313290327 0 8.95278388215
1.713749 -0.000232148294691 0.371724 -2.02750483441e-05 0 8.90782998466
2.504056 -0.000303532708158 -1.759921 -0.000334080180761 0 8.9400267091
1.725819 -0.000192284850856 -1.752409 0.000335518937287 0 8.92933692428
-2.629554 0.000482992760873 -1.290456 0.000370148592111 0 8.94108933224
0.963134 -0.000469944587237 -0.822405 -0.00016687531432 0 8.95963661481
-0.545765 0.000133148862104 -0.072806 8.72131744806e-05 0 8.93651323331
-2.118337 0.000366972541314 0.051818 -0.000274839540321 0 8.93694392328
-0.266474 -0.000101140540422 0.035726 -0.000674268599206 0 8.96421226478
-1.392185 0.000159128217322 -1.087814 -0.000461408455087 0 8.93233534247
2.086327 -0.000343562626357 0.913382 0.00012090650588 0 8.96540336921
-1.242299 8.40784387756e-05 -0.821447 -8.49297282668e-05 0 8.96395175618
-3.612012 0.000609267242902 0.406125 7.34024212862e-05 0 8.943381463
0.4437 0.000230305717333 1.87014 0.000514588189311 0 8.90559474347
-0.80051 0.000260569525263 1.677977 0.000436423788014 0 8.89486990193
1.904134 -0.000679034068169 -0.889862 -0.000662137666247 0 9.00429806172
1.081634 -0.000192454363904 -0.222624 -0.000176637828153 0 8.91982233255
2.259336 -0.000366148696324 -2.272395 -0.000356254603468 0 8.91470273626
0.405747 -0.000241967018759 0.905184 6.54965022439e-06 0 8.91623876959
0.165246 -7.08329879849e-05 -1.803461 -0.000174665120865 0 8.95862178559
0.313722 3.01753937823e-05 -1.512435 -0.00063548665308 0 8.99075103983
0.16196 -0.000313688896156 0.719518 0.000156700958868 0 8.93831393536
-1.093506 -7.92073488005e-05 0.38544 -1.38651237272e-06 0 8.92854984008
0.275445 -2.51036261212e-06 -0.338586 0.000100550168969 0 8.92427419839
0.507663 1.21298166641e-05 0.452119 -9.08026801132e-05 0 8.9440441366
-1.36262 0.000315029555857 -0.050258 0.000356046305854 0 8.93370541983
2.471061 -0.000424137516332 -0.93444 0.000217240425935 0 8.92071695279
0.775713 -0.000274878545445 1.962373 0.000824801169357 0 8.86096153085
-0.572865 0.00035838335261 -0.676579 -0.000350379337863 0 8.94028473922
-1.279417 0.000515779350742 -1.495114 -0.000605951787397 0 8.95160788135
0.286386 -0.000282191547442 -0.73975 -0.000512174349807 0 8.98247601571
-0.4215 2.88916599714e-05 0.576244 0.000348708030186 0 8.93084575012
-1.366192 0.000198262631147 -0.13434 -2.10841045861e-05 0 8.91826084388
1.004524 -0.000145208711215 -0.64233 0.00042165167159 0 8.92523217671
-0.473787 0.000245981273852 1.651487 0.000161878021884 0 8.95206546149
-4.111413 0.00096034662149 -2.763123 -0.000403124232144 0 8.9816862955
-0.388544 0.000375824481942 -0.963968 0.000438479370228 0 8.94417076495
-4.461771 0.00069867548433 0.519929 0.000211105252261 0 8.93050989404
-0.315054 -0.000114331661542 1.563224 2.00981103632e-05 0 8.96484990217
1.902848 -0.000257641154239 -0.295774 -0.000388366087771 0 8.95670147758
0.810881 -0.000162729169056 1.957826 0.000281516675919 0 8.92099271547
-0.599816 0.000237430000997 -2.118136 -0.000533380271367 0 8.96358492112
0.309795 -0.000362420550164 -1.887423 -0.000360297495914 0 8.92909385398
-1.272165 0.000144797757374 -0.603157 6.11049108886e-06 0 8.89522969868
-0.046354 0.000280196179441 -0.921511 -0.000529384268222 0 8.98137327103
-2.510271 0.00019188059245 -0.215952 -3.91908049676e-05 0 8.96213221575
-1.446447 0.000231915469123 -1.088203 -0.000274595922312 0 8.98921263756
-0.118397 9.57424073479e-05 -1.565534 -0.000504779882595 0 8.98426124183
-0.62008 -2.15430275962e-05 0.647181 -0.000345905429257 0 8.99401142828
-0.346751 0.000163499127513 -1.488673 -5.67256931676e-05 0 8.86030718261
0.631205 -8.05895737244e-05 0.981833 -0.000101415796846 0 8.97556692858
2.013294 -6.73905178606e-05 -0.058116 -0.000224339091584 0 8.9759201935
-0.650745 0.000279118594569 1.352066 0.000189873949169 0 8.96737014343
-0.188905 -1.92102628206e-06 -0.207763 5.60326340838e-05 0 8.93527474091
2.777092 -0.00061082781029 0.814539 0.000234113017515 0 8.92394299022
-0.384066 0.000277446521647 -0.130905 0.000299775174384 0 8.93333181079
0.878582 -7.31218339587e-05 0.064755 -0.000440917889321 0 9.01411301117
-2.70251 0.000452647892162 1.821707 0.000699374065832 0 8.91918046383
2.29402 -0.000449949708349 -2.466516 -0.000561756444682 0 8.94463438857
1.02739 -0.000410166218536 -0.139444 -0.000451453369846 0 8.94689717292
-2.020762 0.000291570439553 -0.776861 -0.000297181906084 0 8.95835071355
-0.520851 0.000176107762631 1.334929 -0.000192666953193 0 8.9883714451
-1.719827 0.000366197140584 -1.379527 -0.000296631585213 0 8.93583439365
-1.667396 0.000405005763887 0.209375 0.000100587959497 0 8.95339713769
0.895603 2.10473053662e-06 0.471715 9.79212867873e-05 0 8.98376676832
1.16233 -0.000122314614852 -0.570662 -0.000687452736237 0 8.99648173304
-0.575701 2.53081947891e-05 0.309494 9.21094206993e-05 0 8.90507900708
1.529606 -0.00022171558937 0.579377 -0.000394798089086 0 9.02007058355
0.631665 -0.000192398879905 -0.269905 5.67967857348e-05 0 8.92343597504
-2.923248 0.000261914582292 1.699757 -1.54892938704e-06 0 8.92783166869
0.193368 7.13399301081e-05 -1.854421 -0.000163465337943 0 8.93359198501
-1.390513 0.000260601143603 2.155788 0.000387604085168 0 8.88981877644
-1.259407 0.00029140436775 -1.795991 -0.000653035670197 0 9.02035307499
-1.452067 0.00025950902608 -0.014273 0.000316665649577 0 8.9236760948
-2.140249 0.000337844374641 0.547819 -6.82569059448e-05 0 8.94577477145
-0.044518 5.8075656838e-06 -0.991336 -0.000444449595822 0 8.980945097
-0.53021 2.48846126462e-05 -0.470282 -0.000422291321651 0 8.97473765528
-2.114255 0.000331935554688 0.949794 0.000871471950346 0 8.8770836427
1.273408 -8.79373203393e-05 1.968545 -4.35744999543e-05 0 8.94420808648
-0.794949 8.95706788733e-05 2.770561 0.000470973909089 0 8.86274673659
0.850807 -0.000360382065055 0.711161 -0.00015717602296 0 8.93391158502
-0.114845 0.00022405619681 -0.834048 -0.000219118293449 0 8.98167888303
3.476533 -0.000711636613877 -0.250235 -0.000451502880368 0 8.98147267312
0.099733 -0.000151625375136 2.959127 0.000907499361615 0 8.85328407354
-1.519073 0.000101647761325 0.010124 5.73581693187e-05 0 8.9093456385
-0.119369 -0.000100842532182 0.515887 0.000417329414303 0 8.92781851469
-1.089024 0.00013922890146 1.746588 0.00049131677405 0 8.89624432
-0.484964 4.381942538e-05 -0.627385 -0.000284054175991 0 8.93318830875
-1.619223 0.00013925638985 1.572442 0.000396880111585 0 8.91031046321
-1.072081 0.000402847142224 -0.676763 0.000138531339814 0 8.91951691764
0.514736 -0.000211781690284 -1.686304 -1.52045706809e-05 0 8.9571915518
-2.325439 0.000551786999478 2.731946 0.000513762551314 0 8.89673838707
1.561227 7.07374403236e-05 0.97115 0.000164521939833 0 8.9351754017
-0.696516 -3.31437127851e-05 0.858106 3.04335877406e-05 0 8.91625492958
1.45376 -9.56017331661e-05 -2.447194 -0.000373815645015 0 8.96838551574
-0.866892 0.000177449932255 -0.363938 0.000189713809912 0 8.93200783214
-1.380287 0.000136502259079 -0.535194 -0.000297365612817 0 8.96169928331
1.439265 -9.6294162477e-05 -1.345629 0.000306295922132 0 8.88338231923
0.59492 4.80336249495e-05 -0.183115 0.000167034046277 0 8.95217331565
-1.677831 0.000183716829566 0.100748 -0.000220709569753 0 8.94517101059
2.072086 -0.00027869209529 -1.263466 0.000223445026015 0 8.89994842097
0.364614 -0.000175018751824 0.032574 0.00052564739171 0 8.87615719523
1.627905 -0.00010476160273 0.266379 -7.13708462656e-05 0 8.94909115616
1.36626 -0.000243261613561 -0.7418 8.10911872418e-05 0 8.92428468582
-0.377604 0.000161321918189 0.15924 -0.000125024942005 0 8.95088077097
0.637746 -0.000104521332657 1.40558 7.20764566887e-05 0 8.9456311264
1.314263 -0.000426363144058 0.755085 -0.00011494587808 0 8.93021660467
1.491907 -6.44580054685e-05 -1.776937 -0.000134847488461 0 8.93990638988
0.666702 -1.09197359506e-05 1.418557 0.000685978467171 0 8.91711635345
1.85613 -0.000273573011434 -0.578849 -0.000133864024348 0 8.96306712172
-1.117692 0.00019046945641 0.759452 -0.000115129208477 0 8.93095779191
-0.359652 4.2646771582e-06 -1.703472 -0.00063292561962 0 8.94591240274
-0.224041 -0.000263042134189 -0.0973 0.000118108329266 0 8.9634919062
-1.031285 0.00034617296904 1.375391 0.00060598072435 0 8.90381802712
0.636326 5.07456766748e-06 1.990544 -3.80767039876e-05 0 8.93371175915
0.967061 -0.000221170551801 -1.064784 0.000235341651021 0 8.88042558865
0.015084 -0.000145130940616 0.542501 3.28766054275e-05 0 8.91215263057
0.980752 -0.000480277348938 -1.461908 -0.000219374765525 0 8.9513379897
-1.645634 0.000246381570247 -2.081129 -0.000608820428214 0 8.98897762902
0.360743 -0.000100989166715 1.957192 0.000246428696111 0 8.93302842315
1.715487 1.27289309598e-05 0.89233 0.000311058305168 0 8.92709583929
-0.903306 0.000360019772873 0.179295 8.89138797334e-05 0 8.93177845534
0.610176 -0.000119305744545 0.503767 9.29211551836e-05 0 8.89689938592
-2.701876 0.000367144877922 0.402644 -0.00017962723569 0 8.95931316845
2.086286 -0.000430018281337 -2.464037 -0.000514424311005 0 8.97151161354
-3.475976 0.000462214794117 2.62835 0.00048210364228 0 8.93268341941
0.418964 -6.54637879945e-05 -0.588254 0.000543716656584 0 8.93038362997
0.912283 -5.95185596337e-05 0.171023 -0.000416690805027 0 8.96385607176
-0.063319 -6.95723485338e-05 -1.836387 -0.0004456530303 0 8.96550506728
0.603087 -0.000206247670473 -0.281881 0.000114312792348 0 8.9465477467
1.064343 -0.000256598964819 0.815309 -0.000221983517875 0 8.96996459446
0.111003 -3.41931610178e-05 3.101392 0.000817900052309 0 8.85477262531
1.2772 -0.000242045801877 1.281707 0.000510085077319 0 8.89770438418
0.445458 -2.003830948e-05 0.729722 -1.49729811109e-05 0 8.94158157596
-2.29134 0.000344986328354 -0.734871 3.48748770213e-05 0 8.91506354428
-1.758956 0.000430274372357 0.549009 9.50901356458e-05 0 8.93475172739
2.340139 -0.00035257064475 -0.878223 -1.06952402156e-06 0 8.93280464695
-1.320073 -0.000131641648971 -0.675892 -1.86754817864e-05 0 8.96765139286
1.190992 -0.000265347219593 0.155401 -0.000172814533102 0 8.94870983423
-1.789506 0.000284950040029 1.759885 -0.000255497562815 0 8.97069394756
-1.331119 0.000237755234672 -1.193733 -5.07776200365e-05 0 8.93117001051
-2.483781 0.000293609221669 2.02412 0.000661213670078 0 8.90456714534
0.185318 0.000172055839097 -0.666028 -0.000477387106503 0 8.9935758575
-1.531329 0.000472313007681 0.564351 -0.000208722164985 0 8.95277560983
0.463563 0.000104103249171 -0.732103 -0.000137972922972 0 8.89764277551
0.412887 2.57743850912e-05 1.201081 0.000307068891825 0 8.93049185953
0.314719 -0.000212335112704 -0.130404 0.000218329107237 0 8.89730052569
-0.389214 0.000271832743626 -1.389887 -0.000506297277359 0 8.93934827116
0.6392 0.000118487836841 0.774614 6.73987268494e-05 0 8.96160291659
4.226857 -0.000717677660473 -2.038108 0.000108554068175 0 8.94224941757
-2.393303 0.0003864133603 -0.078476 -0.000368375998652 0 8.95535772487
0.668089 -0.000244654484493 -0.152905 -0.000140918919647 0 8.96994740635
2.059038 -7.06585950191e-05 0.907203 1.88738771274e-05 0 8.9249517902
0.899636 -0.00042180066409 1.714424 0.000657597246285 0 8.86751505543
-0.41727 0.000191331349779 -0.096482 0.000191002513468 0 8.92318264095
2.195453 -0.000278761651593 -0.998442 8.95311026246e-05 0 8.94078207205
1.486717 -0.000293130266236 -0.840882 0.000224985581944 0 8.90424705243
-1.880198 0.00018687916391 -2.637158 -0.000778101483667 0 9.00368279518
3.220715 -0.000543671362023 -1.741043 -0.000392227852396 0 8.99436240368
0.252682 0.000120513202533 -1.163367 -0.000137361281224 0 8.97240716135
1.970725 -0.000521726185798 -2.115982 -0.000177004865075 0 8.93920792001
2.14812 -0.00042151813024 -1.680617 -0.000368829819647 0 9.01098891436
0.301748 -0.000348887921633 2.249869 0.000485820836086 0 8.89513025189
-0.49204 0.000269558612668 1.286667 0.000104854660385 0 8.93739539912
1.804629 -0.000144469952494 -0.321509 -0.000114358274701 0 8.96269960805
3.004666 -0.00063030681527 -0.826612 -7.54640831581e-05 0 8.92936702795
-1.676842 0.000256740478847 0.892714 -0.000278906103488 0 8.98969944197
0.35927 0.000176857976458 0.766564 -0.000187521554797 0 8.94989526635
-0.101671 -3.89095023421e-05 -0.798335 0.000102774183488 0 8.90795348479
1.223844 -0.000266418627744 0.424732 0.000271700684534 0 8.97148091827
-1.899696 0.000142318809673 -1.030075 -0.000775118449474 0 8.9896137107
-1.057369 0.000552541448802 0.290951 -5.68786616558e-05 0 9.00457383015
-1.737731 0.000605602411616 -0.08768 9.01512658246e-05 0 8.95769298606
2.663935 -0.000393502364084 0.524138 0.000113242915143 0 8.92100149027
1.852101 -0.000355867151767 0.723284 7.23653976006e-06 0 8.93156623898
0.618811 -7.33736203016e-05 0.517023 -0.000145328887615 0 8.93576491483
-1.974826 0.000320667461836 -0.123654 -4.1990581112e-05 0 8.93342629181
0.928241 -0.00015312305869 1.275192 0.000191544470174 0 8.95098934873
-1.800923 -1.07892266943e-05 -1.416906 -0.000448841425985 0 8.96295341388
4.117805 -0.000553111471269 -2.012516 -0.000795063807154 0 8.94800301265
1.141847 -0.000165735064691 0.546624 0.000332449002375 0 8.93504653074
3.038819 -0.000554307168184 0.276256 2.77420392069e-05 0 8.91451009273
-1.833161 0.000207914155499 0.470982 0.000269289797797 0 8.9412001344
1.240895 -0.000104047704846 1.101359 0.000199922452361 0 8.90170914617
2.050821 -0.000137680722706 1.519162 0.000209802517646 0 8.96287652793
2.168236 -0.000504280870194 0.215385 5.48260922493e-05 0 8.93335643965
-1.583985 0.000467211490363 -2.049803 -1.11497522588e-05 0 8.95870610202
2.895208 -0.000431710175785 -2.825074 -0.000450726130011 0 8.99032420128
-0.700797 4.60732104069e-05 0.855967 5.23207081878e-05 0 8.91896121886
1.709241 -0.000172097489321 -0.979199 0.000201348520686 0 8.92497286737
-1.380173 0.000111721976663 -0.085205 -8.24021370082e-05 0 8.89998585484
-0.954755 0.000183478222188 -0.602695 0.000109829464798 0 8.87177754965
-1.160606 0.000288593055623 -0.738599 -9.84543682164e-05 0 8.96322219301
-1.138599 0.000243254449297 0.926646 0.000322307530958 0 8.93852251685
-0.950159 -7.99615904354e-05 0.455208 -0.000195127948671 0 8.95741628788
1.269767 -0.000138298355351 -1.076663 -0.00029004103162 0 8.97325089897
1.305464 -0.000314370892434 -0.082999 5.73324877797e-05 0 8.95996995685
-0.402314 1.19740180941e-05 1.999431 0.00023896536639 0 8.93306315621
-0.655304 0.000139155901884 0.397757 0.000180408642421 0 8.93289518977
-0.07072 -0.000132470102995 -0.860964 -0.00020926805197 0 8.94962259158
-2.812334 7.63769847024e-05 1.075544 0.000237413755841 0 8.91054459905
-0.098432 0.000100850254698 -0.613141 -9.06560550438e-05 0 8.95523552386
-2.935097 0.000440142832208 0.477009 0.000310704594934 0 8.88824833936
1.507571 -0.000118228330721 -0.115392 0.000146551632407 0 8.95383740375
2.212342 -0.000485869419553 -0.462092 -1.01564243877e-05 0 8.94245098733
0.256777 -0.000270785181985 -2.005537 9.65218479891e-05 0 8.92897882674
0.390771 9.17515132599e-05 0.629172 0.00014549694186 0 8.94874202528
-0.487469 -5.21173636758e-05 -0.930686 -0.000213696008029 0 8.94944499207
-2.680355 0.000517805510585 0.642348 -0.00012802342314 0 8.97795248809
-3.026537 0.000387459643601 0.406716 0.000730517176562 0 8.90043307951
-0.190232 -3.64863250073e-05 -1.659584 -8.40798921557e-05 0 8.94211783571
0.857892 -0.000343592870812 -1.361841 -0.000185986474605 0 8.93742147582
-0.04849 -0.000438429123789 -0.791608 5.81007414315e-05 0 8.93762148933
0.731278 -2.44478639972e-05 1.146564 0.000576263537458 0 8.89367785015
-1.273906 7.24912718638e-05 0.221322 4.89072192315e-05 0 8.91609099283
-0.842249 -9.83693134468e-05 0.438877 -6.74944192448e-05 0 8.96850102192
4.037794 -0.000811438791474 -0.085928 -0.000171689130259 0 8.94330464766
3.835784 -0.000634834290131 1.371641 -0.000180529640462 0 8.93578404421
2.24783 -0.000159713141037 0.149997 0.000147436927144 0 8.95755985908
0.581578 -0.000136402191174 -0.858886 -0.000107910954035 0 8.94216557984
-1.801089 0.000299823261272 0.821872 0.000251507043282 0 8.94783248961
-1.816201 0.000237165230312 -2.929177 -0.000315156698528 0 8.91153954124
-0.906166 8.02474914547e-05 1.716048 0.000233652075441 0 8.95065177483
-4.290248 0.000442638092082 -0.843222 0.000189344997415 0 8.95236618583
1.927036 -0.000441553649858 1.407044 -0.000245197824229 0 8.94672408037
-1.843242 0.000178242052243 -0.975095 0.000452126174547 0 8.9112701243
-0.985971 3.61996438722e-05 -0.490455 0.000369350787534 0 8.89295546531
0.221419 -9.45232313647e-05 1.683609 0.000426715202219 0 8.92951381078
0.943205 -0.000121385162466 -0.693812 5.8770946404e-05 0 8.95032965477
0.33303 -0.000208025657544 1.293833 0.000295441368491 0 8.91041658857
1.565783 -0.000311851658246 -1.281737 -0.000161483303446 0 8.92346664771
-0.36972 0.000159652327432 0.497014 0.000507365608497 0 8.89176967856
-2.969196 0.000561904319089 -0.398532 9.66038154319e-05 0 8.93008309629
2.203545 -0.000336526846657 1.003585 0.000408298357021 0 8.93856290507
0.395506 -0.000144737077752 -1.540532 -0.000164814860393 0 8.92652399876
1.574751 -0.000219624476365 0.579003 -7.53419134033e-05 0 8.97523266983
0.164931 7.22565405899e-05 -0.681946 0.000169025051953 0 8.91943910279
-3.232023 0.000455636475168 -2.41886 -0.000229998332575 0 8.94715981548
0.244707 -2.58782247866e-05 0.399221 -0.000180941457936 0 8.94251188872
1.813856 -0.000409905133887 0.325771 -6.08130592848e-05 0 8.94310428505
-1.632008 0.000343814698127 0.853634 0.000101260871404 0 8.88394828697
-0.448869 0.000264871383021 -1.782301 -0.000485748732182 0 8.98622259951
0.580479 -5.94901298956e-05 0.937717 0.000503812615432 0 8.94627750978
-1.225603 0.000278334269643 0.320996 0.000381818062859 0 8.87273501943
-0.962547 -4.31864247204e-05 1.314605 -0.000148604244093 0 8.93259939392
0.587219 -0.00031066341966 -0.734386 -0.00035404845535 0 8.93868971841
-1.28139 0.000245816846719 -0.389587 0.000199595466072 0 8.89892690909
0.276307 0.000185916642708 -1.893488 -0.000291683759185 0 8.97049330147
1.812727 -0.000541327011005 0.358025 0.000234387678994 0 8.93041937644
1.080255 0.000166166248357 0.451557 -0.000484113621277 0 8.99029855089
0.077074 7.77764821614e-05 -1.552847 -0.00023893390803 0 8.94972204647
0.798027 -0.000139400244482 -0.621666 0.000380349611867 0 8.86803959797
0.75157 -7.22434162282e-05 -0.751426 -0.000165683435385 0 8.93816579211
0.346028 5.43089174584e-06 0.426235 0.000195277766552 0 8.92992307301
4.332786 -0.000588735635637 -2.375724 -0.000713416407572 0 8.95035943059
-0.215887 8.1332356988e-05 -0.714066 0.000455225852971 0 8.95561983246
-1.480829 0.000171223226305 0.944387 -4.50935880747e-06 0 8.94616934424
-2.530787 0.000463133970226 0.016303 -0.000476662601012 0 8.93514783588
0.250732 1.56508567776e-05 -0.230869 -0.000399264765319 0 9.00170638393
3.238011 -0.000666625441054 -0.030642 -0.000146808381922 0 8.9284691043
2.279688 -0.000429267801811 -0.895198 0.000530431099967 0 8.92841856031
1.511229 -0.000293875710055 -0.360253 -0.00012114195882 0 8.94880111571
2.05118 -0.00038468348134 1.21497 4.8183424599e-05 0 8.97129375189
1.551413 -0.000141928997495 0.680836 0.000579885642466 0 8.92624187666
2.485409 -0.000385888680591 1.0957 0.000344503287049 0 8.94917721747
3.138717 -0.000333452765353 -1.013933 -0.000681429867709 0 8.9842912299
-1.784903 0.000167964023069 2.05305 0.000256032504586 0 8.93092116614
-1.993825 0.000450827105814 -0.092153 2.89692259445e-05 0 8.91636324167
0.346214 -0.000134500187872 0.617951 0.000300556032282 0 8.92324623721
3.125905 -0.000495081492249 0.057041 0.000107969482257 0 8.92614482303
1.961289 -0.000219135339514 0.617821 -6.22857328151e-06 0 8.97737504714
-1.430448 0.000196372610915 -0.250697 0.00014896588696 0 8.91735521655
1.878442 -0.000390467335567 -1.93089 -0.00069233833799 0 8.97058758702
1.269053 -0.000133516266724 0.466393 0.000315849601387 0 8.89226308869
-0.009801 3.98619551453e-05 -0.813842 -3.42223690109e-05 0 8.93850891397
1.457767 -2.57154062517e-05 -0.518606 -6.03212642773e-05 0 8.93377065317
1.236366 -0.000199440795263 -1.403067 -0.000308914401664 0 8.92116890458
-0.486117 0.000109864047632 0.888879 -0.000232861661755 0 8.98916936111
1.159549 -0.000279380367075 1.954525 0.000482575205622 0 8.87024853119
-4.302336 0.000478706831181 -1.000975 7.34899429307e-05 0 8.93578361929
-1.494989 0.00044017336752 1.449617 0.000115691947908 0 8.96956329355
0.015833 1.52728123537e-05 -0.170936 -0.000146667719893 0 8.94873356626
0.069413 0.000114167508431 -0.027857 9.43575585074e-05 0 8.92780768311
2.032511 -0.000129379398507 -0.410257 -0.000333702748026 0 8.96135432148
1.065886 -0.000346444580159 0.979689 0.000270180418718 0 8.91528716413
0.532805 0.000215329741607 -0.720719 0.000292990928227 0 8.95055641392
-0.199037 9.67772530251e-05 0.461064 0.000385205735243 0 8.87460271658
0.131789 -6.63304618838e-05 -1.424405 0.000137014446811 0 8.90606641201
-1.542295 -3.22164828954e-05 -1.286744 -0.000377980645507 0 8.94615192351
-1.612508 6.35224800939e-05 -0.085668 4.59459690294e-05 0 8.96358279794
-0.935372 0.000206224821675 0.157792 0.000567752806598 0 8.90318923796
1.472522 -0.000329284256793 -2.919782 -0.000423841899489 0 8.940676104
2.227342 -0.000405005178293 1.208446 -7.8336469065e-05 0 8.93078027048
-1.240373 6.40456457706e-05 -1.195207 -0.000110332600748 0 8.92667844217
0.915341 -9.64663959124e-05 1.635469 1.38536124891e-05 0 8.93538437566
-3.389009 0.000343837724313 -1.167614 -0.000123539066908 0 8.93746689728
-0.375231 0.000180905764803 -1.069613 -0.000413476844505 0 8.93443408874
3.125628 -0.000567421465085 -1.902098 -0.000290464203663 0 8.96269503395
0.683243 -0.000161853803918 -1.651068 -0.000951447520717 0 8.98613813604
0.222766 -6.50654442288e-05 -0.504125 0.000122050662881 0 8.95067491016
-0.136816 -4.26266019609e-05 -1.441064 0.000289756577385 0 8.94797433552
2.157608 -0.000122343574841 0.901284 9.87630581258e-05 0 8.93592710238
5.018979 -0.00100820844628 1.639449 0.00044685118424 0 8.93618996235
0.514895 -1.74666038148e-05 3.1485 0.000430938397119 0 8.86034822006
-0.802235 0.000265972385998 1.152971 0.000729922926015 0 8.85849127317
0.575088 -0.000202772787717 1.023331 0.000361365947483 0 8.91002953678
1.017785 -0.000109557691334 -0.157501 -0.000443289739521 0 8.95559067604
1.006785 -3.19286012986e-05 0.797112 -0.0002184971681 0 8.91790865337
0.086783 -0.000157569418164 -1.22785 -0.000314452509568 0 8.94173043683
1.361571 -0.000358702149445 -0.299718 -0.000676921817141 0 8.94584942163
-0.926778 0.000140652896121 -0.62026 0.000173075314289 0 8.91851047906
0.086864 -7.03958807096e-05 -0.614846 2.965142324e-05 0 8.93058438685
-2.121581 0.000233139803831 1.914912 0.00049885584841 0 8.9200214519
-2.425987 0.000204965749433 0.279352 -0.000494918166966 0 8.98917203876
2.886132 -0.000394661413908 0.477733 0.000313821166958 0 8.91745773723
0.846775 -0.000116880502826 0.89751 -0.000259462387099 0 8.96478650421
-0.306483 3.74928857839e-05 -0.567082 -0.000795549100895 0 8.97660054938
2.550378 -0.000466905648664 -0.334133 0.0002410385039 0 8.94972401429
-2.694945 0.000568408546994 -0.137771 -1.9051652514e-05 0 8.93456580443
3.024594 -0.000433959866228 0.867792 0.000266522703542 0 8.8899660852
2.400843 -0.000453943570452 -1.035054 -0.000163066075409 0 8.96446515401
0.513211 -0.000186304009692 0.856937 0.000155754064112 0 8.92795026352
-1.435178 0.000207093605316 1.756546 0.000427642294599 0 8.89348957596
0.147655 -0.000198112125761 0.414805 -0.000160099084749 0 8.89079799654
-1.843673 0.000370817971542 1.407038 0.000180260308224 0 8.96404291178
0.653787 -0.000324778601778 -3.349781 -1.8167310906e-05 0 8.95041306362
2.966342 -0.000186399350375 0.401099 9.52337793025e-05 0 8.95664572579
1.250238 -0.000373091604278 1.007107 0.000510692341848 0 8.91443896768
-1.949854 0.000346274750294 1.049582 0.000469450706844 0 8.94914374845
2.737911 -0.000550541109688 0.35469 1.59826372666e-05 0 8.92919564463
-0.487454 0.000134211430251 0.503893 7.68270587834e-05 0 8.91367543778
1.826918 -0.00030794875929 -0.208118 2.95752451244e-05 0 8.95541886054
-0.994994 -0.000388798433479 -1.074234 0.000153180283627 0 8.90980123721
-4.720562 0.000933422653259 -1.331763 -0.000207873134728 0 8.99635030266
-1.94668 0.000525666331831 -0.521995 -7.8284917525e-05 0 8.92961013954
-3.754996 0.000744389306233 -0.196896 -1.79374362042e-05 0 8.94837129047
-0.423744 0.000116410016362 0.410265 9.14226314273e-05 0 8.95812813205
-2.201493 0.000229755075672 -0.686387 -0.000230875510918 0 8.96452276168
-1.073388 0.000197591492926 0.388473 -4.77884328351e-05 0 8.93787499322
-2.179129 0.000439410620694 -1.405307 -0.000585159467771 0 8.99044154754
-1.434523 0.000436052100172 -0.602168 0.000209045879429 0 8.9776603952
1.639554 -0.000366357572964 -0.851692 -9.75228903252e-06 0 8.94612285901
1.234831 -0.000219983110762 0.685785 0.000418164980667 0 8.8848287662
-2.200032 0.000294291507544 2.320338 0.00116492554468 0 8.86873811664
0.699757 -3.59291794264e-05 -0.227978 0.000115438717708 0 8.92846010474
4.519721 -0.000766851496256 -1.491192 -0.000123472743373 0 8.90757627149
0.145059 -0.000112530203919 -3.373901 -0.000267225791433 0 8.86842879436
1.091769 -0.000525724485383 2.216163 0.000377506198503 0 8.93235468634
0.811042 8.42773275424e-05 0.457846 -0.000195430836733 0 8.93348339185
0.955067 5.69873021683e-05 -2.915527 -7.53630502336e-05 0 8.92284885106
-1.792624 0.000174387697989 1.673677 0.000659428167047 0 8.89622398254
0.219133 6.17534081692e-06 -2.920328 -0.000393637931083 0 8.96228076371
-1.606348 0.000320754633189 1.478907 0.000111933146936 0 8.85706880736
-1.064855 0.00031910027782 -0.287096 0.000404776941706 0 8.92728721948
-2.532928 0.000249994353688 1.598518 0.00035521028339 0 8.94582641484
-0.182087 -2.53580317974e-05 -0.04445 5.38769834287e-05 0 8.9354195099
-0.828871 0.000172679739984 -0.638842 -0.000330498465445 0 8.99001322406
0.74685 -0.000299550221304 0.120149 -0.000182811868586 0 8.96144966948
-0.269195 -2.32870126385e-05 -0.475476 0.000380434406831 0 8.91637903973
-1.874753 0.000324038224804 -0.798053 -0.000363080081855 0 8.97959523485
-2.309012 0.000123575311726 0.061504 -0.000260553989647 0 8.93774715641
-0.377232 0.000244823371248 1.575156 0.000281613836703 0 8.95439947739
-1.380096 0.000399592105012 0.047824 -0.000621849279965 0 8.98953098708
1.066207 -0.000384301096386 1.068326 -5.22332477185e-05 0 8.95067572495
1.868191 -0.00036394987142 -1.320101 -0.00026572462157 0 8.95683673632
1.252164 -0.000298300341068 1.152916 0.000102340576133 0 8.9354928205
0.331132 3.17488812623e-05 -0.492637 0.000111700987911 0 8.93278147461
-1.399122 0.000127811349751 -0.33917 -5.3928813632e-05 0 8.91831505938
0.006185 6.78996960152e-05 -0.868052 -0.000298695841613 0 8.92983801363
1.141156 -0.000190649665012 2.406787 -8.06431464719e-05 0 8.92754361848
-1.578651 0.000155478215981 1.460257 0.000840959474423 0 8.90183893155
-1.375085 0.000159646558757 -0.857145 -5.13997169619e-05 0 8.94093456631
0.718886 3.30779552815e-05 0.296055 -0.000247810477099 0 8.9557616179
-1.425487 0.000159386976341 -0.574138 0.000171698753248 0 8.91419990826
1.946759 -0.000281531505037 0.738583 0.000269976061025 0 8.94282792968
0.259926 -0.000224044914942 -0.108265 0.000268248153702 0 8.9419235559
0.323886 -6.3261520224e-05 0.35492 -0.000256821330982 0 8.98441756955
1.404837 -0.000142019898043 -0.720945 -0.000434039320176 0 8.95369822099
2.210964 -0.000356941312552 -0.669772 8.65715636125e-05 0 8.94426851932
1.252696 -9.11878606864e-05 -1.254131 -0.000212360954643 0 8.95484052398
2.871176 -0.00035214689277 -0.124001 -0.000266923553083 0 9.00240965889
-2.247729 0.000319259636369 -1.581419 0.000144788180636 0 8.90592875991
-0.613004 4.53164355305e-05 0.017484 -0.000374616850867 0 8.9728638123
-0.981095 3.61164223081e-05 0.635037 0.000137973258588 0 8.92563687454
-1.504872 0.000174793637581 -1.463151 -0.000418505915025 0 8.91320399429
-3.221832 0.000581767623085 0.61754 -0.000132605805507 0 8.96540473951
-2.353417 0.00034296734091 0.019074 -0.000618655833812 0 8.98926037058
-0.761718 4.37320968649e-05 0.388182 0.000170271493528 0 8.95501441034
0.011474 -0.000115730057882 -0.534643 -0.000165869757005 0 8.94991009951
1.009511 -0.000128004823776 2.658845 0.000212925626492 0 8.93466972586
0.324792 -0.000164975702586 0.714384 0.00027807196193 0 8.90770645419
0.068798 0.000397204711107 0.494556 0.000126659248055 0 8.94111478939
-1.750379 0.000416381218699 2.285293 0.000368531700491 0 8.92297417657
-0.45555 0.000280692806571 -1.075505 -0.000492882677577 0 8.98721577958
0.610573 -7.47182266194e-05 -1.759891 -0.000125331864893 0 8.9221403809
4.600516 -0.000442018707665 -0.49036 -0.000205393865305 0 8.94970778872
-2.224198 0.00010833644526 -0.951824 -0.000445044572587 0 8.93856973929
2.201108 -0.000551459971259 -1.711029 -0.000254013365338 0 8.96239181223
0.495974 -8.42260914942e-05 0.543974 -6.14867628176e-05 0 8.924960713
-1.533062 0.000367338354506 -2.648856 -0.000525574797052 0 8.97227188161
0.428524 -0.000132650612685 -0.01306 -6.9981182423e-05 0 8.95903434812
-0.02454 7.86364468628e-05 0.823965 0.000293994878041 0 8.90814059291
-2.895404 0.000583191280793 2.364963 0.000279975955553 0 8.92147190848
1.997342 -0.000328125554176 -0.674554 0.000293294396878 0 8.90657213619
1.061621 -0.000343402978982 0.453059 0.000294533136973 0 8.95525152086
-0.546332 6.24143524923e-05 -0.755183 -0.000438424859888 0 8.9595400385
2.308233 -0.000247481939644 -0.297856 0.000192128844635 0 8.94111907923
0.081869 0.000191264460468 1.264812 2.38993128661e-05 0 8.95440305601
-1.35901 2.19014768307e-05 2.075246 -0.000241962672563 0 8.94908814898
-0.914555 0.000198033015789 -0.831579 -0.000270627885079 0 8.9506182723
-0.11293 0.00019993439086 0.031063 -0.000148196107874 0 8.9543052597
-1.357183 9.0201191893e-05 -1.374418 -0.000219416933984 0 8.94739659116
3.465275 -0.000505674556863 -1.850195 -0.000353589817936 0 8.95804346765
-0.356779 -7.21166866464e-05 -0.605499 -5.34957143695e-05 0 8.92365165504
1.326171 -0.00014282343942 -0.070639 -0.000178154776905 0 8.96460840718
0.127765 0.000165263560952 -2.311946 -0.00030362081031 0 8.96439796567
-1.25918 0.000251316782582 1.802322 4.92393722519e-05 0 8.93915435688
4.275018 -0.000950464582135 -0.056967 0.000305780099187 0 8.90620160636
2.093227 -0.000252008892659 1.869754 0.000644808713918 0 8.9400847099
-0.907175 0.000329337960431 -2.302219 -0.000562384384028 0 8.95426667467
-1.29346 0.000228868998894 -0.671342 -4.63991940161e-05 0 8.95854178468
-0.950748 0.000226085008309 -1.638603 3.44495898545e-05 0 8.92985482964
0.158123 0.000109674671639 -0.353131 -0.000378962505921 0 8.98280430681
-0.33436 0.000229811200202 -0.505436 -0.00013435722932 0 8.93329439854
-0.011445 2.28739783701e-05 0.090225 -5.36715842565e-05 0 8.95769483022
-1.556099 0.000111456642239 0.676307 9.76923674466e-05 0 8.9680314993
-1.840013 0.00018367308202 -1.533233 -0.000170012231842 0 8.95961765572
-1.531637 0.000404961953975 -1.208774 0.000448854346915 0 8.90443161473
-0.711967 0.000443526494204 -0.301256 1.36762576593e-05 0 8.96606959527
3.19087 -0.00054968202603 2.623231 0.000374103552633 0 8.91568095236
-0.497849 -3.78322518365e-05 0.480225 0.000165042538162 0 8.92579415028
-0.787214 2.72559079577e-05 -0.802809 -0.000205984872602 0 8.93850034519
0.649434 -1.15671480456e-05 -0.674859 -5.20121513028e-05 0 8.98331529492
-3.015776 0.000575251281134 -0.124939 -2.21793560816e-05 0 8.97536243936
0.634972 4.24903016002e-05 -0.208452 0.000225498013463 0 8.93362441922
-0.574889 0.000238095785452 0.871753 -0.000243658453201 0 8.96331230009
1.275997 2.66462845562e-05 -0.658936 -0.000632040406966 0 9.00124211839
1.374977 2.90242675896e-05 0.711003 1.44323583503e-07 0 8.9804687059
2.947428 -0.000208637115061 -0.234987 -0.000206859804821 0 8.9750268256
-1.941884 0.000644602515559 -1.500078 -0.00038570354919 0 8.96290500086
-2.913957 0.000284768561438 2.675873 0.000728520525328 0 8.90288435845
1.687602 -0.000174438154178 0.813454 -0.000161480395098 0 8.94586349628
1.947509 -0.000238775569124 0.02827 -0.000310264681387 0 9.00450710912
-1.53177 0.000481548784368 -0.682915 -9.88527321236e-05 0 8.96065736464
0.018721 -0.000219258670637 0.82663 0.000299131364532 0 8.88993306727
0.671074 -0.000230537210971 1.396202 0.000184871634767 0 8.95608065406
2.393002 -0.000178257524105 -0.014031 -0.000423047442663 0 8.97586196896
0.465938 1.26812447865e-05 0.443477 -0.000162834922855 0 8.97284235726
-1.739492 0.000250008419919 0.218513 -7.04015552025e-06 0 8.93316404961
-3.022366 0.000416536213748 0.690771 0.000133643039392 0 8.91578426592
0.606776 4.81985958971e-05 -0.528381 -0.000166839788898 0 8.95354100014
-2.291155 0.000284990334387 -1.137136 -0.000383761715893 0 8.94114283975
-1.005365 0.000262958763823 1.031848 -6.53277862598e-05 0 8.92345367257
-2.124996 0.00017981313244 -0.763227 -0.000269901647622 0 8.94452188053
0.459936 -3.89018843009e-05 2.098986 0.000432042480853 0 8.90351872579
-1.304051 0.000282998641753 -1.613177 -0.000168239649539 0 8.92911260731
-0.682119 0.00023191498736 -0.364568 -5.98496903378e-06 0 8.94114239167
-2.514014 0.000383459683064 1.559343 0.000187743073865 0 8.96172080959
0.976051 -0.000239367949548 1.149337 0.000895036470184 0 8.87837621749
0.711013 3.4570831251e-05 -0.186726 -0.000233243247707 0 8.95388416356
0.625326 -0.000349971844709 -0.201409 0.0003006284403 0 8.92730707846
-0.756974 -0.000286161337476 2.821065 0.000887240952559 0 8.8722232024
1.141694 -0.000146677806073 2.12023 0.000392300596323 0 8.95001052368
0.539302 -0.000219725980198 2.109524 0.000485003081863 0 8.92702658325
2.660568 -0.000550815761019 1.803019 0.000189740559566 0 8.93747768344
-1.554904 0.000194019387031 -0.092119 2.69329372227e-06 0 8.95954459335
0.599551 9.42718964827e-05 0.625751 0.000201251890412 0 8.94571512452
1.775935 -0.000609017957544 -0.879833 -0.00035762584205 0 8.95699280804
1.88616 -0.000252932419775 -0.486571 -0.000312660873038 0 8.98759720687
0.585943 0.000139435953948 -1.552963 -0.000393879980158 0 8.95156176339
4.097844 -0.000574019426245 -0.764591 -0.000228566719108 0 8.95701642802
-0.129651 -0.000225032549799 -1.209443 -0.000268912235694 0 8.94727706745
0.994256 -8.31468802423e-05 -1.742346 8.32721449373e-06 0 8.91872396515
0.842486 -0.00023705406628 -2.742221 -0.00022964986455 0 8.92885286275
-0.286538 0.000174504424383 -1.258654 8.71716595176e-05 0 8.93173267429
3.723584 -0.00061583302066 -0.692958 -2.42592517986e-05 0 8.9315588563
-1.631001 0.000285751108628 0.860865 0.000378986091871 0 8.92455054811
-2.73912 0.000523846004501 0.604695 0.000130617218317 0 8.92053371145
2.169714 -0.000338794002069 2.084169 0.000539320614282 0 8.91046641975
2.367707 -0.000215848160211 1.887454 1.9842510459e-05 0 8.95872691327
-4.115851 0.000729459837919 0.711426 4.94579650757e-05 0 8.95127649773
-0.31043 -6.31238891992e-05 2.496988 0.000588764354254 0 8.884076362
1.230185 -0.00028108500821 0.968339 -5.68984896561e-05 0 8.93089014164
2.447336 -0.000284684243962 -0.389635 -0.000530297245482 0 8.99639378177
3.508966 -0.000605330592362 1.006033 3.85042351231e-05 0 8.89429335416
-1.556121 0.000291351397885 2.821748 0.000837743179777 0 8.8889225237
-1.20363 0.000423723358782 -0.22768 0.000171246968626 0 8.95091338452
0.575477 -5.63116717657e-06 0.079117 -0.00023744814538 0 8.93000355907
-0.723095 7.83377995324e-05 -1.578115 -0.000352927072725 0 8.93905934005
0.042452 0.000225260112924 -1.260111 -0.000251267651264 0 8.95746280571
1.930301 -0.000352396214992 -1.41146 -0.000112810536651 0 8.92389148799
-1.501121 0.000423306343805 0.232748 -0.000372831724221 0 8.94161546874
0.855696 -0.000169815700008 2.937984 0.000688441352525 0 8.87943933391
-2.486055 0.00046981838042 2.960404 0.00109667142065 0 8.91654438033
1.206836 -5.88406763589e-06 -0.787409 4.84134557624e-05 0 8.92325962507
1.498577 -8.92688687018e-05 -0.554925 2.8471597696e-05 0 8.95312111176
-2.15456 0.000272447789006 0.709893 -7.48219683713e-06 0 8.92758374455
-0.264734 -0.000130885789296 -0.188478 0.000101048335912 0 8.89758346187
-2.040359 0.000467781523937 1.196602 -1.30480448757e-05 0 8.95712717649
-0.707615 -3.30456479963e-05 -0.254915 -0.000320254722506 0 8.94702669973
1.036234 -0.0003544399555 0.883462 0.000330489802082 0 8.94743773751
0.25221 -6.38812929497e-05 1.03544 -0.000331301837525 0 8.97892447885
-2.887897 0.000487911054361 1.756668 0.000326197613099 0 8.94461313154
-0.636483 0.000124800800227 0.670084 0.000147378172447 0 8.9481492174
1.411285 -9.83725588355e-05 0.041488 0.000209221750688 0 8.90053741045
-3.230233 0.000459428723146 -0.513571 5.56829379375e-05 0 8.91131489751
0.431177 -6.39895164247e-05 -1.17987 -0.000215837334357 0 8.95677077056
0.436732 -1.57212435442e-06 -0.457731 0.000353475549907 0 8.91585513876
2.87151 -0.000422340115836 -1.835428 -0.000121547067781 0 8.94093662948
1.179548 -4.91010406023e-05 1.176041 -0.000258271945756 0 8.96653248115
0.423808 -6.74689648222e-05 0.821575 0.000162901661774 0 8.94696633261
-5.594679 0.000678026045952 3.375743 0.000724872065955 0 8.89235411554
0.209274 -2.62162593469e-07 2.483558 0.000581422940071 0 8.92562558746
0.341759 -0.000360260097169 0.6178 0.000274061428302 0 8.88533711082
1.184649 -0.000114042841024 -0.296741 0.000129922639635 0 8.93766009439
-0.396243 -0.000217566102703 -1.372826 -0.000148706713186 0 8.90655073276
-0.958543 0.000175092299984 -0.724042 8.58767535268e-05 0 8.92809374163
1.156499 1.62565552177e-05 -0.592741 -0.000274654432194 0 8.93633198446
3.101053 -0.000710206165277 -0.218591 0.000259205475637 0 8.90435248227
0.41346 8.1079467355e-05 -1.574801 -0.000331983202807 0 8.91616552056
-2.603627 0.000388648992718 0.51385 7.32518111133e-05 0 8.94338769428
2.29023 -0.000690182949797 0.405866 3.92154144459e-05 0 8.9138921403
0.246038 -0.000274917743075 0.747351 0.000313667870072 0 8.89647738788
0.862051 0.000158777484592 -2.071484 -0.000164684553222 0 8.95489222998
-3.487037 0.000716331133817 -0.58882 0.000123474990857 0 8.92156617324
1.199435 -0.000185124951632 -1.469775 0.000488009443149 0 8.90856595325
0.860132 -0.000207734926411 -0.279528 -0.000145003370943 0 8.94569359074
-0.80483 0.000205248005454 -2.410047 -0.000371356463318 0 8.97557320463
-1.167382 0.000386033326362 -1.026448 -0.000176679447867 0 8.945043819
0.665709 2.31336639605e-05 -1.912251 -0.000310275444913 0 8.98575102907
-1.249726 0.000243431781967 -0.443326 -9.12484504388e-05 0 8.92987642033
2.221512 -0.000361076287576 -0.594264 -0.000270167311639 0 8.98088347496
0.520907 -0.000280491351715 0.716021 -0.000457473174304 0 8.93588496521
1.698788 -0.000234752376864 -0.973117 0.000200258024844 0 8.91017831608
-2.126131 0.000165383417992 0.448723 0.000104179519294 0 8.90651196433
-2.470044 0.000255342472236 0.95329 0.000225826459135 0 8.90803094965
-1.587921 -3.61294728134e-05 -0.649675 6.99350817749e-05 0 8.9465879609
-1.265171 2.01097836472e-05 0.471673 -0.000425602492937 0 8.94031818184
0.419845 5.12925626933e-05 -0.915665 -6.74024377629e-05 0 8.93920443907
0.833677 -1.28354578468e-05 1.969267 0.000258475324229 0 8.94090943753
-1.236953 0.00045577356333 -0.357663 0.000379803542142 0 8.90991743024
0.181489 -0.000104169340398 0.317173 -8.40387222291e-05 0 8.95734920468
1.871414 -0.000375963542716 1.673842 0.000124864236977 0 8.89597160229
0.190135 -0.000535163057088 -0.330108 -0.000321323479337 0 8.95343621575
3.326956 -0.00083563467131 -0.113401 -5.60859596123e-06 0 8.93203578337
-3.596567 0.000518058683533 0.470238 0.000152355069566 0 8.94439369576
2.168231 -0.0001447443929 -1.78202 -0.000104988994683 0 8.94116544356
-0.423749 2.49113438151e-05 3.284409 0.000377308551054 0 8.89387516306
-0.559128 0.000128913805607 0.808877 0.000603996522566 0 8.90567737261
3.010557 -0.000630688123083 -2.350357 5.14437228089e-05 0 8.90598039388
0.802879 -0.000313018950574 -0.416014 -0.000539011629449 0 8.97034385803
0.036088 -1.40902479927e-05 -0.843462 -0.000274172725959 0 8.93370915389
-0.834507 0.00011090211579 1.275881 0.000433128967496 0 8.94379103858
0.757929 -0.000174091813188 -0.082397 -5.65973269843e-05 0 8.91173376386
-0.179587 -1.15573538651e-05 0.527784 0.000614606064612 0 8.88827864427
-2.556552 0.000137535765301 -0.508131 6.26698948614e-05 0 8.959254383
-1.284283 0.00020552086673 -0.287404 -0.000138146824526 0 9.02020585417
0.059182 -7.43419456847e-06 -0.090247 -0.000268069542437 0 8.92881051616
2.512711 -0.000469172261951 -1.195725 -0.000323056805835 0 8.97067576988
-2.938795 0.000431336272275 -0.316899 -0.00057245217243 0 8.95360970977
1.095111 -0.000185706331369 -1.030504 -0.00034345161768 0 8.98562902229
-0.46827 -0.000105757799795 1.817997 0.000634243313261 0 8.90250087187
2.065768 -0.000295561556226 0.695528 -0.000539910347842 0 8.95434695601
-5.141874 0.000956601617817 3.22912 0.000400496350931 0 8.91454382709
-0.365574 0.000117758907063 -0.183122 0.000290216896042 0 8.95723266646
1.2516 -0.000237861134374 0.741175 -0.000139236844421 0 8.93561614059
-0.686576 8.16411404693e-05 -0.25342 -0.000643126433936 0 8.97028562489
0.246004 9.15542099908e-06 0.415739 0.000497269603872 0 8.89487748076
-0.656445 8.04241439522e-05 -0.696494 -0.000224587337684 0 8.92325699964
1.515728 -0.000123159329298 0.706668 0.000157741447001 0 8.91297742008
0.980744 0.000206830024465 -0.874077 4.87303165984e-05 0 8.88310411627
0.112976 -0.000162073910058 -0.99345 -0.00021118625538 0 8.98717078175
-0.318957 0.000121929562927 -2.182319 -0.000449056237619 0 8.94395467258
0.59512 -0.000370173971531 -0.32867 -0.000157577512966 0 8.92308178503
1.420955 -0.000232480931077 2.530361 0.000454294650572 0 8.92704315253
-3.256524 0.000519967083643 0.430855 0.000378447284265 0 8.93676245849
3.199551 -0.000582374474676 0.050732 -0.000160598985902 0 8.96359670041
-1.301565 0.000288212392496 0.092937 6.23248329414e-05 0 8.90078328706
-1.48335 0.000173034869075 0.745987 -0.000217182876617 0 9.00446156335
-0.745187 -2.85656568298e-05 0.225267 -0.000278859853832 0 8.96838813776
1.882097 -0.000357829892574 1.625422 0.000225008847879 0 8.96322353651
-0.624793 -2.57151158844e-05 -0.823138 -3.34326158036e-05 0 8.95270417031
-2.224387 0.000318514294421 -1.961244 -0.00014991561565 0 8.98837535996
0.570518 -0.000103557241496 -1.519216 7.61386750325e-05 0 8.95297603851
-0.736986 0.000209267187138 -1.613992 -0.000431380360912 0 8.98915680431
-2.785139 0.00052772273668 -2.016904 0.000252186061731 0 8.92211742108
-1.179042 0.000507336923608 -0.678745 0.000268488268914 0 8.91257365079
-0.392429 9.43678216103e-05 -0.580696 -0.000671253760918 0 8.9715744882
1.344251 -2.74239668353e-05 0.38369 -0.000306154436982 0 8.963888873
-3.446329 0.000420557397919 -0.002786 0.000113244084809 0 8.91148796371
0.22238 4.23220337492e-05 3.786173 0.000439622373144 0 8.90425179793
-0.43559 -0.000101775844186 0.401057 0.000417432618772 0 8.86503877352
-0.875359 -2.98470501416e-05 0.154189 8.73252701987e-05 0 8.93840122282
1.330134 -0.00028556414874 1.018275 0.000299048889905 0 8.93153361417
1.855746 -0.000359031844645 0.293417 0.000223780612722 0 8.92749128223
1.808866 -0.000289399615796 0.16532 -3.63876073048e-05 0 8.93588343229
-0.733888 0.00024087997112 -1.849388 -0.000253895460777 0 8.94100387002
-1.740274 0.000206796707527 -1.149977 -0.000631692379861 0 8.96412703369
-2.285689 0.000796827221908 -0.518424 -0.000280485461245 0 8.92904166229
-0.706143 0.000322504459963 -0.85374 -1.61004376733e-05 0 8.9555669571
-3.784638 0.000290892239358 3.200243 0.000421813646103 0 8.91095827023
2.265877 -0.000365634525774 0.666638 0.00033295342984 0 8.97251701284
1.812246 -0.000102205449619 -1.445546 -0.00118788510021 0 9.01277659206
-3.620511 0.000591784010461 -1.299653 -0.00051039014397 0 8.94711715601
-1.76536 0.000315515249053 0.709937 -0.000154737789212 0 8.97086963115
-0.346388 0.000330474713098 -1.282336 -0.000164942527106 0 8.93744137314
-2.438104 0.000498551265872 -2.583379 -0.000427731346328 0 8.96640738051
-0.0656 0.000150714138107 2.111711 0.000491466098867 0 8.88999207289
-2.367146 0.0004121739464 -3.097429 -0.000278015127232 0 8.94353590351
-1.067015 -6.07660107159e-05 -0.809637 -0.000322604830834 0 8.97201359996
0.117514 -0.000109400401374 0.494759 0.00038664280477 0 8.94968963761
1.249802 -0.000350337413089 0.305908 1.38658108109e-05 0 8.92610463889
-2.309129 0.000262371199286 -1.262396 0.000399110976674 0 8.91283425451
-3.412015 0.000465216861025 -2.572238 -0.000243199890133 0 8.93510853429
0.664036 -4.91579280412e-05 -1.988941 3.16680303303e-05 0 8.94340286274
2.474321 -0.000351594664948 -1.451097 -0.000600931254359 0 9.01426695885
3.791609 -0.000736538938703 1.89512 0.000505541186135 0 8.9344042044
0.721937 -0.000172502341784 -2.284664 -0.000475272055441 0 8.93145187695
-0.042768 -0.00024287799127 0.861156 0.000505415513738 0 8.88639060135
-4.076886 0.000831119992143 -1.561525 7.92360429813e-05 0 8.91792533985
-1.881213 0.000337178658511 0.803117 -0.00012779461352 0 8.91835002548
-0.142685 0.000219359071165 -1.383869 -0.000428622692545 0 8.9770697299
0.464554 -1.43784306584e-05 -1.082209 0.000209188001039 0 8.93334234539
-1.631802 0.000362249208953 1.198315 0.000481184061607 0 8.94476282553
0.071788 -0.000286747188292 1.213204 0.000574806039261 0 8.88698860307
-1.961833 0.000459140420437 -0.742222 -0.000392605306659 0 8.95243769265
-2.41387 0.000377100345931 -0.835991 0.000150648863834 0 8.92646263792
-4.542616 0.000518927206141 -0.376684 0.00013343269917 0 8.90521619796
1.383621 -0.00020289318085 1.145337 0.000179351718808 0 8.94302658971
3.017979 -0.00029174821394 1.147596 -0.000515545483861 0 8.98015830232
-2.857437 0.000389951006288 -0.809821 -0.000120103462528 0 8.94728672558
0.941197 -6.98088004119e-05 0.245556 -6.44300768541e-05 0 8.94069815005
1.493989 -4.5056384078e-05 0.612037 0.00067287829036 0 8.92935247004
-2.063816 0.000241091713368 -0.803107 0.000190502307669 0 8.91565362165
-3.216094 0.000492673650147 -0.866808 7.25230240418e-05 0 8.93123682454
-3.487059 0.000321415301906 -1.30312 -0.000608287372892 0 8.98855672441
-1.902188 0.000287804555169 -0.987758 5.80367727137e-05 0 8.92308306321
1.385985 -0.000119183281864 -0.010992 0.000117318924673 0 8.96650902617
4.541174 -0.000365801751878 -2.003197 -0.000589935300849 0 8.97715294164
2.467344 -0.000304239901862 0.10916 0.00024353460319 0 8.93647529543
0.576938 0.000185144088842 1.384571 0.000788358077568 0 8.8841048756
2.187608 -0.000475271495108 0.187407 -0.000167276878407 0 8.99717526214
-0.891645 6.822912775e-06 -1.184889 -1.93388716481e-05 0 8.90283737405
1.221833 -0.000359116062026 0.450021 0.000285914636191 0 8.92295636594
-3.128045 0.000509920297861 -0.617295 -0.000291976388478 0 8.97342485408
-0.78132 -3.57806356448e-05 0.825883 -2.35558787529e-05 0 8.96117133917
-1.861433 0.000154236430041 1.507221 -4.14512718146e-05 0 8.95327255571
0.752854 -0.000248023274178 -1.147932 0.000295942809558 0 8.90993545466
1.588659 -0.000143388638727 -0.925112 -0.000420869748887 0 8.96936032014
0.10169 0.000173644978102 0.910852 -3.38456532586e-05 0 8.94284811726
0.83757 -0.000211392235839 -1.95126 -0.000402895159941 0 8.98778739434
-0.114744 -0.000174941953352 1.189853 0.000619348476801 0 8.91748743471
0.194812 -0.000121166957369 -0.546842 -0.000221625666255 0 8.90757141815
1.234582 -0.000238083513292 2.671993 0.000340024301013 0 8.90398859173
4.135527 -0.000580585672137 -0.875611 -0.000417080239382 0 8.9861485114
-0.085401 -0.000101454031069 0.301862 -3.80730939585e-05 0 8.94194154513
0.733724 -0.000146643575448 0.826737 0.000248106675477 0 8.91409973173
0.611211 -0.000138000390896 -1.491029 -0.000155499086793 0 8.93997867231
-0.533035 7.34257278508e-05 0.505509 0.000412068072763 0 8.91762983515
1.24231 -8.34315034843e-05 -0.171626 0.000222318840981 0 8.92541825158
0.496919 -0.000167397913353 -1.420596 -3.5972419578e-06 0 8.95831941343
1.615648 -0.00028623016819 0.768904 0.000695501500369 0 8.88432484143
-3.186948 0.00033651557715 -0.471877 -0.000133964610429 0 8.93837954646
1.472765 -0.000234748136898 1.446239 0.000211020560834 0 8.91866590004
-3.250281 0.000575029210365 -1.937082 -2.29592852158e-05 0 8.93643071698
3.682128 -0.000709294064331 1.450435 0.000687688216228 0 8.90108263072
1.500912 -0.000485735935816 1.319159 -0.000192241945181 0 8.91650339429
1.54881 -6.70084625146e-05 -0.925869 -0.000362005780377 0 8.94390031105
-2.11749 0.000365460872821 -1.260861 -0.000656037241434 0 8.96854691423
0.374511 1.61560968582e-05 1.936479 0.00016220019524 0 8.96623324936
1.998341 -0.000185350018702 -0.492889 -0.000101979960532 0 8.96791220525
1.659181 -0.000259967133598 0.096435 0.000329224923046 0 8.92105830524
2.241802 -0.000224123512808 -2.655818 -0.000218895198976 0 8.9614964366
2.042196 -0.000326326159596 0.486793 0.00039040549042 0 8.90800852915
0.371446 0.000350526347658 1.8086 0.000238215133975 0 8.95064258948
3.379437 -0.000434732990353 0.887226 0.000419250830194 0 8.90749140871
-0.488346 -1.14498972423e-05 0.025296 -0.000373103920306 0 8.94601413929
1.099912 -3.19529842353e-05 -2.924755 -0.000412033868535 0 8.95565400861
-1.161669 7.37150497665e-05 -0.224794 -1.37463697043e-05 0 8.91809120625
0.107168 0.000194110664782 0.479948 0.000152524579633 0 8.92227142812
3.413459 -0.000330332868881 -1.824961 -0.000192205188268 0 8.94879332623
-1.042982 0.0002093520829 0.924055 0.000115063829247 0 8.91224365466
1.930668 -0.000310124177584 -1.766166 -0.000113841658836 0 8.96620155247
2.976501 -0.000539031503348 -0.546194 -0.000542825506216 0 8.96121515652
2.372015 -0.000268139743139 -1.376629 -0.000440199378908 0 8.96898060121
-3.671454 0.000464491460018 -0.428426 0.000159722046944 0 8.93167574652
-3.815038 0.000678220143987 0.83584 -6.76305657388e-05 0 8.95511666542
-1.22028 0.000281438579995 1.171655 0.000451572374825 0 8.90774603872
1.565974 -0.000179736492136 0.040244 -0.000251417077029 0 8.97216923722
0.859132 1.24649496546e-05 1.910563 0.00052833361093 0 8.93703208636
-0.992143 -3.49312087794e-05 0.697686 9.64125348206e-05 0 8.92040346376
0.923445 -0.000195154529252 -0.311562 -0.000147540591838 0 8.96051580605
-0.12371 0.000331425594737 -0.41931 -0.000668422798868 0 8.98020439634
0.534408 -0.000191894051547 -0.374474 -0.000345141869075 0 8.96722224892
-0.441326 0.000237194943648 0.411348 -0.000128108708032 0 8.91931497677
0.276125 -7.93961524171e-05 1.742861 -4.39511212127e-05 0 8.96753703092
-0.308367 -0.000130930297888 1.635534 0.000704348383714 0 8.87597936167
-1.677968 0.000422206109388 -0.382863 -0.000166052166383 0 8.94632011228
-0.158765 -0.000170150035698 0.485785 0.000516540967813 0 8.86784879651
-0.241771 -0.000134959121898 1.032217 -0.000227230895778 0 8.99199428266
2.408782 -0.00014778669677 -1.258417 -0.000320805623719 0 8.96615457546
-3.435416 0.000388402942488 -1.335062 -0.000226689259022 0 8.93921280468
-1.906827 0.00028860881982 0.971175 -0.000137798124194 0 8.8811580055
0.910334 -0.000239950747991 0.684305 -5.80096132057e-06 0 8.95831254914
-2.014011 0.000272916409706 0.586251 0.000780959676111 0 8.88169920348
-0.666644 0.000260379903249 -2.0066 -0.000175435948246 0 8.92682916892
0.98697 -6.95154507726e-06 -0.422623 -0.000199366093242 0 8.95622414145
-1.949759 0.000502338748979 -1.097055 -0.000369913324441 0 8.95558259034
2.087234 -0.000468003507548 0.227801 0.000106163834419 0 8.94870300365
0.04415 6.48801107625e-05 -0.855494 -0.000256103187658 0 8.90726276645
-2.738985 0.000146922422314 0.5339 0.000557154795507 0 8.86256128088
1.411625 -0.000217411741261 0.106607 6.27695015686e-05 0 8.95021581545
2.032924 -0.000352246051783 -0.090958 -0.000332103602905 0 8.96024303646
-0.218518 -0.000218807251213 -0.517874 0.000298676738388 0 8.87298001093
-1.382705 -2.65970014452e-05 -1.581845 -0.000311007928632 0 8.92455771682
3.991562 -0.000532378396401 -0.331511 -0.000540206885565 0 8.94518603811
0.484714 -6.97472590488e-06 -0.890441 -0.000141684899045 0 8.93733588946
-2.885127 0.000441346839653 2.108933 0.000297916804779 0 8.92281949012
0.417373 2.31631981217e-06 -1.071989 -0.000715120830117 0 8.97068524938
-1.221139 0.000356488384044 -0.064959 4.09282746561e-05 0 8.90557055558
1.976429 -0.000252856643714 0.270954 0.000209617780569 0 8.92735958403
1.488595 -0.000426148521397 1.517054 0.000397976189743 0 8.91244236498
1.632199 -0.000429379054841 1.587635 0.000121499305052 0 8.91202498916
-1.511465 0.000235012427406 1.38508 0.000218208462542 0 8.95960215157
0.735316 -0.000245513579909 0.73334 -0.000195469765543 0 8.97110289819
3.196614 -0.000687651977651 1.420414 -1.3898864509e-05 0 8.94875870913
1.093957 -0.000393758912048 2.905794 9.30187602245e-05 0 8.94117580964
-2.033066 0.00034369684964 -1.011386 -0.000424728202323 0 8.92536466573
3.744597 -0.000488845446571 -0.775521 2.27212564735e-06 0 8.90996706609
1.835955 -0.000164777885176 -0.721811 1.03672162824e-05 0 8.91361620749
-2.010471 0.000204152834534 -1.347061 -0.00020082743308 0 8.96784146676
-0.217235 0.000177737556731 0.264392 7.27522282592e-05 0 8.94072581728
4.714931 -0.00092441879041 1.476085 0.000468321685681 0 8.88147780623
-0.500157 -1.89773269892e-05 -1.083657 1.26972143675e-05 0 8.93332736473
-1.269602 1.44197256001e-05 -0.309858 -7.94672014962e-05 0 8.93348966672
0.120972 -8.99341537483e-05 -0.646103 -0.00026686910353 0 8.95242942687
1.468686 -0.000139427892719 -0.459016 0.000286476021713 0 8.91354357832
-2.660284 0.000384288028883 0.516551 -0.000434794235845 0 8.9804281689
-0.697219 0.000200802963729 0.884289 0.000514941277908 0 8.90639812298
-0.084738 -2.6875950464e-05 2.064577 0.000117182714621 0 8.93182083599
-1.606393 0.000321172067797 -1.151607 -0.000367778759491 0 8.97171469586
2.47659 -0.000724666610428 0.564402 5.44507205561e-05 0 8.93212998238
-2.733042 0.000435889240288 0.951261 7.240114747e-05 0 8.9505281381
-3.266939 0.000686728841241 2.040567 0.000264351551306 0 8.94695808198
-0.550667 -6.01730692173e-05 -1.461625 -6.77761820268e-05 0 8.94883697095
-2.329711 0.000227823168863 0.978071 -4.05175546906e-05 0 8.92425618946
1.256573 -0.000279853981185 0.61004 0.000137670458583 0 8.93338593773
-1.35547 0.000409189306915 1.204047 8.33616861352e-05 0 8.92034514788
-0.486884 0.000202958145367 -0.0874 0.000230969590508 0 8.87711663777
0.864791 -0.000217253338383 -0.995686 -0.000273467965305 0 8.94447098363
0.134183 8.74872498714e-05 1.259593 0.00021647161405 0 8.94670125761
0.502092 -6.6486621826e-05 2.831772 0.000501960015285 0 8.92799412069
1.698739 -0.000408228274516 1.079025 -8.64701766883e-05 0 8.95006318119
-2.788745 0.000510100426272 -0.226 -0.000108985297414 0 8.94525155125
0.258159 -2.65161955572e-05 -1.171184 -0.000295508019595 0 8.97920858069
-0.082293 -0.000162726792313 0.292326 3.98324376524e-05 0 8.90930839277
-0.351064 -0.000171022235455 -0.532061 -0.000271873035095 0 8.95643998541
1.594665 -0.000325095900608 1.450698 0.000571902281491 0 8.89533389231
0.989582 -0.000287503134288 3.524905 0.000140800340172 0 8.94883430121
0.339125 0.000184075501304 0.83892 3.0485272763e-06 0 8.95751211669
-1.116069 0.000340428125891 -0.014787 3.53045560479e-05 0 8.96586996579
3.059788 -0.000298016815978 2.517381 6.28073273358e-05 0 8.95315030499
-2.464969 0.000497868963839 -0.632233 -0.000388617667994 0 8.96927012709
0.034884 1.25014745719e-06 2.327286 0.000638629483434 0 8.9013463667
0.691416 -0.000194075409949 0.218047 0.000279734465988 0 8.90082163938
-3.034839 0.000291570045956 0.376052 7.90643051834e-05 0 8.93720512225
1.946889 -0.000227680796177 -0.979495 -1.80412471279e-05 0 9.00311810119
4.887582 -0.000615042994202 -0.419333 -0.00019452256059 0 8.91207573709
1.132076 -0.000188613849694 0.531998 -0.000204858617549 0 8.96992596593
-0.725049 0.000142771069206 -1.855682 -0.000346288257782 0 8.98935779103
2.519822 -0.000557070231145 0.080577 0.00011460800503 0 8.8870721396
-0.447445 -3.4602989219e-05 -0.191077 -0.000556625687312 0 8.98891011892
2.687805 1.36278655208e-05 1.327144 0.000155385749321 0 8.9442131239
1.874392 -0.000186699037854 -0.717148 0.000115457633646 0 8.94004551616
-0.798373 -8.32980078893e-07 1.085863 -8.69630302675e-06 0 8.94153408714
0.412241 0.000240564772626 0.450756 -6.73430571744e-06 0 8.95089875173
0.2372 -6.45047651663e-05 -0.053884 -0.000264654807982 0 8.99515235924
-0.359127 -0.00010088613622 -0.410376 -0.000477210618906 0 8.97415781951
-0.465257 0.000158303831315 0.625087 2.01174217992e-05 0 8.94467209466
1.373122 -5.63747589192e-05 1.72669 3.72189162991e-05 0 8.94236481874
-3.052005 0.000394640787503 0.189626 0.000181943430298 0 8.89573864309
-0.859591 0.000101051854891 0.726452 1.79693220784e-05 0 8.94251610858
-0.513027 7.37998230189e-05 0.2489 -0.000659860934278 0 8.99434054034
0.522695 6.89393272684e-05 -0.827022 -0.00024400242269 0 8.99619156461
-2.333632 0.000294484226851 0.340173 8.74032230326e-05 0 8.90992379535
0.514057 -2.34823937939e-05 -0.786512 0.000256345302999 0 8.92999728871
-0.430877 0.0001218332577 0.023535 -0.00017848917742 0 8.96010467519
-0.617958 -0.000140659842368 0.141249 -0.00014107542624 0 8.93808293165
-0.864997 -1.12298855281e-05 1.524761 -2.20736118268e-05 0 9.00387628159
0.566288 4.12339419623e-05 -0.125513 -0.000297645233096 0 8.94821040006
1.767348 -0.000224213833588 -1.102497 -4.97565039149e-05 0 8.92789808447
0.041573 -5.14502306742e-05 -1.314529 -0.000294722653872 0 8.94543567093
3.839988 -0.000636139353663 0.595008 -0.000282981180289 0 8.94490409149
2.319522 -0.000450985690863 -1.313396 -0.000243419812307 0 8.90913723602
1.558943 -0.000513376319489 -0.023631 -0.000313270205765 0 8.92847636506
0.441029 -0.000203274123978 -1.528775 -0.000274361090197 0 8.9650181229
3.368457 -0.000529402927148 -0.424281 -0.000250628857821 0 8.96837788392
1.057829 -0.000217408220017 0.613016 -6.85532405768e-05 0 8.96670332162
-1.661313 0.000157953921674 1.833531 0.000339620669003 0 8.91890687867
-0.413424 4.10581773506e-05 1.978041 0.000550625097183 0 8.92292721025
-2.728198 0.000608680749404 0.297033 -0.000364833214715 0 8.96615679325
0.21581 4.16838379832e-05 0.355339 0.000383970946362 0 8.93328599014
2.200512 -0.000421479764732 -0.935438 -0.000350066204754 0 8.95975633534
0.327882 -0.000175382745299 0.056339 0.000244239438329 0 8.91005847882
2.172477 -0.0002038200886 -0.460669 9.49630238865e-05 0 8.93980323124
-1.216806 5.47921858728e-06 0.865228 0.000231909775085 0 8.92916698525
2.722295 -0.000386904274236 -0.58131 -0.000206615113012 0 8.94128166947
-1.143055 1.12313588569e-05 -2.855513 -0.000932868757925 0 8.99624761334
0.730525 -0.00019220067398 0.813767 0.000162537675928 0 8.93793325444
-1.886745 0.000133867523546 -1.273627 -6.2646072339e-05 0 8.94632052851
0.967361 4.86794330975e-05 0.361725 4.61321549146e-05 0 8.8990473632
-2.663936 0.00051326934981 1.281741 0.000399938935768 0 8.95672170498
1.010816 -1.13011682536e-05 0.049818 -0.000565990996281 0 8.99460853377
0.323424 3.99286505262e-05 2.064704 0.000261956393179 0 8.93390495114
-0.163517 -5.87048073508e-05 0.490952 -7.40052113435e-05 0 8.95864244881
-1.590299 0.000228887600064 1.23867 0.000338423697814 0 8.91720690018
0.952526 -0.00028668705268 0.497351 -0.000324193283863 0 8.94172598723
0.635958 -0.000285923338279 0.96125 0.000379919709915 0 8.88780378371
1.444822 -0.000209579523614 -2.01175 -0.000253970759823 0 8.9531522987
0.576027 -0.000129764079602 -0.069941 0.00034868570495 0 8.93790830366
1.193558 -0.000291603260586 -1.504198 -0.000474621922536 0 8.95528735489
1.546092 -0.000271963382872 -0.342592 0.000760975846315 0 8.89454089628
-2.858191 0.000420052207909 -0.073273 0.000233236334794 0 8.91810979222
-2.999236 0.00051834191976 -0.389442 -0.000407734538066 0 8.98549644819
-2.447844 0.000812013054792 1.043436 9.04404986192e-05 0 8.96095348755
0.434217 -0.000262787264298 2.658402 0.000492650980143 0 8.93448171504
0.444122 -0.000182914784815 -0.987087 -4.3792742197e-05 0 8.92530935608
-0.141154 -6.95745549003e-05 -2.42763 -0.000452252789041 0 8.94444047754
-1.272777 5.3625472828e-05 0.331898 0.000286814217125 0 8.90461628779
-1.811563 0.000342436425741 1.395863 0.000790486077962 0 8.85443326261
-0.030686 -0.000209899322448 1.402833 -3.34415021032e-07 0 8.94547447155
-3.413622 0.000490828291487 -1.508038 9.96780942277e-05 0 8.93682105967
-1.473849 9.67589868434e-05 0.861059 0.000330156367512 0 8.92426475436
3.339165 -0.000514562128265 -0.677013 -0.000260012465214 0 8.98561705109
-1.462309 0.000188534295315 -1.7611 2.69278755289e-05 0 8.93402868229
-0.106166 0.000149489041118 -1.76737 -9.25351064329e-05 0 8.95143395183
-2.34896 0.000337787683567 -1.118404 -0.000147352879791 0 8.9091755201
1.721225 -0.000531735664025 -0.660014 -0.000214331772017 0 8.96277052777
3.841438 -0.000611599942404 1.628579 -2.85092172102e-06 0 8.91646277557
-1.217207 0.000110704889126 -1.087493 -0.00043569793248 0 8.9818287127
-0.092015 2.862165005e-05 0.968866 0.000240896645315 0 8.91156459265
0.760975 -8.1434388439e-05 0.646857 0.000678897986551 0 8.91648500587
1.530337 -0.000367001120647 0.42543 -0.000189761745557 0 8.94122242099
-2.477076 3.1238401038e-05 0.78904 0.000166595677721 0 8.8885573444
4.232395 -0.000717972933604 -0.977644 -0.000350011091475 0 8.95311788384
0.495814 -8.529588852e-05 0.614955 0.000460066648859 0 8.90335807253
-2.550535 0.000390316171584 1.948653 -9.86811672957e-05 0 8.96388077406
2.21242 -0.000296005263407 1.673806 8.73478470236e-05 0 8.96790485498
0.656252 -5.30959573497e-05 0.950635 -0.000387387502023 0 8.97028091716
0.424693 3.49549742668e-05 -0.050062 0.000195707177247 0 8.89019582519
1.141415 3.69347412444e-05 0.923932 7.26351928111e-06 0 8.93709203738
-0.679089 0.000374063808222 -0.562574 -0.000248362017796 0 8.92084903709
3.907578 -0.00060387786307 0.024108 -0.000662981197248 0 8.99595388699
0.707591 -7.29097502449e-05 -1.952675 -0.000177328942223 0 8.94824708254
-0.420375 -2.77274021599e-05 -0.577821 -0.000378057098451 0 8.96130596922
-0.48585 0.000136965631357 -0.479608 -0.000245447872521 0 8.97511914728
0.05083 8.86277298084e-05 -0.218018 -6.6982576986e-06 0 8.94137935891
0.237493 -0.00018024878016 -2.176459 -0.000489992626047 0 8.91866265211
0.109173 -0.000140427020657 -0.760677 -0.00035767028827 0 8.95264003781
-0.949055 -1.87169272633e-05 -1.204747 0.000117284012954 0 8.96033860477
0.864229 -7.5142248442e-05 0.746519 -0.000156424905875 0 8.93415454505
-1.579633 0.000341011331224 -1.144707 4.32411460226e-05 0 8.95566504018
-0.828956 0.000293018936255 -0.277261 -0.000415524573141 0 8.96639224081
1.499114 -0.000318250994448 1.30219 0.000360564884976 0 8.95494740946
4.002275 -0.000724052664151 1.085177 0.000325108235379 0 8.88402939893
-1.381946 0.000178838723751 0.363556 0.000103476297588 0 8.9347321015
-1.765226 0.000487254979678 -0.85432 -0.000223772427106 0 8.95229308167
3.537965 -0.000555760568794 -1.169223 -2.65677376017e-05 0 8.92099221148
0.938358 -5.95569543998e-05 1.148699 0.000200466491474 0 8.92604657188
-2.085581 0.000190538870567 0.742472 6.16462138647e-05 0 8.91095528237
-0.691937 -1.72732369344e-05 0.465805 0.000194691776986 0 8.90880158591
-3.074275 0.000211962922629 -1.383689 7.52560258021e-05 0 8.94479391363
0.537029 -0.000109623944256 0.161397 -0.000440238596966 0 8.98336865325
-1.459459 0.00024602569424 -1.098951 -0.000404915962864 0 8.97584498087
2.191101 -0.000420135295764 1.788153 -1.22090262446e-05 0 8.90759108003
1.922789 -0.000253413783707 -2.894596 -0.000350153129033 0 8.98104465522
1.127449 5.19654176845e-05 0.529523 -0.000119265821134 0 8.96499113661
2.144451 -0.000281284604468 -0.929928 -0.000261939984031 0 8.96309293612
-2.633779 0.000414895228217 0.618682 0.000118042950868 0 8.98904395727
1.878243 -0.000237809674515 0.727873 1.92915633559e-05 0 8.95102731313
4.552054 -0.000714021294697 2.464329 0.000455172738905 0 8.90216217743
-2.322154 0.000409845240937 -1.533071 0.000235616598975 0 8.94331725046
0.90663 -0.000220240864738 2.609915 0.000383161540672 0 8.90184489047
-1.937333 0.000334565035807 0.790476 0.000227378592538 0 8.88343704781
0.148758 9.52589850187e-05 0.417213 0.000289924528561 0 8.91396321991
-0.17274 1.68038403322e-05 1.624222 -0.000358975436802 0 8.97073568905
-3.388407 0.000687345412024 0.844784 0.000525223943492 0 8.92317744375
-1.777105 0.000274273427671 -0.336745 -0.000216025606048 0 8.95666967602
-0.888846 5.44187767717e-05 0.523144 0.000239976061432 0 8.91933136159
-0.438392 6.53385503836e-05 -0.137572 -0.00033566800477 0 8.92750970623
0.627925 -0.000440698169429 -0.305127 1.83832157423e-05 0 8.94350034081
0.127556 0.000112409984849 -1.237694 -0.000256631151026 0 8.95821422198
2.283714 -0.00042040630815 0.915916 4.20101131239e-06 0 8.96139519642
-3.06077 0.000534327843848 0.579439 0.000335462494294 0 8.89785672577
-0.984205 -7.36228521283e-05 -0.125423 9.77928299487e-05 0 8.91896468243
0.252165 -0.000249156059091 -0.320594 0.000552438927227 0 8.8897772657
-2.852951 0.000302984531639 -1.426465 -0.000331550225945 0 8.965486523
0.058094 3.24809970894e-05 -0.325412 -0.000121900726953 0 8.93704783047
-1.04055 0.000112994307312 1.492973 -0.000341396049886 0 8.96335712457
1.451398 -0.00042374192811 2.707395 1.9551784728e-05 0 8.94464863982
-1.273969 0.000208672262667 -2.031368 -0.000538011663646 0 8.97165019647
3.360506 -0.000761653756076 1.996984 0.000667796786556 0 8.88217845892
1.721067 -0.000294225300001 -0.06611 0.000191326998792 0 8.93203252909
-0.013156 -1.13956297992e-05 -1.310551 0.000117187167066 0 8.96048288412
-1.993493 0.000300025854868 0.926473 0.000159152487025 0 8.92820712551
0.04548 0.000149395943288 0.729982 -0.000224726894963 0 8.93276062912
-0.356882 0.000113336786799 -2.170368 -0.000447207333348 0 8.95189857421
-1.507187 0.000318440776939 0.194267 2.89167732906e-05 0 8.96633612879
0.235495 -0.000119623313273 -1.500483 -0.000346095520493 0 8.9458013441
-0.086175 0.000152779859556 1.682767 0.000382304970497 0 8.88774822184
1.12572 -7.9646701519e-05 1.05339 0.000184457156174 0 8.93175810112
0.967562 -0.000172213765041 1.294536 8.05595717695e-05 0 8.91390292318
0.818714 0.000150438154059 1.925711 2.92963177236e-05 0 8.92935390607
-1.388714 9.50854218009e-05 1.205724 0.000158084530082 0 8.9363604511
0.743478 -0.000233237829075 0.981795 0.000349463137965 0 8.87600154865
2.498686 -0.000373628758157 -0.336629 -2.77308855083e-05 0 8.92063714229
-1.906876 0.000282498107014 0.119718 7.09093111878e-05 0 8.94036184844
2.058668 -0.000285928009961 0.999026 8.62456459973e-06 0 8.95178655546
2.154665 6.02417810312e-05 1.293812 0.000480295917252 0 8.92393558641
2.129855 -0.000349354907295 0.439596 0.000427864147641 0 8.92867123692
-3.146209 0.000681679747233 -1.151913 0.000446940229753 0 8.91519799284
0.042303 -8.17546667278e-05 1.170709 0.000854167302256 0 8.90007858416
-0.005597 0.000240075461609 1.229869 -0.000260634816142 0 8.95298535438
1.462164 -0.00023317396895 2.331848 0.000460223472314 0 8.91529984261
0.780825 -0.000331150785426 -1.334573 8.74765470036e-05 0 8.89508098591
1.824073 -0.000102336154592 2.55514 0.000527036943864 0 8.91970537178
0.10329 -0.000294174010352 -0.206486 0.000290828432412 0 8.90692107487
0.813866 -1.18411222937e-05 1.328462 0.000106104019744 0 8.93840436915
0.233494 -0.000195646825426 0.751686 6.23454790303e-05 0 8.9563120864
0.73982 -8.00087165089e-05 0.806986 -6.62485037317e-05 0 8.97628733339
1.212794 -3.60965986925e-05 2.2949 -0.000108522228775 0 8.95935753316
0.20344 -0.000203660064744 -0.068544 0.000290724881154 0 8.91908848397
-1.125374 0.00032155590522 0.849948 0.000727283528543 0 8.92505385692
-2.406771 0.000588937080736 1.677551 0.000116762282349 0 8.93301856911
-2.090713 0.000203491509105 -2.857205 -0.000430849423743 0 8.94173055858
0.102675 -1.66939783985e-05 -0.230206 -0.000652781180632 0 9.00702610292
1.026252 -0.00016534879362 -0.065834 -0.000228665888139 0 8.9272833512
0.052608 0.000196751454716 2.527577 -0.000264840418573 0 8.94568788211
-1.604831 0.000245374872289 0.324212 0.000339968451261 0 8.89579118263
-1.307742 0.000275290807347 -0.089487 0.000237293976096 0 8.96293678508
2.855027 -0.000445263523713 0.724689 0.000337154891756 0 8.91298795214
0.368237 0.000137452287011 2.06189 0.000641569059431 0 8.93033591043
0.653978 -0.000261656004094 -0.465698 -8.15923174657e-05 0 8.94740055103
-3.534553 0.00064291162697 -0.778554 -0.000382594767431 0 8.96062953561
-0.217986 -0.000119707224817 2.553132 0.000774993038461 0 8.88233963251
1.13212 -0.000128095858438 -0.487002 0.000231335281428 0 8.92770697395
-2.787137 0.000439283676394 -1.542325 -0.000447543832111 0 8.9561375915
1.380511 7.58763350529e-05 0.856724 0.00052936858049 0 8.88293498042
-2.098273 0.000393291375696 1.210207 -6.34012312926e-05 0 8.94016243515
-4.072321 0.000523155198024 2.045121 0.000819398204633 0 8.89686757593
-0.080668 -0.00020846075246 0.00047 -4.48420758368e-07 0 8.92061383643
1.48736 -0.000137748709557 -0.898584 -0.000838296583691 0 8.99033640337
-2.770921 0.00047382018864 -1.321934 -0.000434683523337 0 8.96448360704
-1.144326 0.000197650030253 -0.290418 -0.000482409952783 0 8.96839607558
2.859793 -8.31778189682e-05 -0.92217 -2.58680647663e-05 0 8.94856118968
-0.870051 9.69442505644e-06 0.24657 0.000221995151261 0 8.95041080397
0.611841 -0.000196781838426 1.437559 0.000346208227678 0 8.91720418934
2.152662 -0.000232346406349 -1.760539 -0.000595153469054 0 8.98006401006
-0.647686 0.000106603789515 -1.801265 -0.000474805195885 0 8.97580068089
2.696528 -0.000556881523543 0.160554 -0.000456050978779 0 8.95979750955
-0.312236 0.00019749917911 1.513572 0.00012859441183 0 8.92216763389
1.673377 -0.000225431091973 1.763257 8.1879979564e-05 0 8.93600018788
2.138494 -0.000615719239675 -0.623323 -0.000195641128742 0 8.94328918446
-1.532233 4.92335665089e-05 -1.287741 0.000331716002129 0 8.91840246198
-1.573257 0.000185986450869 0.242103 -8.30338732412e-05 0 8.95893347949
-2.586748 0.000386090457968 -1.282418 2.32566713739e-05 0 8.93536596054
-1.425822 0.000149849845767 2.424471 0.00034355990777 0 8.91619541473
2.369105 -0.000377946577318 0.648792 0.000539254646341 0 8.8785559902
-0.895121 0.00023603692372 0.335595 0.000532268100399 0 8.905010365
-0.450076 -6.03101376164e-05 -1.223926 -0.000193862622998 0 8.96595607789
-2.562712 0.00029895790451 1.286597 0.000321717020511 0 8.89670707344
-0.82819 0.000270420659579 -1.836143 -0.000450377757311 0 8.95166922646
-4.229973 0.000604874448242 -0.018314 0.0001559185088 0 8.92500490106
3.543351 -0.000336263612615 -0.832018 0.00024430732759 0 8.90584783661
1.146384 -0.000297794780914 1.597303 0.000242494715471 0 8.90413770405
1.698905 -0.000347516364701 1.230466 -0.000114939776874 0 8.95827702579
2.710628 -0.000382601344207 -0.726695 -0.000316584233068 0 8.95344468206
-2.935112 0.000488702071744 -0.531667 -3.27763336395e-06 0 8.93690165443
1.593192 -0.000342289031644 1.786153 0.000371352507457 0 8.93317304071
2.793398 -0.000245477495961 0.299136 -0.0002003693507 0 8.9599372053
-1.017439 0.000128002581626 -0.374632 -0.000354954826475 0 8.96572335279
1.262597 7.85716781024e-05 0.314044 0.000312273056823 0 8.91452912968
0.091342 6.83875063667e-06 1.747069 9.89219405849e-05 0 8.93276118127
1.112352 -0.000221927100031 0.758901 -0.000102983439736 0 8.91480315987
0.599699 -0.000194381743125 0.900485 0.000288948685952 0 8.89780625529
-0.151118 -4.43657388205e-05 -0.080053 0.000285001711304 0 8.98623961688
0.708357 7.69406932836e-05 -0.668727 -0.000410899428223 0 8.96525718112
-1.173931 0.000378860345642 -1.312006 -0.000107376021376 0 8.92640342113
-3.023808 0.000227424218453 0.794859 0.000480909306071 0 8.94256854408
1.590863 -0.000292183342825 -1.143194 -0.000460420513293 0 8.99445017507
-4.411501 0.000534484801348 -0.364517 -0.000338803466468 0 8.99881395295
-0.713903 0.000321146530862 -0.718734 -0.000324820226014 0 8.9915832196
-0.622398 0.000131330714409 -1.150775 -0.000308936524435 0 8.97520964502
-1.256523 0.000331442301688 0.424999 0.000472256987667 0 8.92321432001
-2.838976 6.69397931747e-05 -0.888983 0.000361574758714 0 8.91917646795
-1.291062 -0.000224284048565 1.909714 0.000725263737014 0 8.88856608927
0.409522 -0.000150430721978 1.864083 8.2974197702e-05 0 8.93456321797
-2.994612 0.000286044868808 0.366141 9.05256065414e-05 0 8.93174599
1.128865 -0.000124642963517 -0.890118 -0.00017876095541 0 8.93737459998
-0.736649 3.06162963252e-05 -0.936381 -4.11867607899e-05 0 8.92447165078
3.073425 -0.000678062858198 2.218134 0.000422278845927 0 8.88873823817
-1.604922 0.00038149239329 -0.304742 0.000269879269317 0 8.90872073615
-0.486242 0.00023257617187 0.496294 -6.58099748594e-05 0 8.96141439003
0.220939 -1.56752429043e-05 1.035486 8.85866340177e-05 0 8.97681435159
-0.441701 0.000122299531712 -1.389457 -0.000502748961711 0 8.94999888195
-0.905346 7.25424264036e-05 -0.520519 0.000241086337168 0 8.89850938134
-2.061456 0.000576314310746 -0.420393 3.51087900583e-06 0 8.94569065699
-1.169227 0.00021513477422 -0.663832 -0.000319903524228 0 8.96750997027
0.769353 -3.31847268998e-05 -1.54517 -8.92302557775e-05 0 8.93661296672
1.077481 -0.000120407816441 1.487895 0.000308105528339 0 8.94835913675
4.87569 -0.000812942464977 -0.357145 0.000159070102457 0 8.9336141167
1.32579 -0.000329508226633 -1.172304 -3.14692450702e-05 0 8.91075962685
0.073848 -4.62020066962e-05 0.065154 6.08634323061e-05 0 8.89874282216
1.257255 -0.000216812529527 -0.468459 8.64488475048e-05 0 8.96562565932
-0.661101 0.000405854754611 0.305281 -0.000142723559221 0 8.99399714722
-0.541154 -3.12185901379e-06 -2.046796 0.000215863767155 0 8.93417595923
-0.90343 0.000305458204699 1.563967 0.000248447491377 0 8.95189708016
2.033526 4.19789556052e-05 -0.954074 -0.000647577287551 0 8.99067072593
1.465366 -0.000354474930988 0.068597 -0.000342252561768 0 8.94402566254
-1.852054 0.000351527046986 2.026632 -0.000136629769354 0 8.94877651041
-0.213279 7.51451875309e-06 1.227721 0.000311905775432 0 8.92150177527
-2.05009 0.000487359593811 -0.356761 -0.000348634493957 0 8.98693412608
2.076924 -0.000397319722044 -0.208347 -5.80670456562e-05 0 8.95864409223
-1.160057 0.000138361416558 1.696863 0.000120865835453 0 8.92154471274
2.814784 -0.000563547592358 0.939146 0.000378520979269 0 8.932714187
0.77397 -7.59670969698e-05 1.132018 0.000397522087904 0 8.86886650652
-0.155224 0.000280608852685 1.47584 0.000161586079133 0 8.92277093104
2.721628 -0.000429511978048 -0.899913 -0.000304865737769 0 8.94857518279
1.124691 -3.08234770691e-05 0.515635 -0.000588213676395 0 8.9712645581
-0.00451 -0.000143736794874 -1.521385 -0.000117528438986 0 8.92365677668
0.2733 -0.000214228358169 0.689274 -8.36147270507e-05 0 8.93069550241
0.521502 -0.000174024970998 1.226392 -0.000434747534352 0 8.95297261317
1.493223 3.54581680258e-05 0.277911 2.55383321148e-05 0 8.93342761334
-0.313644 -7.24193122733e-05 0.109259 0.000123026117511 0 8.94192147494
1.688124 -9.58400004915e-05 -2.224278 -0.000715343007068 0 8.96321801533
-0.149226 -0.000204696355018 -1.325205 -9.94388700133e-05 0 8.95091238593
-0.865076 0.000139250259752 -0.645782 8.4471174926e-06 0 8.93067953882
1.014532 -0.000546937282541 0.069769 0.000372193190358 0 8.91419431215
2.63128 -0.000688664397324 -0.041006 0.000479481246019 0 8.90223279207
-2.444356 0.000558671247248 1.221533 -0.000131817837414 0 8.93213872363
-3.58016 0.000413414748574 -1.299058 -0.000399762192289 0 8.94897538492
1.062995 -9.00005984013e-05 0.206341 -0.000275618988364 0 8.91655620825
-0.086567 0.00010247675473 -2.082329 -0.000723463409697 0 8.96090994671
1.415687 -9.82826294878e-05 1.222074 0.000435481444326 0 8.87320927481
2.803196 -0.000626472253042 -0.093172 0.00074701598525 0 8.90180095508
0.695445 -0.000212025454862 -3.139593 0.000157718866444 0 8.91241098016
3.630043 -0.000487307734701 -1.436029 0.000134277373642 0 8.93016562207
-0.363528 0.000128447512101 -1.984197 -0.00042787651343 0 8.93046318568
0.304952 -0.000153681809902 -0.223389 0.00038321202635 0 8.88610138701
1.491145 -4.47435372604e-05 -0.15884 -0.000101957455564 0 8.95240027844
4.278843 -0.000686872679175 -1.174439 -0.000394277475245 0 8.97881631755
0.883257 -6.18072186256e-05 -1.057052 0.000258827350438 0 8.93633313833
2.574811 -0.000563270342658 -0.880623 -0.000375967002958 0 8.96080752638
-0.502273 0.000253320671901 -1.484975 -8.5888647728e-05 0 8.91364861971
1.056258 -0.000477845780033 -1.204842 -0.000582935828329 0 8.93621097023
0.409449 -0.000176273620269 0.786206 0.000502017015106 0 8.92049826995
1.46814 -0.000176741549603 0.741243 -6.87120810518e-05 0 8.95663756495
1.06555 -9.17443143144e-05 0.21345 0.000234507955967 0 8.93080326048
1.046639 -2.98776738391e-05 1.998977 0.000175758258734 0 8.90813878259
-1.065762 6.11561733038e-05 -1.366835 -0.000426311379285 0 8.94815237722
0.397229 2.11893808021e-06 0.689885 0.000589916919109 0 8.91245819307
0.201882 0.000145639131875 0.013834 -0.000496931094089 0 8.93974045809
3.389269 -0.000293944831072 -0.498548 3.8429202984e-05 0 8.95926165055
4.392569 -0.000781834541518 0.779062 0.000365531442764 0 8.95512527303
-1.043009 6.25190445596e-05 -2.149987 -0.000246559743396 0 8.92804648815
1.484738 -0.000215740248322 2.320338 0.00027113830343 0 8.95006303637
-1.939932 0.000496832495274 0.275657 -0.000163013763338 0 8.95991036251
-0.682584 0.000217104538129 -1.458458 -0.000856114451662 0 8.98511731034
0.167217 4.08423299809e-05 -1.621008 -0.000434115945324 0 8.9600912355
-0.000227 0.000315361292405 -1.996403 -0.00105419078226 0 9.00689082705
2.159138 -0.000200845127257 -0.708769 -0.000173512353022 0 8.94966017086
-0.630633 0.000138007312672 0.338249 0.000187583296018 0 8.95296731669
-0.471416 0.00033621889655 -1.803877 -0.000444706502375 0 8.97708197399
1.111258 -2.32293280593e-05 1.100811 0.000332878229931 0 8.89756333436
0.577037 0.00013992731744 -0.476162 0.00013350851437 0 8.9257180709
-1.094528 0.00033449296891 0.845226 0.000322512739917 0 8.88689658697
-0.533075 0.000128069000023 0.186286 -0.000185989253291 0 8.94358234933
2.100505 -5.2175928331e-05 -0.465683 -0.000243023266416 0 8.97406690259
-3.041449 0.000524462544226 -1.026304 1.40681395459e-05 0 8.95141215915
-0.252651 0.000110778236342 -0.43527 -0.000305337700968 0 8.99347967844
-0.796862 1.83373575101e-05 -1.46625 -5.30110324251e-05 0 8.94273317797
1.637336 -0.000341954224486 -1.417578 -0.000146368802251 0 8.97672199274
1.002487 -0.000151102925712 -0.694306 -0.000126269503146 0 8.9250753043
-0.703408 0.000214556179533 -0.386061 -0.00010103699076 0 8.98512849978
-0.440565 6.34485699459e-05 0.932874 -0.000265042320043 0 8.96695087163
1.078076 -4.25983691509e-05 0.108303 6.24013142009e-05 0 8.95694422267
0.776397 -4.96680216866e-05 -1.523608 -0.000277648709423 0 8.96745471824
1.79735 -0.000304206011911 -0.689754 -0.000115551715806 0 8.92820823636
-1.886394 0.000462337570356 -0.336392 0.00021116413763 0 8.95218199612
0.07351 2.07879685086e-05 0.394783 -0.000122237271673 0 8.940618596
-0.887254 0.000151501868336 0.806043 -0.000340592917186 0 8.92810922247
-0.25861 -2.38775209618e-05 0.957699 -0.000103806363553 0 8.94465940625
3.852996 -0.000928240768242 1.864402 0.000398367218517 0 8.88745118279
-3.750267 0.00048139311611 -0.711683 -0.00032100462502 0 8.99016167792
0.590698 2.44594390121e-05 -0.580778 -0.0006780200264 0 8.94074425731
0.114815 0.00020010051526 0.558158 0.000124860161524 0 8.90853136043
-1.079131 0.000104152002871 -0.072302 -0.000658232630281 0 8.99656255955
-0.936555 0.000158759625166 1.229684 2.70457995941e-05 0 8.96544133382
1.847375 -0.000464625342223 1.476231 0.000274111429133 0 8.93927391483
0.240697 -0.000143390991687 -0.207806 -0.000372474442167 0 8.96420010089
2.112096 -0.000151487686723 -0.205306 -0.000265368753477 0 8.9756641349
1.947347 -0.000338343850905 -1.086655 0.000295583421757 0 8.91648713208
2.598496 -3.54805243488e-05 0.158542 -0.000267856473384 0 8.9926373086
0.050451 -0.00016771274273 0.667534 -0.000211810127097 0 8.93516515646
-1.771482 0.000452865439106 -0.560294 -0.000316180938092 0 8.9530171673
2.109411 -0.000217355551868 -0.797602 -0.000501558897222 0 8.93693523826
-1.994723 0.000560641692751 -1.741598 -0.000387829564269 0 8.97138579802
-2.798307 0.000519335292869 -0.068758 0.000216158780293 0 8.93298961451
1.463213 -0.000411424288818 0.548743 -6.34435126344e-05 0 8.93704451924
-2.215414 0.000475426469538 -0.607379 -0.000115378503907 0 8.91821852311
0.903454 -7.15975604351e-05 0.104115 0.000213821929816 0 8.91278784617
-2.557031 0.000290610387788 2.50915 0.000424826495354 0 8.92634196709
-0.191293 0.000264253384437 1.26683 0.000512002754941 0 8.90627398194
0.057601 -2.23669927359e-05 -0.978606 -6.7811098648e-05 0 8.91841028225
0.328002 -0.000166825461184 -1.12475 -0.000131168694605 0 8.93330620216
-3.288024 0.000632541893526 0.48694 0.000425636710822 0 8.89646082149
0.055929 0.000159004101364 -0.231278 -0.000161619405594 0 8.92642737758
-2.026802 0.00015056088388 0.781258 0.000510021427742 0 8.90160217222
2.607934 -0.000434110589285 0.423116 0.000344159927822 0 8.9372718358
-4.05187 0.00035451239722 -0.293418 9.91499609785e-05 0 8.9139700138
-2.850463 0.000619358205337 -0.106518 0.000252740458108 0 8.88981489193
0.564204 -1.73392742931e-05 -1.027202 -0.000111923453241 0 8.96804567333
-5.587489 0.000691521580371 1.949759 0.000589478807326 0 8.88439093742
3.021046 -0.00068161223145 1.515413 3.22548661924e-05 0 8.93617956526
-0.505226 -8.99133891238e-05 -1.296843 1.21105528353e-05 0 8.96698350602
-0.715198 0.000288058397079 -2.329356 -0.000733063055017 0 9.00642591594
1.887216 -0.000227014098878 0.051064 -0.000340469204408 0 8.96395611385
-3.68974 0.000530883483835 1.408511 5.38388336211e-05 0 8.92616669833
2.492379 -0.000321175552065 -0.107516 -3.10456018631e-05 0 8.94487390994
-0.117058 -6.73968438527e-05 -0.103974 -9.32893598315e-05 0 8.92211374174
-0.170357 1.52522746838e-05 1.684471 -0.000200199107767 0 8.94004695517
-0.206673 0.000252149182269 0.984563 0.000172163564153 0 8.90783245023
-1.936846 0.00045021258955 0.035775 -0.000236479127277 0 8.97720793334
3.100176 -0.000600467941929 0.161475 0.000125322346736 0 8.93775417902
1.059541 -0.000283836605094 -1.566212 7.71640377075e-05 0 8.91210301809
-0.470642 -0.000129053094682 1.117873 0.000597298260181 0 8.87235460791
-0.735267 1.61013485585e-05 2.125271 0.000675493213753 0 8.88082963288
0.851408 2.79115759542e-05 0.200329 5.13765663448e-05 0 8.92078143802
0.257871 8.2216625897e-06 -0.887207 -0.000186654329369 0 8.95999067189
-1.717688 0.000160024413332 -2.150894 -0.000404084513891 0 8.96300516545
-0.413468 2.93524713092e-05 -1.099358 -0.000183296029582 0 8.93800563784
-2.15635 0.000357294958668 1.861155 -5.84696180194e-05 0 8.95705078354
0.107681 -0.000208093634612 0.14505 -0.000217671879767 0 8.9780426364
-1.865661 5.75674180898e-05 1.056767 2.25834242357e-05 0 8.9252571032
-0.10123 3.80503464618e-05 1.403818 6.09130073323e-05 0 8.95446812537
-0.504451 0.000336956261432 -0.735455 -1.71877063737e-05 0 8.97069666895
0.671947 -0.000293673581597 3.295949 0.000863052474947 0 8.879982098
0.956372 -0.000119672709926 -2.172273 -0.000613385444107 0 8.9551807811
1.861039 -0.000169329956049 -0.076532 -1.92236630498e-05 0 8.92021732722
0.278321 5.26653392246e-07 -0.888035 -0.000182100449761 0 8.93758543379
1.138228 -0.000172133594666 -1.034197 -0.00032613026982 0 8.93832764911
4.991354 -0.000801497573219 0.863875 0.000144249680896 0 8.92343584484
-0.229708 -0.000117592681063 -0.161673 0.000244100514899 0 8.90694568347
-0.606568 0.000112944967308 -1.957144 -0.000117684708788 0 8.9424605713
-3.501376 0.00040423409066 -0.243931 0.000493763394202 0 8.89690687809
-2.684458 0.000554395225765 1.021958 0.000214236178945 0 8.95128185307
1.504383 -0.000214074542186 -0.267659 0.000481649052719 0 8.8894512704
-0.89262 2.541207367e-05 -1.996717 -0.000140160241562 0 8.93126290922
-2.103892 0.00060735796425 -1.792546 -0.000330817202341 0 8.95857896192
1.959571 -0.000457999980174 2.202019 0.000681161835666 0 8.91118710209
1.697966 -0.000239774880159 1.458219 0.000138519788873 0 8.92101299848
-2.383401 0.000369905407762 -0.782476 3.09792043068e-05 0 8.92951810453
0.797914 0.000138970472266 -2.513102 -0.000464395376699 0 8.98950357761
2.006797 -0.000289969677008 -0.753909 -0.000262261767525 0 8.9744678963
-1.026989 7.8789557687e-05 0.345712 -0.00011880120771 0 8.95551819611
2.075917 -0.000456821773239 -0.324816 -9.62986646804e-05 0 8.96723896915
1.416601 -4.05671921099e-06 -0.367407 -0.000135163533191 0 8.95623444564
-0.482198 5.06649424e-05 -1.6087 -8.82406644034e-07 0 8.88686550703
0.496114 -0.000120922194273 -2.040767 4.72389277054e-05 0 8.8951461371
-0.82398 0.000184855968775 -1.137047 0.000210169740363 0 8.91684920617
0.739748 -0.000328521592742 -1.839098 -0.000228129131928 0 8.97251275297
-2.35859 0.000444372716825 -1.127765 -0.000369038531484 0 8.9343747431
-1.639422 0.000175174132904 1.598283 -7.50439021935e-05 0 8.98038868866
2.614444 -0.000374694207153 0.217411 0.000156940316149 0 8.92338746411
1.07292 -0.000217681814885 1.632706 0.000425642857051 0 8.95385363862
-1.792162 3.58235796656e-05 0.926807 0.000587452438607 0 8.89822101198
-1.847363 0.000331436949778 -0.274263 -0.000374564339515 0 8.99314071028
0.734157 6.30231278678e-05 -2.457035 -0.000711007555776 0 8.98236972175
2.117004 -0.000440482168583 0.459688 0.000139922148217 0 8.92507126167
-1.830351 0.00012811563957 -2.601502 -0.000624811918304 0 8.99106915455
-1.31025 6.09284272474e-05 0.558056 0.000583156297908 0 8.91558554524
0.273902 1.19994692615e-06 -1.0625 8.2381612111e-05 0 8.93479510371
1.912347 -0.000381540189316 0.844038 -7.54119971718e-05 0 8.94178191457
0.338018 -6.32792096905e-05 1.070741 0.000177585526921 0 8.92986610048
0.162537 5.75516839907e-06 -1.600031 -0.000564771211223 0 8.98906789399
0.758124 -0.000162913147526 -0.598553 -0.000243239273539 0 8.94495703493
3.21956 -0.00094733814332 0.513213 8.56083129296e-05 0 8.91865801153
-1.015043 -3.0590696411e-05 1.088391 -2.90314460545e-06 0 8.93699400506
1.645743 -0.000141098598985 -0.601647 -7.06746386213e-05 0 8.87382824091
-0.659049 -9.48112059908e-05 -0.260033 -0.000231744762521 0 8.94670222067
3.198961 -0.000389880763424 -0.376029 -0.000495946212293 0 8.95326421309
-1.105061 0.000268327210434 -2.45652 -0.000291074310242 0 8.97650712814
0.977882 -0.000242805279091 0.284065 -0.000316583265215 0 8.97606416102
1.301135 -0.000211305326617 1.513745 -0.000249403470033 0 8.96638078681
-1.013229 0.000323639586171 0.018163 0.000201229950163 0 8.90512861905
1.323885 -0.000167900002308 0.672058 -1.66681643633e-05 0 8.96205022277
-0.467016 0.000141789997056 0.289459 -3.48029615099e-05 0 8.90436438142
1.745227 -0.000121256060736 -0.211109 0.000245121275854 0 8.91177636865
-2.357144 0.00027593419355 2.668606 0.000293311261271 0 8.91224286979
-0.007648 -0.000149248736806 0.902478 -0.000167382207312 0 8.94060768084
2.594307 -0.000604762467634 -0.118125 6.44592945717e-05 0 8.91645061597
2.598964 -0.000571729583792 1.423731 4.93681166396e-05 0 8.90923184132
0.666744 1.08663236767e-05 0.525708 0.000196305344031 0 8.92202335943
-0.336909 0.000154138223137 -0.637239 0.000213621525186 0 8.92273253478
2.034589 -0.000550700357631 0.569395 0.000864082148255 0 8.88643998735
-1.581225 0.000260997258905 0.533103 0.000533102733344 0 8.90237084649
0.845601 -0.000402309321403 -0.446951 2.84002854026e-05 0 8.91390199509
1.627764 -0.000258752683301 0.63432 0.000254155436518 0 8.90443653951
-0.777644 0.000124746879484 -1.281159 -0.000103307423778 0 8.95552996631
-0.850132 0.000192466593966 -0.960131 -0.000305370271793 0 8.89071558648
0.914085 -0.000193469122523 0.045546 0.000642036051971 0 8.94304607595
-1.430694 7.09079661719e-05 -0.356358 0.000128792274703 0 8.93263329995
0.917523 -0.000145905850641 -1.611935 -0.000505944273536 0 8.97049961376
3.213034 -0.000490627460603 0.695378 -0.000396609892734 0 8.96819912328
1.666107 -0.000137699754889 0.694984 6.12990239448e-05 0 8.9398257345
0.282312 -1.38163026114e-05 0.390989 1.46147495174e-05 0 8.87935385819
1.235395 -6.41561476034e-05 1.910152 0.000573901865368 0 8.92852518996
1.523583 -0.000348894041382 -0.597153 -0.00022833869508 0 8.97408949326
1.287561 -0.000225819467278 -1.528624 -0.000761743299939 0 8.96451219499
-1.480616 0.000288411575243 0.760046 2.57057921085e-05 0 8.95494892749
0.877178 -0.000144068317159 -0.701665 -0.000269574776889 0 8.94709892079
0.215132 3.99775232874e-05 0.474766 -0.000179158594731 0 8.99191183655
-1.590618 0.000270191982751 -0.839777 0.000162018552875 0 8.91752626054
-2.949255 0.000433086189619 0.48984 0.000116994118222 0 8.94215951385
0.780032 -0.000123958447812 -0.008629 -0.000322289895894 0 8.98589703877
-0.195814 -5.17823482826e-05 -0.70497 -0.000267696797557 0 8.99708837133
-1.201347 3.11885989297e-05 -2.364459 -0.000188475126589 0 8.93935623727
1.063735 -0.000120630194009 -0.340569 -0.000188325072318 0 8.93347886003
-1.442087 0.000252842963928 -0.966293 -5.27301072247e-05 0 8.94036416302
-0.936557 0.000345554110257 0.996137 -5.18670845091e-05 0 8.95087406713
2.520033 -0.000542544301121 0.102039 6.42805701813e-05 0 8.92514069748
-1.102451 0.000131556832417 -1.192133 -0.000444370605944 0 8.91260114485
-1.880805 0.000320462653363 1.506655 0.000159546750197 0 8.93004860588
-0.750329 0.000155027620773 -0.284246 -0.000180446399772 0 8.99677526659
0.131359 -7.09796543028e-05 -1.609878 -0.000131228369913 0 8.88525333698
-0.239027 1.82090307665e-05 0.522177 2.00458997727e-05 0 8.94329339823
2.715905 -0.000512704415154 -0.733932 -0.000262947315902 0 8.93706087465
1.472063 -0.000151696376846 -0.029545 2.18904917188e-06 0 8.90864548965
0.346614 -0.000540920188979 0.350246 0.000532413136713 0 8.90364164869
-1.900038 0.000555954322557 0.140148 0.000130563444004 0 8.91865282342
2.014452 -0.000145850549817 1.927243 0.000143707904267 0 8.90451206789
3.127824 -0.000206352543408 0.526151 -0.000509791410124 0 8.97533497154
-1.321807 0.0002276458816 1.729141 0.00015623798202 0 8.92447203921
0.724593 0.00020392145747 0.640082 -0.000295972340088 0 8.97726184567
-1.500925 0.000237879235708 0.484419 0.000216147738464 0 8.92422907439
3.483949 -0.000329250917236 -1.536497 -0.000573335690183 0 8.97275563961
-0.088281 -0.000119602137429 1.633736 0.000326995674082 0 8.89441154212
2.076314 -0.000397543640397 -0.567188 1.56371773524e-05 0 8.91314359759
-0.142394 0.000104744335542 0.969745 0.000364345656039 0 8.89779182151
-0.37568 -9.24584165504e-05 1.015242 0.000280290332846 0 8.91476431662
2.644467 -0.000440704065882 -1.192576 0.000292021091725 0 8.95480974702
1.355948 -0.000278303556966 0.186972 9.80072676985e-05 0 8.96366300354
-0.697284 4.48671615957e-05 0.43205 -0.000509775226251 0 8.95925847529
-1.690101 0.000227273087592 -2.044109 -0.000422706042716 0 8.95966017375
-0.162754 6.14959948733e-05 0.022399 -8.38600195741e-05 0 8.91944736679
-2.319698 0.000172265173838 -0.401355 0.000144569757989 0 8.92780559387
-1.910064 0.000295954178393 2.997215 -0.000176638804099 0 8.98576414719
-1.746069 0.000148522173573 0.970814 0.000644920856035 0 8.90387726325
-1.245365 0.000356014439434 -0.078749 0.000298387529611 0 8.93464424695
-2.650452 0.000337960521403 -0.051897 -8.23565185391e-05 0 8.97266389788
0.545453 0.000164475614131 -1.07109 0.000227287741195 0 8.92907272157
1.871503 -0.000316464463378 -0.587699 -7.72837768089e-05 0 8.928378023
-2.422807 0.000333086678658 1.985731 -0.000104102072249 0 8.92246464874
1.11406 -4.72656704037e-05 -1.865206 -0.000185413359322 0 8.92726175255
1.359788 -0.000198440847638 1.18117 0.00021710894839 0 8.93354792007
0.879727 6.05468269953e-05 -0.370977 -0.000290342687715 0 8.94981852535
-1.077659 4.6251142545e-05 -1.413897 -0.000430934227839 0 8.92517234811
-1.338742 6.21923923311e-05 -0.312056 -9.25487590276e-06 0 8.93455768021
0.100405 -8.3078232731e-05 -1.421252 -0.000611622241617 0 8.9458604028
-1.270697 0.000127369625472 -1.854575 -0.00087899338125 0 9.01624395686
-0.162603 0.000203547931887 -2.174623 -0.00062498872319 0 8.96814544722
-0.678176 8.55761423637e-06 -0.247702 1.54504177648e-07 0 8.91657773668
-1.624269 -8.44174511457e-05 -1.417808 -0.000512354401129 0 9.00140265871
3.304263 -0.000450610368619 -0.561333 -0.000504200195202 0 8.95586378156
0.066737 -0.000124570364603 -1.687043 -0.000614204601353 0 8.97236945659
-2.69174 0.000559280275103 0.239573 0.000399659558697 0 8.91414351139
-0.071942 -8.4586002094e-05 1.150764 0.000458646087232 0 8.89203877173
0.361188 -2.9229442052e-05 -0.175241 0.00041943873623 0 8.87702433372
1.939686 -0.000421384202602 -0.572218 0.000271072794869 0 8.89401517029
0.86197 -0.00014583883476 -0.69777 -0.000178060231786 0 8.9804198247
0.969538 -0.000111874524472 -0.822223 -0.000107845570101 0 8.95976416719
2.614667 -0.000185197996598 1.761394 0.000580968293566 0 8.94756614305
2.231626 -0.000183018661971 -1.602757 -0.000274146911358 0 8.97126336764
2.715318 -0.000425184246029 -0.365894 -0.000318573131799 0 8.95707401343
-2.269085 0.000278036834113 -0.168847 0.0001755418504 0 8.94893961661
0.82483 -0.000132655494067 0.746475 3.15754322627e-05 0 8.94814526311
1.680261 -0.000200870825539 0.816989 -0.00030329092416 0 8.9694903702
1.131035 -1.43710913754e-05 2.142098 0.000154149075243 0 8.932110628
-0.106087 0.000313977149014 1.74512 0.000163073510501 0 8.95260749497
0.927055 -9.78842846276e-05 0.366161 -0.000445863804851 0 8.96908213152
1.011733 -0.000252144710957 -2.273405 -0.000213041704418 0 8.94879352405
0.528525 -2.92260739909e-05 1.299267 5.71094206416e-05 0 8.97800513043
-0.113385 -0.000170109053741 1.150536 0.000505462031527 0 8.87035873856
2.039449 -0.000321326595224 -2.715889 -0.000477865845432 0 8.98601498945
0.789458 -0.000184130487132 0.255287 -0.000394419587612 0 8.94081385084
1.69194 -5.60256090242e-05 -2.315648 -0.000181926125517 0 8.97016250794
1.264412 -0.000194871725995 0.699035 0.000253068440307 0 8.91352620464
-2.52371 0.000496648248849 0.191068 0.000461601535301 0 8.92140694468
1.038472 -0.000157791585397 1.290139 0.000412365375063 0 8.91169622797
1.414327 -0.000303223362809 -0.328211 1.20949735777e-05 0 8.93598001958
-0.748552 6.98029423871e-05 0.208074 0.000147002548043 0 8.93166693965
-2.55995 0.000440256223195 -2.031323 -0.000195507781298 0 8.91646168803
0.084063 -4.37049621913e-05 -0.745049 -0.000167500245443 0 8.89518650563
0.847136 -0.000122111910033 -0.981546 -0.000405857058198 0 8.95128493721
0.118896 -0.000199279179206 -1.833679 -9.79331190516e-06 0 8.92449603087
0.725818 8.79684632105e-05 2.59479 0.000885598113945 0 8.87633912607
-0.936443 0.000292106108076 1.190983 0.00022590374755 0 8.93856568439
0.046615 -6.50154438099e-05 -2.564613 0.000108670716107 0 8.9377507929
2.645464 -0.000474864530655 0.832757 0.000304377262143 0 8.91171162283
0.414737 -5.58158823635e-05 0.526997 -0.000206849674756 0 8.95015277313
-1.946725 0.000323288779603 1.057704 0.00033706606042 0 8.93295051533
-2.716051 0.000465474105155 -0.765496 0.000135864207794 0 8.91971140256
-0.647319 8.35363731102e-05 0.293574 -0.000106359644016 0 8.9402533889
-1.159864 -0.000119322279355 -0.250197 4.41539899834e-05 0 8.90253071129
-1.389504 9.35852812054e-06 2.410205 0.000480213449966 0 8.92754893571
-0.58696 0.0001449372453 0.094263 -0.000115586034633 0 8.96003598497
-0.233441 -0.000179656234811 0.328355 0.000275105345362 0 8.94244405272
0.685195 6.11019777883e-05 -1.618627 -0.000225352098723 0 8.95121616328
1.578591 -0.000219664098648 0.585084 0.000362116461982 0 8.89967945739
-2.266794 0.000141983909246 -1.25654 -0.000257742490441 0 8.98313338945
-0.129802 -8.99699566259e-05 0.502524 0.000298379809316 0 8.94713752521
2.364716 -0.000541817759292 0.375288 -0.000354518565235 0 8.95318784267
-0.114913 2.4490529564e-05 1.721714 -8.77102686863e-06 0 8.95111981933
1.79819 -0.000254565088935 -0.238071 -0.000435610783864 0 8.94344571776
-2.061536 0.000369203448147 0.694304 0.00030583637329 0 8.93075609305
2.81428 -0.000523086373635 -0.053453 -0.000296971540832 0 8.94483976749
3.522332 -0.000736338608218 -0.120958 0.000129414878467 0 8.88983713566
2.472407 -0.000334506530628 0.984948 0.000876448798455 0 8.86452125595
-1.365247 8.09839459673e-05 -0.028186 0.000359814015288 0 8.89152035398
2.889748 -0.000375285941297 0.732692 0.000126548723174 0 8.93224066478
1.802639 -0.000513947374438 1.247058 0.000278425539544 0 8.91347199459
2.057132 -0.000205588930716 -1.939218 6.19605464022e-05 0 8.93807262643
-0.736932 0.000116767230485 -2.089156 -0.000346605735572 0 8.98083197055
-0.823799 2.56162916276e-06 -1.306944 -0.000200480935935 0 8.92661095925
0.29666 0.000108217619402 -1.930469 -0.000279089510815 0 8.98916192513
-0.181208 -0.000312658978385 -0.863041 0.000130204173009 0 8.9196175302
-1.250712 0.000293241600047 1.78729 0.000487767496076 0 8.89236928377
-3.464917 0.000755295902485 -0.001318 -0.000335013443914 0 8.97517830666
0.92528 -5.37310666441e-05 -1.819982 -0.000178651232581 0 8.96473031566
0.10772 2.37235136098e-05 0.8123 0.00128380090675 0 8.86862547046
-1.11372 0.000275845355973 -1.649385 -0.000631352725238 0 8.93337509952
1.016858 -0.000441228279796 1.097669 0.000108025528078 0 8.94440447583
-0.26484 0.000123166756265 -0.866304 -0.000335635532113 0 8.9855593194
-0.543479 -0.000112055059862 1.203755 0.000167394892089 0 8.92979654102
2.949133 -0.000494620919463 -0.307064 -0.00024678319556 0 8.97235959485
1.663639 2.29627941335e-06 -0.505962 -4.1521950995e-05 0 8.94720506533
1.194796 -0.000352385015154 0.904611 0.000613111225815 0 8.91492004445
-0.182452 -6.45512431439e-05 0.237316 0.000270239130649 0 8.886265742
-2.202998 0.000430765938514 0.590628 -9.18745477612e-05 0 8.94774760691
-0.873772 0.000306580054547 1.631801 -6.33572516032e-05 0 8.92738566298
1.879034 -6.67209140584e-05 0.064856 2.22777742712e-05 0 8.91891341101
-0.789895 5.94696459855e-05 0.351649 -0.000611822056029 0 8.99093261574
-0.857144 0.000235913073768 -1.352447 -0.000311934969778 0 8.96178997666
-1.753234 0.000311275856099 0.307491 0.000204539645 0 8.93954513059
0.501046 -1.44822738007e-05 0.728259 -0.000394140596607 0 8.94195828962
1.617201 -8.79608283036e-05 -2.036741 -1.94268027517e-05 0 8.96326903997
1.562874 -0.000233120246925 -1.747738 -0.000328280991267 0 8.96575393393
0.337855 0.000109609350492 -2.201805 -0.000104013985737 0 8.92910507636
3.047281 -0.000222087761715 -1.477767 -2.84042200357e-05 0 8.92374376728
-0.798723 -3.06167250088e-05 0.191611 0.00047010135153 0 8.87696086353
-1.317229 0.000167447426705 0.351164 3.8357998209e-06 0 8.91779079734
-0.097875 0.000171683735477 -1.062542 9.4938223382e-05 0 8.94291935886
-0.023707 2.34770819631e-05 0.287191 -5.59627761619e-05 0 8.90674956895
0.036818 9.43049074263e-05 -1.067949 -0.000300652002113 0 8.94731110345
0.634464 -0.000255852849339 1.539078 0.000447789615 0 8.90451346107
-0.151286 -9.257826708e-05 -0.579778 0.000562935311736 0 8.90652111824
1.642879 -0.000483813017741 0.708131 0.000460749088281 0 8.89452054541
1.766517 -0.000289271628962 1.812207 -0.000137670176967 0 8.9496499905
-2.269722 0.000326857320738 0.621458 -4.11447091604e-05 0 8.95795298957
-1.82492 0.000387382694905 -0.480266 5.63195026371e-05 0 8.9248207477
-2.473842 0.000344621147503 -0.511378 -0.000484129814287 0 8.96908099545
-1.827041 -8.90940289243e-05 0.919474 3.10368331563e-05 0 8.91946462999
-0.089892 -5.55728194985e-05 0.321906 -0.000198769904735 0 8.93688286678
0.799707 -0.000291118539043 1.256557 0.000161564188644 0 8.88189081757
-2.07596 9.58707037354e-05 1.10456 0.000177861560487 0 8.94691229256
-0.114088 -0.000383982005486 0.276897 2.83272598295e-05 0 8.9313610623
1.238422 -0.00020901229968 0.249694 4.94131195538e-05 0 8.9092766463
-3.077424 0.000317496856482 3.19285 0.000795557950722 0 8.87815583218
1.518986 -0.000342369356726 0.311814 -0.000133130907646 0 8.95701556159
2.069767 -0.000286257780553 1.471509 0.000388644641956 0 8.93071083485
-0.859163 -0.00027912397816 -0.009005 0.000482022980784 0 8.89388801763
0.248608 -2.00217735278e-05 -1.001858 -0.000606682701718 0 9.0037246805
-0.9415 3.23251144987e-05 -1.44741 -0.000277711334094 0 8.89786805708
0.542014 8.42450513787e-07 1.018904 0.000461097258442 0 8.89524732325
-0.51847 0.000275442290697 1.48137 -2.13880365027e-05 0 8.92051599099
0.344778 -0.000187068392997 -1.093636 0.000130995391358 0 8.92027612077
-0.732994 0.000226852099914 -0.35789 0.00016425553168 0 8.94707409378
-0.074655 -9.95789062549e-05 0.752207 -0.000171098987746 0 8.94540407436
-0.996114 0.000293056856877 -0.5975 -0.000295974444971 0 8.94129968343
-0.32427 -6.80501410708e-05 -1.680331 -0.00022608335394 0 8.93390026889
-0.914935 3.79166679379e-05 -0.403522 -0.00048078175864 0 8.95534596748
0.780856 -0.00018021863087 -1.416371 -0.000588473992923 0 8.94610693281
-1.254546 0.000181514755441 -1.979139 0.000213018769894 0 8.95314964538
0.303538 -0.00022140319994 -1.218828 -0.000189395910283 0 8.95243232468
-2.034149 9.62497479342e-05 -2.331016 -0.000208429490302 0 8.94052103768
-2.243556 0.000462920929934 -0.975358 -0.000122334843796 0 8.94684211995
2.105538 -0.000372557144178 -2.289867 -0.000790802556045 0 8.9681153842
-0.835368 0.00020820985063 3.379679 0.000896586821244 0 8.86483697586
0.272605 5.46112339293e-05 1.225995 -0.000205123954701 0 8.96643987013
-2.114574 0.000142175016804 -1.44315 -0.000371962467305 0 8.97156139296
-0.676617 3.25640208157e-05 -0.364764 -5.34332299865e-06 0 8.94865614645
-1.518729 5.05313319093e-06 1.367634 0.000347602477475 0 8.90919704645
-0.661714 0.00026740681242 -0.696819 0.000127939428973 0 8.93553303349
2.263989 -0.000435034564494 -0.752515 -0.000222153546599 0 8.91271564966
0.528945 -7.59157110522e-05 -0.004584 -0.000457513210964 0 8.9483945456
0.149466 -0.000260464217512 0.641855 -0.000590039348989 0 9.00203983223
-1.305125 5.76660531975e-05 -1.452178 -0.000171709693402 0 8.93594125664
2.961124 -0.00037041632612 0.719921 0.000194363955145 0 8.93064048379
2.425393 -8.74174851746e-05 -0.216836 -0.000425221516687 0 8.96119219646
-1.880007 0.000230559266629 -0.585185 -0.000556933542568 0 8.96704041228
0.683786 -7.91374202312e-05 1.524523 0.000401370467265 0 8.91010225199
1.274377 9.49743225514e-05 -0.709781 -0.000541414963165 0 8.96802997218
-2.194059 0.000264881842244 -0.009315 -0.000233811883069 0 8.92292687929
2.669134 -0.000438472192612 0.356225 -6.19164532875e-06 0 8.9511463771
-0.263601 4.60203517393e-05 0.137871 -0.000189308761892 0 8.97339243052
0.840477 -0.000358659896818 0.711196 -0.000184683703416 0 8.899751151
-0.007761 0.00018877482975 -1.181347 -0.000174379763937 0 8.92575775889
2.197087 -0.000161629261129 -0.323152 -0.000421144297682 0 8.97720509986
-0.273053 -0.000115705978977 -0.430643 8.10616199919e-05 0 8.88049416127
-0.057475 -0.000248159912137 -0.940671 0.000146216757925 0 8.90039929296
1.304855 -0.000103633659897 0.313571 -3.53509926761e-05 0 8.95346154416
-1.78169 0.000340500413487 0.502891 -0.000331121680241 0 8.98529772216
1.747114 -1.7175588106e-05 -0.390976 -0.000196674256821 0 8.9275085277
1.253016 -0.000192947398562 -0.443722 -0.000450680737171 0 8.98921766581
2.048786 -0.000196708717537 0.468544 4.9884838874e-05 0 8.9476855898
3.354417 -0.000412488572787 1.187853 0.000453799931282 0 8.91099595861
2.79083 -0.00040363646477 -1.10205 -0.000180682299507 0 8.97621852317
-1.943618 0.000529351305221 -0.753261 -4.68275010743e-05 0 8.94550510284
3.76866 -0.000658200204628 0.310199 -0.000137985308238 0 8.93021556186
1.76839 -0.000140185745385 -1.24539 -0.000453991728397 0 8.99155360768
-1.507515 0.000270327892364 0.671313 -0.000329380985634 0 8.96325666044
-1.073804 0.000279320369861 1.099031 0.000136860114442 0 8.86847186516
4.639211 -0.000381487098267 -2.338042 -0.000575944089558 0 8.99847940102
3.671596 -0.000854958879454 0.705943 7.16003387232e-05 0 8.93308789389
-2.443984 0.000456045949294 1.486871 0.000582896497557 0 8.90148510966
0.958464 -0.000427181280702 0.396257 7.74384355016e-05 0 8.93506645131
-0.054705 -2.53080042817e-05 -2.811621 -0.000914355449615 0 8.99552855867
-3.632345 0.00075417711585 -0.718416 -0.00018745838855 0 8.93721434223
-0.256007 8.67922681619e-05 -1.497828 -0.000257190353404 0 8.98447434302
-3.544761 0.000639424079674 1.346805 -0.000369448388645 0 8.94148045522
0.323334 2.06167725495e-06 -1.547337 -0.000260556001468 0 8.94983906323
-0.160939 0.000120912679768 -2.959568 4.16396364223e-05 0 8.94970928697
0.209799 0.000107766057867 -0.088224 0.000377586223163 0 8.90922727507
-4.674249 0.000727977261105 0.556697 0.000233387620301 0 8.91270554761
0.421637 6.90625040914e-05 0.422316 6.70763198856e-05 0 8.96882937306
-1.350513 0.000201923466945 1.336993 -0.000366812438149 0 8.97204252688
-0.130422 -0.000170974787689 1.368343 -4.7312270557e-05 0 8.94767768342
-1.434187 0.000135292118748 0.264393 0.000418988362219 0 8.8994137585
3.388306 -0.000499627176122 0.162103 0.000314590709232 0 8.87688891784
0.655318 0.000149800135895 -1.56654 -0.000264310745957 0 8.93306885919
0.295577 -9.83978802172e-05 0.514942 0.000238823700986 0 8.94088122503
0.565032 6.91043362809e-06 -0.886966 -0.000434304975647 0 8.9789887949
-1.620605 0.000117085913371 -0.480369 9.00573111478e-05 0 8.90216920894
1.05839 -0.000450098763865 0.649951 0.000102099461707 0 8.94616444846
-0.062012 0.000177292109035 2.897634 0.00100742495161 0 8.89919269057
-1.316401 7.51516250602e-05 0.115972 -0.00032277218303 0 8.92950609324
-0.264609 -6.37538604153e-05 0.767402 -0.000663379482415 0 8.98351130434
1.490792 -2.50854990655e-05 -0.659193 -0.000102618662499 0 8.94262401149
-0.395596 0.000129056431884 0.375996 1.73974147741e-05 0 8.9306870867
0.324647 7.31421432773e-05 -1.398875 -0.000893028398199 0 8.98580464521
1.338332 -0.000188684006616 0.353624 -5.4738085643e-05 0 8.95457291125
1.34072 -0.000352351129986 0.105408 -9.65616616448e-06 0 8.93532795811
0.740803 -2.55552229479e-05 -0.732589 -0.000168356194453 0 8.94334872092
-0.145065 -0.000258199703864 0.19989 3.61149439734e-05 0 8.9427955272
-1.59867 0.000159417947671 0.013212 0.000315533014983 0 8.89104175342
2.282996 -0.000126990540511 0.184104 0.000289432180693 0 8.91504688518
-2.880906 0.000652954545954 -0.201058 -3.89024139259e-05 0 8.93972464883
1.814785 -0.000184119730646 -1.242949 -0.000615078092727 0 9.00599792336
2.031225 -0.000477787398895 -1.426651 -8.8992369402e-05 0 8.95854091774
1.682652 -0.000342357244321 -0.288745 -8.64565322331e-05 0 8.93843887197
-0.386008 0.000129950276044 -1.84668 -0.000181982073028 0 8.95280018134
-1.254933 0.000302440783345 2.426092 0.000346455657039 0 8.89350679227
1.992081 -9.91401979795e-05 -0.042048 0.000117218395256 0 8.96989804023
-3.258384 0.000305061562506 -1.912128 -0.000479915665968 0 8.97586269967
1.290649 -0.000256432953683 1.613663 0.000329978980603 0 8.92075487566
1.630634 -0.000615522075983 -2.747878 -0.000365334835159 0 8.93099534515
-2.509328 0.0004272914457 -2.457213 -0.000169633622589 0 8.93522739916
0.573797 -0.000197482050395 -0.002388 -0.00032906518548 0 8.94196844148
0.401205 -4.04415774117e-05 1.617803 0.000221525672783 0 8.90946009775
0.242731 0.00019410112212 -3.012338 -0.00033615255359 0 8.9402431801
0.490267 -0.00019835114656 -0.814491 -2.56312105346e-06 0 8.90478934133
1.180066 -0.00033496036629 1.091071 0.000600676422726 0 8.91494245033
1.329943 -9.26360655471e-05 -1.40371 -0.000485586612675 0 8.96520056212
-0.035377 4.11756255774e-05 1.226725 0.000333316801749 0 8.93963527466
-0.15442 0.000145662062435 -1.552695 -0.000785554345851 0 8.98668886072
1.313054 -0.000235478400229 -2.817582 -0.000406995058438 0 8.93532325655
-1.167362 0.000230870571324 -0.924805 0.000363480481935 0 8.90347770229
-2.263846 0.000262223276496 -0.394572 -6.44861611289e-05 0 8.94377251764
-1.677886 0.000451401800929 0.975389 0.000382204957767 0 8.9320192815
-0.671176 0.000135691340944 0.745326 0.000242626408678 0 8.90530514909
-0.343805 0.000135743249079 -1.91014 -0.000662740615493 0 8.9706583589
-1.833109 0.000242132897343 -2.270256 -0.000128738971144 0 8.9401922335
-0.341532 -6.88859455437e-06 -1.794447 -0.000532007808069 0 8.92167803631
0.510559 -0.000131891518581 -0.456925 3.96194956863e-05 0 8.9406237951
-0.764727 0.000258238291002 -2.580161 -0.000232827908143 0 8.94003007015
-0.034032 0.000213396849387 1.32823 0.000261786920789 0 8.94293745751
2.379449 -0.000404678480977 -0.23482 0.000328819601615 0 8.92506849972
0.007434 -0.000104238879139 -2.38779 -0.000817406266904 0 8.98518766313
1.181934 -0.000214024760099 1.341994 0.000184915092636 0 8.93671383436
1.660726 -0.00034989015199 0.75924 -0.000130412763496 0 8.95484613693
3.73058 -0.00051086248108 -0.021317 0.000378381448734 0 8.86349364807
0.036813 0.000104044158418 -0.554051 -0.000924518330062 0 9.0118964539
-2.175033 0.000278356149274 -3.024396 -0.000668052459826 0 8.98293380599
1.231286 -0.000204626782439 -0.601459 -0.000311480397279 0 8.93671826344
0.992045 5.30714528512e-05 0.557319 0.000159433003661 0 8.90860476553
-0.856074 3.71993582309e-05 3.448601 0.000624981111289 0 8.88807014811
-1.741751 0.000470118833316 0.658633 0.00044044650666 0 8.90981723168
1.6016 -0.000112240440986 -0.485522 -0.000398407214813 0 8.97618785191
-2.093498 0.000383807089876 -0.340226 0.000198753557798 0 8.91926261013
2.270037 -0.000401411659803 2.972935 0.000619980386654 0 8.8925000366
-2.678815 0.000574332084994 2.020479 0.000291013481054 0 8.94389640256
0.4446 -7.95702339969e-05 0.946714 0.00011152638497 0 8.89098077632
1.172231 -0.000305431831901 1.860168 0.000487426961929 0 8.86520382993
-1.689918 0.000157918391694 -0.326629 -0.000233798060765 0 8.95101143899
2.625793 -0.000225951679977 -0.367569 -0.000145799896597 0 8.94275947459
-0.275416 5.17941030794e-05 -1.942726 -0.000405703255636 0 8.94645133709
1.287851 -2.55232296544e-05 -2.286528 -0.000251561177306 0 8.92848620834
-1.120225 0.000216995327458 -0.590435 -1.1115002841e-05 0 8.90131876021
-1.156494 0.000323766273697 0.140084 2.56441754695e-05 0 8.94702761578
-1.449385 0.000536883075896 0.156641 -0.000785831901995 0 8.97399929541
0.542052 2.39887069845e-05 0.919445 9.60905238508e-05 0 8.95887761132
2.979948 -0.000353029907577 0.123549 5.79485256134e-05 0 8.98061029156
0.592978 0.000247548825022 -0.436636 0.000203805643961 0 8.90414177053
-1.56 0.00051150775781 0.754134 6.93966888115e-05 0 8.96977922598
0.034197 -0.000180943884699 -0.461708 0.000320731639836 0 8.90784617521
-0.94972 0.00011113094497 0.574937 -3.99002541838e-05 0 8.9369775065
3.093719 -0.00039896103716 -0.865232 -1.46213544503e-05 0 8.89823991367
-1.218308 0.000130533322798 -0.222662 -0.00045372118755 0 8.97013247222
-0.636982 0.000405236071077 -0.640963 -0.000193103648283 0 8.96415203053
-0.110117 4.2068297795e-05 -0.221026 5.66905129856e-05 0 8.94362782239
-0.080167 0.000115801118892 -0.546436 -0.000261981142548 0 8.9470205835
0.896002 -0.000293233230861 2.38088 0.000162790852159 0 8.93246375966
0.193306 -1.79286153454e-05 -1.363695 0.000233510863349 0 8.94495756972
0.948076 -0.000183769427689 -0.304584 -0.000212608636843 0 8.92439130231
1.573292 -0.000255981917785 0.889056 0.000354808597615 0 8.88922320465
0.54389 -8.43913555423e-06 0.283838 -0.00019865043769 0 8.94716435722
1.722478 -0.00024463929131 2.377341 -9.01670143205e-05 0 8.90800191847
-0.477377 5.36333060353e-05 -1.525006 -0.000822605709546 0 8.99880772201
-2.383812 0.00037576859559 -1.513944 -5.94861942478e-05 0 8.93592894342
1.094779 -0.000181153145859 -0.5921 0.000126253894335 0 8.96038354373
0.719378 -0.000324309009184 2.525548 0.000294693203625 0 8.90087856525
-2.67519 0.000303271457269 -1.453625 -0.000373979399036 0 8.96503640666
-0.536482 -7.76635603849e-05 0.281203 -0.000163492732493 0 8.97003168007
-3.410359 0.000700656613498 -0.826265 0.000242649933827 0 8.92041207171
0.102409 -8.40448168372e-05 0.326889 -0.000166120048369 0 8.90170919747
0.346155 -2.81851912314e-05 -1.129053 -0.00010948660502 0 8.97009697976
-0.800042 -9.11475875779e-05 1.19013 0.000108163763329 0 8.91560222479
1.617114 -0.000242220265624 -1.55075 -5.25414858528e-05 0 8.93171492091
-1.108188 0.000189263748095 -0.003867 -0.00014801767075 0 8.92282165221
1.482091 0.000178181921553 -1.674811 -0.000353412025724 0 8.96647862175
-1.995573 0.00021069131465 -0.40976 0.000169430439565 0 8.95641271737
-0.611112 0.000141124733637 -0.034612 0.000185598557362 0 8.91911132683
0.66645 -0.000215207928215 -2.108587 -0.000348152241197 0 8.94803943439
-0.637086 0.000258555958843 -0.754506 0.000107641439392 0 8.92575542192
2.645499 -3.77794845536e-05 -0.581931 -0.000378444380424 0 8.98450653907
-3.055971 0.000530602700973 0.142979 -0.000369435347999 0 8.96329515268
0.588044 -0.000224176400469 -1.671097 -0.000813460689942 0 8.98746787955
0.574462 -0.000359300076397 2.310558 0.000774610998593 0 8.8935106475
1.007806 -0.000327291872172 -1.499545 0.000354026582743 0 8.90688201504
-1.316719 6.31586974629e-05 1.081096 -0.000230726125165 0 8.95558216345
-1.160795 0.000238362276896 1.431954 0.000419399551538 0 8.91302412197
0.676986 -8.59697284367e-05 1.712755 9.84347605674e-05 0 8.90992704879
-0.37555 -2.37201368883e-05 -0.983889 -0.00059094490242 0 8.97530834836
0.805821 -0.00015925820524 -0.551872 -0.000171137321748 0 8.94721706027
-1.116793 0.000214632829934 1.27668 0.00029936995065 0 8.90346518921
1.611118 -0.000430877014125 -0.690683 1.08587330138e-05 0 8.90914309275
2.255212 -9.47573524059e-05 1.200386 0.000287770832796 0 8.97343537803
-0.585799 -2.62096375008e-05 -0.750942 -0.000215168937426 0 8.97786436091
-1.80221 7.70308495981e-05 1.073311 -0.000108751006024 0 8.95789964133
-0.46503 0.0001259804407 0.483663 0.000141810034744 0 8.91267120604
0.432154 -0.000134795578704 1.664917 0.000751578818585 0 8.90174881572
1.527397 -0.000158947831776 -1.572444 -4.68012185802e-05 0 8.90780497962
1.771659 -0.000418220345545 1.040424 0.000301959519596 0 8.9135637769
-3.76665 0.000260563312367 0.987513 0.000210584882944 0 8.91621083539
-2.234179 0.000471924869625 0.145696 -0.000341194848508 0 8.96843715921
0.129198 0.000174978317046 0.506484 -9.93608181671e-05 0 8.92027359115
0.128241 0.000146549920443 -0.112696 -0.000380766916096 0 8.98463530259
1.690056 -0.000373020333381 -2.269102 -0.000373960578656 0 8.93008975065
0.811711 -0.000116965180858 0.33525 0.000204684694873 0 8.91737771701
1.670705 -0.000283166504189 2.151897 0.000635644985213 0 8.90528763403
0.220199 -0.00037540859919 2.710425 0.00024541496207 0 8.90948458531
0.179335 6.36524926554e-05 -0.779901 -0.000384584452715 0 8.97737992409
-0.059104 -0.000192476547055 -0.488297 0.0006304971797 0 8.87236601237
-4.489133 0.000535538175151 0.288538 0.000261809012025 0 8.9173124793
3.118882 -0.000535367337938 -0.653351 -2.04953059475e-05 0 8.98449167793
-0.028325 -9.78860386417e-05 -2.343207 -0.000125792631288 0 8.94056656252
-0.907617 0.00032795106149 -0.4074 -0.000360213609521 0 8.99405951958
-2.03632 0.000286913479469 0.696995 -0.000320691383563 0 8.94860464994
-0.995137 0.000269999314128 -0.936808 -0.000783822675797 0 8.98106430609
1.7494 -0.000317996692038 -0.279968 0.000163155204905 0 8.92922383601
0.325896 -0.000216645023341 0.140594 4.91913148896e-05 0 8.95692921708
-2.053441 0.000295149908703 0.564168 -0.000169918674032 0 8.94003833642
1.661506 -0.000345724441205 -1.308412 0.00011899507358 0 8.90933157203
3.750769 -0.000540058033212 -0.610791 -0.000205315038892 0 8.95332447783
-5.463994 0.0008551185004 0.730503 0.000281553875482 0 8.91396354464
1.570746 -0.000295544375008 0.246977 7.14666075112e-06 0 8.89097924331
-0.7248 -5.2255099783e-05 0.867803 -0.000206631041218 0 8.9641969716
-1.259561 5.60308949357e-05 -1.248024 -0.000400190543493 0 8.95365354379
1.121291 -0.000206679565452 -0.526732 0.000123344815291 0 8.93426995884
-0.928695 -4.82853737832e-05 0.591825 0.00011744721017 0 8.93519631161
-1.164396 0.000277646952528 -0.407463 -6.15933377992e-06 0 8.92896663115
2.530322 -0.000286333252393 0.87811 9.29266656196e-05 0 8.94589377313
0.290583 -0.000109850996021 0.750188 0.000212542139776 0 8.95909122143
-1.418536 0.000319217689663 -2.823915 -0.000341161311522 0 8.93027657832
-0.592367 6.34267287709e-05 0.026778 -5.98435795564e-05 0 8.95153405263
0.097453 -8.95824627713e-05 -1.359592 0.000217271102698 0 8.91719583274
-1.036042 0.000436235606817 -1.845371 -0.000547012392046 0 9.02496517925
-0.031724 -0.000257763455756 -0.58936 4.77212357273e-05 0 8.92306439771
0.084554 7.5483146636e-05 1.184715 0.000460330718885 0 8.94803118791
0.916323 5.77453772821e-05 1.250189 -9.99041381184e-05 0 8.9627916416
-2.185984 0.000335598762375 0.756381 0.000122661273776 0 8.93697957043
2.406843 -0.000294559692557 1.095412 0.000955473027986 0 8.88423107801
-2.252238 0.000383018202764 -0.121296 0.000224209955604 0 8.89082592961
-0.730566 2.24567737608e-05 -0.634145 0.000442812624753 0 8.89032474641
-0.76875 -9.49760917216e-05 -1.241462 -0.000154135310383 0 8.93096396316
-1.229496 0.000199336084382 -1.220372 -0.000438177143336 0 8.97579370966
-0.319857 0.000146314484706 1.78916 9.41892482291e-05 0 8.92086388432
0.73832 -0.000137159077129 -0.744384 4.61588999071e-05 0 8.90189811751
1.304054 -9.03907256771e-05 0.307559 0.000132107216875 0 8.96019766123
0.433121 -0.00025914898475 -1.102234 0.000330924660225 0 8.90939763403
2.3433 -0.000330890602766 -0.115466 -0.000258737142085 0 8.95924801644
-3.23997 0.000784442143452 -0.184074 -0.000188759557079 0 8.99125739988
-1.182648 0.00047167128929 0.089714 -0.000102145287905 0 8.9198222394
1.136248 -5.95287774197e-05 0.819247 -5.1355678512e-05 0 8.9432886339
2.311221 -0.000405329392941 -2.03134 -0.000843170038138 0 9.00703253801
1.744916 -0.000105892205751 -0.996013 -0.000848675121383 0 9.00603612806
-1.602127 0.000262830258374 0.348212 0.000238138445489 0 8.93683055219
0.929133 -1.26233172573e-06 -1.790393 -0.000389691335391 0 8.95897110912
-1.695719 0.000133114947862 -1.913635 0.000175192563828 0 8.93694215812
0.146202 -0.000110622865526 1.568062 -5.51169208514e-05 0 8.95618527829
1.36153 -9.28621272302e-05 -0.891549 0.000118168293812 0 8.9490116846
-0.21717 -0.00012284364911 -0.12002 -0.000186334923134 0 8.98675253094
-1.970012 0.000365695584928 -1.906189 -0.000441569429768 0 8.96650223061
0.699778 -9.34981519304e-05 0.109275 -6.29586958738e-05 0 8.91066367012
0.057616 -0.000104318715928 0.403674 -6.37141155352e-05 0 8.95084134846
0.981551 -0.000175845369143 -0.25647 -2.88287569018e-05 0 8.94821990192
0.538291 0.000128230747041 -1.731651 -8.70720569113e-05 0 8.90171486564
0.252625 -8.23035241205e-05 -0.707127 -0.000294174784446 0 8.93567563992
-1.716195 -0.000162752492355 -1.375928 1.53146330829e-05 0 8.92904621034
-0.371595 -0.000112323876033 -3.167299 -0.000473413039756 0 8.9838219168
6.831056 -0.000778435417096 0.37372 -0.000868554246019 0 8.98377908883
0.957667 -0.000186380219019 0.434967 -9.68096798306e-06 0 8.95490838664
-0.584704 0.000213947502651 -0.682512 -0.000357799912071 0 8.94279232852
1.332421 -5.2125026217e-05 -0.33432 -0.000205727928174 0 8.95134910173
-3.458533 0.0006429048855 -2.400899 -0.000110526851633 0 8.94256623177
-0.580511 0.000303400156646 1.776916 0.000406504151 0 8.94099215143
-1.987908 0.000176253009234 1.558449 0.000222237136966 0 8.95330648845
-1.751885 0.000140238701119 1.849138 0.000322342903228 0 8.92233649718
-1.087486 0.000163822726823 0.551076 -0.00033711362739 0 8.95553660135
0.80708 1.3349380257e-05 0.280145 -0.000178287108163 0 8.94094189766
1.570813 -0.000120264119122 -0.232135 -7.87670545506e-05 0 8.93027228866
1.757048 -0.00046880839003 1.241462 0.000110317466107 0 8.90800468129
-2.973965 0.000590951713494 0.915887 2.5561657532e-06 0 8.92914094881
-1.003376 -2.48569539679e-05 2.782166 6.66920840948e-05 0 8.92608127692
0.248142 -3.64200409353e-05 0.024295 0.000170666725861 0 8.92749437071
-1.639748 0.000279771011437 -1.059621 -0.000517414425856 0 8.99863084668
-2.361324 0.000275733298563 1.255015 0.000362834854598 0 8.93783719255
-0.876388 -9.93970079295e-06 -1.186351 -6.77342394863e-05 0 8.94628619259
-1.31052 0.000114538171105 -0.445952 8.75484294948e-05 0 8.91970812223
1.877584 -0.000175083772466 -0.723875 -4.36695734166e-05 0 8.95232300812
-1.160991 3.60855773061e-05 -2.269699 -0.000511470794428 0 8.97397087428
0.49625 -4.69938245767e-05 3.536124 0.000932718741838 0 8.89047478119
-1.116746 0.000246406943327 -0.414456 -0.00063322761933 0 8.9638295216
-2.079923 0.000482181488777 1.27944 -0.00014345712346 0 8.91513033715
1.697313 -6.37775801973e-05 1.074085 -2.11179200124e-05 0 8.9422817844
0.011621 0.000129894500869 0.005045 0.000122624044236 0 8.92674350317
1.376021 0.000104150371959 -0.408506 -9.55189218678e-05 0 8.96592370986
-2.351099 0.000153820072317 0.24259 -0.000347889998743 0 8.9660049086
-1.38858 0.000300435524199 0.685256 0.000423482788466 0 8.89536146599
1.737702 -0.000265766988992 0.800371 0.00051614502932 0 8.94277358245
0.665431 -6.36131152992e-05 -1.301607 -0.000715048571818 0 8.96417986869
-2.801043 0.000454057781998 -0.152253 0.000318450684064 0 8.8939020948
0.144722 -1.42651999276e-05 0.602525 4.30836131503e-05 0 8.95167227933
-0.474336 0.000124360762996 -1.0163 -0.000130962967213 0 8.95028284533
-0.89439 -0.000128905730592 -1.341336 -1.48465845828e-05 0 8.94037228322
2.148865 -0.000257061660714 -0.586579 0.000462412138499 0 8.87554718902
-0.728022 -0.000142000776516 2.436239 0.000870048367984 0 8.86032413137
-0.402111 0.000198996481396 -1.355037 -8.25833411709e-05 0 8.92118258147
-1.026343 2.78564702369e-05 0.640653 0.000317622799383 0 8.90656870187
4.065934 -0.000700963806292 -1.288726 -2.96908204314e-05 0 8.93645160848
0.82513 -6.57792403141e-05 0.113063 3.16635538404e-05 0 8.95338476461
1.683583 -3.70340293666e-05 1.859829 0.000743415610151 0 8.90426891145
-0.870967 1.84131413932e-05 -2.262894 0.000124586427577 0 8.93765775407
1.05771 -0.000200432138285 -1.177849 -0.00037399622663 0 8.96917904351
2.050892 -0.000196970192845 1.059889 1.99229877333e-05 0 8.97829422929
-0.27991 -6.5415009635e-05 -1.292966 0.000104848642966 0 8.92676722618
1.888268 -7.83019458038e-05 -0.886435 -0.000158968582646 0 8.95951626116
1.27523 -0.000436472551848 -0.875513 -4.43952179187e-07 0 8.89741145713
-0.222919 3.96984332369e-05 -0.620928 -0.000358108429698 0 8.93764690578
-2.875776 0.000736678627729 1.370321 6.51258875037e-05 0 8.94635534929
0.978293 -0.000465604351878 2.031587 0.000404917228838 0 8.92502960254
0.375662 0.000187383354003 0.844555 0.000495988592309 0 8.91353744959
1.494845 -0.00029568019386 0.01535 0.000327834256127 0 8.91690388771
-0.523936 -8.73179636382e-05 2.591667 0.000451208941939 0 8.91949580034
-0.620183 0.000169477382075 0.773514 0.000375985549479 0 8.95136007055
2.639183 -0.000496115747232 -0.383124 -0.000284578554739 0 8.99436537037
2.992971 -0.000390425885226 1.007282 -8.22385965153e-06 0 8.96076786856
1.21886 3.9508236425e-05 -0.370788 -0.000426769532054 0 8.9717932347
3.822205 -0.000551674848531 -0.600486 -0.000506525326006 0 8.977477393
-0.179825 -0.000137779914102 0.38591 -0.000116351435095 0 8.97324770896
-2.452301 0.000456055945282 -0.285534 0.000292049818882 0 8.89412814811
-2.031269 0.000388745278565 0.391294 -0.000129380934404 0 8.93911208727
-2.564439 0.000596309062312 -0.741597 -0.000187734196132 0 8.97752469922
-0.076278 0.000131004719141 0.104224 0.000141365579146 0 8.95943316718
0.689506 -0.000229753286318 -0.137944 -3.42034100224e-05 0 8.94015273738
-1.605447 0.000198560682896 -0.860567 -8.66917967707e-05 0 8.92814554871
2.576036 -0.000606780981357 0.393373 8.46816402703e-06 0 8.91530657154
0.357203 -9.60391272488e-05 0.802464 0.000462223498204 0 8.92687059591
-0.9597 0.000292477396197 0.266245 -0.000333880865496 0 8.89965372366
-0.938591 8.18916228114e-05 0.378356 1.05462447935e-05 0 8.90871984703
3.808317 -0.000320182956739 0.922431 0.000183551638564 0 8.91764018453
-2.076284 0.000307695795936 -1.111934 -0.000117270452846 0 8.95524091
-0.648255 0.000134204824939 3.250141 0.000583086067656 0 8.90292188367
1.217354 -0.000189081079014 -1.261253 -0.000100703422873 0 8.94695682816
-0.071757 -1.22439143174e-05 1.725649 0.00065309266244 0 8.93520384777
-4.694408 0.000869987849833 -0.581932 -0.000268213219337 0 8.98185194608
1.488779 -9.98722153316e-05 -0.41793 -0.000130930058711 0 8.9155787305
-1.457405 0.000360320022619 1.674019 -6.71679744421e-05 0 8.93577506953
1.858619 -0.000309113777688 -1.033918 -8.42508782532e-05 0 8.96449220808
-2.668292 0.000294390804233 -2.122624 -0.000127181253409 0 8.94828066044
-0.990529 0.000258955751532 0.065417 0.000296994936836 0 8.90336853408
1.118017 -0.000159217404221 2.641809 7.78617183536e-05 0 8.99107221041
-2.208378 0.000422983586989 -0.205417 -0.000246528656114 0 8.96496202642
1.325238 -0.000112107306691 -0.614703 -0.000137543122561 0 8.95210675198
0.416717 -1.56125326732e-05 0.531504 -2.54761286903e-05 0 8.92189729286
-1.71113 0.000292815449711 -1.263336 -0.000104671089357 0 8.9297812533
-1.341633 0.000252272886242 -1.2972 -0.000192033999211 0 8.96133860147
-1.292751 0.000160243768047 1.007359 5.05569759541e-06 0 8.93954362156
-1.004628 0.0001546483687 0.328174 0.000249849387545 0 8.93439328132
-2.145508 0.000452874116655 -1.085734 -6.78494016508e-06 0 8.95343118517
1.532859 -0.000154556417162 -0.379195 0.000361461667443 0 8.92892432737
0.561262 -0.000141948370401 0.050723 -0.000248537193342 0 8.92645806012
-0.925644 0.000288266128133 0.807212 -4.14749034296e-05 0 8.95518111976
1.388173 -0.00028336650832 -0.845905 0.000311485504631 0 8.89170806565
1.185304 0.000177843074996 -2.695301 -0.000239010321747 0 8.96001157126
0.951097 0.000132657216167 0.606668 2.33878676739e-05 0 8.91691980516
4.428059 -0.00060630015009 0.594906 0.00073582947925 0 8.9123155384
-0.075351 -4.69741302087e-05 -0.317839 0.000168326992115 0 8.94155697354
0.147949 -4.27140097541e-05 0.059299 0.00019450852273 0 8.94746631963
1.509674 -0.000285457077194 -3.041646 -0.00076725703396 0 8.96044822992
0.362132 0.000174135910007 0.935243 -0.000427417725399 0 8.95289397663
-0.142057 2.15875414404e-05 0.960386 0.000134130561431 0 8.90693488053
-1.87964 0.000296885990871 -0.45093 6.51110810734e-05 0 8.92792942588
1.054799 0.000116413941315 -3.249023 -0.00084013936348 0 8.96683665651
0.156508 -0.00017832484061 -0.740392 -0.000172043043798 0 8.95043097075
0.080121 0.000116791247065 -0.128921 8.00728447176e-05 0 8.91024583362
-2.940455 0.000339945852116 0.666968 8.63345577898e-05 0 8.88734559108
-0.582388 2.33900425547e-05 0.940811 0.000161258008167 0 8.94314043788
-0.016308 0.000175090852208 -1.213696 -0.000245624835192 0 8.9592411965
1.983595 -0.000246835662005 0.92285 0.000203875543939 0 8.932028078
2.652512 -0.000452564796785 -1.120918 -0.000251781122946 0 8.9541175681
0.665919 -3.92752722898e-05 -0.797256 9.91128557617e-05 0 8.91693854748
-1.768893 6.95985742486e-05 -0.357445 -9.44209397287e-05 0 8.93730016469
0.803351 -0.000262335637424 -1.071957 1.92664498551e-05 0 8.92720887267
1.297814 -2.76551233907e-05 0.901775 -0.000461509963703 0 8.99137563297
-2.205523 0.000310232241547 1.498286 0.000113495744955 0 8.96778323205
-0.803679 0.000249847130429 -0.475823 -0.000355650999477 0 8.93661895064
1.290347 -0.000174794887468 -1.624089 -0.000235524982125 0 8.97203725057
0.755828 -0.000198385176939 0.958307 0.000172652437281 0 8.92032205798
1.6554 -0.000615357232683 -0.877822 -0.000848221363187 0 8.98429166032
-0.702749 0.00019417278103 -1.68386 -0.000376195507607 0 8.9704915509
1.106664 -0.000614036562179 -1.587048 -0.000553289348521 0 8.9765598596
0.929843 -0.000406654777383 -2.550987 -0.000321921316421 0 9.00644817751
-0.00733 0.000331792854483 -2.026496 -0.000479969064004 0 8.95020563315
-2.223096 0.000278729545001 0.136666 -0.000318632556413 0 8.95299004127
-0.358959 0.00010322304332 3.223971 0.000880108574607 0 8.88899591302
-0.414016 0.000299027771441 1.645031 -0.000170139338402 0 8.96595669045
-1.766521 0.000236969713025 -1.976857 -0.000368764467383 0 8.98334356608
1.101577 -0.000443748320726 0.3817 5.62821510764e-05 0 8.9374281545
-0.729264 0.000239505050534 0.392051 0.000308287652054 0 8.90201263891
-0.496539 0.000297934768461 -2.343889 -0.000492765055369 0 8.97532084232
0.840547 -1.5104515174e-05 1.778612 -2.52211930514e-05 0 8.96392599765
-1.869621 0.00032359633916 -0.754325 0.000254491122616 0 8.92597355375
1.184824 -0.000146265245835 0.384837 4.75549797574e-05 0 8.94304116889
-1.355539 0.000307497441481 -0.023054 -0.000318527080684 0 8.93734861639
-2.562053 0.000502605016776 0.005821 -3.57058705686e-05 0 8.94583414208
-1.077652 -5.04644813155e-05 0.140952 -0.00032239185725 0 8.91537026942
2.084051 -0.00033196623196 0.409481 -0.00037233298537 0 8.98319453094
0.531697 -0.00011025272362 1.786378 0.000452315224782 0 8.90808144555
1.795696 -3.88484381137e-05 0.61417 -0.000416302460773 0 8.94860290756
0.500951 -7.54741680406e-05 0.558701 6.59754798836e-05 0 8.92133372919
1.018769 -0.000148744227256 -0.488421 5.13132265364e-05 0 8.93620639713
4.361112 -0.000659939556378 1.699767 6.39724393741e-05 0 8.93846159943
-1.33261 0.000176709558609 0.729804 0.000373404073234 0 8.95090313324
-1.99633 -0.000117992053452 0.425387 0.000147064317729 0 8.91623830702
3.109761 -0.000496613746785 2.746511 0.000323906311429 0 8.91253777603
-2.194467 0.000221624767229 1.301266 0.000278282721222 0 8.92433076385
1.353316 -0.000340442738295 -0.408049 -0.000373722557378 0 8.9395382442
2.667542 -0.000234808985413 -0.167999 0.000284896223472 0 8.93078851919
-0.274735 8.97665478623e-05 0.964373 0.000163390312865 0 8.96036398049
0.363032 -0.000163916712367 1.183475 0.000391387570846 0 8.91628940934
0.218569 0.000180731932402 -1.334104 -0.00024114973878 0 8.95258919834
1.473366 -9.17807725823e-05 0.71143 0.000230769291019 0 8.89834373139
-0.435024 1.49354227242e-05 0.600077 0.00035135922037 0 8.92153869222
1.964364 -0.000485819652704 -0.639481 0.000129758900664 0 8.91205874163
1.600785 -0.000153632537158 1.13534 0.000257662338735 0 8.95083922028
0.745949 -4.51268969594e-05 -0.922115 -0.000307313482871 0 8.96989682513
1.25009 -0.000393632050986 1.838992 0.000243939420038 0 8.90892703008
2.578698 -0.000554687464038 1.422169 0.000508694792304 0 8.91950900812
1.298245 -0.00043687897337 1.858016 -0.000109043954171 0 8.9573462702
-2.676146 0.000328784983816 0.162537 0.000391063604904 0 8.89760589095
3.130703 -0.000788488156801 -1.214434 7.09715551929e-05 0 8.93915342637
3.712887 -0.000701282779389 -1.377375 -0.000735328472189 0 8.98353733556
-0.757938 0.000123248144116 1.676155 0.000337705320984 0 8.93585104552
2.349861 -0.000188583088654 -0.907781 -0.000465467176473 0 8.9727133786
-1.176557 0.0001271967327 -1.583297 -0.000431642846689 0 8.93899473603
5.114773 -0.0010504200993 -0.229198 0.000107463988635 0 8.93714335155
-0.863872 -9.82680111929e-06 -0.584907 0.000119296276184 0 8.93955258322
2.786544 -0.000459079213917 -1.776551 -0.000251393319766 0 8.95988266602
1.637153 -0.000348875542359 0.534021 -0.000294990276694 0 8.96375642682
-0.027136 -9.21746672568e-05 -1.462594 -0.000443123748893 0 8.95189514366
1.885007 -0.000490654883816 0.378715 0.000221222677716 0 8.90239253576
0.237821 -1.3587745693e-05 -0.802585 -9.08275973064e-05 0 8.93959189966
1.30658 -0.000162584120938 1.002179 0.000180408094421 0 8.96933180379
2.855745 -0.00034280467191 -2.023889 -0.000232262542217 0 8.96065751502
1.730349 -0.00035348846417 -0.216801 -4.36936246728e-05 0 8.94367151795
-0.482583 0.000243655480944 1.312962 0.000162482574492 0 8.95564488149
2.49024 -9.73675333751e-05 -1.071816 -0.000468901639785 0 8.93156042424
1.443383 -0.000436043731809 0.417092 0.000385619041488 0 8.87213732065
0.019763 0.000146861458665 -1.349689 -0.000356321376732 0 8.92310291511
-1.826097 0.000481802383165 -0.597335 -9.97536456543e-05 0 8.9469951694
1.256167 -6.71955042668e-05 1.045374 0.000101706794318 0 8.95858649569
-1.366298 0.000106586561739 2.50064 0.000610445411544 0 8.92720678969
1.939011 -0.000332023544673 0.223458 -0.000216116296902 0 8.94272769729
1.002804 -0.000447264433297 0.421268 0.000429639986957 0 8.92829871005
1.457165 -0.00024077461096 -0.258293 -0.00052819276806 0 8.93109549108
-3.412509 0.00067454052821 1.512723 0.000496556555076 0 8.88550139245
-0.8981 0.000130294176582 -1.552277 -0.000118333738188 0 8.95107574237
0.884362 0.00017867160982 -0.843559 -7.16838818463e-05 0 8.92708934775
-0.239616 9.41927574127e-05 -0.186603 0.00011866106037 0 8.95741385948
-2.303958 0.00040109632893 -0.533489 -7.88093215423e-06 0 8.9641752614
2.010127 -0.000288425223503 -3.109888 -0.000710814944491 0 8.99140946356
0.513673 -0.000116878977194 1.243267 -0.000316002139313 0 8.95651268231
0.705529 -0.000232648823356 -1.336965 -0.000127658409832 0 8.92014122229
-1.236858 0.000399386708445 1.024791 -0.00014535961397 0 8.95233547226
4.444001 -0.00058855377041 -1.018358 -6.53252081694e-05 0 8.92080421026
1.585986 -0.000116565119796 -2.663168 -0.000216489584945 0 8.95017001437
-1.004508 0.000382215675645 0.992165 0.000106031221309 0 8.94510270846
0.70477 -7.70275849985e-05 1.556222 0.000906927745666 0 8.86755853756
0.108034 5.24759004033e-05 2.299566 0.000529331555636 0 8.89774801506
-0.185246 -0.000111031106964 0.958791 0.000118620622646 0 8.91660416087
0.801475 5.35090655917e-05 2.020386 0.000284925234886 0 8.93191333941
0.374817 -4.49408261966e-05 -2.232083 -0.000103185306282 0 8.94105967196
0.784873 -0.000124785950931 1.808422 0.000549656972965 0 8.90367477642
0.217644 -0.000107597424281 -1.199646 -6.5527429338e-05 0 8.92379290538
-0.721683 0.000125201858372 -0.417482 -0.000283276598307 0 8.96161353555
0.678145 -8.93062977813e-05 -1.805395 -0.000575980020219 0 8.97245157526
-0.770453 -0.000226564101738 -2.392243 -0.000390750950011 0 8.89968577103
-0.18655 0.000185842344251 -1.723769 -1.08183291262e-05 0 8.90261253776
2.362456 -3.75385303541e-05 -1.640493 -0.000364942211554 0 8.95928539735
-1.946135 0.000467844002427 2.437796 0.000662354055229 0 8.89134218511
0.693304 -8.76818221053e-05 -0.142467 0.000267401321285 0 8.92462813048
-2.052699 0.000291066606352 0.421113 0.000509938442559 0 8.91278942385
-0.572819 6.76680058183e-05 -1.651668 -0.00030017582122 0 8.95626967695
0.229874 1.9503241852e-05 0.232942 0.000256953751052 0 8.91715462531
2.687999 -0.000483994337927 -0.61179 9.34737732778e-05 0 8.90410086213
-2.716798 0.000740118196446 1.092755 0.000500511072553 0 8.92843068564
-1.15325 0.000355505452889 0.544978 0.00050334171543 0 8.91869598927
0.469682 -9.30699548064e-05 1.649572 -0.000151719800444 0 8.92372408015
3.019438 -0.000528373559071 -1.63993 -7.58321644613e-05 0 8.94496529124
-1.635838 6.75813715884e-05 1.152903 8.00002134278e-05 0 8.92852581169
-4.035776 0.000404497504417 1.974941 0.000101715866012 0 8.91701719039
-0.151263 0.000311584610859 -1.052792 -0.000282579696992 0 8.96753715052
1.515487 -0.000130184312079 -0.434974 0.000125405761705 0 8.91537893683
1.427673 -0.000307921233712 -0.474193 -0.000225710990542 0 8.95204128524
-0.806833 0.000314696085281 -0.461337 -0.00066700090126 0 9.02959818194
-0.252371 -0.00010469232951 1.045195 -4.51965747356e-06 0 8.9132470269
-1.721217 0.000281321838786 0.633442 0.000559216523375 0 8.91267809269
2.454042 -0.000316959387867 0.918095 0.000199567951446 0 8.9342440657
-0.224846 -0.000122923802 0.159276 -0.000148243065486 0 8.94325519489
0.949084 -0.000121759894405 -1.056737 -0.000190132272083 0 8.95155907708
-1.603435 0.000361913175327 -2.247001 -0.000779759792969 0 8.93757657983
2.699657 -0.000481598589244 2.219153 0.00101299426741 0 8.89835312015
-0.695625 4.28006889967e-06 0.108612 0.000331033364492 0 8.91014503391
3.02318 -0.000575746043433 1.976408 0.000113149810128 0 8.93034469669
-2.276981 0.000617978980511 0.196578 -0.00020651936729 0 8.97668342862
1.848626 -0.000409083785094 -4.165979 -0.000194590381048 0 8.96920614723
2.242414 -0.000168110484833 2.159231 0.000362635539592 0 8.96145337914
-0.377381 0.000177959553198 -1.478349 -0.000263514800372 0 8.96942299263
2.758273 -0.000428670209839 -2.591756 -0.000436508453234 0 8.91958644392
-2.772424 0.000456468302913 -1.017463 3.90276396219e-05 0 8.9285552857
-2.292263 0.000429429187102 2.66287 0.000143191788589 0 8.93039754867
-0.202951 -3.0857053621e-05 0.719927 6.88479730968e-05 0 8.94368862019
-1.464022 0.000183718192896 0.73433 -9.42192708446e-05 0 8.93181615218
0.979672 -0.000137029660693 1.492927 0.000216283608522 0 8.9315267114
-2.864404 0.000411568056258 -0.464268 -0.000137517439463 0 8.95765893235
3.832107 -0.00045759934181 0.057004 0.000771139164293 0 8.90036170169
-1.290095 0.000411513066523 -0.34787 -0.000116488331108 0 8.92201080341
-0.729021 0.000120643659067 0.277179 0.000352056247834 0 8.89937341864
2.419505 -0.000405444383033 0.542857 0.000277277682875 0 8.9658984569
-3.1205 0.000261110689697 -0.1433 0.000249329612013 0 8.93382390693
1.353696 -0.000254159368529 -1.583327 -0.00021028337448 0 8.92485746099
2.984017 -0.000316974695613 -2.568899 -0.000108631863721 0 8.94621311544
1.607262 -0.000477095778928 -0.150425 4.44699059155e-05 0 8.93111539853
-1.458991 0.000328047508859 -0.760262 2.15428212498e-05 0 8.93953032358
-2.011595 0.000111168567621 1.5822 0.000277094001458 0 8.89167507204
-1.224059 0.000233991853017 0.298464 9.98702323245e-05 0 8.94721994311
-1.952525 0.000254347459086 -0.664532 -0.000276530065814 0 8.99356280779
4.187177 -0.000664362236605 -0.338052 -0.000103892858306 0 8.92400100549
-1.68538 0.000299854111403 1.081678 0.000441192883001 0 8.9167158927
-2.837269 0.000519639472955 1.200309 5.86027238107e-05 0 8.91783979504
0.482567 -0.000158261951676 1.385121 0.000605811907429 0 8.91073280637
0.913117 -8.94466652535e-05 -0.982209 5.6762600791e-05 0 8.92607002791
-1.328507 0.000261798606196 1.354459 -1.26632145219e-05 0 8.92712772146
3.008442 -0.000715569827862 -0.992699 -0.000264377189774 0 8.96588272954
2.333036 -0.000109382881753 1.950768 0.00079951798012 0 8.87770538367
-1.314978 0.000259321908514 -1.288157 -0.000304579039935 0 8.94427906452
-2.390775 0.000294692287933 -0.195625 -0.000294605211058 0 8.96092293862
-0.721651 0.000240426212773 0.659751 0.000354917737423 0 8.92403158908
0.869927 0.000107465373232 -0.388446 5.80643832787e-05 0 8.89443005709
-0.280285 0.000147126511712 2.711965 0.00059731742137 0 8.93884635226
1.878974 -0.000203674256701 -0.679599 -0.000426023629632 0 8.97149083734
0.293085 0.000165817000836 -1.047641 1.05444275412e-06 0 8.93655105869
-0.327753 -7.65719510911e-05 -1.168318 -0.00023662158734 0 8.98589099259
3.94116 -0.000584581535946 0.093111 -0.000166780441797 0 8.98857193304
-2.858385 0.000118985231386 -2.296239 -0.000118751803667 0 8.95142310412
0.734545 -0.00011798382921 -0.162397 0.000347549438149 0 8.87629558645
3.302826 -0.000515646078935 -3.135981 -0.000677166170729 0 8.97989299939
1.933973 -0.000209751976914 0.772073 -0.000333859057126 0 8.92236557849
-0.569475 5.54937848963e-05 1.317687 0.00012643923785 0 8.93896905339
-0.642173 0.000184589629855 -1.628658 -0.000372344126054 0 8.9677278413
2.044976 -0.000357272197374 1.259443 0.000433244316997 0 8.94574962419
0.161745 -5.19224231494e-05 -0.818067 -0.000387572467807 0 8.976203048
-1.363283 0.000376388504981 -1.335303 -0.000229907797703 0 9.0035739081
-2.256159 0.000507826515315 1.716004 0.000216389909722 0 8.95846749497
-0.102999 -0.00017589783438 3.574526 0.000852384285429 0 8.89998717225
-0.415803 1.91290987854e-05 -0.107619 -0.000184984563421 0 8.94220032725
-0.786036 -0.000100209303792 -1.731943 -0.000280148803855 0 8.97379700834
-1.431539 3.03600594474e-06 0.288689 -0.000287587156633 0 8.95736262607
-1.28108 0.000254494269408 -1.263988 9.2649976224e-05 0 8.91750959273
-1.261739 0.000257326937543 -0.150205 -0.000228232024799 0 8.97681278022
1.921456 5.70657716817e-05 -1.649016 -0.000725863512753 0 9.00377879612
-0.497701 0.000119969364346 -1.070174 -8.19962125709e-05 0 8.94994866972
-1.345061 -0.000101727382523 0.242637 0.000358372414522 0 8.9154908383
2.678658 -0.000417211772412 0.832191 0.000420732255674 0 8.88680935755
0.272039 -4.86274850717e-05 -0.361429 -0.000362427361153 0 8.96329813903
-1.403799 -0.000104942709771 -0.678204 0.000115257258397 0 8.96797985171
0.779067 -0.000137254614947 -1.64115 -0.000671768290097 0 8.9782768001
-2.5759 0.000626464153183 1.273608 0.000755073002424 0 8.85949034008
0.208951 -0.000120508778542 -1.909232 -0.000353663729104 0 8.99231720816
0.872561 -3.90139037185e-05 -0.045518 7.46474128855e-05 0 8.93240243371
0.561777 -7.86741307532e-05 -1.851305 -0.000724311339524 0 8.97741469887
0.36514 -0.000329787423862 0.855288 0.000382267728973 0 8.90638786133
-1.08945 0.000289744866438 -0.76282 -4.41227675565e-05 0 8.91784359217
-2.016621 0.000570263561648 -1.008301 -3.55407888598e-05 0 8.94999387216
-3.426302 0.000609342191368 1.020672 0.000269056239887 0 8.92240586063
0.951006 -0.000169020869623 0.904032 -0.000164724128819 0 8.92941842394
2.940025 -0.000580489137467 -1.897055 -0.000171808134271 0 8.89911974819
2.103733 -0.000379440131569 1.28402 9.29804217447e-05 0 8.96660914627
1.25538 -0.000230714819074 0.862279 0.000146413754768 0 8.93083040938
-0.738294 2.13561931188e-05 0.956386 0.000268355700019 0 8.9296187443
0.196381 -9.44809452346e-05 1.032742 1.83208198501e-05 0 8.91581416271
0.123594 0.000387179877497 -0.745254 -0.000420018468167 0 8.97620039068
-1.479618 0.000463197163662 0.02908 0.000250660419317 0 8.90233019945
-0.831559 -0.000230716979889 -1.031804 0.000336554000651 0 8.92279126917
-1.954207 0.000159754413982 -1.529393 0.000224523916496 0 8.92677291276
-0.473246 -0.000190380719507 -0.633374 8.67677457864e-05 0 8.91363201537
0.727077 -0.000181151255334 -1.244901 0.000165772702475 0 8.90055604135
-0.053093 1.82603877925e-05 0.090364 0.000236825313819 0 8.91994289057
1.277392 -0.00033339447306 1.404831 0.000660888224167 0 8.90469789498
1.110958 -0.000369084694327 0.141763 0.000510584644279 0 8.93165593504
1.818212 -0.000276644742382 -0.407398 -0.000320389361778 0 8.9763727734
1.724664 -0.000467932931422 0.548055 0.000469227909407 0 8.97673490126
-1.923982 0.000170391309046 0.836802 0.000113353355251 0 8.94831388106
3.332698 -0.000418622260005 -2.405034 -0.000605036234953 0 8.96314218521
-0.882518 0.000295511967666 2.137045 0.000122908458365 0 8.91396141423
0.37399 -0.000350627858729 0.699685 -9.21641071435e-05 0 8.91301790785
-0.176704 6.58508956954e-06 0.962579 0.000714413309826 0 8.88132212518
-0.159646 -0.000225852639444 0.558744 0.000586307668198 0 8.89121751718
0.132467 4.77126821404e-05 3.038949 0.000536075309662 0 8.88240043782
-1.074152 0.000208501216201 -0.725253 0.000146254396935 0 8.91345985962
-1.624179 0.000137403000643 -0.56305 0.000489817103077 0 8.88221181282
1.934456 -0.000480108511729 0.738931 0.000162077844701 0 8.93659179809
-1.65571 0.000285680679575 -0.053007 0.000492715672276 0 8.89762602732
1.651395 -3.00755099718e-05 0.214467 6.79846598609e-05 0 8.95599963608
2.6898 -0.000458024036171 -0.855721 -0.000343305645556 0 8.97254874964
-1.822404 0.00055862770359 0.54515 0.000330348246203 0 8.93396879327
0.38553 -0.000195071988031 -1.480775 -4.6712618143e-05 0 8.95663883398
0.007489 1.63326520262e-05 0.2993 5.34849892946e-05 0 8.90574986376
0.223033 -0.000161456353034 -1.809737 -0.000632775759963 0 9.01271589
1.256919 -0.000249753316463 0.069358 -5.02432346794e-05 0 8.96741736902
-0.241559 7.34194443508e-05 1.448625 0.000449369944681 0 8.87817128753
0.543926 5.74902605137e-05 0.229041 -8.58332849476e-05 0 8.93883322756
-0.30606 -0.000167689315771 -0.199814 -0.000168534394054 0 8.95497398218
0.181129 0.000234192787094 0.300217 0.000166137607317 0 8.89784013655
-0.733632 0.000211406641123 0.805977 0.000315967885705 0 8.90454389798
1.128389 -0.000411796743711 0.069567 0.000449691886697 0 8.91959446111
-1.518598 0.000401957213333 -2.890438 -0.000295811353648 0 8.98247790147
-2.009718 0.000240623623015 1.180353 -9.33634106857e-05 0 8.93383036692
-2.75941 0.000534471221923 1.085536 0.000188611424232 0 8.94669868841
0.230202 9.59707372929e-06 -0.80717 -6.33707616358e-07 0 8.96031023217
2.037882 -0.000403242181441 -0.95404 -2.3963467863e-05 0 8.94281231439
-2.612276 0.000464526451501 -0.416829 7.98301445715e-05 0 8.93666206576
-1.151129 0.000243437054094 -0.967911 -0.000274831481554 0 8.95852677621
-0.591571 -2.77402690833e-05 -0.99737 -0.000440211871837 0 8.98562503338
2.217222 -0.000411816762912 2.432041 0.000432306673556 0 8.92091873335
0.738651 -0.000198636415658 -2.101818 -0.000300870511148 0 8.9331403171
0.407481 4.47780647126e-05 -0.570214 -0.000165625046825 0 8.95594495016
1.66957 -0.000360705700212 -2.146674 -0.000339750103305 0 8.92531749542
2.700106 -0.000689847955236 1.25962 -0.000247809782414 0 8.89931352496
-0.859869 0.000251179259568 0.963804 0.000193206363164 0 8.94863909395
-1.368883 0.000276835197987 0.205982 0.00029994188884 0 8.91030546351
-1.778155 7.31797413583e-05 -0.587777 1.20942703295e-05 0 8.93205327704
-0.307129 0.00019297776707 -1.603182 -0.000356860385421 0 9.00887613315
-0.24405 -6.49601087551e-05 -0.517394 -0.000147548519577 0 8.90103821401
1.324103 5.9004579559e-05 1.920454 0.000219255091678 0 8.95871372556
-0.04585 2.16209771928e-05 -0.702946 -0.000527084971726 0 8.96865537683
-0.804842 0.00024159641079 -0.519432 0.000453705257886 0 8.93690748678
-1.182143 0.000357351763882 0.187061 -4.00604367499e-05 0 8.93681326786
2.549747 -0.000168752562319 0.221067 0.000288261400012 0 8.93080097208
-0.640787 9.8754336924e-05 -0.104954 -0.000103789074103 0 8.96232646097
0.796914 -0.000264720331133 0.873285 0.000154447435086 0 8.91529767517
3.141411 -0.000434157929478 -0.422638 -1.19221294396e-06 0 8.91954755583
1.063373 -0.000307320666491 -1.404638 -0.000526824964148 0 8.93690661654
-0.520157 0.000154907130197 -0.514525 -0.000179300191595 0 9.00121243005
0.324875 -0.000155157473678 1.379202 2.0737988292e-05 0 8.92773753911
4.408666 -0.000449437247142 -0.635333 0.000429120783554 0 8.92022000017
0.252724 -0.000181251801004 0.942586 0.000822131667752 0 8.90490457916
-0.080685 4.76417625788e-05 3.766974 0.000684829332848 0 8.93793277493
-2.244442 0.000513340262243 1.707016 -4.01281065074e-05 0 8.9076105032
-0.810899 0.000289567800762 0.045804 -0.000214603874835 0 8.96958003969
0.324811 0.000280876918059 -0.945798 -0.000216535625685 0 8.96490942211
-1.346732 0.000288923248132 1.069182 0.00015465866667 0 8.93453163855
1.281982 -0.000186526949068 0.2091 -7.3322901352e-05 0 8.94011471126
0.251846 7.19648620758e-05 0.773641 9.20063413333e-05 0 8.94648482693
3.998602 -0.000393563361191 0.990146 0.000209618136691 0 8.96761441275
0.277153 -0.000120443593972 -0.723519 4.43838486706e-05 0 8.91295084807
1.869776 -0.000197773674523 -2.091261 -0.000817594766189 0 9.0064759747
0.851687 1.35140258485e-05 -0.918802 -0.000684148585072 0 8.98407097655
1.686355 -9.93035423025e-05 -2.26527 -0.000490333022604 0 8.98865571178
-0.803131 9.76013410459e-06 0.214774 -0.000157542679324 0 8.96101961957
-1.296678 0.000526135367463 -0.20906 -0.000252105035438 0 8.97347751003
-0.732801 0.000293110685597 1.658253 0.000224758478673 0 8.94293948171
-0.179589 -8.23655539892e-05 1.177269 5.96417994217e-05 0 8.92422672397
-2.272102 0.000354370971614 1.806297 0.000475305659195 0 8.93624053322
-2.543737 0.000461183955791 0.310773 0.000114738178872 0 8.94205225063
2.524026 -0.000352986446415 -1.338664 -7.44676285531e-05 0 8.88909624008
-2.158395 0.000260279133236 -2.236115 -2.30039040996e-05 0 8.93061377755
0.203041 -0.000166120821369 0.985047 0.000135521168243 0 8.96040686735
0.580423 -0.000146133347637 1.001214 7.56415494049e-05 0 8.91344590312
1.038642 -0.00013798342211 -1.003589 0.000266672077081 0 8.93387339619
1.86703 -0.000311213581427 0.393872 6.09642166327e-05 0 8.92827021364
-0.495513 0.000411654838309 -1.282627 -0.000259175853204 0 8.96320092874
1.290783 -0.000270463506977 -2.088972 0.000294335380113 0 8.91171757586
1.586864 -0.000299315138424 0.19432 -0.000386498951963 0 8.9742692144
-1.970697 0.000256763733659 -0.176274 0.000123525014498 0 8.93324724863
0.188388 -5.08738308315e-05 -2.055997 -0.000494865207723 0 8.96894727195
-2.573688 0.000509696109072 -0.831892 -0.000468859149758 0 8.98042192239
-0.173835 -0.000110833829505 2.260635 0.000151688227806 0 8.92860292633
-1.395324 0.000210975686446 0.128657 -0.000324152736757 0 8.96717032216
0.228855 -0.000228548364467 -1.259723 -0.000216195904085 0 8.95730018291
-5.454952 0.000912403473551 0.414981 2.18261880553e-05 0 8.95096208942
0.565802 2.01425016058e-05 -0.810428 0.000172525665375 0 8.89356875172
2.420977 -0.00063168780822 -0.198886 0.000343328604922 0 8.8710417649
0.896118 -0.000164600571698 0.322603 0.000169125250998 0 8.93665146996
-0.216712 1.12600675655e-05 0.579053 0.000537224030614 0 8.91712179634
-2.552586 0.000282645471513 -0.416924 -0.000161695275257 0 8.97665494772
0.784131 -0.000207157231225 -0.512406 4.00480486973e-06 0 8.92355513973
1.940292 -0.000283864370418 1.622207 0.00042502297822 0 8.94390650564
-3.048908 0.000423329342952 0.57959 0.000451443971948 0 8.87538904414
-0.986538 0.000498106278129 0.323475 1.23486599738e-05 0 8.91291599999
-0.565206 0.000267812800516 -1.432824 -0.000316066510209 0 8.99429248176
-1.992084 0.000177829382449 1.607788 -0.000110199183022 0 8.94119305668
1.203836 -0.000244602486569 -1.562553 0.000153325094976 0 8.91995078691
1.70452 -0.000270387614274 0.314882 -0.000340618937032 0 8.97447357088
-0.320782 -0.000122200885359 1.075333 0.000234042792122 0 8.92302877469
2.164218 -0.000489591006825 1.322697 0.000680386890613 0 8.89842814798
-1.112251 -4.69178391614e-05 1.535747 2.4804602663e-05 0 8.9108346475
0.019337 -5.07356854033e-05 2.366732 0.000452041554943 0 8.91234327101
1.727381 3.8569651266e-06 0.501587 -0.000120068251684 0 8.92998625298
-0.043662 -0.000305495164287 -0.234719 3.28410448357e-05 0 8.93626142674
-0.097054 9.1520918362e-07 -1.151227 0.000816462790001 0 8.85874661171
-0.895888 -2.38981588503e-05 -3.603152 -0.000658284870495 0 8.96873162916
-0.681158 0.000238920613999 2.175299 0.000279092456807 0 8.91443127293
-0.624838 8.54441894735e-05 1.425148 0.000637433815774 0 8.9022180904
0.295675 0.000313588788925 -0.256682 -0.000458195369125 0 8.97768656939
0.623322 -0.000160525808468 0.410298 5.71281356825e-05 0 8.91676210678
-0.966433 0.000142360176708 -0.181218 4.36954141693e-07 0 8.9245325208
-1.251767 0.000342836321385 -0.855786 0.00015665471887 0 8.92482436502
0.206259 -7.11037337401e-05 -3.722255 -0.000452461759556 0 8.92243763871
-1.672935 1.45227155257e-06 2.506163 0.000691289526525 0 8.88275404081
-2.069451 0.000330939732561 -0.458085 0.00030406871103 0 8.92877793698
-0.611455 0.000203004268916 -0.472574 6.62202330544e-05 0 8.96127486698
0.331947 1.1559713574e-05 0.404417 -0.000158359557177 0 8.94868056942
0.357664 -3.07673245158e-06 0.281766 -0.000644964467116 0 8.98878443142
0.179491 4.02179056464e-05 -0.020751 -7.81201768937e-05 0 8.94711183092
-1.137127 0.000373603694283 0.558494 -0.000159559242943 0 8.97913838295
0.108065 4.55191329652e-05 -0.26474 0.000269503376223 0 8.92464990224
0.871156 -0.000230985424723 2.459032 8.21755065555e-05 0 8.93654197906
2.397528 -0.00011633397163 -0.347101 -0.000671881595671 0 8.99824544331
-0.442918 0.000236923217568 -0.977941 -0.000287667715822 0 8.94040376
2.38691 -0.000286708948325 -0.72477 -0.000378871729055 0 8.92060020204
-0.484359 0.00017659811536 -0.195607 -0.000340827447785 0 8.94408921548
2.136479 -0.00020531498612 -0.107251 -0.00032733871374 0 8.99661565849
2.058131 -0.000231059584817 -1.389705 -0.00031122444017 0 8.94621744636
0.663272 -0.000130485694072 1.852844 0.000449252184533 0 8.94108609892
0.867576 -0.000261041533054 -2.002388 -0.000515693285057 0 8.95138513666
1.844924 -0.000131731323407 -1.49933 -0.000536869002107 0 8.94887901713
-1.511419 9.10699559882e-05 1.918802 0.000399926242678 0 8.90105034657
-0.042082 -0.000364873250813 1.667149 0.000341552994106 0 8.91365901562
-0.397035 -0.000144045662719 1.068146 0.000255170966554 0 8.93261155924
-0.239769 0.000189185244888 0.888577 -0.000742230690767 0 9.0104317538
2.015287 -0.000511027767842 1.953835 -0.000294120559828 0 8.97785749303
0.466187 -0.000309390890042 1.084577 0.000221062732249 0 8.94645487555
-0.280262 4.80041142628e-05 0.332357 -1.33866164787e-05 0 8.93462064359
1.887735 -0.000462416437052 -1.946169 7.73404884609e-05 0 8.90559996317
0.483779 -0.000279222289661 0.628675 0.000339947119115 0 8.95186018785
0.2519 0.000189273776407 0.916106 0.000113989647751 0 8.94957581804
-0.848495 8.22030377564e-05 -0.801908 -0.000104864544551 0 8.93499722468
-0.530665 8.8966773891e-05 0.555535 4.21498568141e-06 0 8.95489619534
0.347769 -0.000115304990533 -1.040335 0.000225785792302 0 8.93112850144
4.661829 -0.000622576565026 0.447293 -0.000201817478966 0 8.94959147914
-0.760447 0.00025864406677 -1.167523 -0.000332661587189 0 8.94999417382
2.394158 -0.000526150704653 -0.606718 -0.000187959208419 0 8.96239180462
-0.892773 0.000232416824161 -0.101409 -8.89100253566e-07 0 8.91689352591
2.251017 -0.000806945746626 -1.166353 0.000410390762164 0 8.89317013545
3.063126 -0.000553531329519 -1.343323 -0.000173354071158 0 8.93305225898
1.931228 -0.000604185507865 1.100462 0.000344450969978 0 8.91150325194
0.879387 -0.000270689392752 -1.548633 9.57611413109e-06 0 8.92715864892
1.019335 -0.000298370825756 -0.804259 6.18034479939e-05 0 8.92325964136
-0.87103 0.000201767397815 -0.581124 -0.000253241947889 0 8.96082669107
2.599556 -0.000423889616908 -0.348791 -0.000116120664852 0 8.93918294617
-1.553505 0.000153077709487 0.344321 0.000270172949625 0 8.94520546657
-0.161987 -9.76876542958e-05 -0.313175 -9.08932178113e-05 0 8.96198463369
-1.001766 0.000219499646988 -1.539659 7.06490321139e-05 0 8.96239338964
-0.022727 9.30828104469e-05 1.325981 3.2565491553e-05 0 8.93970586844
-1.086099 0.00017049141781 0.641619 2.06808775457e-05 0 8.93904008419
0.686522 -0.000328503310219 2.989052 0.000416107434882 0 8.90840156988
2.628486 -0.000396141980866 1.170421 0.000214552153836 0 8.92284569452
-3.663221 0.000482812069697 -0.779498 -0.000429346628867 0 8.96828641029
1.67804 -0.000455832285571 -0.651109 -0.00041247490775 0 8.96664682879
0.014534 -6.94923453412e-05 -1.485237 1.97362562335e-05 0 8.93976373801
-1.780054 0.000259630432446 -2.859087 -0.000385161546774 0 8.96048465887
-2.037797 0.000153273532729 -1.968285 -0.000259889155895 0 8.93000340764
1.428144 -0.000129545060279 0.24148 0.000188558301523 0 8.92814140274
-1.799438 0.000323270061735 0.345393 -6.99888928192e-05 0 8.95476200587
-3.482934 0.00070969361632 0.291449 -0.000633801651278 0 8.99377817296
2.699803 -0.000436497949294 1.227933 0.000234606777646 0 8.98124950149
1.910376 -0.000625916744803 0.50739 0.000398374016191 0 8.9165548795
0.763363 -0.000148917325434 -1.122032 -0.000441602239371 0 8.96024653059
0.990263 -0.000277693030496 -1.450565 0.000458799717436 0 8.89147671912
-1.505532 0.000324906898342 -0.091255 -0.000280634935449 0 8.95423035625
-0.730306 5.42247142392e-05 2.978344 0.000236501181508 0 8.93538411548
0.494525 -0.000265512771984 2.445787 0.000451377759603 0 8.90035224604
1.1307 -5.22790633477e-05 -0.030402 0.000217722870503 0 8.93199857362
0.418236 -6.51748993463e-05 1.157046 0.000374311508177 0 8.92323604644
-4.603728 0.000633304713598 0.011903 -0.000142218272074 0 8.95861225977
0.12418 -0.000110943744149 0.284821 0.000270473386434 0 8.90995041212
-0.000284 -0.000168205470415 1.477114 0.000525223336684 0 8.88682760265
-1.590845 0.000164041024407 -0.554321 0.000533316319704 0 8.91117201266
-1.58358 0.000268014290309 -0.125334 4.14044104728e-05 0 8.9163864434
-0.581451 0.000133277502779 2.471931 0.000107690254571 0 8.92302829435
-1.237692 0.000219005917027 0.954298 0.000209511069672 0 8.94239383982
-1.588675 0.000199133555178 0.72772 0.000327425290971 0 8.9125831773
-0.926168 0.00041804656713 0.347981 -1.95694992316e-05 0 8.95447811098
0.46983 -6.26833282407e-05 1.297436 0.000448272082375 0 8.89226296034
0.67178 5.54184329741e-05 -0.016125 0.000143669376477 0 8.97051402227
-3.434178 0.000380938851994 0.649912 0.00016726925128 0 8.91326781621
-2.269325 0.000404678844309 -0.661907 3.58057979281e-05 0 8.9627206789
1.488397 -0.000545192893395 -0.705418 -0.000310041862149 0 8.97643854416
-0.372251 0.000441075407725 -0.621631 -0.000562755171122 0 8.95097328948
0.603444 -0.000135279115986 1.778072 0.000171240334524 0 8.99689284777
-1.325317 0.000243511471722 -0.131291 -0.000200008063292 0 8.96556743761
-4.216382 0.00047546542207 0.099079 -0.000133051266492 0 8.92162050872
0.011748 0.000145672317713 -0.490272 -0.000118674530366 0 8.94205348652
-1.586084 7.00793180709e-05 -0.71591 -5.37523066612e-05 0 8.95404804154
1.073782 -0.000313555208578 -0.891286 -0.000129726120809 0 8.90756997066
-0.821188 0.000227027908913 -1.56035 -0.000650355104257 0 8.95155574073
1.086748 -0.000527337028563 0.713116 0.000519363018253 0 8.96345296048
-0.200298 0.000315959111509 -0.596954 -0.000363817211826 0 8.92594242948
-0.85628 -0.0002355396017 0.809227 0.000134182000375 0 8.90956892709
-0.487239 0.000159513911154 -0.7862 -0.000104372213979 0 8.93577528488
0.903881 -0.000419567423482 -1.215744 -0.00108680063353 0 8.98103454555
-1.894066 0.000369513864413 -0.601002 0.000229074468207 0 8.88694060578
2.001667 -0.000444727796221 1.324646 0.000646333949197 0 8.91952402104
-1.760398 0.000402581551102 1.590325 0.000786691646438 0 8.9110513111
-1.497373 0.000169555313216 -0.13328 0.000271388757121 0 8.94025246991
2.629906 -0.000492052253553 -0.128788 -0.000371837835828 0 8.98394052531
0.152555 -5.46471601933e-06 -1.56798 -0.000345052533919 0 8.94495937843
1.302405 -0.000256074509948 0.549189 0.00010486779149 0 8.9193519458
-1.999159 0.000562852566921 -2.020423 -0.000464891422356 0 8.96157297507
0.328506 -0.00025517360176 -1.897329 -0.000622154632722 0 8.98718234138
2.116519 -0.000158963169236 0.172856 -0.000403086716427 0 8.97928192224
-0.338397 0.000152197357067 -0.178336 -0.000290834220895 0 8.95956444091
0.385904 -8.17397381343e-05 2.315838 0.000649232241773 0 8.8995312917
0.991314 -0.000304241709935 1.034824 0.000183631378393 0 8.9658872014
2.183292 -0.000212656556165 1.207825 0.00010913757849 0 8.9228560498
-2.060888 0.000244297351529 2.076266 6.17633816895e-05 0 8.92914511997
-0.202615 9.44970163583e-05 1.2327 -2.62483270739e-06 0 8.93340461348
-3.27451 0.00027766015358 -0.903746 6.30850695176e-05 0 8.95505813873
-0.930779 4.16967046853e-06 -0.427716 4.95328638833e-05 0 8.9249782669
-2.43887 0.00033529541109 -0.66294 0.000406605406741 0 8.94759270128
-3.634604 0.000581887151178 -0.485688 -0.000107912867288 0 8.92075934759
-2.150857 0.00032830033432 -1.083837 -0.000294356535828 0 8.97929963655
-0.585542 5.48717291241e-05 -1.738675 -3.8106634271e-05 0 8.95185175994
1.479983 -0.000189445712481 0.065234 -0.000231887735804 0 8.9082465611
0.122071 0.000117775863138 -0.701072 -0.000367390965573 0 8.98410175344
1.234737 -0.000221477174642 0.339125 -0.000304850779264 0 8.95888689182
-0.978138 7.28591260037e-05 1.501313 -0.000162846182864 0 8.94638392635
1.945465 -0.000637521769588 3.031611 0.000347086406413 0 8.93969047288
1.10484 -0.000280545873003 2.832982 0.000576034710967 0 8.9073416959
2.019783 -0.000234164959353 -1.97096 -0.000357765055179 0 8.94323989391
0.491569 -6.64122998266e-05 0.090791 8.4210462032e-05 0 8.93369626088
-0.374133 -2.03296385187e-05 0.519181 -0.000262934933591 0 8.95505583316
1.378194 -0.000121815945076 2.053701 0.000475207665849 0 8.88934553513
0.622194 0.000140334142625 -1.581274 -0.0005784693986 0 8.97389343399
-0.402702 1.3346029805e-05 -0.385691 0.000189098034478 0 8.95717074417
0.138916 -0.000129791746459 1.345796 0.00015907354933 0 8.92432375833
-2.976154 0.000498181815991 -1.024812 -0.000200362132622 0 8.95133787679
-1.495267 0.000304660370473 -0.677032 0.000670765647746 0 8.90914717325
0.97409 -0.000107091621913 -0.413629 -0.0001350958847 0 8.95571582431
-1.611184 0.000511906908048 1.164997 0.00030467504888 0 8.89273204944
-0.871247 0.000411694257798 -3.057687 -0.000579415541054 0 8.95698576856
0.405859 0.000227276462502 -0.695709 -0.000764904527868 0 9.00313576363
-1.286248 0.000114255933717 0.099902 -1.3594453706e-05 0 8.97070925082
-1.009081 0.000306534725971 -1.388634 -0.000461045054559 0 8.96727970623
-1.346432 0.00044379319184 -2.379999 -0.000369940543171 0 8.94260777927
0.875379 -0.000200574294803 1.616965 0.000591008935361 0 8.88902746182
-2.533626 0.000557059160801 0.083007 -0.000194689969402 0 8.98539823362
2.1089 -0.000360308841442 -0.607378 -0.000196220505576 0 8.94838700237
2.007003 -0.000467126988731 -1.275668 -0.000375402107075 0 8.95464010457
0.810719 8.72422313365e-05 0.585778 -0.000433867547461 0 9.01514537794
-0.48699 -5.83202110676e-05 -3.059799 -0.000489458586893 0 8.92253600555
0.0713 6.53506194806e-06 -1.621688 -0.000747599898697 0 8.99116599815
-0.084841 4.41319096472e-05 1.419709 0.000182955043034 0 8.98352973617
1.754144 -0.000162865972709 -1.531369 -0.000406189053742 0 8.97363033251
-1.542719 0.000391814046803 0.305154 -9.85838655113e-05 0 8.93061562198
-0.353402 0.000163248973956 0.401491 -0.00025436183557 0 8.93741919012
-3.111357 0.000141589155726 0.941794 0.00039211739214 0 8.90285789762
-2.305841 7.80297606395e-05 -0.798393 0.00031448424925 0 8.94073348249
-1.122775 0.000234477097911 -0.867459 -0.000232223795195 0 8.98578012621
-0.842468 8.61402756365e-05 -1.929537 -0.000606056971968 0 8.95626797651
-2.956027 0.000436793783355 1.834153 3.28053789601e-05 0 8.96930386758
2.155888 -0.000294007799847 0.941472 0.000631522986268 0 8.88511063775
3.100877 -0.00049370705053 0.112519 -0.000245008957379 0 8.94566255563
-1.613873 0.000286883508465 0.044898 -0.000245969743474 0 8.93389864168
-1.076473 0.000110668552415 -1.086561 -6.379149924e-05 0 8.9789215018
-0.540382 -5.50558270902e-05 1.277299 -4.60925106128e-05 0 8.94327280219
0.072941 0.000106810174019 -0.092611 -0.000384278709223 0 8.94887009766
0.381815 5.55999009409e-05 -0.876368 0.000125957675086 0 8.91333253948
-2.064715 0.000391148360279 -1.680095 -0.000321456326329 0 8.97442090796
0.714941 -4.55780458055e-05 2.079684 0.000433614961503 0 8.93955578675
-4.019683 0.000695325289181 0.60539 0.000229545529704 0 8.94213961348
-1.790264 0.00030796127078 1.952093 0.000426287107014 0 8.89367661891
-0.298775 0.000178793246396 1.08396 1.12779608241e-05 0 8.9488938072
1.465275 -0.000139724388838 0.630022 1.29122826676e-06 0 8.94398294263
-1.39822 0.00024331704697 0.105153 6.36116906447e-05 0 8.94758564903
-2.63376 0.000378406955204 -0.476746 0.000210404311148 0 8.95226033574
-1.506376 0.000436532137988 -2.073403 -0.000813721835718 0 9.04489438426
-0.145321 -5.9100390494e-06 1.741567 0.000308112581559 0 8.91914343277
-1.740837 0.000221104356289 -0.090577 0.000202120829548 0 8.91221203812
-1.694569 0.000125610191885 0.701607 -8.74112363387e-05 0 8.92542988446
-3.316585 0.000816587787552 -0.100174 -0.000198622722571 0 8.94568328202
0.177727 0.000237361332068 -0.223034 -6.13847476533e-05 0 8.98116921197
0.992422 -0.000179223472982 0.155796 0.000675010295096 0 8.92752277851
-0.749962 5.51466365693e-05 0.999687 0.000568339690726 0 8.90128180435
1.115953 -0.000403490388106 -0.301459 -0.000224124875174 0 8.98737936007
0.982006 5.87631087043e-05 1.402245 0.00017772410191 0 8.95519977088
-0.103988 -4.93218949152e-05 1.850129 0.000327759537553 0 8.90105533626
-0.23859 1.03613279481e-05 -0.287932 0.000133256457146 0 8.91814576903
0.928987 8.85918925073e-05 2.065522 0.000309288980929 0 8.92652496923
0.588878 -0.000197254399044 -0.041689 -0.000347664203576 0 8.94429476834
3.174187 -0.000490283180472 1.375289 -0.000507687774364 0 9.00258370273
-1.136621 0.000300574826957 -0.103219 -0.000229362388502 0 8.96146138398
-1.018158 0.000180466902241 -1.409521 -0.000105195004282 0 8.92935987925
-0.467549 0.000105537275479 -0.781342 1.98552711961e-06 0 8.92117749038
-0.796801 0.000222691467131 2.478235 2.19134307369e-05 0 8.94407847743
-3.950528 0.00029985099737 -0.881413 0.00028248389593 0 8.90957044687
3.543021 -0.000549036697204 -3.287488 -0.000566008874894 0 8.95211168144
1.023463 -0.000189783564257 0.375511 0.000110622138493 0 8.9485841633
0.044435 0.000333159447256 1.259587 0.000595580217413 0 8.95562435901
-1.72733 0.000111927049648 -0.792897 -0.0004320044779 0 8.94559283793
-0.071451 0.000285919942168 -2.060685 -0.000338859271583 0 8.97161949215
3.318344 -0.000805461958538 0.373725 0.000300271953169 0 8.92320548685
-0.379535 -6.91482044169e-05 -0.667578 0.000160320144871 0 8.93373137194
0.957615 -2.5938258779e-05 2.398282 0.000584987968595 0 8.89647204802
-0.848675 0.000298597711966 0.300008 -0.00023409134646 0 8.94638218682
5.166199 -0.000543769461558 -1.994409 -8.26306844923e-05 0 8.93850196286
2.400221 -0.000474607706182 -0.141703 0.000152325881519 0 8.95525483447
2.054453 -0.000403785850029 0.924753 7.71882277627e-05 0 8.94251656568
0.077403 -6.10643204336e-06 0.687018 0.000480064834392 0 8.920456977
3.441195 -0.000670620268928 -0.973109 0.000226964334056 0 8.90832251632
0.309949 -0.00024003508229 1.727496 4.60126170462e-05 0 8.90466338069
-0.279258 -7.7857932792e-05 0.27277 -0.000102651516068 0 8.93961908298
-2.726701 0.000467267006835 0.030798 2.99016496973e-05 0 8.94929973034
2.076336 -0.000234142544356 0.360439 0.000431166361659 0 8.89811077552
-0.717593 0.000203144360128 -0.982745 -0.000213818842952 0 8.96833693479
2.282204 -0.000137054839593 -1.819705 7.05237161841e-05 0 8.96325288493
0.674117 -0.00013551076317 -0.792217 -0.000624166792225 0 8.95042555509
0.754674 4.93848556732e-05 0.708751 -2.9275990282e-05 0 8.94927684823
-3.016633 0.000280495148045 0.623969 0.000470588019784 0 8.90310924629
-0.538209 0.000117269760075 0.128404 -0.000195235966774 0 8.92764730509
-0.51129 6.50727248947e-05 -1.258101 -6.35774385703e-05 0 8.94396869765
-0.377684 0.000322184383859 -0.60747 -0.000308068577924 0 8.96871907946
-3.175952 0.000712461111594 1.53831 0.000127779608018 0 8.96529808786
-0.153297 9.86178899663e-05 -1.667249 -0.000556523658479 0 8.96975159474
-1.012198 7.21903014191e-05 0.336252 -7.80979769967e-05 0 8.96239932927
-0.983155 3.65652013197e-05 -0.344046 0.000480413075674 0 8.87120660807
1.566491 -0.00014745768487 0.589291 2.10011316301e-05 0 8.93184470851
0.638558 -0.000104311316129 -2.986349 -0.000492189354833 0 8.94651279224
-1.105259 0.000420443890029 2.351678 0.000551852162501 0 8.90729312913
0.239363 -0.000119773840059 -0.414736 0.000157613770633 0 8.95154534268
-1.650164 0.00024173968512 2.835089 0.000612388274922 0 8.87488924231
-2.878794 0.000594703680913 -1.829318 1.77490942118e-05 0 8.94983074153
3.013794 -0.000567344516983 0.036187 -1.98759521227e-05 0 8.91995430602
1.36503 -0.000299955316676 -0.463938 -8.7740764555e-05 0 8.91429021746
3.561854 -0.00043592565667 -1.132754 -0.000307467004973 0 8.96655469515
-0.174887 0.000175815939053 -2.472487 -0.000459634922209 0 8.95073734796
0.661904 -0.000306656216146 -0.298309 -0.000275770421412 0 8.95223310818
1.085607 -0.000288886415608 0.102363 0.000124289701757 0 8.92453919755
1.328022 -0.00039415562793 -0.651191 6.94685390021e-06 0 8.9275626561
0.917381 7.08546638624e-06 1.347631 -0.000139556628252 0 8.97056460761
-2.338819 0.000114705053599 1.15378 0.000472418680517 0 8.86817590609
0.810631 -0.000216336220385 -0.950639 0.000122232749942 0 8.95513510368
3.556609 -0.000516204784141 1.956514 0.000121066859387 0 8.95512162914
-1.464775 0.000144180356009 1.980078 0.000276514084534 0 8.92624184656
0.08332 -0.000101031713508 0.8131 -0.000164039323117 0 8.92451431006
1.383032 -0.00041967958511 1.040061 0.00027147232416 0 8.91484144513
-4.003077 0.000720994821735 1.016527 -0.000146425169046 0 8.93752650332
-0.214817 5.26171932372e-05 0.525212 0.000397378056213 0 8.91288253483
-1.743277 0.000402127643131 -1.8472 -0.000132613110255 0 8.93699603831
-2.596284 0.000487675311273 -0.167067 0.000243252661525 0 8.89309542203
-0.741256 0.00018604708685 -1.563478 -0.000403856074299 0 8.94199338127
1.636952 -0.000209148929164 -1.644255 7.56127654211e-05 0 8.92715212813
0.714298 -0.000488665256106 -1.529178 -0.000299055071369 0 8.98153302378
-0.303659 0.000157954749398 1.245766 0.000693210946663 0 8.90997265158
2.313725 -0.000293962177177 0.931448 0.000272467118321 0 8.89065731093
-0.686577 0.000176314420823 -0.565781 -0.000323363158976 0 8.92956183859
1.358831 -0.000342820475083 0.182676 0.000104507734735 0 8.90106015155
3.091822 -0.000324646200488 -0.835076 2.89978460106e-05 0 8.92473844078
-0.758678 0.000110869274378 -0.774168 -0.000230198868996 0 8.95591873685
0.770262 -0.000118855813173 2.038219 0.000812601361485 0 8.91467881259
0.046695 0.00013501482203 0.380865 7.70516913824e-05 0 8.96171145565
-2.446393 0.000448187253336 1.253656 0.000412938818831 0 8.93636957941
-1.276047 0.00014315215865 0.361949 -1.464641146e-05 0 8.9155718326
-1.06264 0.000222272761448 -1.778541 -0.000213770295918 0 8.94932809776
2.043047 -0.000308323317969 -0.244911 -0.000151786159121 0 8.95330668398
0.041751 0.000103607993739 0.858123 -1.96259251561e-05 0 8.95359146399
0.170262 5.90230386982e-05 -1.84191 -0.000162622221462 0 8.93270772588
-2.236891 0.00032380345388 -1.300897 -0.000104598400038 0 8.95542817243
-0.485269 0.00012719357522 -0.980307 -6.48738191478e-05 0 8.93952613405
0.665774 4.11660270767e-05 -2.217186 -0.000534279812392 0 8.93850868225
-1.480271 0.000244744821722 0.183936 0.000247896298636 0 8.89594751499
-2.04201 0.000374644022686 -0.680926 0.000162728896138 0 8.94195082024
-3.034757 0.000423864460807 -0.205805 0.000274036516898 0 8.94161069122
3.097182 -0.000502339839001 -0.674241 -9.62667342243e-05 0 8.98548101761
2.734437 -0.000503607887658 0.94304 0.000589615153887 0 8.89520143462
0.088735 0.00013468063943 0.451574 -0.000255958020699 0 8.97529418267
-0.116899 -2.52558707008e-05 0.192479 -3.44838002252e-05 0 8.95486375868
-0.645634 0.000316026410003 -0.382208 -0.000243298297714 0 8.9283293242
-0.704716 0.000189342814566 -1.722105 -0.00020261892667 0 8.95348652884
0.079497 4.34572997955e-05 0.771797 0.000382208621749 0 8.904013246
2.135377 -0.000191505969595 0.849787 4.9115057282e-05 0 8.93328505137
0.429521 -1.25808915351e-05 -0.101184 0.000201715822042 0 8.90948781805
-2.918215 0.000287619035901 1.82032 0.00017219718193 0 8.91754153448
-0.838247 8.69838401194e-05 0.031171 0.00014461478265 0 8.92788289034
-0.930163 8.84887227798e-05 0.785695 -7.1467827982e-06 0 8.94996619472
2.222721 -0.000411614763177 -0.664373 -0.000222145446527 0 8.96632301873
0.925719 -0.000111051017877 -0.942822 -0.000253417166838 0 8.98188314755
0.853536 -0.000484581952692 0.607421 0.000272390990076 0 8.90680167461
-0.742476 0.000203937289467 -1.007069 1.96400280849e-05 0 8.94465050188
0.273809 -0.000186887152376 -2.967719 -9.51638890223e-05 0 8.93499847525
-1.819553 0.000263412599056 0.40053 -0.000387945637214 0 8.98995364163
0.721661 -0.000296465439765 -1.256597 9.76934572689e-05 0 8.97394924211
-0.706762 -4.26273481181e-05 -1.666017 -0.000114976783411 0 8.95187851085
0.041359 -0.000303794550493 -0.452279 -0.000272152754924 0 8.99876232928
-5.602056 0.000952249010623 -0.717033 -7.05746796085e-05 0 8.9297578456
1.738828 -0.00035908559192 -0.784012 -9.83328232122e-05 0 8.92613084252
-1.319292 0.000332076638738 1.467862 -6.20262914782e-06 0 8.96481039602
1.481579 2.88078300196e-05 -1.072902 -0.000382438523439 0 8.97988498937
-1.569178 0.0004004609631 0.772386 -0.000225740371198 0 8.9806486954
-2.192396 0.000429708281456 -2.68982 -0.000641892939385 0 8.98472971068
2.369023 -0.000524657923477 0.713038 4.70066014096e-07 0 8.91423026252
3.919701 -0.000664955431518 0.826201 -0.000316107374671 0 8.95725908189
1.533883 -0.000408143840866 0.238174 -6.41786248344e-05 0 8.93635615526
1.047666 -0.000267844236685 -1.676728 -0.000345498503349 0 8.93322404396
1.952525 -0.000301756477731 0.138458 0.000391891000623 0 8.90327767946
-0.279646 -0.000193598156465 1.24756 0.000161996924283 0 8.90303157274
-0.212319 8.6455492822e-05 1.207481 0.000138214013134 0 8.92596081249
0.367329 -4.29454086166e-05 -2.368863 -0.000675460777313 0 8.96583145847
0.229895 -0.000189779128198 1.213911 -7.66517130427e-05 0 8.94294816114
-1.013994 4.447168508e-05 -0.998636 1.60338178815e-05 0 8.95180373999
0.240863 -3.11830255145e-05 0.857599 5.71034719495e-05 0 8.97011764365
1.160706 -0.000310957016805 -1.724033 -3.13111058821e-05 0 8.94291108695
0.586978 -0.000368882999326 -1.308119 0.000475991743087 0 8.90453427554
2.200938 -0.000488684115349 -0.950749 -0.000281739126088 0 8.98695768197
0.489758 -9.28828474581e-06 0.746734 0.00061611127107 0 8.91787386887
2.038607 -0.000361912552587 0.450111 5.01005761115e-05 0 8.94133991029
0.742553 -0.000284232897354 0.791589 -0.000461884001554 0 8.9461987968
-0.090783 -9.18998599335e-05 0.566941 0.000122583433202 0 8.91860272283
0.559804 2.12454846253e-05 -0.158111 0.000322182914259 0 8.93374327444
-1.500509 0.000208328777259 0.490271 0.000366820205104 0 8.91511429971
1.121859 -0.000153584066731 0.891656 4.8926773959e-05 0 8.94020967882
0.399904 -0.000181319455723 0.367437 -0.000402133859937 0 8.93000436512
0.951377 -4.28257625018e-05 -0.919619 0.000200496333251 0 8.92757973173
-2.739673 0.00037504166563 0.576807 0.000374349095561 0 8.91934876625
-2.933798 0.000345103298497 1.551848 -7.66622811798e-05 0 8.95650477308
1.509476 -0.000244943566189 -0.772555 3.41065069789e-05 0 8.93626145884
-2.686999 0.000587766312989 -0.165438 4.55134106949e-06 0 8.96616210403
0.15293 -6.26540822105e-05 1.350857 0.000462758076014 0 8.90976337337
-0.219632 -0.000113016561529 0.506535 2.42739289301e-05 0 8.91343443541
0.757871 -7.53089581468e-05 -1.539015 -0.000284233281243 0 8.95952009326
-1.025468 0.000229582774358 1.732367 0.000312725436575 0 8.96262613048
-0.55643 0.000187082710095 0.162252 -5.98372890027e-05 0 8.96527898763
-1.38 7.39364824542e-05 1.744709 0.000138836408783 0 8.88886757981
-0.703921 -5.04989232158e-05 1.472578 2.55116576627e-05 0 8.91880896606
2.616941 -0.0006529287038 -1.984209 -0.000531441509187 0 8.95806386295
-0.941528 0.000160647850266 0.135946 -0.000142740165725 0 8.92703076154
1.136353 -0.000160951009765 0.248595 -0.000638214618417 0 8.9532160497
2.20627 -0.000352984655093 -0.361663 -0.00012600773833 0 8.93525911992
1.02439 -0.000121216006341 -3.233063 -0.000281280772293 0 8.97819762899
-2.12546 0.000228663643432 -0.642256 -0.000323327122351 0 9.0059695926
0.131489 0.000155307266852 0.19183 -0.000241037008759 0 8.9889872336
-2.144275 0.000169228268512 0.046967 8.87337733948e-05 0 8.91702673567
1.806671 -3.07474317526e-05 -0.804424 4.72899675151e-05 0 8.94039001506
0.868205 -3.73878761808e-05 0.506168 9.61272646602e-05 0 8.93663115762
-0.039084 0.00023399836697 -0.979358 -3.99065374018e-05 0 8.97443734593
-0.203038 8.84862912266e-05 -0.250644 -0.000684430792159 0 8.98819993845
0.716785 -7.51770360775e-05 -1.063488 0.000363594263647 0 8.91355765476
-1.679447 0.00023633912749 1.184656 0.000808758911993 0 8.89867467053
-0.94348 0.00022311849305 0.653017 -0.000221270256052 0 8.93032266498
-2.277579 0.000467500356257 -1.828599 -0.00036963976154 0 8.94947092667
0.53464 -0.000329783952791 -1.503109 0.00020816364637 0 8.88297831327
-1.881866 0.000339098976431 1.034672 4.63188420467e-05 0 8.96075092165
0.295138 0.000104147880063 -1.309179 7.36694199773e-06 0 8.98458474754
2.503851 -0.000397017612315 -1.583191 -0.0010806939043 0 8.97410633467
-0.521966 0.000244697220332 -1.065903 -6.30520874288e-05 0 8.95620521829
0.799989 -0.000279122292093 -0.643275 -0.000424879076086 0 8.94124742125
-1.955484 2.30531146129e-05 0.370098 -0.000163374348933 0 8.97331930369
2.878793 -0.000851059586019 -2.252613 -0.000499199525949 0 8.98528090836
-1.572888 0.000426858858015 -0.797194 -0.000396820755806 0 8.93534654991
0.574118 -3.25729783232e-05 -1.462895 -0.000304753800732 0 8.95580953671
-0.412933 0.00017476825448 -0.763862 -7.22421968298e-05 0 8.93630520186
-1.240833 -5.12821861763e-05 -0.141584 -0.000169961813784 0 8.94149759352
-2.68078 0.000459505010393 0.30399 0.000273508393203 0 8.88716781316
-1.254135 0.000103294496284 0.091123 -3.3523391624e-05 0 8.92944035092
-0.828708 0.000289328358871 0.062927 0.00026554999535 0 8.88397797978
0.476577 -0.000260199601132 -1.882655 -8.40814568788e-05 0 8.91111965814
0.042676 4.61871899759e-05 1.476111 0.000110076962241 0 8.91196507774
-0.305373 4.79593302248e-05 0.035447 -6.73051956779e-06 0 8.95676493955
0.121894 9.15665614987e-05 -1.742292 -0.000262508739092 0 8.92237219086
1.356137 -6.6159890051e-05 0.120169 6.12839450586e-05 0 8.95607037129
-0.18819 0.00018697387533 -1.004834 -0.000560410135922 0 8.96138356629
-0.228013 -2.95162802068e-07 1.816222 0.000254309263506 0 8.91243245034
0.753375 -0.000276864360494 0.288478 0.000354257899863 0 8.91778233057
3.531991 -0.000516650019203 -0.310383 0.000179092452547 0 8.91157566985
2.297336 -0.000365179221275 -1.047419 -0.000159552283769 0 8.96005957899
2.671266 -0.000411284073561 -3.269685 -0.000414509627935 0 8.94887935375
1.284943 -0.000211787572572 3.4619 0.0011605455723 0 8.88119871324
1.151469 -0.000211873329906 -0.292875 -7.96290526991e-05 0 8.94821552386
1.161969 -9.27475073763e-05 0.589753 0.000586728973676 0 8.91865908597
-1.547854 0.000277507004943 -0.917241 -0.000411877087718 0 8.97318498714
-2.575801 0.000506483232507 -0.508295 3.64057740247e-05 0 8.92093032719
-2.839446 0.000331390741715 -0.852882 -0.000980994077319 0 8.99294415487
1.594172 -0.000309342544081 0.036193 -0.000170917065772 0 8.93961731225
0.729232 -0.00038945206057 -0.131281 -0.000121883725019 0 8.9410473902
1.741578 -0.000219685187984 -0.732821 -0.000374433737097 0 8.97522006976
4.603631 -0.000459889404375 -1.54682 -0.000273839824082 0 8.93426789864
3.0411 -0.000458291853004 0.220788 -0.000187829356179 0 8.96206530776
0.865749 -0.000130641639328 3.296129 0.000863595361693 0 8.88991575844
0.174509 -3.35423161357e-05 -1.986405 -0.000154884996009 0 8.94586411919
-0.607461 6.05134322733e-05 -1.261612 -8.37665575598e-05 0 8.9524514335
-0.567185 0.000170011788239 2.313427 -8.88442585666e-06 0 8.96371781193
0.050895 6.13003414844e-05 -0.105489 0.000172090735206 0 8.92578141112
-1.400459 0.000250378589035 -0.987487 -0.000216539125981 0 8.96509669972
-2.800664 0.0003950610012 0.073303 8.85309527016e-05 0 8.93107421201
1.248301 -0.000148124512981 0.690257 0.000337225727475 0 8.90629954952
-1.667485 0.000259344820958 0.439136 0.000408023760692 0 8.91891085293
1.00765 -0.00030813450604 -0.670456 -0.000142320138997 0 8.9624991378
4.378163 -0.000673208566009 1.065906 5.64215346118e-05 0 8.93750249749
-2.89231 0.000247309540111 -1.098234 0.000232617572833 0 8.90400416507
-2.00205 0.000387778176745 -1.852644 7.95048906442e-05 0 8.92731334823
-0.43032 -1.17464739473e-05 0.928249 0.000448444890867 0 8.89703479764
0.276613 -8.46787606343e-05 1.401044 -8.19624884715e-05 0 8.95670902132
2.461819 -0.000343222617051 0.709706 0.000394190864697 0 8.95637692453
-0.310056 -1.59612242991e-05 2.623516 0.000269183972735 0 8.92266147867
-2.006225 0.00029997495451 1.208595 -0.000310003991246 0 8.96831824487
2.331684 -0.000286148122177 -0.032292 -0.000300179079859 0 8.96197165451
-2.207483 0.000304430252002 -0.29063 -0.000122023646357 0 8.96146989328
0.297313 -0.000228953851828 -1.915801 -9.84665228079e-06 0 8.9081959606
2.410201 -0.000289340269795 -1.825743 -0.0001952403517 0 8.9529224481
-2.69048 0.000490580546717 -2.385613 -0.000565164281025 0 8.96909267692
-0.532274 0.000281015444291 1.197598 0.000327285854135 0 8.92429010558
0.507257 -0.00012370148289 0.148655 6.33251887923e-05 0 8.95938532923
2.108841 -0.000248391580298 -0.307691 -0.000475497602117 0 8.94468600028
1.308425 -0.000321117732339 -0.182398 -0.000118284657933 0 8.95252139982
-1.241438 0.000127495914558 -0.440636 -0.000331052656859 0 8.96998767104
-0.296673 0.00010092070288 -0.14713 0.00017661004245 0 8.90024687299
0.485134 0.000182215617878 -1.253066 0.000130061822764 0 8.92238254059
1.338157 -0.000386491369628 0.644267 0.000162286266293 0 8.95306777625
-0.062037 -7.48139092943e-05 -1.801857 -0.000351510411847 0 8.99485400256
0.430756 -0.000173537615709 -1.0044 -0.000288583978372 0 8.96907703205
-1.7204 0.000272567986357 2.317449 0.000507905244154 0 8.86932013947
-0.011066 -0.000194043938682 0.34616 -0.00033638019269 0 8.9680489585
0.245207 -0.00025211202003 1.603058 -9.6775572555e-05 0 8.9222895771
-1.115542 9.55308536387e-05 2.05991 0.000575428550763 0 8.89078267484
-0.483201 -0.000221881061593 1.304183 7.83551132357e-05 0 8.91914674667
-1.228506 2.0688186859e-05 -0.314579 0.000267657667923 0 8.90308599293
-0.731963 9.87874759591e-05 -1.230009 -0.000651132029079 0 8.9876236184
0.540213 -9.65256170469e-06 -2.056827 -0.000803528700402 0 8.9851997242
1.220909 -0.000123644138858 -0.82858 0.000183754834998 0 8.90125850294
-1.610272 9.95440996443e-05 -1.307538 -0.000162175554927 0 8.95730910997
2.504045 -0.000393920628866 -1.616288 -0.000485758953819 0 8.98923600912
1.120879 -4.40351383724e-05 1.608947 0.00024600169577 0 8.92030789522
-0.917 0.000251690860093 0.306342 0.00030082890099 0 8.88622858653
0.448506 -0.000118152811307 -1.883102 -0.00028026687151 0 8.94870721122
-0.211202 0.000152279652094 1.165859 0.000234305392656 0 8.9146582908
-2.964565 0.000718557581941 -0.857052 -0.000379244907443 0 8.96214788816
-1.074813 0.000157546923211 -0.521743 0.000498088840073 0 8.91254387849
0.93336 -0.000115984524869 -0.367978 0.000358192384102 0 8.9248918396
-0.061253 9.55044750259e-05 -2.048479 -0.000352108083623 0 8.93604733563
-0.482844 0.00020291179133 -2.047233 -0.000368034129457 0 8.96571670715
-0.907828 9.54784384487e-05 -0.184876 0.000151767146432 0 8.90314838682
1.572754 -0.00032504079691 1.495287 -0.000136526234108 0 8.91329870634
0.774056 -6.58710770341e-06 -3.227924 -0.000466176422926 0 8.98038483833
0.974671 -0.000261680504664 -0.612269 -3.35784561633e-05 0 8.93779318343
3.134652 -0.00056228226156 2.698087 0.000679056578338 0 8.91084204154
1.724923 -0.000156006749955 1.324099 -0.000422550234091 0 8.94829548741
-1.617578 0.000246997165042 1.70179 0.000376007599912 0 8.92233515234
1.020353 -2.26670822299e-05 0.019791 -0.000404650748191 0 8.95651610335
3.357618 -0.000677204011927 -2.107774 -0.000539826415319 0 8.97400274335
-1.118755 0.000257506518497 0.354775 0.000202220721009 0 8.91137461474
-1.111077 2.41522918514e-05 -2.169693 6.36106888353e-05 0 8.89940165106
-1.763218 0.000296069726241 1.243602 -0.000561108637868 0 9.01022147687
0.108636 0.000108380857658 1.630243 0.000343207375059 0 8.89406099184
1.326226 -0.000219218072069 2.364179 0.000760244097701 0 8.93915397013
-1.658957 0.000370993511865 0.253033 3.80310544968e-05 0 8.9667799799
-2.941198 0.000509522213165 -1.383033 -0.000381156437325 0 8.93104265775
1.64816 -0.000235299732754 2.99834 0.000596362331923 0 8.88279849938
-1.68164 0.000114078114842 0.004995 0.000204489582288 0 8.91952347637
-2.265602 0.00047578591939 -2.364566 -0.000449474294468 0 8.96449836018
-0.139586 0.000120103676046 -1.715302 -0.000481393179719 0 8.92722515356
-1.559903 0.000408829083916 -2.227698 -0.000167170755761 0 8.97372083864
-2.137341 0.000386652025774 -0.853243 -6.11804039369e-07 0 8.92972538075
-1.90074 0.000408360925719 0.666148 0.000221512565886 0 8.93924405249
-0.682678 0.000196744844571 0.972725 0.000420686683944 0 8.92586817588
2.035951 -0.000427506600912 1.78325 -0.000691018326544 0 8.99682095186
0.305497 -0.000188555691108 -0.778578 -8.41024447566e-05 0 8.96363253281
1.36715 -1.2935521235e-05 -0.225973 0.000146509418918 0 8.94500557071
-0.961206 -0.000131248749706 0.710955 4.83734205101e-05 0 8.94577636918
2.51602 -0.000459304789564 -1.048053 0.000185457017148 0 8.92094822096
-0.097961 -9.37725495958e-05 -2.007072 -0.000199150656339 0 8.94516763802
-4.297333 0.00054830512676 -0.889054 -0.000145554364562 0 8.97034068506
3.068666 -0.000244246793119 -1.200567 -0.000330192081127 0 8.94845289573
-0.311651 8.97375601503e-05 -0.098213 -0.000176913725072 0 8.91460977109
1.350271 -0.000185257813054 0.969329 -0.000131238436815 0 8.97031911841
0.997657 -0.000239167720217 -1.934936 -0.00090917675902 0 9.03560791375
0.366373 -1.83566764544e-05 1.620694 0.00026817507771 0 8.90357587164
1.256772 -0.000191972087168 3.079419 0.000234694372435 0 8.92785155254
-0.942044 0.000215524478065 0.332829 0.000176789772835 0 8.93250809655
0.015011 -4.59992131126e-05 1.37361 0.000378508279981 0 8.90781342769
2.772433 -0.000262108996241 0.502739 -0.000328843486281 0 8.97322547446
-3.617142 0.000618105452899 -0.456794 -1.29523336807e-05 0 8.94250737281
-0.608907 0.000278370956439 -1.093103 -6.89175565679e-05 0 8.94911612623
2.430018 -4.08696134586e-05 -0.818276 2.16358082058e-05 0 8.93490270878
-1.055832 -1.82058923994e-05 2.488102 0.000747684384403 0 8.87801788241
1.099094 0.000109085497495 1.146897 0.000312484666298 0 8.86765112432
-0.043319 -0.000171823464977 0.408 -0.000129221971962 0 8.98463496625
0.135333 -0.000203323387725 0.197993 0.000318906773418 0 8.92870522017
1.660463 -0.000281340095328 1.248438 0.000402483072833 0 8.89669803265
1.073898 1.06894465148e-05 -0.420484 -0.00015634953461 0 8.97741163077
-0.988971 0.000210375559728 0.205919 -0.000518472310927 0 8.98318213108
-1.709944 2.90928346253e-05 -1.733699 -0.000743245937933 0 8.95960534061
-2.007954 0.000480840319133 2.410384 -2.12535926132e-06 0 8.93261926695
-4.67811 0.00070917741082 2.005367 0.000182356446402 0 8.92125279146
-2.53065 0.000480838759493 -2.481979 -0.000273714333531 0 8.94381244522
-4.28347 0.00073340252494 -0.04307 8.83702127061e-05 0 8.92113510591
-1.561531 0.000393515137161 -0.087381 -0.000140732741942 0 8.94996943896
-1.343653 0.000237115562715 -0.288684 -5.65610068295e-05 0 8.93873775061
0.820558 -0.000179968136684 -0.757377 -0.000357681521965 0 8.96511851746
-3.41399 0.000494411695914 1.604414 0.000481248242166 0 8.91217186148
-1.566015 0.000406118631562 -0.876316 -7.47346448315e-05 0 8.94925114779
-2.091539 0.000398424630536 1.07823 -0.000102088735449 0 8.95867646652
-1.169865 -8.7238535105e-05 2.410393 0.00020107975127 0 8.93803649876
1.978954 -0.000204282478499 -0.762543 9.12961075609e-05 0 8.9320198569
-0.694601 -5.00370281245e-05 -1.390837 -0.000178842022794 0 8.95920850256
3.591022 -0.000663643379365 1.048139 0.000572181248489 0 8.91278862913
-0.115004 0.000349407877024 -1.664971 -0.000627913168443 0 8.97865952359
1.008664 -1.60035648992e-06 0.21644 -0.000209615020228 0 8.95169996541
-0.124103 1.83142102581e-05 0.360989 1.71142458929e-06 0 8.94544046769
1.585612 -0.000504989925186 -2.007814 -0.00013280376705 0 8.93720999922
-1.3392 0.000267828638063 -0.08469 -2.87476261178e-05 0 8.92210134898
0.22737 -4.01832373106e-05 -0.249864 -4.91495382219e-05 0 8.93101218118
1.475839 -0.000170322585103 3.21423 0.00087420399752 0 8.86404121511
-1.443293 1.50158052427e-06 -1.060176 -3.55474620417e-05 0 8.93272011266
0.260163 5.10681834558e-05 2.036242 0.000353611940198 0 8.96850713797
-2.449422 0.000283492301897 0.234218 0.000547735358555 0 8.91796736618
-0.793135 -2.05370945702e-05 0.024486 0.000542449773776 0 8.88418822673
1.201516 -0.000108996181849 0.941811 0.000127078793907 0 8.92840927927
-4.228344 0.000538991349674 2.739411 0.000534367208257 0 8.87773858206
0.107123 5.12143886493e-05 0.510364 0.00038684974878 0 8.9422527993
-1.623954 0.000484868768929 0.394797 -0.000207244316585 0 8.95799172742
-3.379945 0.000449879393447 1.656873 -0.000135045796862 0 8.96463546284
-0.4724 0.000302126188035 2.425996 -0.000122613458678 0 8.98433857529
1.589476 -0.000303219736306 -0.110681 9.78670907671e-06 0 8.93573478648
-2.3017 0.000405348253942 -1.750614 0.000103392971053 0 8.8796539336
-0.280545 0.000101307609412 0.768171 0.000755149819675 0 8.87452825765
-0.812977 1.50414152541e-05 -2.111648 -0.000672251117069 0 8.9941785614
-1.949785 3.7171776366e-05 0.581661 0.000627437778841 0 8.87859418184
0.403425 -0.000310559529723 -0.627933 0.000526661658301 0 8.91288905696
0.955421 -0.000397197292197 0.923938 9.78890129223e-05 0 8.96955766513
-2.263373 0.000255040621321 1.22542 -1.15267483527e-05 0 8.93887713493
1.345844 -0.000171998078315 0.786453 -4.67123770103e-05 0 8.96313536386
2.895428 -0.000655322252256 -1.189888 -0.000388277638739 0 8.91590981074
0.920779 -0.000135684288289 -2.346705 -0.000710062119682 0 8.98204175526
-0.367306 -0.00018396944369 -0.271599 4.81340542781e-05 0 8.92328768653
-1.044953 -0.0001891402063 1.222381 0.000357647033755 0 8.87500533665
4.550967 -0.000766062267723 0.378743 0.000450030393781 0 8.92256268199
3.073424 -0.000448740297939 2.543441 4.75831253986e-05 0 8.90280407109
3.231007 -0.000529508529367 0.933089 0.000194074810372 0 8.90876113174
-1.510287 0.000242714043478 -1.352444 0.000331427461835 0 8.92018212626
1.464976 -0.000211717357104 -1.206734 -0.000292632310061 0 8.95647359402
-1.268235 6.42425776025e-05 1.975397 0.000109367863482 0 8.93788263659
0.852518 -0.000391454436983 -0.398798 1.68517924332e-06 0 8.95221661055
0.459308 -0.000248692530071 -0.429909 -3.07237316146e-05 0 8.97540452366
1.104452 -0.000198614412627 -0.762292 0.000294122978632 0 8.97161259812
1.924684 -0.000429299221451 0.291155 0.000433940446502 0 8.88399168131
2.057034 -0.000477756839448 3.837519 0.000819665406032 0 8.88264023079
-2.612857 0.000474481957199 0.349682 0.000138521391983 0 8.96916356457
1.924632 -0.00030397094956 -0.23773 0.000314768523159 0 8.90931245196
-0.974598 0.000146583719695 1.409749 0.000218680078829 0 8.92691228308
1.473601 -0.000229217065585 -1.344174 -0.00019075313687 0 8.93347332664
0.282786 -0.000120765353579 -1.589435 0.000240927733621 0 8.93211391583
-1.732958 -4.55950962114e-05 1.643746 9.17325445996e-05 0 8.90359852239
-0.152743 -0.000148485345836 -0.133417 0.000426732561734 0 8.90711153753
0.025296 4.14356024395e-05 -0.085388 -0.000432821459865 0 8.95359776528
-2.321224 0.000248687745651 -0.911598 5.54574774397e-05 0 8.94247964778
-1.136324 0.000416163635441 0.137281 4.56532472351e-05 0 8.92571139499
-2.088017 0.000317481753108 -1.404601 -0.000429453636632 0 8.93200465389
0.107243 0.000115478831272 1.707702 -8.57284949664e-05 0 8.94808485825
2.668032 -0.000349540254885 0.381139 -7.21210096875e-05 0 8.95196971877
-0.835833 0.000102622335827 2.505072 0.000542794655244 0 8.85913797208
0.461852 -0.000179969624458 -2.648704 -0.000557141844445 0 8.93882568167
-2.585838 0.000520674681521 0.907677 -0.000231573942436 0 8.9515039549
0.131621 0.000179697273408 -0.281503 0.00021664121911 0 8.91211731686
-0.343015 5.6534414266e-05 0.927899 -0.000392723480698 0 8.97936283946
-1.013103 0.000321902408212 -2.822249 -0.000372706722523 0 8.94228632653
-1.455779 0.000271543743972 -0.63868 -0.000131481763381 0 8.91710339842
5.137811 -0.000763716490881 -0.476084 0.000366990888856 0 8.91370704024
-2.619144 0.000658478614974 -1.349073 -0.00044196540155 0 8.98226188333
-0.406471 -4.48543620764e-05 0.087868 -0.000367986453082 0 8.93812945954
0.560567 -0.000206686500055 -0.678479 -0.00030693273053 0 8.96427718742
-0.565677 0.000164939022696 0.663296 0.000434476129263 0 8.89867486882
0.390481 -0.000109604966777 -0.77502 -0.000170557279322 0 8.95425568835
-0.9922 3.28454541996e-05 0.422869 -0.00023569227199 0 8.94200835883
-3.247513 0.000486847177676 1.349254 -0.000146498104932 0 8.95833668346
-0.458848 -9.15529563318e-05 0.805738 -6.47789051527e-05 0 8.93115630416
2.037242 -0.000484518510211 -0.974868 0.00014060881819 0 8.92187029956
2.085998 -0.000361426840433 0.071293 0.000181458238856 0 8.94553873366
2.292531 -0.000414732856881 0.38109 0.000187402084481 0 8.93511339714
-2.193517 0.000629840196795 0.437691 0.000375198257357 0 8.949012002
3.73444 -0.000559060103704 2.335861 0.000326840621377 0 8.93411698612
0.749781 -0.000126089418947 0.725026 0.00018963371916 0 8.93962971467
-0.98245 0.00035751948359 0.487784 0.00010107698377 0 8.92413325254
0.984579 0.000126057347525 -1.216584 -0.000189909021601 0 8.94120850433
0.481377 -0.000260278050073 -1.72285 -3.28821897182e-05 0 8.92813646445
-0.13515 3.85770479937e-05 0.157476 2.32549838567e-05 0 8.95371098481
-2.279156 0.000507871337826 0.271015 0.000168595701942 0 8.94884043939
0.602334 -4.5004468603e-05 0.261029 -0.000187096188616 0 8.95493948232
-0.712436 9.83258164787e-06 1.086541 0.000627096705311 0 8.88702438379
2.542986 -0.000461090989006 1.240552 0.000151260180431 0 8.90684706998
2.127541 -0.000153346129674 0.302254 -0.000254969855518 0 8.95012235635
0.829294 7.93520955832e-05 -1.166447 -0.000629447468568 0 8.96654758821
-1.681365 0.000171087188647 0.116732 -7.25169001009e-05 0 8.93538276583
0.859765 -0.000219229177286 0.391913 0.000178159185337 0 8.89493930187
1.364008 -0.000364058462275 2.091457 0.000585243332954 0 8.91470455198
-0.622124 0.000372277766629 0.215535 9.51682478059e-06 0 8.97202555995
-1.679846 0.00029448531797 1.763728 0.000256564720622 0 8.93606936261
0.327709 -6.62220855132e-06 2.3125 0.000277215912367 0 8.92234242901
0.324346 -3.550196869e-05 1.511643 0.00010264331273 0 8.96706683994
0.071599 -0.000247926070983 1.70005 0.000598782918036 0 8.90652831366
1.609567 -0.000145792552221 -0.045438 -4.95746560133e-05 0 8.95454854485
0.110963 2.92290598302e-05 -1.097953 -0.00022872128528 0 8.94940224028
-0.322302 0.000306736293203 -0.027288 -0.000135815207215 0 8.93783798828
2.658675 -0.000354884801674 1.189846 0.000198654993919 0 8.94120998053
1.301066 -0.000145839001386 -0.382285 -2.55828190229e-05 0 8.97796821519
3.106258 -0.00051597967826 -0.575664 -0.000666759621357 0 8.99347718515
-1.043656 2.48721533905e-05 -1.772602 -0.000678767148105 0 8.98678279868
1.418341 -0.000314986779349 0.3797 -5.7315439404e-05 0 8.94598335913
1.930901 -0.00032142428693 0.072935 0.000174861089616 0 8.90489565979
1.391089 -0.000323916316394 -0.157837 -0.000201198086341 0 8.95632121963
0.860273 -0.000134445023035 -0.024375 2.29541134877e-05 0 8.94145330498
0.943137 -0.000264589788455 1.041031 -0.0001583244194 0 9.00916420757
1.946627 -0.000290642407998 3.214376 0.000555274148761 0 8.93763989547
1.206059 -0.00035004261452 -1.081602 -0.000114492925081 0 8.93624936102
-0.02584 -7.50872665111e-05 1.460383 0.000682569240229 0 8.86501820041
-0.092324 0.000190963014109 0.182339 2.04262379507e-05 0 8.92948111342
-1.920962 0.000211211270021 0.162454 0.000657012205556 0 8.90727616969
2.165016 -0.000506023835964 0.125642 5.09591402441e-05 0 8.93177162831
-2.414439 0.000271513024854 -0.013827 -0.000162053536514 0 8.93151013252
-2.219463 0.000377138083716 -0.680258 -4.80613451226e-05 0 8.9581582398
1.453089 -0.000178512949261 -1.686254 -0.000658417711684 0 8.9419126903
-1.179767 0.000230751480053 -2.206891 -0.000288221475555 0 8.9444942155
-3.080666 0.000644684013556 -1.110662 -0.000456378314066 0 8.97436173533
-0.189474 0.000146513012598 -0.58914 -9.49589763572e-05 0 8.93431530078
-1.488202 8.1594942872e-05 0.922532 0.000167338977767 0 8.87503856603
-1.416215 0.000405847120582 -0.856771 -0.000230445090574 0 9.0091620602
-1.052404 0.000316534051812 -0.047105 -0.00016217223258 0 8.94020405586
-3.213422 0.000666819785256 -0.943131 -0.000659867672637 0 8.92431664918
-1.097173 0.00031944722147 -1.997796 -0.000101267002495 0 8.9637255058
1.492786 -0.00043104658199 -0.009687 -0.000424133600494 0 8.99700675925
-0.611409 -6.81814019904e-05 1.886844 0.000405434650908 0 8.92937650842
2.103148 -0.00014963162275 -0.404797 -0.000249511101364 0 8.97242815727
2.150138 -0.000365803198453 0.531847 -0.000144855414971 0 8.96883242523
0.638003 4.91841859863e-06 1.456969 -0.000189937480868 0 8.96915220955
-1.073128 6.8858914665e-05 -1.209128 -0.000668390747428 0 9.00230947555
-0.930215 0.000205316235791 0.179917 0.000209499901794 0 8.95654127575
-2.699811 0.000332424957242 -1.46073 0.000329448084667 0 8.94358682781
1.345697 -6.09666516351e-06 1.214064 0.000306283460597 0 8.95008528046
1.304484 -0.000214021500219 -2.457645 -7.73268904768e-05 0 8.92940914917
0.279704 -0.000200217034538 0.27182 3.83787741615e-05 0 8.8817942589
1.101461 -0.000445377689039 1.597937 0.000403644748605 0 8.89584506192
1.969325 -0.000189327789866 0.239413 6.8260362925e-05 0 8.9234294804
-1.801437 0.000517136187434 1.523294 -0.000266536155127 0 8.97920324132
0.09824 2.10777750673e-05 -1.257024 -8.74383115205e-05 0 8.97247877267
-2.148832 0.000209090675409 0.155231 0.000342980807211 0 8.93882499802
0.617559 -5.56800426992e-05 1.416885 0.000395491061351 0 8.91982776207
-0.923586 0.000164133554694 0.501115 0.000200799512709 0 8.97291805109
0.808781 0.000168766239581 -0.224085 4.06003937937e-05 0 8.95330184313
0.451282 -0.000125752755605 0.64537 0.000335935545877 0 8.92303902015
0.679032 -0.00010449104919 -1.498203 1.26413017839e-05 0 8.93314826476
0.964956 -0.000204799283216 -1.244458 -0.000398978856334 0 8.95547653779
0.145192 6.20529875402e-05 -1.06205 -1.29437864097e-05 0 8.95234102429
0.792205 -0.000128962604046 0.466378 -0.000196256888992 0 8.95248199422
2.816658 -0.000427114869134 0.475054 4.36751176953e-05 0 8.9654312248
2.731907 -0.000384335669304 -0.916616 -0.000162846048663 0 8.9750154168
-0.788372 9.59546026989e-05 -0.589436 0.000190548480136 0 8.90807370841
1.921652 -0.000424077141564 0.870324 0.000585548319221 0 8.91326499641
-1.239515 0.000296645096647 -1.353652 -0.000394159574584 0 8.94870086165
2.443715 -0.000383939208195 0.290689 -0.000442636543695 0 8.95668670505
-2.446544 0.000482711203351 -0.429032 -0.000110510934998 0 8.96023548356
2.738415 -0.000396081770235 -1.371475 -0.000319571691089 0 8.95865802572
-4.449693 0.000703187276114 -1.044926 0.000156668967207 0 8.92592123455
0.91753 9.18973004013e-05 1.770692 0.000308437123841 0 8.91720388814
1.316237 -0.000477496260002 0.063274 -0.000407841447572 0 8.96858430751
-1.327018 0.000179695857969 -0.169624 0.000209367253599 0 8.96449057387
3.043799 -0.000590197853138 -1.472561 -0.000360319592211 0 8.96289053398
1.927144 -4.40017786288e-05 -0.91663 -0.000408392640373 0 8.95147315111
-0.472773 0.000226429732041 -0.742016 1.28630278824e-05 0 8.92566803394
-0.941022 0.000346186231638 -2.431838 0.000134545135854 0 8.93785265375
-3.039973 0.000750811814153 0.134748 0.000284582495577 0 8.96787963238
-3.362181 0.000470967558711 -0.395472 0.000191071098709 0 8.91806415873
0.980943 -0.000368989963032 1.405607 0.00012390043608 0 8.90720098396
1.507929 -0.00011807569186 0.810798 -0.000135309771355 0 8.94757256962
-2.196766 0.000310051979314 0.267321 -1.01282009833e-05 0 8.93970041527
3.703986 -0.000607725750171 0.135065 0.000204819853248 0 8.93258813592
-1.052901 9.56788368064e-05 -0.314168 6.72592026383e-05 0 8.95930348367
1.910332 -0.000308558395393 -1.324164 -0.000555505622001 0 8.95235673191
-0.943637 0.000183257699093 0.029406 0.000349858536972 0 8.92400937459
-1.413503 0.0002051824261 -1.235382 0.000168393181424 0 8.90609086654
1.041943 -0.000125004730637 0.638542 0.000219455334486 0 8.94672735018
-0.531908 4.09393319658e-05 1.424323 -0.000141929029199 0 8.93078581686
1.957686 -0.000199241140481 -0.973818 8.00961947938e-06 0 8.9272691374
-2.087606 0.000184635829849 1.791291 0.00050462909409 0 8.91109278042
0.033514 -0.00019986213647 0.276846 5.80331759264e-05 0 8.90901291468
1.326525 -0.000448051176047 -0.667523 0.000272916045806 0 8.93865377728
-0.533728 7.32530242224e-05 -1.458164 -0.000106898552066 0 8.92504899832
-2.935432 0.000460125936362 -1.581828 -0.000631338803522 0 8.99212822018
4.443678 -0.000580400247543 0.11638 7.94763976946e-05 0 8.94613290144
-1.38863 0.000501771274459 -1.476859 -9.4688503743e-05 0 8.92863577335
1.75556 -9.22964147799e-05 -2.781919 -0.000707912135005 0 8.97636827131
0.692451 -0.000385189712376 0.489689 0.000301349975061 0 8.92905394158
0.420103 -0.000230760663847 0.105938 -0.000111327732151 0 8.96302666537
1.128809 -0.000350578783557 -0.859772 -0.000205238285572 0 8.95473094647
0.853214 -0.000157776498441 2.212973 0.000380666600576 0 8.89765161299
-0.541053 -0.00012321925292 -0.105064 -0.0001941620231 0 8.9559288964
-2.932785 0.000405299918671 0.755684 -0.000323206098923 0 8.95778928361
-0.187336 -0.000198741029873 0.759213 0.00014232968231 0 8.90105419193
-0.574997 0.000265052784857 0.339067 7.28927102289e-05 0 8.92874646099
-2.920272 0.000469625447276 -0.150002 0.00018631642795 0 8.9388916989
1.043956 -8.99532385691e-05 -2.092316 -0.000167017659154 0 8.95869876494
-2.694369 0.000440696816271 2.227833 0.000581184620111 0 8.94443389391
-3.389351 0.000435852284723 -0.039467 0.000256447932026 0 8.91728896588
-0.327817 0.000237260067756 0.798435 0.000158327861435 0 8.93505119223
-0.754888 0.000210939485313 1.667426 0.000135655477247 0 8.94167734518
0.273754 -0.000242171351903 0.973612 -6.01151056465e-05 0 8.9340287792
-2.063155 0.000321248463177 -0.596839 -0.000480274295808 0 9.02425651199
1.342526 -0.000210886056899 -0.05837 0.000451450441464 0 8.9079289552
0.492716 -0.000370983513536 0.786761 9.68267659734e-05 0 8.93814528916
-0.399076 0.000169841542162 2.281808 0.000879951248945 0 8.89988511022
2.391469 -0.000317810023029 -0.962936 -3.01703077029e-05 0 8.93370644685
1.104042 -0.000313612897385 -0.144294 -0.000302026496342 0 8.93473271365
-0.140753 0.000231678701473 0.787805 0.000338558716825 0 8.88466430422
-2.273742 0.000309586730998 0.067262 0.000489452574217 0 8.9377105379
-1.028693 0.000393341569338 -1.508611 -0.000338332881056 0 8.9814602435
0.914286 -0.000194674173555 -0.85758 -0.00041155117854 0 8.99293378104
-3.251451 0.000587555698247 -0.290819 0.000196184193471 0 8.98153149001
2.192076 -0.000522715057455 2.12031 3.35768919907e-05 0 8.90855895197
0.374189 -9.58768422756e-05 -0.171413 -0.000153551069001 0 8.95813937823
2.123587 -0.000311396945101 -0.456702 -0.000742355365223 0 8.97400225705
-1.402829 0.000275175099602 -0.894917 -2.34278148214e-05 0 8.94895877074
2.346055 -0.000552767874892 -1.038261 -0.000182244829978 0 8.97510711886
0.671687 5.27041047168e-05 0.463584 0.000293925654502 0 8.9212347969
-1.590982 0.000231658921001 1.549852 0.000440791433203 0 8.89833981653
0.494369 -0.000118924289594 0.420672 7.38424886904e-05 0 8.9204452758
1.428984 -0.000476567537003 0.94267 -0.000157085572443 0 8.93030101209
1.079242 -0.000439975079706 -0.147593 -0.00032112739623 0 8.96151855714
1.545987 -0.000210485805379 -1.818603 -0.000242388729184 0 8.92029985117
-1.101652 0.000201253821813 -0.848593 0.000381332998897 0 8.90286377433
0.323634 -0.000308390327412 1.234142 0.000272136418341 0 8.92340511706
1.362532 -0.000244537772627 -1.234801 -0.000161914102597 0 8.9031192385
-0.337622 0.000240388356315 -1.805932 -0.000172819805152 0 8.93594116085
-0.84864 0.000106161606353 -1.206828 -4.79389186544e-05 0 8.89492238883
-1.178161 0.000403590115766 -1.753266 -0.00032012133283 0 8.9297203492
-0.203796 0.000111339675206 1.061243 0.000198233982501 0 8.95364378297
2.840342 -0.000281871245253 1.484192 0.000130795895657 0 8.89399808201
-1.356467 0.000554780165247 -0.39696 -0.000487709539007 0 8.97962090846
-1.394734 0.000200771042831 -0.689053 -0.000156580506288 0 8.95880099409
-0.528374 0.000338499155826 1.359869 0.000244042125991 0 8.90861345024
1.496315 -0.000123343231551 2.261187 0.000434805959691 0 8.90412559325
-0.761659 4.09705262544e-05 -1.292912 0.000145546403364 0 8.89005609035
-1.601881 -7.29985325171e-05 0.061036 0.000589130333339 0 8.91160148818
-1.403555 -2.45754281082e-05 -0.899106 9.13509409874e-05 0 8.89196954925
3.346953 -0.00040909813844 -0.464718 -0.000762670907898 0 8.98733414789
0.338495 -0.000114605692664 -1.408265 -0.000309541847852 0 8.96027586517
1.278841 2.4867270475e-05 2.048683 0.000359121317656 0 8.91862055986
-1.997402 0.000289103115413 0.261688 -5.14063492554e-05 0 8.95470944658
0.920679 -0.000378894422811 2.319637 0.000518775081663 0 8.93141369087
1.793761 -0.000219296857448 0.720103 -0.000110584035389 0 8.97016863258
-2.163274 0.000412010845419 1.314858 4.92047913692e-05 0 8.94577225483
2.245683 -0.000231616930186 2.330263 0.000433050643725 0 8.89853541803
0.188178 -0.00012674807228 -1.096683 -0.000292127309237 0 8.95018616711
0.487781 -0.000161718677308 -0.21508 -7.0258212877e-05 0 8.91090511485
1.017803 -2.4486465186e-05 0.336499 -0.000419958458454 0 8.92793771422
1.047023 -0.000301934532183 0.020855 0.000513116990742 0 8.89260244007
0.606923 -3.38202364868e-05 0.055824 0.00041917126431 0 8.90036108851
-0.45812 -1.15812299751e-05 0.12663 -0.000206702599975 0 8.95447847595
0.597216 -0.00014100900064 -0.54117 -0.000134660802778 0 8.97000654217
-5.594159 0.000834819985565 1.301006 0.000413559118384 0 8.89175536444
3.216798 -0.000537099988937 2.637572 0.0003057301497 0 8.89467281621
-0.564111 -2.01057490427e-05 -0.722525 4.99330145775e-05 0 8.96707061145
3.251865 -0.000641605924469 -0.202265 -0.000118210527429 0 8.92835287646
-1.633728 9.14123189359e-05 1.039195 0.000110542235017 0 8.9188970337
2.223183 -0.000270989021795 -0.471662 -0.000527092392443 0 8.95299891207
0.062819 -0.000147120334033 0.520013 -0.000217357949564 0 8.9787473751
0.663138 -7.01195540214e-06 -0.922762 -0.00028305567604 0 8.95763251385
-0.705596 0.000107058382184 -2.363928 -0.000129977715191 0 8.89091676912
2.239947 -0.000257638038646 0.795888 -0.000114942703698 0 8.97177357963
-1.713664 0.000413719744177 -1.968774 -0.000221475118085 0 8.95404361678
1.595918 -0.000128341424089 -1.135916 -0.000152767836872 0 8.970896984
1.987796 2.63158625927e-05 0.639884 -0.000160082400407 0 8.94326842559
6.118718 -0.000870312720602 -0.667184 -0.000275613300671 0 8.95973711819
-0.097634 -0.000185123206801 1.187526 0.000100047884562 0 8.93253120454
2.631647 -0.000271077098322 -2.110459 -0.00107201661023 0 9.02049377154
-1.099746 -1.05394624635e-05 0.225943 -0.000264342398764 0 8.93769536762
-0.240027 -0.000141036204746 0.069121 -0.000311069945962 0 8.96077174144
-1.680719 8.83306924796e-05 1.695419 6.69776686082e-05 0 8.93279204848
-0.7715 0.000113099624653 -0.329116 -0.000180489105698 0 8.97638123152
1.078857 -6.8182028523e-06 -1.316935 -0.000315582599241 0 8.94115310887
2.156147 -0.000350859851029 -0.206529 -6.55310410754e-05 0 8.93978760258
-1.824269 0.000264943471497 0.225901 -0.000148103396657 0 8.94927324849
0.554297 -0.00016293016218 0.095605 -4.22476566986e-06 0 8.91697554433
-2.413155 0.000242122790941 0.820211 0.000475596316853 0 8.90687050632
1.50316 -0.000422661342191 -0.901844 -0.000258405344227 0 8.93593883775
0.357618 -2.66946702894e-05 -2.809893 -0.000752428098268 0 8.97240083734
-0.189929 0.000100270734102 1.707154 1.96912332615e-05 0 8.96321146938
0.016782 -3.1671776812e-05 1.444011 0.000200559745866 0 8.92373702237
-0.735434 9.17392724279e-05 0.614638 -6.53116621298e-06 0 8.90921820922
-1.388619 0.00023563139763 0.624907 -0.000324478513926 0 8.97371939066
-4.300925 0.000770215256188 -2.678256 -0.000115173601298 0 8.94290810114
-1.198418 -9.66273918753e-05 -4.049699 -0.000562639292901 0 8.9603272766
1.16879 -1.15664738924e-05 -0.105397 -8.88738234242e-05 0 8.9629393669
-0.534058 0.000457474000905 -0.006342 -0.000549045110401 0 8.96882814725
0.839587 -7.86601624157e-06 -0.13776 0.000310012532677 0 8.88439783608
0.49649 -0.000220541127775 -1.559745 -0.00041084304574 0 8.96409474988
-0.915283 8.58039298163e-05 -2.422474 -0.00073585493798 0 8.98213681459
2.128402 -0.00037997203349 0.261206 -7.2513702882e-05 0 8.92015250768
2.391386 -0.000300455480484 -1.314766 -0.00020212803171 0 8.89575627491
0.817011 -0.000204551709101 1.528491 0.000334424418834 0 8.87267357596
1.917432 -0.00016948017075 -0.881337 -0.000916045866334 0 9.02765039449
-0.672029 0.000254512109177 -1.604322 -0.000554502367607 0 8.95518497434
-0.257523 -0.000136729140911 3.343754 0.000650599875791 0 8.88239353536
-2.133966 0.000537618468352 0.277504 -7.74784595322e-05 0 8.95936942553
3.72271 -0.00071729280772 0.625055 0.0002059132826 0 8.95187764468
-0.047438 -4.76967739405e-05 0.519088 0.000517433621913 0 8.88309903499
-0.092239 -0.000154726530173 -0.572967 -0.000338734478312 0 8.93873538304
0.694274 4.41165738605e-05 -2.705423 -0.000418216050177 0 8.94178170352
-2.866285 0.00044080973853 2.180669 0.00053972165164 0 8.94060418154
-1.396197 0.00020113849212 0.530754 -0.000102637899871 0 8.90028264012
-1.063165 0.000187078845853 -0.916424 0.000134739881431 0 8.95546289833
-0.664803 -9.83938875542e-05 0.946487 -0.000110820323942 0 8.9486584983
1.326586 -0.000173610125478 0.413168 0.000204812179622 0 8.90701872494
-1.697766 0.000196339609598 -1.716555 -0.00011529006186 0 8.93754253119
-0.133159 0.000137915834741 -0.733333 -0.000203721440726 0 8.9915787956
0.935843 -0.00021634565341 2.878846 0.00027851232507 0 8.90826781398
-0.278641 2.87860469659e-05 1.151052 0.000425083460999 0 8.95447615322
-1.487421 0.000154382229257 -1.233054 -0.000841414746029 0 8.98319699586
1.422856 -3.63969384526e-05 -0.060195 -0.000323044376655 0 8.97815541242
1.330213 -0.000168402712686 0.630293 -0.000149153891217 0 8.96546633277
-3.438317 0.000441784844456 -1.917276 0.000215529095794 0 8.88355486559
0.843006 -0.000213538170332 0.257708 -5.27716234812e-05 0 8.96435176484
-0.154586 -6.95934898984e-06 0.748653 0.000342382538452 0 8.87941764204
-1.733389 7.50826652124e-06 0.763618 0.000240703543199 0 8.90567025326
0.362802 8.5859502835e-05 1.28345 0.000198646243582 0 8.93438495709
0.976345 -0.000199655055784 -3.215287 -0.000466782531994 0 8.93838919734
1.637906 -8.4473827424e-05 -1.116845 -0.000375562094403 0 8.97761173872
2.615899 -0.000277537097346 0.157269 -0.000196777395169 0 8.93279171487
-0.647451 0.000155427857299 0.226638 0.000360001901517 0 8.88379923204
-0.279675 -0.000163740504007 -0.348099 -0.000214876625342 0 8.96154493146
1.252257 -0.000329895404169 0.96202 0.000100945828848 0 8.95459384746
-0.12268 7.84626864689e-05 0.320513 -0.000133115175216 0 8.92886602882
1.785351 -0.000191519716701 2.564935 0.000111769018929 0 8.92779596426
1.254152 -0.000254217064388 1.186428 0.000425651089185 0 8.90252143663
-0.230365 -0.000279679650697 -1.759402 -0.000531396270961 0 8.94129777395
4.652484 -0.000709141710045 -0.095239 -0.000230237800695 0 8.96487190664
1.387504 -0.000239962110576 -1.837997 0.000345445724684 0 8.93140710345
0.315548 -6.8543321995e-05 -1.69661 -0.000203989766949 0 8.95250540424
-2.363967 0.000279717429293 -0.323076 0.000528909627796 0 8.88197652071
2.205754 -0.000118417404541 2.180573 0.00036809668784 0 8.91673029655
1.564545 -0.000339937264393 -0.866151 1.04260678805e-05 0 8.91088240155
1.149477 -0.000343913148543 -0.105725 1.19424488611e-05 0 8.96457824621
1.084667 -0.000101685691273 0.109258 -3.26144743401e-06 0 8.90941357412
-3.226891 0.000445983659674 -0.329893 -0.000223723782693 0 8.94690128352
-0.233139 0.000120818914763 -1.171106 -0.000205873269653 0 8.93787751976
-1.341952 0.00019875374456 0.040747 -0.000262297629008 0 8.9682341013
3.76204 -0.000549879363585 -3.150715 -0.000635771171461 0 9.00650810642
-2.641985 0.000348665589557 -0.49671 4.89034611002e-05 0 8.9263875813
-2.202008 0.00011046841937 -0.835825 -0.000477296546333 0 8.95940592261
2.380299 -0.000176683946272 -1.32807 -0.00050200448469 0 8.98076971058
-0.26757 0.00012646651511 1.03811 -0.000132822771622 0 8.95281314867
-0.291351 -0.000163957861183 -1.183752 -0.000319552486276 0 8.96326690155
-1.509448 -2.42569071122e-06 0.554844 0.000226786282573 0 8.9445465049
-1.604596 8.52359978606e-05 0.586818 0.000342639739109 0 8.91808431857
-0.07085 3.59285954469e-05 0.726042 0.000265900041909 0 8.90975478525
-0.748226 0.000156780694209 2.29482 0.00042076923328 0 8.92765311651
-2.212056 -2.16481861803e-06 -1.240455 -0.000304857813668 0 8.91216491366
1.501172 6.79799102745e-05 0.008986 -0.000134786900059 0 8.94848473409
0.691875 -6.43984590698e-07 -1.634118 -0.000167197904681 0 8.92853150442
-2.613055 0.000164027367699 0.110759 0.000147145149983 0 8.96076504005
-0.991714 0.000208203740219 -0.047944 -6.79819218763e-06 0 8.95679542869
-0.719762 0.0005685597857 2.067706 0.000147560661303 0 8.92322866696
0.88108 -0.000174611124681 -0.793956 -0.000373156390874 0 8.95351961892
-1.153199 9.74423007245e-05 -0.639199 -7.70306825823e-05 0 8.93132378887
-1.547587 -1.49664743031e-05 0.480009 0.000100312264515 0 8.91712014297
-0.806581 0.000248331966579 0.893323 -2.74307999624e-05 0 8.93122661924
0.613352 -0.000143840103856 -1.206779 -0.000173492349708 0 8.95831019677
-1.476831 0.000207121387021 -0.637016 5.65486335619e-05 0 8.94024993768
3.169442 -0.000445631247438 -0.765181 -0.000172853631898 0 8.97013643419
-2.750048 0.000229089043901 -1.405031 -0.000248483973441 0 8.92451091217
1.28252 0.00021753879593 -0.672207 -0.000680914529016 0 9.01158915401
-1.325787 9.28492348412e-05 -0.245921 -0.00012695750412 0 8.95198649497
2.085818 -5.61176765888e-05 -1.356967 -0.000557770002831 0 8.99291318151
-2.276357 0.000251762172423 -0.592691 -0.00066887758401 0 8.97132068648
0.630316 -3.56292969787e-05 0.564722 -0.000219095203038 0 8.9360706973
-1.709288 0.000399315406515 2.097453 0.000631466923912 0 8.88181394565
3.383812 -0.000295799957682 -2.884353 -0.00115241810605 0 9.01436315711
0.619538 9.72823974657e-05 0.039445 -0.000373495426716 0 8.94277613497
1.5525 -0.000265891056958 1.060096 0.000295003885485 0 8.93117686036
-1.705074 0.000399160127022 0.343887 -0.000211537157745 0 8.94835986288
0.822002 3.09760494426e-05 2.681764 0.000830721032152 0 8.87732115368
-1.014716 0.000256893178319 0.618039 3.15624019049e-05 0 8.93680103295
-2.003833 0.000373895392121 0.351633 -0.000243150564587 0 9.0099464939
-0.368917 -1.75681513828e-05 0.196542 0.00011624788319 0 8.87208166581
-1.623702 0.000322497830885 -1.037471 -0.000294313294801 0 8.96906815148
-0.624561 0.000220269479968 -0.029389 0.000223297709912 0 8.93840317935
4.13668 -0.000560101279791 1.039729 -0.000168573017312 0 8.9343038738
0.57505 -0.000419614410777 -0.284045 0.000124133203721 0 8.93533826059
0.741971 -0.000187355834316 0.025296 0.000190659493402 0 8.92597241602
2.698178 -0.000353429594949 -0.887947 -0.000265816548855 0 8.94505228026
0.074151 -0.000180810428477 -0.423366 0.000279245391 0 8.93609506468
0.691559 -0.000219457138493 1.095087 2.54033878423e-05 0 8.92711918471
1.170095 -0.000313125689566 1.794791 0.000261267265603 0 8.93187109479
6.320821 -0.00113257844596 1.271132 0.000269147692165 0 8.91795226192
1.206313 1.70549224001e-05 -1.12547 -0.000398168988714 0 8.95697204572
2.484018 -0.00044471574278 -0.468912 0.000175986507947 0 8.93821880701
2.024128 -0.000421635525181 -0.263492 -0.000140046723761 0 8.95540908145
-1.874268 0.00036081352864 -0.012281 -5.43666235523e-05 0 8.93521974224
-2.835395 0.00013809748797 -0.336372 -6.83360764547e-05 0 8.90781654945
1.542492 -0.000162639288609 0.170657 0.000184021305705 0 8.9727188134
-0.4996 -5.93452302619e-06 -1.662451 -0.000282475521426 0 8.93302429565
-2.818677 0.00045095311978 -0.540213 0.000273405326506 0 8.92902082676
-3.135584 0.000434652542822 0.709661 -0.0003503184099 0 8.95833335071
0.766478 -0.000177994008336 -0.264861 -0.000511921209705 0 8.98070283256
-1.038593 0.00029162231246 1.230046 4.29186066411e-05 0 8.94745423375
0.979754 0.000142685155062 -0.539004 -0.000315767524501 0 8.93429598616
1.614218 -0.000265023451004 0.618683 -0.000111993822065 0 8.98134302887
1.332603 -0.000172420431228 -1.640032 -0.000255143760968 0 8.93741227599
0.519032 -7.46354367164e-05 -1.847319 -0.000339610996785 0 8.95575263767
-0.188669 9.99401705637e-05 1.60627 0.00014174396506 0 8.94128611518
0.233345 -0.000149620666771 1.77757 -0.000149991621876 0 8.91580989048
2.02781 -0.000279500885917 1.559915 -0.000229300789721 0 8.93409018178
-3.531331 0.000441636882884 -1.061805 -0.000444402304529 0 8.94491522756
0.954852 7.72870190241e-05 -0.534109 -3.47702156131e-05 0 8.93344999031
-1.045277 9.71958817154e-05 -1.738516 -0.000440294507736 0 8.96936312073
-0.341704 0.000117886707639 -0.459841 0.000215936420049 0 8.93642573399
-0.874513 6.74934437039e-05 2.546335 0.000608416487103 0 8.89167385446
1.885328 -0.000107095360696 0.385411 -0.000305017896093 0 8.94407799519
3.196603 -0.000432621079194 -2.370407 -0.000215721808246 0 8.94290475396
-2.065315 0.000372868758384 -1.352009 -0.000304670487405 0 8.96134304316
-0.745037 -0.000103817443054 0.599576 0.000196066389083 0 8.90534237747
0.114747 -0.000240273309695 -0.262923 -0.00026903084344 0 8.90132154252
0.296872 -1.1645537982e-05 0.827302 1.72192995831e-05 0 8.94067185386
0.532634 -0.000306591660463 -0.188691 0.000233808456047 0 8.91506017115
0.720955 -5.24769898147e-05 -1.328013 -0.000160561906532 0 8.94698664263
-1.344115 9.38587006632e-05 1.430847 9.11307344311e-05 0 8.90816465092
0.170742 0.000177076667687 0.917534 -5.57995385251e-05 0 8.97247530349
-3.896694 0.000432800679209 -1.322713 -1.94806788221e-05 0 8.93676196047
-1.860536 0.000397954629969 -0.048168 0.000402621540821 0 8.91575851308
-1.45767 0.000122166545346 0.142688 4.045668886e-05 0 8.92851273832
1.072141 7.04444066237e-05 0.708117 -7.09294625659e-05 0 8.92677329197
1.542852 -0.000277601538798 -2.932461 -0.000279072452679 0 8.95261168529
-0.05451 -8.72585792543e-05 -0.339399 0.000758215707983 0 8.84206969356
-1.288917 0.000213691663455 0.125818 -3.83019754567e-05 0 8.95551208134
-0.774858 -5.40847113229e-05 0.056242 -0.000305713275825 0 8.97348483394
-1.81666 0.000387663552801 0.734844 7.72730812498e-05 0 8.94804257483
-2.161456 0.000276776123255 0.123801 0.000114052275731 0 8.94080060643
-0.394913 4.08731353482e-05 -1.730536 -9.23024296361e-05 0 8.92183013161
2.25735 -0.000236144577866 -0.961153 -0.000233863543775 0 8.98193204796
-0.024006 4.72565002924e-05 -1.790782 -0.000518701104832 0 9.02732037526
-0.11126 0.000197114836738 0.686797 -7.83506829935e-05 0 8.98557206127
-0.899418 0.000129951501626 -1.88298 -0.000140162213076 0 8.93078398538
1.555224 -0.000238974583825 0.036894 8.6399608971e-05 0 8.92499475661
0.865017 -9.46339737781e-05 -0.67105 -0.000261275382746 0 8.95419401257
1.220543 -0.000294110641572 -1.386162 0.000124414818481 0 8.91824531448
-0.017239 0.00013353601013 2.040401 0.000597062987771 0 8.89867905196
2.865273 -0.000281697521263 -1.432492 -0.00013179998139 0 8.93715992467
-0.442233 4.13439663024e-05 0.484755 0.000388911641266 0 8.90945837734
0.899435 6.04430381354e-05 -1.506124 -3.03585769928e-05 0 8.95428973524
-3.197022 0.000628185775363 0.522694 -0.000108067179557 0 8.95437634947
-0.110677 -0.000327439977419 -0.257784 0.000282607808724 0 8.90998619624
0.656323 -0.000120843219348 0.419038 -8.11428683207e-05 0 8.90578284912
3.091507 -0.000516958941638 -0.800034 -0.000392550420778 0 8.95829181307
1.115417 -0.000112658440746 -1.081559 -0.000334417611005 0 8.92764974305
-0.369855 0.000115328779628 0.87797 4.61213478101e-05 0 8.98244220122
-1.857287 6.19897283245e-05 1.924892 0.000250687026034 0 8.92553732288
0.746815 -1.92357946832e-06 -0.076536 0.000512250875898 0 8.88890979105
-1.672742 0.000254879029437 1.481416 -2.40901838367e-05 0 8.89232847454
-0.088287 -0.000158669265774 1.577421 0.000409797618393 0 8.94873015668
-0.087509 0.00020344185411 -1.224761 -0.000530632627528 0 8.99370258791
1.161437 -3.71008359104e-05 -0.262043 -0.000332472147967 0 8.95574339478
-0.041047 -4.47885135901e-05 -1.664398 0.000131370333745 0 8.92596824264
0.052975 0.000309013810714 0.58757 -0.000182170460302 0 8.98523223218
-0.645832 0.000169657847393 -2.528163 -0.000675809206775 0 8.96216174428
-1.036489 8.39317897537e-05 0.739745 0.000542811220853 0 8.89255814242
-3.026849 0.000427808053885 1.45262 0.000351696921751 0 8.93608444577
-0.923778 0.000216336277952 1.210857 0.000377733079453 0 8.91704354309
-1.86534 0.000255913737747 -0.707509 9.29528510172e-05 0 8.90854546649
1.71373 -0.000637598891467 -0.331095 5.07388244596e-05 0 8.95148833996
0.691285 -0.000259616529065 -0.656977 -0.000202633675516 0 8.94114684686
-3.033536 0.000620884413511 -0.31155 -0.000242160395541 0 8.98111198591
-0.16885 -2.57450467742e-05 -1.779697 -0.000432898558694 0 8.93677140064
-1.911794 0.00024099553633 1.629685 0.000153615865342 0 8.92942649235
-2.555091 0.000497553916597 0.404821 0.000496188320647 0 8.90868351518
2.00189 -0.000236021864713 0.464678 0.000735826466434 0 8.91035549231
0.249078 -0.000260080218699 0.259587 -0.000137970098447 0 8.96557688516
-1.113687 0.000143533995108 0.160317 -0.000260557602661 0 9.01266854389
1.616468 -0.000498927203458 -0.621467 3.7299453868e-05 0 8.91788461529
0.335528 -0.000295804164219 -0.929271 -0.000394551090965 0 8.94676696256
1.30396 1.19452141432e-05 -0.115838 0.000100111221309 0 8.94437572877
2.82769 -0.000420388814671 1.760295 9.37563512424e-05 0 8.94097948364
3.124506 -0.000348619498721 -0.122262 0.000190891954767 0 8.93450374037
2.121541 -0.000254932825503 -0.848037 -0.000233291932139 0 8.93043677769
-0.5807 -0.000303663324022 1.479027 8.86250017932e-05 0 8.9179755714
-4.295624 0.000701868594675 -0.567406 -2.22114977743e-05 0 8.94138396162
2.598117 -0.000620025912966 -2.025584 5.13505139055e-05 0 8.9406164563
0.59384 -6.27048161433e-05 -0.483231 -0.000405806988974 0 8.96377280353
0.71341 -3.09955547877e-05 -1.410379 9.48699021163e-05 0 8.9293509057
-1.955797 0.000173699526801 -0.981504 -0.000558585157064 0 8.98182177858
-0.657553 -6.58632453289e-05 2.724047 6.85224978014e-05 0 8.9271275804
2.281533 -0.000623761244868 0.587711 0.000328096704834 0 8.90554453059
-3.157574 0.000704804401123 0.230904 0.000133683227015 0 8.94433410824
-2.053129 0.000338986333066 1.301447 0.000408883867958 0 8.92931655022
0.623311 -0.000272843667658 3.599916 0.000826441130013 0 8.87105175749
-2.461635 0.000266727139271 -0.809289 -0.000199837157903 0 8.9375340625
-3.238265 0.000604107628261 1.972676 0.000412662935395 0 8.91509068732
-2.140472 0.000279757556456 -0.073626 0.000275335502461 0 8.97107326955
1.503947 -0.00024987541971 -0.759703 -0.000461788783517 0 9.01282396675
-1.608279 0.000523048839764 -1.081624 -0.000426611852102 0 9.00205841469
-1.249583 -7.4085220505e-05 -0.911658 -0.000224403090024 0 8.95620180353
-0.313041 9.49081494125e-05 -0.883153 -0.000336868477577 0 8.96051794431
3.324092 -0.000158740105586 1.45489 0.000717768831486 0 8.93213974463
-1.571682 0.000351258551743 -1.539006 -0.000197898955221 0 8.93723795856
-0.305341 0.000207799395277 0.428922 0.000168519691153 0 8.93617216942
4.352212 -0.000540376462895 0.537005 0.000420624821992 0 8.96086823377
-1.213265 0.000360271874613 0.874705 0.000396443278948 0 8.94130709779
0.525158 -1.16436053056e-05 -0.336736 -0.000263562227986 0 8.96289473389
0.109646 2.62026826119e-05 1.020196 0.000583829340957 0 8.87532139736
1.530996 -0.000193329722126 -0.621633 -0.000158570596133 0 8.96742600773
-3.724861 0.000759356781176 2.161164 -0.000216891650209 0 8.94241107784
0.94263 -0.00014030846336 -1.22981 -0.000278788432088 0 8.95065205418
-2.514848 0.000422455308016 0.26029 0.000371250101155 0 8.9042190699
-0.224359 -0.000143745008937 0.074809 5.34726669478e-06 0 8.92632096702
-2.251207 0.000602689819796 -0.557819 8.09158479516e-05 0 8.97161761024
0.78908 -0.000137810527133 0.690226 7.86423468629e-05 0 8.94855158816
0.860082 -0.000287215372417 2.628176 0.000975868405495 0 8.880626043
0.833434 -5.07879934701e-05 0.369296 0.00037822419994 0 8.92302221909
-3.449995 0.000557633952631 0.410414 0.000333900240367 0 8.89059661602
0.769375 -0.000116820549429 1.084105 0.000127509450261 0 8.89087462761
-0.892754 0.000181315718279 -0.303921 -1.86701271001e-05 0 8.92561145435
1.551537 -0.00030753648617 -0.320433 0.000286050678673 0 8.91684394929
-0.835268 1.45799283389e-05 -1.277313 -0.000787936568632 0 8.97119503131
-1.44346 0.000169710143009 -0.689843 -0.000107678446595 0 8.93881903253
1.935001 -0.000216268104932 -1.083695 -1.18617920391e-05 0 8.94857136924
-1.875479 7.84759817742e-05 0.7525 -1.19027683773e-05 0 8.95687131167
-0.610768 0.00022592206471 0.46615 1.60230014691e-06 0 8.92978883439
2.121246 -0.00019051963849 -1.218499 3.82407125702e-05 0 8.92473741264
-0.210934 4.43955553174e-05 1.58101 0.000619074671471 0 8.90131010669
0.032664 0.000115119264664 0.724632 0.000413861686861 0 8.89810930515
-1.834649 0.000414183599718 -0.82218 0.000163112149249 0 8.93365242679
-1.271871 0.00012597654005 0.430743 -2.78537713998e-05 0 8.95219336027
1.144415 -0.000254573280589 1.567 0.000547628445394 0 8.87179368865
0.420505 0.000138855384883 1.510693 0.000445228744747 0 8.95389229443
-1.048343 0.000373428818699 -2.1953 -1.77173698936e-05 0 8.94260931192
1.063771 -0.000219450207309 1.097768 0.000231140527799 0 8.93461713934
0.513608 0.000105486984101 -0.480758 -0.000114185941125 0 8.95335505695
1.488254 -0.000310949176686 3.029945 0.000706185745997 0 8.90051804925
0.292464 1.60655341619e-05 -0.584232 8.60164118068e-05 0 8.91142263028
0.011843 0.000105032501912 -1.338472 -0.000514396537557 0 8.95978275587
0.634262 -0.00012696378799 -0.669999 -0.000703036473289 0 8.95169927246
0.500273 -0.000109651808684 -0.617032 -0.000126709660878 0 8.96909244848
-0.241621 3.10673255169e-05 0.806974 -9.9798081473e-05 0 8.89605105381
-0.90099 0.000118068635307 1.182857 0.000418291779377 0 8.94045413665
-0.836339 8.10113982983e-05 -1.430194 -0.000353881990339 0 8.94408703639
-1.724792 0.000215027884487 -4.145016 -0.000510932161103 0 8.98739057965
-2.592041 0.000110109315599 -0.76563 0.00070196013861 0 8.89792596026
0.29066 0.000136697587899 -0.228307 0.000129046959466 0 8.91973766696
0.908365 -0.00026331732271 -0.890651 -0.000137421394108 0 8.98887606503
1.0999 4.80571982887e-05 -0.312015 -0.000588333411502 0 8.96467664121
0.234151 -0.00021998369585 0.189574 0.00014916771709 0 8.93464340385
0.305842 8.70438441382e-05 0.454505 0.00030731305502 0 8.91827792466
-0.577112 -4.84668463191e-05 -1.073746 -9.77288149004e-05 0 8.94733255573
-0.302483 -0.000128289308021 -0.21354 -0.000237927031428 0 8.95427645372
-0.644829 -3.58464007622e-05 1.69844 0.000320472164277 0 8.91300798963
-1.795732 0.000297753122372 -0.401257 0.00047259224659 0 8.91283818723
-1.147714 0.000114773884565 2.693282 0.000486081537864 0 8.94310494504
0.231145 8.01379590294e-05 0.154922 -0.000182439063362 0 8.96915461536
1.100337 0.000113096672964 0.161459 -9.75954707839e-05 0 8.94574803556
1.547924 -0.00030410298659 -0.296836 -0.000120617099486 0 8.927108615
0.484384 -0.000273933850745 0.618288 -0.000356388410369 0 8.95383736967
-1.289448 0.000478987550015 0.065413 -0.000459440050601 0 8.97177084789
0.144458 -0.000237062531153 2.650266 0.000490716887245 0 8.9232192215
-1.189597 -3.69618442098e-05 -1.922819 0.00019978121923 0 8.89493568976
0.860317 -0.000182038853685 -0.589746 0.000286138902981 0 8.94171296715
1.789906 -0.000289470051294 -0.395879 -0.000299097387641 0 8.93937455044
-2.402116 0.000336275029102 -0.235902 0.000136600315945 0 8.95718609595
0.421693 -6.90475175364e-05 -0.337452 2.25241091096e-06 0 8.94514596694
3.882896 -0.000713445260297 0.755422 -0.00013087881026 0 8.92497522573
-1.59701 0.000133838601034 -0.560909 -0.000145793473888 0 8.91036028743
3.484171 -0.000553942789516 -2.929029 -0.00047821944935 0 8.95273967886
0.078301 -0.000185499641929 0.316873 -8.7862431343e-06 0 8.92820527088
-2.185872 0.000282591944324 -0.956051 -0.00015569337212 0 8.92474310828
2.490434 -0.000431474592751 -1.776157 -8.44730850724e-05 0 8.95687511253
-1.19479 -3.12742959097e-05 1.879844 0.000558389636444 0 8.93643694755
-1.770012 0.000229739235938 -1.677304 -0.000269512805072 0 8.90447183478
-0.567844 0.000149751912982 0.59401 9.07713056935e-05 0 8.9832571122
-1.250767 5.95491536516e-05 0.886385 0.000602283321561 0 8.88042947356
-0.696859 2.67510857515e-05 0.010192 -0.000380192126302 0 8.91502222996
-2.363821 0.000352062530966 2.853965 0.000253499921172 0 8.95498973239
-2.112498 0.000248461843688 -0.928215 -0.000411846793029 0 8.96147659384
1.656446 -0.000275334987545 0.539643 0.000216093665988 0 8.92256729864
0.747377 5.54854401621e-05 0.996125 -0.000246676492704 0 8.96600112344
3.786929 -0.000772714059347 -0.536523 -2.27899183246e-05 0 8.9183303408
3.130116 -0.000348967274905 2.480429 0.000379167868134 0 8.93060853771
-3.077473 0.000408206815943 -0.641961 -0.000139074653796 0 8.9219251486
-1.308822 -2.97950341153e-05 -1.437652 0.000106832450692 0 8.92923495556
1.011711 3.96338717401e-06 2.223227 0.000239229037237 0 8.89860109705
2.583024 -0.000146081327081 -0.181874 0.000422976752279 0 8.905475882
0.812404 -0.000160824735975 1.706412 0.000140118997591 0 8.93231570972
0.830504 -1.79185427539e-05 -1.31027 -0.000553227202555 0 9.0022703711
0.941947 -0.000201916349671 0.147227 -0.000506810234458 0 8.96526332892
-1.282208 0.000235021089609 -0.334349 -8.75377473216e-05 0 8.97238478734
0.859785 -0.0001230568813 -0.268062 1.81724185026e-05 0 8.9386761962
1.927348 -0.000427420257791 -0.472461 -6.42646530428e-05 0 8.93893230414
4.602419 -0.000710594270287 -1.414379 -0.000355697564823 0 8.97683213229
-2.257196 0.000207078919018 0.6278 0.000210477828591 0 8.97790946104
-1.75441 0.000326999614688 -0.15254 0.000347447823458 0 8.91119007589
2.035053 -0.000129057368228 -0.890879 -0.000216484476966 0 8.98328507021
-0.075038 -2.39555270333e-05 -1.743548 0.000267211777483 0 8.91606186565
0.037745 -0.000135558059149 -0.405605 0.000116915527666 0 8.93969110166
0.564111 -0.000212474303431 1.673453 0.00059255951941 0 8.89298430364
-0.210409 -7.64792759961e-05 -0.296513 -0.00035261040914 0 8.96387869335
1.482462 -0.000411037104739 0.391976 -0.00032260645186 0 8.96539425333
4.069585 -0.000735391314268 0.479053 0.000236741218983 0 8.90996036699
1.484864 -9.55193217927e-05 0.629282 -0.000162254784191 0 8.97688137757
1.261617 -0.000179800950524 -0.040779 0.000168028872654 0 8.94066303216
1.750512 -0.000297494399255 -1.670507 -4.3026986476e-05 0 8.96062010343
-1.573294 0.000258576175098 -0.526071 0.000249661124909 0 8.91407784744
-1.60109 0.000203491391938 0.773699 0.000277486941603 0 8.95492063002
0.200612 -0.000389691861041 1.404264 0.000478764617271 0 8.87441371523
0.006913 -0.00021430164783 0.801975 0.00024593423907 0 8.93287721382
-1.925771 0.00049476485475 1.213587 0.000636322001706 0 8.93048949106
3.5199 -0.000530542575621 1.891765 0.000762207149119 0 8.89818864857
-1.008734 0.000299809045194 -0.624891 -0.000326168381658 0 8.94041409771
-0.441152 -1.90186162105e-05 -0.495376 0.00031207281976 0 8.92460547211
1.142056 -0.000177392761051 1.571697 0.000353096950398 0 8.93271922651
-0.499156 -1.94190186888e-05 1.223322 -0.000370058838344 0 8.96042152637
-2.436974 0.000196576709786 -0.89363 8.40700532246e-05 0 8.91491720323
1.700744 -0.000162104662475 -0.883593 -0.000387488603977 0 8.94571182788
2.057505 -5.96457051394e-06 0.363353 -2.88582068791e-05 0 8.95721169245
3.419033 -0.000424764813008 1.350982 0.000128604168028 0 8.93960128756
-3.262695 0.000511018063027 0.038662 9.06983227373e-05 0 8.92802847104
-0.801057 8.72063314806e-05 -0.408539 3.75232164819e-05 0 8.91946272909
1.633002 -0.000191308823286 -0.259629 8.68372025614e-05 0 8.92206435418
4.657717 -0.00063656644174 0.591674 0.000184788671362 0 8.95565671762
0.615709 1.71059849423e-05 1.701082 0.000119298071708 0 8.94703871956
-2.229684 0.000244292867462 -0.941639 -0.000120293699175 0 8.93759134709
1.100473 0.000116259588561 -1.081656 -0.000148689628416 0 8.95308246526
-0.138045 3.77945422293e-05 -1.810535 -4.08226363287e-05 0 8.93978500049
0.488438 -9.74990869317e-05 0.875122 0.000111843593642 0 8.91555138757
1.803174 -0.000266757334123 0.237049 -0.00015400052323 0 8.96940771212
-0.990885 0.00010331376579 -1.910957 -0.000248803065858 0 8.95834593517
2.960087 -0.000232560207042 -1.818006 -0.000344263523218 0 8.9544628183
2.791846 -0.000493400491236 -1.689325 -0.000361126926398 0 8.91814523261
1.020226 -0.000181945553278 1.541277 0.000144785386292 0 8.9108788107
0.721962 -0.000201060281319 1.743376 0.000183086817005 0 8.92282764276
3.59812 -0.000629193107536 -0.222751 -3.96080527989e-05 0 8.9376311368
1.003703 -0.000197833939425 -0.339994 8.6071840018e-05 0 8.91988935742
1.07907 3.54669207144e-05 -1.367023 -0.000381954966082 0 8.9602410717
-2.290246 0.000211094739 0.896309 0.000208968298875 0 8.91877467647
-0.277859 -1.27398260683e-05 -0.483556 0.000288351506262 0 8.88879123356
-1.139956 0.000142613706275 0.453826 -0.000413308281238 0 8.96847823669
-2.220907 0.000193521845249 -0.023796 -0.00012807416654 0 8.92442698001
0.416104 -0.000105321338897 2.065823 0.000511746239901 0 8.91006277661
-2.111375 0.000226070081151 0.955589 8.17323333818e-05 0 8.93151131158
0.250118 -0.000172172815765 0.500734 0.000546911284204 0 8.90303407395
-1.369208 0.000336681282441 0.584689 -0.000303804831794 0 8.97895386501
0.941518 -0.000183781950145 1.525534 0.000520700083688 0 8.89133598972
-0.529706 -3.83983209815e-05 1.120066 0.000240635141357 0 8.87162618854
3.449272 -0.000454899718603 -1.556906 -0.000188877854131 0 8.93810803901
-3.647359 0.000713552844734 -0.06274 -5.77181763675e-05 0 8.94527862242
-3.346582 0.000581616034276 1.540855 0.000558453706805 0 8.90742964816
-0.465543 7.02349645502e-05 2.075953 0.000661295741168 0 8.88821090037
-0.06091 1.58463060515e-05 -1.973836 -0.0002179599895 0 8.91561333974
-3.034594 0.00049334111316 0.530253 0.00029054258838 0 8.89094422468
0.16886 -9.87111797886e-05 0.580482 -2.4368321093e-05 0 8.93303582984
1.694491 -0.000430002449032 1.143515 0.000260458901098 0 8.92323970991
-3.327022 0.000621031636451 -0.99289 -0.000707374114592 0 8.96693197357
-1.891384 0.000329757932992 -3.059621 -0.000594935330069 0 8.98589196433
-0.892511 0.000143485262762 -1.519296 -0.000454753293785 0 8.96814819441
2.335621 -0.000473073456216 -0.905376 -0.000412589083148 0 8.96615963506
-0.421714 3.05834502991e-06 0.95463 -0.000158189542249 0 8.95150972894
0.433874 0.000256493162271 -1.784156 -0.000219435851964 0 8.90576533188
0.564436 -0.000151830788148 -0.390904 0.000181569615941 0 8.94324973042
-0.351205 0.000113665505554 0.902181 0.000432275413972 0 8.94183297586
-0.86802 0.000514537580102 -3.147167 -0.000540791954138 0 8.99023447754
1.199396 -2.56681768032e-05 0.617969 -0.000155686743151 0 8.95917138309
-0.191574 -7.43458426896e-05 0.687686 0.000309554101599 0 8.90531433725
1.819635 -0.000507049776778 0.515879 -0.000156821354078 0 8.94322810696
0.921295 -5.74416923117e-05 2.878519 0.000345430458287 0 8.95846224586
0.719642 -0.000202249425261 -1.261576 -0.000347669466432 0 8.97031416344
2.831897 -0.00028263881816 -1.007065 -9.68723211987e-05 0 8.96646968765
1.325893 -0.000400382639343 1.275947 -9.62546717379e-05 0 8.95751973289
-2.074657 0.000237082263835 0.076556 0.000413300625514 0 8.91449383749
2.132652 -0.000285817966619 1.171319 0.000260551412392 0 8.94501814803
-0.315139 0.000143981245654 -0.505078 0.000133656367104 0 8.92337151902
-2.280732 0.000168612870568 0.258907 -0.000180077993083 0 8.91197276233
2.764754 -0.000299279488627 1.773206 -5.26894284778e-06 0 8.96619750271
1.358242 -0.000185772290026 1.849192 0.000279963485575 0 8.88075274517
1.456508 -0.000335765793136 -0.394523 -0.000214086455636 0 8.97800029859
0.404445 8.94398304378e-05 -1.925519 0.000160466999038 0 8.92357586049
-1.206355 0.000334389229484 0.507725 -0.000321652075797 0 8.96457270557
2.275368 -0.00052182135639 -0.353465 -7.76900679138e-05 0 8.97350865851
-3.231143 0.000172927843624 -0.243395 0.000216071007357 0 8.91534152543
-1.299836 0.000309053272496 -0.829765 2.24210321189e-05 0 8.91658018239
-3.594365 0.000396723504213 0.940748 -0.000699610490773 0 8.98938233854
-1.935225 0.000112606122958 0.210442 -8.04559660844e-05 0 8.95422750463
-0.568562 0.000142625434388 0.284611 -0.000108998470717 0 8.89499628078
0.896759 7.4234589298e-05 1.161698 0.000279428466332 0 8.91377018099
-0.29598 -3.28714887972e-05 1.164077 -8.13370526062e-05 0 8.96307952905
2.61937 -0.000365405089579 -0.132998 -0.000433120113956 0 8.97747990666
1.142913 -0.000425954467032 -2.214539 -0.000565663431367 0 8.9978712196
-1.539209 0.000371033458298 -1.646253 -0.000209958823444 0 8.95698820143
-3.531548 0.000712753126902 0.399022 -0.000627144671331 0 8.95634665046
1.533709 -0.000370893965165 -0.39715 -7.4588445932e-07 0 8.90882846969
-0.320906 -5.83564645107e-05 -0.101358 -0.000331770546855 0 8.95212471746
0.824047 -0.000227988904372 2.217305 -3.27942774566e-06 0 8.93843295475
2.258827 -0.000365173351286 -0.960123 -0.000219534915385 0 8.95348632584
1.646652 -0.000349056359417 -1.465874 -0.000216066467495 0 8.9374538127
-2.204917 0.000380418239171 -3.076217 -0.000585450928181 0 8.96075430011
-0.725245 -0.000517044649431 1.799994 0.000147767126291 0 8.90871136517
-1.548983 0.000181506895378 -0.294487 0.000200941515493 0 8.91068219711
2.972922 -0.000198397923649 -2.000373 0.000378135814224 0 8.92447748972
0.851102 -5.56072564415e-05 -0.976663 -0.000254304363873 0 8.94852442919
2.340265 -0.00031685379307 0.092115 -8.91483125505e-05 0 8.9532488408
1.539856 -0.000242390504625 0.070336 -0.000179664862771 0 8.94763750814
1.11123 -0.000246060688985 -0.916349 7.69668669247e-05 0 8.9314248532
0.123457 -0.000316453022098 2.233382 0.000391896042688 0 8.88523475801
2.813589 -0.000417390937148 -0.328989 -0.000633406566926 0 8.983306872
-2.275029 0.0004547583951 0.086369 -7.90349909141e-05 0 8.94745483971
0.252135 -0.000122188631655 0.142247 0.000375150870407 0 8.92448381707
1.055503 -0.000208165169763 -0.18033 -0.000428397844443 0 8.96333452416
0.875131 -2.00617565309e-05 1.122945 0.00102952291528 0 8.87960041753
0.575895 -8.13386912481e-05 0.896285 -0.000106896642733 0 8.94462224221
0.030084 2.96237373931e-05 -0.370189 0.000245440835017 0 8.93927533209
-1.552788 0.0003822068883 -0.556692 2.6552590031e-05 0 8.91448913311
-1.132206 8.22568159117e-05 -1.578466 2.52890190339e-05 0 8.89720706121
-1.634744 0.000276086158923 3.548292 0.000570597918491 0 8.92199863831
0.547028 -2.5619300798e-05 -0.865807 5.46627373846e-05 0 8.93659793419
1.028277 -0.000208951245833 0.109118 -7.44824194921e-05 0 8.91848537182
3.34221 -0.000655587474245 1.852296 0.000194799615135 0 8.92345800406
-0.812509 0.000183419398338 0.15574 -0.000339777082708 0 8.91896165306
0.89017 -7.38015975921e-05 -1.106793 -0.000312905317001 0 8.90793778193
-0.577537 0.000222585301302 0.568629 0.000316851615228 0 8.86680331681
-2.35486 0.000485397900958 -0.936953 -0.000463143146321 0 8.9632049679
3.975849 -0.000656172884187 0.403065 0.000264842165565 0 8.97969740777
1.31514 -0.00037976390373 0.361902 -0.000143700859578 0 8.96315192064
-2.350591 0.000354076871631 1.352619 -0.000163908859133 0 8.95895795752
0.904473 2.69075943524e-05 -0.63624 6.26772713428e-05 0 8.92771567276
0.136512 1.44889580735e-05 0.175822 -0.000336471837241 0 8.9444674422
3.610022 -0.000731213697283 2.628674 0.00120104587059 0 8.88783358945
-0.130852 0.000135005777295 -1.55098 0.000208771053712 0 8.94268898213
2.19252 -0.000294937503052 0.282221 0.000238071396219 0 8.96001820623
-0.62576 0.000128435933365 0.512228 -6.32113838886e-05 0 9.00406836809
-1.841934 0.000210898140182 0.389593 -7.15890378199e-05 0 8.95373314692
-1.571461 0.000221574411552 1.423445 -0.000236510745581 0 8.96727393065
0.355662 -0.000199993428869 -1.230462 -0.000303947868515 0 8.96846909201
0.515656 -8.71761856619e-05 1.547508 4.25778441418e-05 0 8.97076783267
-1.145746 0.00028377838725 0.226402 -0.000147454082313 0 8.99721972415
-0.545346 7.18245168715e-06 1.625027 0.000343784854084 0 8.94519308229
-0.544871 -5.99762461172e-05 -1.262572 7.7983693555e-05 0 8.96940857736
0.429431 -0.000124232722575 -0.871306 0.000126268084122 0 8.94359611173
-0.211737 -0.00014177833743 1.161141 0.000498524281819 0 8.8925837495
-0.40372 7.88063732397e-05 0.806673 0.000142837475452 0 8.97167432457
1.493221 -0.000171600492594 -1.202785 -0.000741204498606 0 8.9976565686
0.334868 -9.87220798197e-06 0.632534 -7.07372247398e-05 0 8.91047339515
-1.549386 8.40787995586e-06 -1.338391 0.000282225506511 0 8.8932432158
-2.85545 0.000583000326848 -0.299331 -1.08724858074e-05 0 8.95580592949
-0.495238 9.80934178855e-05 1.211699 0.000441589336684 0 8.90546150882
1.558197 -2.59298177274e-06 1.85462 -0.000172071225403 0 8.9552518495
-0.438321 0.000168187901096 0.482686 8.96117099078e-05 0 8.95129457394
0.752635 -0.000260395613376 -1.113473 -0.000173588640028 0 8.938024891
-0.821681 0.000249881301131 0.468954 -2.52946641846e-05 0 8.94981274265
0.135898 -8.77310798112e-05 0.532684 0.000205377923725 0 8.92201895378
-1.396668 0.000185319285179 2.221364 0.00012400448378 0 8.95263456318
1.035307 -0.000192468369626 0.728561 0.000104975252417 0 8.91536206129
1.528263 -0.000346164784529 0.355195 4.34992478158e-06 0 8.95816272301
0.942499 -0.000187622905441 2.929037 0.000702832840828 0 8.88463485898
-0.604369 0.00011054812268 -2.055552 -0.000382336719515 0 8.97351005168
0.019337 3.40894124099e-06 0.61746 -0.000338894330281 0 8.98211972621
-1.086871 -0.000163584515148 -0.850946 -0.000484286337448 0 8.97810160539
-2.850987 0.000546050861816 0.532162 0.000213378028258 0 8.93398255151
0.401355 1.1423827721e-05 -0.656421 -0.00028884764719 0 8.93878256298
-3.853937 0.000589960656968 0.734303 0.000195621791473 0 8.93661410379
4.025225 -0.000555266882916 0.082268 -2.69203844952e-05 0 8.96947773605
-2.609363 0.000178462685632 -1.355983 -0.000154990478336 0 8.92815238827
-3.522236 0.000836583870964 -0.745377 -0.000441145272754 0 8.99845295995
-0.982754 7.53460003625e-05 -2.223717 -0.000305744141841 0 8.9811794729
-1.033529 0.000192847716979 -0.956137 -0.000392354890377 0 8.93150707833
0.872116 -0.000232995969681 0.1394 -0.000360998960959 0 8.97770602714
-1.107051 6.73537905949e-05 1.429831 6.21641641159e-05 0 8.9578153787
0.500006 -3.0695851532e-05 -0.131848 -0.000361160942766 0 8.98398625249
3.414688 -0.000610908675815 -0.574815 0.000132932813074 0 8.95767933782
-1.588178 0.000238604435431 -0.79354 -7.38255526561e-05 0 8.95430028523
-0.066009 -4.14372973682e-05 -0.944273 0.000170098384956 0 8.89676492737
1.842896 -0.00020531284814 -0.658016 5.80065188727e-05 0 8.88708947203
0.282618 5.40476988003e-05 -0.847924 9.17578753983e-05 0 8.93002875668
