
  ++++++++++++++++++++++++++++++++++++++++++++
  +     MAD-X 5.08.00  (64 bit, Windows)     +
  + Support: mad@cern.ch, http://cern.ch/mad +
  + Release   date: 2022.01.13               +
  + Execution date: 2026.08.15 15:09:18      +
  ++++++++++++++++++++++++++++++++++++++++++++
! Local first-order reconstruction generated 2026-08-15.

! This is not recovered historical source.  See !NOTE.md.

beam, particle=proton, energy=8.93828;



call, file="mace_transport_maps.def";

! Generated 2026-08-15 by reconstruct_from_csv.mjs.

! First-order maps inferred from the rounded CSV optics samples.

CSV_POINT: marker;



MAP_0001: matrix, l=0.0000000000000000E+0,

  rm11=1.0000000000000000E+0, rm12=0.0000000000000000E+0, rm16=0.0000000000000000E+0,

  rm21=0.0000000000000000E+0, rm22=1.0000000000000000E+0, rm26=0.0000000000000000E+0,

  rm33=1.0000000000000000E+0, rm34=0.0000000000000000E+0, rm36=0.0000000000000000E+0,

  rm43=0.0000000000000000E+0, rm44=1.0000000000000000E+0, rm46=0.0000000000000000E+0,

  rm51=0.0000000000000000E+0, rm52=0.0000000000000000E+0, rm53=0.0000000000000000E+0, rm54=0.0000000000000000E+0,

  rm55=1, rm66=1;



MAP_0002: matrix, l=0.0000000000000000E+0,

  rm11=1.0000000000000000E+0, rm12=0.0000000000000000E+0, rm16=0.0000000000000000E+0,

  rm21=0.0000000000000000E+0, rm22=1.0000000000000000E+0, rm26=0.0000000000000000E+0,

  rm33=1.0000000000000000E+0, rm34=0.0000000000000000E+0, rm36=0.0000000000000000E+0,

  rm43=0.0000000000000000E+0, rm44=1.0000000000000000E+0, rm46=0.0000000000000000E+0,

  rm51=0.0000000000000000E+0, rm52=0.0000000000000000E+0, rm53=0.0000000000000000E+0, rm54=0.0000000000000000E+0,

  rm55=1, rm66=1;



MAP_0003: matrix, l=0.0000000000000000E+0,

  rm11=1.0000000000000000E+0, rm12=0.0000000000000000E+0, rm16=0.0000000000000000E+0,

  rm21=0.0000000000000000E+0, rm22=1.0000000000000000E+0, rm26=0.0000000000000000E+0,

  rm33=1.0000000000000000E+0, rm34=0.0000000000000000E+0, rm36=0.0000000000000000E+0,

  rm43=0.0000000000000000E+0, rm44=1.0000000000000000E+0, rm46=0.0000000000000000E+0,

  rm51=0.0000000000000000E+0, rm52=0.0000000000000000E+0, rm53=0.0000000000000000E+0, rm54=0.0000000000000000E+0,

  rm55=1, rm66=1;



MAP_0004: matrix, l=5.0000000000000001E-4,

  rm11=9.9999693189956895E-1, rm12=5.2280476602107782E-4, rm16=4.0193006585476088E-7,

  rm21=-5.7551893679184421E-7, rm22=1.0000030678089593E+0, rm26=3.5153962609814349E-8,

  rm33=9.9999787158841813E-1, rm34=4.8525854874820700E-4, rm36=0.0000000000000000E+0,

  rm43=7.7562649254296792E-7, rm44=1.0000021287924921E+0, rm46=0.0000000000000000E+0,

  rm51=-3.5154086072290681E-8, rm52=4.0191292024022096E-7, rm53=0.0000000000000000E+0, rm54=0.0000000000000000E+0,

  rm55=1, rm66=1;



MAP_0005: matrix, l=5.0000000000000001E-4,

  rm11=1.0000069825047531E+0, rm12=4.4817876489083549E-4, rm16=-9.6222584081151474E-8,

  rm21=1.3077313654292191E-6, rm22=9.9999301813009489E-1, rm26=-7.9822554150711655E-8,

  rm33=1.0000032645669108E+0, rm34=5.2251030384791830E-4, rm36=0.0000000000000000E+0,

  rm43=-1.2328479144185696E-6, rm44=9.9999673479957296E-1, rm46=0.0000000000000000E+0,

  rm51=7.9822985678784144E-8, rm52=-9.6186137493857788E-8, rm53=0.0000000000000000E+0, rm54=0.0000000000000000E+0,

  rm55=1, rm66=1;



MAP_0006: matrix, l=0.0000000000000000E+0,

  rm11=1.0000000000000000E+0, rm12=0.0000000000000000E+0, rm16=0.0000000000000000E+0,

  rm21=0.0000000000000000E+0, rm22=1.0000000000000000E+0, rm26=0.0000000000000000E+0,

  rm33=1.0000000000000000E+0, rm34=0.0000000000000000E+0, rm36=0.0000000000000000E+0,

  rm43=0.0000000000000000E+0, rm44=1.0000000000000000E+0, rm46=0.0000000000000000E+0,

  rm51=0.0000000000000000E+0, rm52=0.0000000000000000E+0, rm53=0.0000000000000000E+0, rm54=0.0000000000000000E+0,

  rm55=1, rm66=1;



MAP_0007: matrix, l=3.8100000000000001E-1,

  rm11=9.7639926857300829E-1, rm12=3.7800611908620513E-1, rm16=-3.8592958551131318E-7,

  rm21=-1.2339305343754452E-1, rm22=9.7640043518384889E-1, rm26=2.6999556348040327E-7,

  rm33=1.0237833552458753E+0, rm34=3.8399078745829507E-1, rm36=0.0000000000000000E+0,

  rm43=1.2535843305312425E-1, rm44=1.0237873843640322E+0, rm46=0.0000000000000000E+0,

  rm51=-2.1600244073209612E-7, rm52=-4.7888179036528899E-7, rm53=0.0000000000000000E+0, rm54=0.0000000000000000E+0,

  rm55=1, rm66=1;



MAP_0008: matrix, l=3.8100000000000001E-1,

  rm11=9.7639972161381505E-1, rm12=3.7804999907880854E-1, rm16=3.2799714110021139E-7,

  rm21=-1.2339332560151051E-1, rm22=9.7639433140588971E-1, rm26=1.5156860514939363E-7,

  rm33=1.0237867839787478E+0, rm34=3.8403011999381104E-1, rm36=0.0000000000000000E+0,

  rm43=1.2535721061117461E-1, rm44=1.0237883131873449E+0, rm46=0.0000000000000000E+0,

  rm51=-1.8846420190140516E-7, rm52=2.6295403825047960E-7, rm53=0.0000000000000000E+0, rm54=0.0000000000000000E+0,

  rm55=1, rm66=1;



MAP_0009: matrix, l=0.0000000000000000E+0,

  rm11=1.0000000000000000E+0, rm12=0.0000000000000000E+0, rm16=0.0000000000000000E+0,

  rm21=0.0000000000000000E+0, rm22=1.0000000000000000E+0, rm26=0.0000000000000000E+0,

  rm33=1.0000000000000000E+0, rm34=0.0000000000000000E+0, rm36=0.0000000000000000E+0,

  rm43=0.0000000000000000E+0, rm44=1.0000000000000000E+0, rm46=0.0000000000000000E+0,

  rm51=0.0000000000000000E+0, rm52=0.0000000000000000E+0, rm53=0.0000000000000000E+0, rm54=0.0000000000000000E+0,

  rm55=1, rm66=1;



MAP_0010: matrix, l=2.7660000000000007E-1,

  rm11=9.9999770993669712E-1, rm12=2.7657942643494299E-1, rm16=-9.8355446190301343E-8,

  rm21=4.2924765017559841E-7, rm22=1.0000024087898878E+0, rm26=3.5314099040839597E-9,

  rm33=9.9999844150299322E-1, rm34=2.7661236852218551E-1, rm36=0.0000000000000000E+0,

  rm43=-5.3710610369904668E-7, rm44=1.0000014099290127E+0, rm46=0.0000000000000000E+0,

  rm51=-3.5314440357758903E-9, rm52=-9.9332398433683761E-8, rm53=0.0000000000000000E+0, rm54=0.0000000000000000E+0,

  rm55=1, rm66=1;



MAP_0011: matrix, l=2.7659999999999996E-1,

  rm11=9.9999879261146474E-1, rm12=2.7658944046727518E-1, rm16=-2.8903947832392696E-8,

  rm21=2.4210401501275026E-7, rm22=1.0000012743534878E+0, rm26=1.7014381674396173E-9,

  rm33=9.9999883571164838E-1, rm34=2.7660858948745148E-1, rm36=0.0000000000000000E+0,

  rm43=-3.4896246039869989E-7, rm44=1.0000010677635809E+0, rm46=0.0000000000000000E+0,

  rm51=-1.7014431109045006E-9, rm52=-2.9374584496961218E-8, rm53=0.0000000000000000E+0, rm54=0.0000000000000000E+0,

  rm55=1, rm66=1;



MAP_0012: matrix, l=0.0000000000000000E+0,

  rm11=1.0000000000000000E+0, rm12=0.0000000000000000E+0, rm16=0.0000000000000000E+0,

  rm21=0.0000000000000000E+0, rm22=1.0000000000000000E+0, rm26=0.0000000000000000E+0,

  rm33=1.0000000000000000E+0, rm34=0.0000000000000000E+0, rm36=0.0000000000000000E+0,

  rm43=0.0000000000000000E+0, rm44=1.0000000000000000E+0, rm46=0.0000000000000000E+0,

  rm51=0.0000000000000000E+0, rm52=0.0000000000000000E+0, rm53=0.0000000000000000E+0, rm54=0.0000000000000000E+0,

  rm55=1, rm66=1;



MAP_0013: matrix, l=9.3979999999999975E-1,

  rm11=1.0000010094249234E+0, rm12=9.3980924483099626E-1, rm16=-1.1015778423814626E-6,

  rm21=-2.3516261104589015E-7, rm22=9.9999876956832257E-1, rm26=-2.6211821116395306E-9,

  rm33=1.0000041696719686E+0, rm34=9.3977157355142171E-1, rm36=0.0000000000000000E+0,

  rm43=1.0027532078933444E-6, rm44=9.9999677270044807E-1, rm46=0.0000000000000000E+0,

  rm51=2.6214438074477679E-9, rm52=-1.0991130757842857E-6, rm53=0.0000000000000000E+0, rm54=0.0000000000000000E+0,

  rm55=1, rm66=1;



MAP_0014: matrix, l=9.3980000000000041E-1,

  rm11=1.0000000465926013E+0, rm12=9.3980004790744376E-1, rm16=-1.8143525749858558E-7,

  rm21=-5.9038746379932360E-9, rm22=9.9999994785893953E-1, rm26=-5.1595452216224302E-10,

  rm33=9.9999782987805430E-1, rm34=9.3981501557368219E-1, rm36=0.0000000000000000E+0,

  rm43=-3.9368612798446315E-7, rm44=1.0000018001337176E+0, rm46=0.0000000000000000E+0,

  rm51=5.1595561737292160E-10, rm52=-1.8095035395371272E-7, rm53=0.0000000000000000E+0, rm54=0.0000000000000000E+0,

  rm55=1, rm66=1;



MAP_0015: matrix, l=0.0000000000000000E+0,

  rm11=1.0000000000000000E+0, rm12=0.0000000000000000E+0, rm16=0.0000000000000000E+0,

  rm21=0.0000000000000000E+0, rm22=1.0000000000000000E+0, rm26=0.0000000000000000E+0,

  rm33=1.0000000000000000E+0, rm34=0.0000000000000000E+0, rm36=0.0000000000000000E+0,

  rm43=0.0000000000000000E+0, rm44=1.0000000000000000E+0, rm46=0.0000000000000000E+0,

  rm51=0.0000000000000000E+0, rm52=0.0000000000000000E+0, rm53=0.0000000000000000E+0, rm54=0.0000000000000000E+0,

  rm55=1, rm66=1;



MAP_0016: matrix, l=5.6584999999999974E-1,

  rm11=1.0000008473289121E+0, rm12=5.6585798774831830E-1, rm16=6.7834890353501986E-7,

  rm21=-1.7610941172603751E-7, rm22=9.9999905301897285E-1, rm26=-7.9521065149412706E-9,

  rm33=1.0000026064606482E+0, rm34=5.6582952541213871E-1, rm36=0.0000000000000000E+0,

  rm43=4.2346547377480460E-7, rm44=9.9999763315478918E-1, rm46=0.0000000000000000E+0,

  rm51=7.9519937893646861E-9, rm52=6.8284802414238347E-7, rm53=0.0000000000000000E+0, rm54=0.0000000000000000E+0,

  rm55=1, rm66=1;



MAP_0017: matrix, l=5.6584999999999974E-1,

  rm11=9.9999881521485423E-1, rm12=5.6583809117253703E-1, rm16=-5.7532958224262853E-7,

  rm21=4.6158775295915972E-7, rm22=1.0000014459707922E+0, rm26=7.8263673632117392E-9,

  rm33=1.0000003067457433E+0, rm34=5.6584766072656523E-1, rm36=0.0000000000000000E+0,

  rm43=2.0231559316273954E-8, rm44=9.9999970470232791E-1, rm46=0.0000000000000000E+0,

  rm51=-7.8266236557370215E-9, rm52=-5.7975887092201508E-7, rm53=0.0000000000000000E+0, rm54=0.0000000000000000E+0,

  rm55=1, rm66=1;



MAP_0018: matrix, l=0.0000000000000000E+0,

  rm11=1.0000000000000000E+0, rm12=0.0000000000000000E+0, rm16=0.0000000000000000E+0,

  rm21=0.0000000000000000E+0, rm22=1.0000000000000000E+0, rm26=0.0000000000000000E+0,

  rm33=1.0000000000000000E+0, rm34=0.0000000000000000E+0, rm36=0.0000000000000000E+0,

  rm43=0.0000000000000000E+0, rm44=1.0000000000000000E+0, rm46=0.0000000000000000E+0,

  rm51=0.0000000000000000E+0, rm52=0.0000000000000000E+0, rm53=0.0000000000000000E+0, rm54=0.0000000000000000E+0,

  rm55=1, rm66=1;



MAP_0019: matrix, l=7.6200000000000045E-2,

  rm11=1.0000012119684922E+0, rm12=7.6212115823850318E-2, rm16=1.0320682139117188E-7,

  rm21=-4.9192575508467793E-7, rm22=9.9999875054231924E-1, rm26=-8.1193467643680961E-9,

  rm33=9.9999590167232233E-1, rm34=7.6235371113215572E-2, rm36=0.0000000000000000E+0,

  rm43=-5.9418691956983511E-7, rm44=1.0000040530462280E+0, rm46=0.0000000000000000E+0,

  rm51=8.1193058346670101E-9, rm52=1.0382548503463621E-7, rm53=0.0000000000000000E+0, rm54=0.0000000000000000E+0,

  rm55=1, rm66=1;



MAP_0020: matrix, l=7.6200000000000045E-2,

  rm11=1.0000004345957743E+0, rm12=7.6204953376335080E-2, rm16=3.7899886284886719E-9,

  rm21=-1.7493573419092688E-7, rm22=9.9999955207345070E-1, rm26=-3.1717710541334654E-9,

  rm33=9.9999973242058438E-1, rm34=7.6202275215314849E-2, rm36=0.0000000000000000E+0,

  rm43=-6.5462745502584786E-8, rm44=1.0000002625910758E+0, rm46=0.0000000000000000E+0,

  rm51=3.1717717695673191E-9, rm52=4.0316915961527940E-9, rm53=0.0000000000000000E+0, rm54=0.0000000000000000E+0,

  rm55=1, rm66=1;



MAP_0021: matrix, l=0.0000000000000000E+0,

  rm11=1.0000000000000000E+0, rm12=0.0000000000000000E+0, rm16=0.0000000000000000E+0,

  rm21=0.0000000000000000E+0, rm22=1.0000000000000000E+0, rm26=0.0000000000000000E+0,

  rm33=1.0000000000000000E+0, rm34=0.0000000000000000E+0, rm36=0.0000000000000000E+0,

  rm43=0.0000000000000000E+0, rm44=1.0000000000000000E+0, rm46=0.0000000000000000E+0,

  rm51=0.0000000000000000E+0, rm52=0.0000000000000000E+0, rm53=0.0000000000000000E+0, rm54=0.0000000000000000E+0,

  rm55=1, rm66=1;



MAP_0022: matrix, l=5.0000000000061107E-4,

  rm11=9.9999917893860379E-1, rm12=4.9108879863613009E-4, rm16=-7.3180604248310188E-7,

  rm21=3.2006320543623568E-7, rm22=1.0000008212192499E+0, rm26=6.2411682211216402E-9,

  rm33=1.0000042709003483E+0, rm34=4.6253377958907656E-4, rm36=0.0000000000000000E+0,

  rm43=6.2778679677317497E-7, rm44=9.9999572940826364E-1, rm46=0.0000000000000000E+0,

  rm51=-6.2413973209270619E-9, rm52=-7.3180970842411489E-7, rm53=0.0000000000000000E+0, rm54=0.0000000000000000E+0,

  rm55=1, rm66=1;



MAP_0023: matrix, l=4.9999999999972289E-4,

  rm11=9.9999916350345763E-1, rm12=4.9104318271081830E-4, rm16=2.6778445693168007E-7,

  rm21=3.2215922102281150E-7, rm22=1.0000008366554365E+0, rm26=6.4538875008124386E-9,

  rm33=9.9999372287464505E-1, rm34=5.5510375687608420E-4, rm36=0.0000000000000000E+0,

  rm43=-9.3211171448086693E-7, rm44=1.0000062766473354E+0, rm46=0.0000000000000000E+0,

  rm51=-6.4537958329258123E-9, rm52=2.6778151183754248E-7, rm53=0.0000000000000000E+0, rm54=0.0000000000000000E+0,

  rm55=1, rm66=1;



MAP_0024: matrix, l=0.0000000000000000E+0,

  rm11=1.0000000000000000E+0, rm12=0.0000000000000000E+0, rm16=0.0000000000000000E+0,

  rm21=0.0000000000000000E+0, rm22=1.0000000000000000E+0, rm26=0.0000000000000000E+0,

  rm33=1.0000000000000000E+0, rm34=0.0000000000000000E+0, rm36=0.0000000000000000E+0,

  rm43=0.0000000000000000E+0, rm44=1.0000000000000000E+0, rm46=0.0000000000000000E+0,

  rm51=0.0000000000000000E+0, rm52=0.0000000000000000E+0, rm53=0.0000000000000000E+0, rm54=0.0000000000000000E+0,

  rm55=1, rm66=1;



MAP_0025: matrix, l=3.3340000000000014E-1,

  rm11=1.0204166420277760E+0, rm12=3.3566438885104444E-1, rm16=-2.9009612599259493E-7,

  rm21=1.2289148511189454E-1, rm22=1.0204168105058582E+0, rm26=3.7055643314215514E-8,

  rm33=9.7972283199412946E-1, rm34=3.3112928479891074E-1, rm36=0.0000000000000000E+0,

  rm43=-1.2123550480415050E-1, rm44=9.7972134838204761E-1, rm46=0.0000000000000000E+0,

  rm51=-7.3462538867308076E-8, rm52=-3.0845722349201776E-7, rm53=0.0000000000000000E+0, rm54=0.0000000000000000E+0,

  rm55=1, rm66=1;



MAP_0026: matrix, l=3.3340000000000014E-1,

  rm11=1.0204157043518498E+0, rm12=3.3568710766132009E-1, rm16=7.1685033403885712E-7,

  rm21=1.2289049951750491E-1, rm22=1.0204201600400413E+0, rm26=-3.1064382024353909E-7,

  rm33=9.7972102260164884E-1, rm34=3.3111436730205146E-1, rm36=0.0000000000000000E+0,

  rm43=-1.2123540009686913E-1, rm44=9.7972503912737685E-1, rm46=0.0000000000000000E+0,

  rm51=4.0507992826568573E-7, rm52=8.3576765811510437E-7, rm53=0.0000000000000000E+0, rm54=0.0000000000000000E+0,

  rm55=1, rm66=1;



MAP_0027: matrix, l=0.0000000000000000E+0,

  rm11=1.0000000000000000E+0, rm12=0.0000000000000000E+0, rm16=0.0000000000000000E+0,

  rm21=0.0000000000000000E+0, rm22=1.0000000000000000E+0, rm26=0.0000000000000000E+0,

  rm33=1.0000000000000000E+0, rm34=0.0000000000000000E+0, rm36=0.0000000000000000E+0,

  rm43=0.0000000000000000E+0, rm44=1.0000000000000000E+0, rm46=0.0000000000000000E+0,

  rm51=0.0000000000000000E+0, rm52=0.0000000000000000E+0, rm53=0.0000000000000000E+0, rm54=0.0000000000000000E+0,

  rm55=1, rm66=1;



MAP_0028: matrix, l=2.9844999999999988E-1,

  rm11=1.0000004224550025E+0, rm12=2.9844772224089838E-1, rm16=-3.5081864555377984E-7,

  rm21=1.0976300126633150E-7, rm22=9.9999961030368001E-1, rm26=-6.3200614273256628E-9,

  rm33=1.0000034337506820E+0, rm34=2.9847658761054230E-1, rm36=0.0000000000000000E+0,

  rm43=-6.5270353980326457E-7, rm44=9.9999637144505216E-1, rm46=0.0000000000000000E+0,

  rm51=6.3200255903597927E-9, rm52=-3.4893230090363679E-7, rm53=0.0000000000000000E+0, rm54=0.0000000000000000E+0,

  rm55=1, rm66=1;



MAP_0029: matrix, l=2.9844999999999988E-1,

  rm11=1.0000014529476458E+0, rm12=2.9844155104529679E-1, rm16=-4.3565985696682880E-7,

  rm21=4.3096401295102211E-7, rm22=9.9999867567184675E-1, rm26=-2.0712107359072141E-8,

  rm33=9.9999999688685648E-1, rm34=2.9845008758248076E-1, rm36=0.0000000000000000E+0,

  rm43=1.9394693156227651E-8, rm44=1.0000000089014913E+0, rm46=0.0000000000000000E+0,

  rm51=2.0711949698959525E-8, rm52=-4.2947792656455678E-7, rm53=0.0000000000000000E+0, rm54=0.0000000000000000E+0,

  rm55=1, rm66=1;



MAP_0030: matrix, l=0.0000000000000000E+0,

  rm11=1.0000000000000000E+0, rm12=0.0000000000000000E+0, rm16=0.0000000000000000E+0,

  rm21=0.0000000000000000E+0, rm22=1.0000000000000000E+0, rm26=0.0000000000000000E+0,

  rm33=1.0000000000000000E+0, rm34=0.0000000000000000E+0, rm36=0.0000000000000000E+0,

  rm43=0.0000000000000000E+0, rm44=1.0000000000000000E+0, rm46=0.0000000000000000E+0,

  rm51=0.0000000000000000E+0, rm52=0.0000000000000000E+0, rm53=0.0000000000000000E+0, rm54=0.0000000000000000E+0,

  rm55=1, rm66=1;



MAP_0031: matrix, l=2.3334999999999972E-1,

  rm11=1.0000020059287098E+0, rm12=2.3333865608151122E-1, rm16=-1.8146023457888544E-7,

  rm21=5.0960497561356558E-7, rm22=9.9999811298561536E-1, rm26=-2.6564094401590466E-8,

  rm33=9.9999581992085651E-1, rm34=2.3331937340399156E-1, rm36=0.0000000000000000E+0,

  rm43=8.0100912911936718E-7, rm44=1.0000043669883460E+0, rm46=0.0000000000000000E+0,

  rm51=2.6564055214231659E-8, rm52=-1.7526146207312304E-7, rm53=0.0000000000000000E+0, rm54=0.0000000000000000E+0,

  rm55=1, rm66=1;



MAP_0032: matrix, l=2.3334999999999972E-1,

  rm11=1.0000027531772069E+0, rm12=2.3333423484429569E-1, rm16=-2.3282562357002014E-7,

  rm21=8.0166368329139750E-7, rm22=9.9999743388544049E-1, rm26=-3.4556436427635173E-8,

  rm33=1.0000022098572214E+0, rm34=2.3336584530264853E-1, rm36=0.0000000000000000E+0,

  rm43=-4.5598557410678670E-7, rm44=9.9999768373643816E-1, rm46=0.0000000000000000E+0,

  rm51=3.4556344919781344E-8, rm52=-2.2476182646000987E-7, rm53=0.0000000000000000E+0, rm54=0.0000000000000000E+0,

  rm55=1, rm66=1;



MAP_0033: matrix, l=0.0000000000000000E+0,

  rm11=1.0000000000000000E+0, rm12=0.0000000000000000E+0, rm16=0.0000000000000000E+0,

  rm21=0.0000000000000000E+0, rm22=1.0000000000000000E+0, rm26=0.0000000000000000E+0,

  rm33=1.0000000000000000E+0, rm34=0.0000000000000000E+0, rm36=0.0000000000000000E+0,

  rm43=0.0000000000000000E+0, rm44=1.0000000000000000E+0, rm46=0.0000000000000000E+0,

  rm51=0.0000000000000000E+0, rm52=0.0000000000000000E+0, rm53=0.0000000000000000E+0, rm54=0.0000000000000000E+0,

  rm55=1, rm66=1;



MAP_0034: matrix, l=4.2765000000000075E-1,

  rm11=9.9999399018592239E-1, rm12=4.2768499143366684E-1, rm16=2.7298941931378634E-7,

  rm21=-1.4452270639193236E-6, rm22=1.0000053917445566E+0, rm26=6.7553184216612161E-8,

  rm33=9.9999663800802763E-1, rm34=4.2762572797281023E-1, rm36=0.0000000000000000E+0,

  rm43=7.7486012150717702E-7, rm44=1.0000036933545129E+0, rm46=0.0000000000000000E+0,

  rm51=-6.7553172766231627E-8, rm52=2.4409940819000325E-7, rm53=0.0000000000000000E+0, rm54=0.0000000000000000E+0,

  rm55=1, rm66=1;



MAP_0035: matrix, l=4.2764999999999986E-1,

  rm11=1.0000075577019916E+0, rm12=4.2760391561423705E-1, rm16=3.0476496249223772E-7,

  rm21=1.6102179947333782E-6, rm22=9.9999313088544273E-1, rm26=-7.7390264139817755E-8,

  rm33=1.0000012660396709E+0, rm34=4.2765861825169815E-1, rm36=0.0000000000000000E+0,

  rm43=-2.7657367532768024E-7, rm44=9.9999861568296600E-1, rm46=0.0000000000000000E+0,

  rm51=7.7391339770397939E-8, rm52=3.3785524900340349E-7, rm53=0.0000000000000000E+0, rm54=0.0000000000000000E+0,

  rm55=1, rm66=1;



MAP_0036: matrix, l=0.0000000000000000E+0,

  rm11=1.0000000000000000E+0, rm12=0.0000000000000000E+0, rm16=0.0000000000000000E+0,

  rm21=0.0000000000000000E+0, rm22=1.0000000000000000E+0, rm26=0.0000000000000000E+0,

  rm33=1.0000000000000000E+0, rm34=0.0000000000000000E+0, rm36=0.0000000000000000E+0,

  rm43=0.0000000000000000E+0, rm44=1.0000000000000000E+0, rm46=0.0000000000000000E+0,

  rm51=0.0000000000000000E+0, rm52=0.0000000000000000E+0, rm53=0.0000000000000000E+0, rm54=0.0000000000000000E+0,

  rm55=1, rm66=1;



MAP_0037: matrix, l=1.0159999999999947E-1,

  rm11=9.9999661663493122E-1, rm12=1.0162208026218235E-1, rm16=-2.3091704883480835E-7,

  rm21=-6.9630878952584252E-7, rm22=1.0000033126159289E+0, rm26=3.4011536229755501E-8,

  rm33=1.0000006121807252E+0, rm34=1.0160432824925508E-1, rm36=0.0000000000000000E+0,

  rm43=-1.9373712738532576E-7, rm44=9.9999936813513102E-1, rm46=0.0000000000000000E+0,

  rm51=-3.4011260366741135E-8, rm52=-2.3437413683888292E-7, rm53=0.0000000000000000E+0, rm54=0.0000000000000000E+0,

  rm55=1, rm66=1;



MAP_0038: matrix, l=1.0160000000000036E-1,

  rm11=9.9999767304273690E-1, rm12=1.0161511800329825E-1, rm16=6.9082145274200479E-7,

  rm21=-4.5602102631469179E-7, rm22=1.0000022806239397E+0, rm26=2.3069628663982544E-8,

  rm33=1.0000000583741191E+0, rm34=1.0160025066298016E-1, rm36=0.0000000000000000E+0,

  rm43=-4.0170325859785236E-8, rm44=9.9999993754456939E-1, rm46=0.0000000000000000E+0,

  rm51=-2.3069890011050447E-8, rm52=6.8847880520696513E-7, rm53=0.0000000000000000E+0, rm54=0.0000000000000000E+0,

  rm55=1, rm66=1;



MAP_0039: matrix, l=0.0000000000000000E+0,

  rm11=1.0000000000000000E+0, rm12=0.0000000000000000E+0, rm16=0.0000000000000000E+0,

  rm21=0.0000000000000000E+0, rm22=1.0000000000000000E+0, rm26=0.0000000000000000E+0,

  rm33=1.0000000000000000E+0, rm34=0.0000000000000000E+0, rm36=0.0000000000000000E+0,

  rm43=0.0000000000000000E+0, rm44=1.0000000000000000E+0, rm46=0.0000000000000000E+0,

  rm51=0.0000000000000000E+0, rm52=0.0000000000000000E+0, rm53=0.0000000000000000E+0, rm54=0.0000000000000000E+0,

  rm55=1, rm66=1;



MAP_0040: matrix, l=1.9939999999999980E-1,

  rm11=9.9999621947995720E-1, rm12=1.9942476833157236E-1, rm16=-3.0294406877170998E-7,

  rm21=-7.3618586204288496E-7, rm22=1.0000036337200853E+0, rm26=3.5736102407118997E-8,

  rm33=9.9999751955745886E-1, rm34=1.9938349698612448E-1, rm36=0.0000000000000000E+0,

  rm43=7.8225413656899108E-7, rm44=1.0000026364176460E+0, rm46=0.0000000000000000E+0,

  rm51=-3.5735744282927177E-8, rm52=-3.1007183352927044E-7, rm53=0.0000000000000000E+0, rm54=0.0000000000000000E+0,

  rm55=1, rm66=1;



MAP_0041: matrix, l=1.9939999999999980E-1,

  rm11=1.0000042282541004E+0, rm12=1.9937157211499326E-1, rm16=1.5097151790516294E-7,

  rm21=8.1699014933483363E-7, rm22=9.9999593464769954E-1, rm26=-3.8061678843404056E-8,

  rm33=1.0000003189662314E+0, rm34=1.9940220849026513E-1, rm36=0.0000000000000000E+0,

  rm43=-1.2679057209793188E-7, rm44=9.9999965575155847E-1, rm46=0.0000000000000000E+0,

  rm51=3.8061963120096651E-8, rm52=1.5855932090110079E-7, rm53=0.0000000000000000E+0, rm54=0.0000000000000000E+0,

  rm55=1, rm66=1;



MAP_0042: matrix, l=0.0000000000000000E+0,

  rm11=1.0000000000000000E+0, rm12=0.0000000000000000E+0, rm16=0.0000000000000000E+0,

  rm21=0.0000000000000000E+0, rm22=1.0000000000000000E+0, rm26=0.0000000000000000E+0,

  rm33=1.0000000000000000E+0, rm34=0.0000000000000000E+0, rm36=0.0000000000000000E+0,

  rm43=0.0000000000000000E+0, rm44=1.0000000000000000E+0, rm46=0.0000000000000000E+0,

  rm51=0.0000000000000000E+0, rm52=0.0000000000000000E+0, rm53=0.0000000000000000E+0, rm54=0.0000000000000000E+0,

  rm55=1, rm66=1;



MAP_0043: matrix, l=3.0480000000000018E-1,

  rm11=1.0000027811191960E+0, rm12=3.0478126722443699E-1, rm16=-5.9160647889605622E-7,

  rm21=4.6858640882594324E-7, rm22=9.9999736170450082E-1, rm26=-2.4445919892535084E-8,

  rm33=1.0000040004307345E+0, rm34=3.0482651736128835E-1, rm36=0.0000000000000000E+0,

  rm43=-1.2150488780048724E-6, rm44=9.9999562920763263E-1, rm46=0.0000000000000000E+0,

  rm51=2.4445710660796779E-8, rm52=-5.8415425962003176E-7, rm53=0.0000000000000000E+0, rm54=0.0000000000000000E+0,

  rm55=1, rm66=1;



MAP_0044: matrix, l=3.0480000000000018E-1,

  rm11=1.0000040962555581E+0, rm12=3.0477112416566865E-1, rm16=-6.7849403039346723E-7,

  rm21=6.7805402319426340E-7, rm22=9.9999611041166159E-1, rm26=-3.3720221798844152E-8,

  rm33=9.9999815336054776E-1, rm34=3.0478773832141726E-1, rm36=0.0000000000000000E+0,

  rm43=5.2951001690334919E-7, rm44=1.0000020080313210E+0, rm46=0.0000000000000000E+0,

  rm51=3.3719899869883095E-8, rm52=-6.6821444142624952E-7, rm53=0.0000000000000000E+0, rm54=0.0000000000000000E+0,

  rm55=1, rm66=1;



MAP_0045: matrix, l=0.0000000000000000E+0,

  rm11=1.0000000000000000E+0, rm12=0.0000000000000000E+0, rm16=0.0000000000000000E+0,

  rm21=0.0000000000000000E+0, rm22=1.0000000000000000E+0, rm26=0.0000000000000000E+0,

  rm33=1.0000000000000000E+0, rm34=0.0000000000000000E+0, rm36=0.0000000000000000E+0,

  rm43=0.0000000000000000E+0, rm44=1.0000000000000000E+0, rm46=0.0000000000000000E+0,

  rm51=0.0000000000000000E+0, rm52=0.0000000000000000E+0, rm53=0.0000000000000000E+0, rm54=0.0000000000000000E+0,

  rm55=1, rm66=1;



MAP_0046: matrix, l=2.4080000000000013E-1,

  rm11=1.0000000067353159E+0, rm12=2.4079997116355331E-1, rm16=3.7501047325458337E-7,

  rm21=4.5302893381556123E-8, rm22=1.0000000041736195E+0, rm26=1.1560984027741972E-9,

  rm33=1.0000028715367608E+0, rm34=2.4081930048802186E-1, rm36=0.0000000000000000E+0,

  rm43=-1.1025601494387347E-6, rm44=9.9999686295448320E-1, rm46=0.0000000000000000E+0,

  rm51=-1.1560814215013983E-9, rm52=3.7473208635768414E-7, rm53=0.0000000000000000E+0, rm54=0.0000000000000000E+0,

  rm55=1, rm66=1;



MAP_0047: matrix, l=2.4080000000000013E-1,

  rm11=9.9999461260540567E-1, rm12=2.4084012664799306E-1, rm16=7.2020631383326594E-7,

  rm21=-8.6716677323249212E-7, rm22=1.0000051785739379E+0, rm26=3.9824982563455014E-8,

  rm33=1.0000000047253521E+0, rm34=2.4080006678250618E-1, rm36=0.0000000000000000E+0,

  rm43=-2.6169180407490307E-9, rm44=9.9999999464449363E-1, rm46=0.0000000000000000E+0,

  rm51=-3.9825392549544461E-8, rm52=7.1061858963057602E-7, rm53=0.0000000000000000E+0, rm54=0.0000000000000000E+0,

  rm55=1, rm66=1;



MAP_0048: matrix, l=0.0000000000000000E+0,

  rm11=1.0000000000000000E+0, rm12=0.0000000000000000E+0, rm16=0.0000000000000000E+0,

  rm21=0.0000000000000000E+0, rm22=1.0000000000000000E+0, rm26=0.0000000000000000E+0,

  rm33=1.0000000000000000E+0, rm34=0.0000000000000000E+0, rm36=0.0000000000000000E+0,

  rm43=0.0000000000000000E+0, rm44=1.0000000000000000E+0, rm46=0.0000000000000000E+0,

  rm51=0.0000000000000000E+0, rm52=0.0000000000000000E+0, rm53=0.0000000000000000E+0, rm54=0.0000000000000000E+0,

  rm55=1, rm66=1;



MAP_0049: matrix, l=7.6200000000000045E-2,

  rm11=9.9999427842055522E-1, rm12=7.6243994459353967E-2, rm16=2.6422132937825582E-7,

  rm21=-8.9529320650387592E-7, rm22=1.0000056533510606E+0, rm26=4.2236265885772784E-8,

  rm33=9.9999600811944711E-1, rm34=7.6173308572313747E-2, rm36=0.0000000000000000E+0,

  rm43=1.6894587502941997E-6, rm44=1.0000041205886645E+0, rm46=0.0000000000000000E+0,

  rm51=-4.2236260783183271E-8, rm52=2.6100256149200983E-7, rm53=0.0000000000000000E+0, rm54=0.0000000000000000E+0,

  rm55=1, rm66=1;



MAP_0050: matrix, l=7.6200000000000045E-2,

  rm11=1.0000090452920194E+0, rm12=7.6130032783778140E-2, rm16=-6.7812521548082927E-7,

  rm21=1.3839785778452075E-6, rm22=9.9999106015117889E-1, rm26=-6.6458586243586804E-8,

  rm33=1.0000020542302481E+0, rm34=7.6214040806355271E-2, rm36=0.0000000000000000E+0,

  rm43=-7.5796687309477133E-7, rm44=9.9999788800637235E-1, rm46=0.0000000000000000E+0,

  rm51=6.6458248870135253E-8, rm52=-6.7305965879443331E-7, rm53=0.0000000000000000E+0, rm54=0.0000000000000000E+0,

  rm55=1, rm66=1;



MAP_0051: matrix, l=0.0000000000000000E+0,

  rm11=1.0000000000000000E+0, rm12=0.0000000000000000E+0, rm16=0.0000000000000000E+0,

  rm21=0.0000000000000000E+0, rm22=1.0000000000000000E+0, rm26=0.0000000000000000E+0,

  rm33=1.0000000000000000E+0, rm34=0.0000000000000000E+0, rm36=0.0000000000000000E+0,

  rm43=0.0000000000000000E+0, rm44=1.0000000000000000E+0, rm46=0.0000000000000000E+0,

  rm51=0.0000000000000000E+0, rm52=0.0000000000000000E+0, rm53=0.0000000000000000E+0, rm54=0.0000000000000000E+0,

  rm55=1, rm66=1;



MAP_0052: matrix, l=4.9999999999883471E-4,

  rm11=9.9999389500206126E-1, rm12=5.4760528083177358E-4, rm16=5.2218972183132317E-7,

  rm21=-8.9385260964082083E-7, rm22=1.0000061045457285E+0, rm26=4.6144114647372891E-8,

  rm33=1.0000009355931687E+0, rm34=5.0585685909517364E-4, rm36=0.0000000000000000E+0,

  rm43=-5.1551889353794153E-7, rm44=9.9999906414692796E-1, rm46=0.0000000000000000E+0,

  rm51=-4.6144299698293676E-8, rm52=5.2216764080149877E-7, rm53=0.0000000000000000E+0, rm54=0.0000000000000000E+0,

  rm55=1, rm66=1;



MAP_0053: matrix, l=5.0000000000061107E-4,

  rm11=1.0000079203668881E+0, rm12=4.3814025813419550E-4, rm16=-3.6963520905902714E-7,

  rm21=1.1998082776730935E-6, rm22=9.9999208022152375E-1, rm26=-5.8566330406878420E-8,

  rm33=1.0000008019401105E+0, rm34=5.0578118126650415E-4, rm36=0.0000000000000000E+0,

  rm43=-2.9934332225379115E-7, rm44=9.9999919790913039E-1, rm46=0.0000000000000000E+0,

  rm51=5.8566350782318984E-8, rm52=-3.6960662136293192E-7, rm53=0.0000000000000000E+0, rm54=0.0000000000000000E+0,

  rm55=1, rm66=1;



MAP_0054: matrix, l=0.0000000000000000E+0,

  rm11=1.0000000000000000E+0, rm12=0.0000000000000000E+0, rm16=0.0000000000000000E+0,

  rm21=0.0000000000000000E+0, rm22=1.0000000000000000E+0, rm26=0.0000000000000000E+0,

  rm33=1.0000000000000000E+0, rm34=0.0000000000000000E+0, rm36=0.0000000000000000E+0,

  rm43=0.0000000000000000E+0, rm44=1.0000000000000000E+0, rm46=0.0000000000000000E+0,

  rm51=0.0000000000000000E+0, rm52=0.0000000000000000E+0, rm53=0.0000000000000000E+0, rm54=0.0000000000000000E+0,

  rm55=1, rm66=1;



MAP_0055: matrix, l=3.3340000000000103E-1,

  rm11=9.7999873883449262E-1, rm12=3.3119619945391937E-1, rm16=-1.7441194472000987E-7,

  rm21=-1.1956536572000388E-1, rm22=9.8000167472604716E-1, rm26=1.4664370986960940E-7,

  rm33=1.0201319782744906E+0, rm34=3.3562870179052945E-1, rm36=0.0000000000000000E+0,

  rm43=1.2117561049356439E-1, rm44=1.0201327230216608E+0, rm46=0.0000000000000000E+0,

  rm51=-1.2285702277384334E-7, rm52=-2.1949183730047425E-7, rm53=0.0000000000000000E+0, rm54=0.0000000000000000E+0,

  rm55=1, rm66=1;



MAP_0056: matrix, l=3.3339999999999925E-1,

  rm11=9.8000113019116941E-1, rm12=3.3122927916502770E-1, rm16=1.9082012869819920E-7,

  rm21=-1.1956539545835272E-1, rm22=9.7999523741559680E-1, rm26=3.2548188019787538E-8,

  rm33=1.0201326225637319E+0, rm34=3.3562458182859417E-1, rm36=0.0000000000000000E+0,

  rm43=1.2117598538065447E-1, rm44=1.0201317126842839E+0, rm46=0.0000000000000000E+0,

  rm51=-5.4712745194280410E-8, rm52=1.7622190447134442E-7, rm53=0.0000000000000000E+0, rm54=0.0000000000000000E+0,

  rm55=1, rm66=1;



MAP_0057: matrix, l=0.0000000000000000E+0,

  rm11=1.0000000000000000E+0, rm12=0.0000000000000000E+0, rm16=0.0000000000000000E+0,

  rm21=0.0000000000000000E+0, rm22=1.0000000000000000E+0, rm26=0.0000000000000000E+0,

  rm33=1.0000000000000000E+0, rm34=0.0000000000000000E+0, rm36=0.0000000000000000E+0,

  rm43=0.0000000000000000E+0, rm44=1.0000000000000000E+0, rm46=0.0000000000000000E+0,

  rm51=0.0000000000000000E+0, rm52=0.0000000000000000E+0, rm53=0.0000000000000000E+0, rm54=0.0000000000000000E+0,

  rm55=1, rm66=1;



MAP_0058: matrix, l=7.0325000000000060E-1,

  rm11=9.9999281174093357E-1, rm12=7.0318558128322117E-1, rm16=-1.0519929981994691E-7,

  rm21=1.1569013840150522E-6, rm22=1.0000080018329580E+0, rm26=7.3548592122423678E-8,

  rm33=9.9999775760172360E-1, rm34=7.0326487588425635E-1, rm36=0.0000000000000000E+0,

  rm43=-8.3550578018579645E-7, rm44=1.0000016548201183E+0, rm46=0.0000000000000000E+0,

  rm51=-7.3548185141305094E-8, rm52=-1.5691845111134041E-7, rm53=0.0000000000000000E+0, rm54=0.0000000000000000E+0,

  rm55=1, rm66=1;



MAP_0059: matrix, l=7.0324999999999882E-1,

  rm11=1.0000000322187537E+0, rm12=7.0325009450768294E-1, rm16=-5.9134867536753122E-7,

  rm21=2.6238953464071256E-8, rm22=9.9999998623379316E-1, rm26=1.0040446586125074E-9,

  rm33=1.0000044193953050E+0, rm34=7.0322200430756632E-1, rm36=0.0000000000000000E+0,

  rm43=1.2959267118513915E-6, rm44=9.9999649194437823E-1, rm46=0.0000000000000000E+0,

  rm51=-1.0040602073319488E-9, rm52=-5.9205476172796227E-7, rm53=0.0000000000000000E+0, rm54=0.0000000000000000E+0,

  rm55=1, rm66=1;



MAP_0060: matrix, l=0.0000000000000000E+0,

  rm11=1.0000000000000000E+0, rm12=0.0000000000000000E+0, rm16=0.0000000000000000E+0,

  rm21=0.0000000000000000E+0, rm22=1.0000000000000000E+0, rm26=0.0000000000000000E+0,

  rm33=1.0000000000000000E+0, rm34=0.0000000000000000E+0, rm36=0.0000000000000000E+0,

  rm43=0.0000000000000000E+0, rm44=1.0000000000000000E+0, rm46=0.0000000000000000E+0,

  rm51=0.0000000000000000E+0, rm52=0.0000000000000000E+0, rm53=0.0000000000000000E+0, rm54=0.0000000000000000E+0,

  rm55=1, rm66=1;



MAP_0061: matrix, l=4.7625000000000028E-1,

  rm11=1.0000069522899202E+0, rm12=4.7630580234841136E-1, rm16=3.0269390783460581E-7,

  rm21=-1.3917202615342890E-6, rm22=9.9999238487858644E-1, rm26=-8.8276577403425399E-8,

  rm33=9.9999755533081169E-1, rm34=4.7626610350619736E-1, rm36=0.0000000000000000E+0,

  rm43=-6.8411429228415129E-7, rm44=1.0000021188539199E+0, rm46=0.0000000000000000E+0,

  rm51=8.8276769862540095E-8, rm52=3.4473824881245669E-7, rm53=0.0000000000000000E+0, rm54=0.0000000000000000E+0,

  rm55=1, rm66=1;



MAP_0062: matrix, l=4.7625000000000028E-1,

  rm11=9.9999887299905321E-1, rm12=4.7624136413292373E-1, rm16=-2.8777606803087608E-7,

  rm21=2.9515086742250640E-7, rm22=1.0000012675654271E+0, rm26=1.7944479539008101E-8,

  rm33=9.9999650615298707E-1, rm34=4.7627389502258277E-1, rm36=0.0000000000000000E+0,

  rm43=-7.4488415675670363E-7, rm44=1.0000031390891018E+0, rm46=0.0000000000000000E+0,

  rm51=-1.7944544252918777E-8, rm52=-2.9632233622018325E-7, rm53=0.0000000000000000E+0, rm54=0.0000000000000000E+0,

  rm55=1, rm66=1;



MAP_0063: matrix, l=0.0000000000000000E+0,

  rm11=1.0000000000000000E+0, rm12=0.0000000000000000E+0, rm16=0.0000000000000000E+0,

  rm21=0.0000000000000000E+0, rm22=1.0000000000000000E+0, rm26=0.0000000000000000E+0,

  rm33=1.0000000000000000E+0, rm34=0.0000000000000000E+0, rm36=0.0000000000000000E+0,

  rm43=0.0000000000000000E+0, rm44=1.0000000000000000E+0, rm46=0.0000000000000000E+0,

  rm51=0.0000000000000000E+0, rm52=0.0000000000000000E+0, rm53=0.0000000000000000E+0, rm54=0.0000000000000000E+0,

  rm55=1, rm66=1;



MAP_0064: matrix, l=7.6200000000000045E-2,

  rm11=9.9999822909144975E-1, rm12=7.6186914845607079E-2, rm16=7.5782832488491270E-8,

  rm21=3.1505022957560165E-7, rm22=1.0000017949144340E+0, rm26=2.1377672079162663E-8,

  rm33=1.0000021503731786E+0, rm34=7.6184516955067519E-2, rm36=0.0000000000000000E+0,

  rm43=4.5070914573817191E-7, rm44=9.9999788396843003E-1, rm46=0.0000000000000000E+0,

  rm51=-2.1377610345861621E-8, rm52=7.4154269629898672E-8, rm53=0.0000000000000000E+0, rm54=0.0000000000000000E+0,

  rm55=1, rm66=1;



MAP_0065: matrix, l=7.6200000000000045E-2,

  rm11=1.0000002652695699E+0, rm12=7.6201932385681695E-2, rm16=2.2685727085053342E-7,

  rm21=-2.7959632525021122E-8, rm22=9.9999973259992325E-1, rm26=-2.3112438317374195E-9,

  rm33=1.0000000002362786E+0, rm34=7.6199803960502327E-2, rm36=0.0000000000000000E+0,

  rm43=7.7505199339653183E-8, rm44=1.0000000056696026E+0, rm46=0.0000000000000000E+0,

  rm51=2.3112381019941478E-9, rm52=2.2703333143507466E-7, rm53=0.0000000000000000E+0, rm54=0.0000000000000000E+0,

  rm55=1, rm66=1;



MAP_0066: matrix, l=0.0000000000000000E+0,

  rm11=1.0000000000000000E+0, rm12=0.0000000000000000E+0, rm16=0.0000000000000000E+0,

  rm21=0.0000000000000000E+0, rm22=1.0000000000000000E+0, rm26=0.0000000000000000E+0,

  rm33=1.0000000000000000E+0, rm34=0.0000000000000000E+0, rm36=0.0000000000000000E+0,

  rm43=0.0000000000000000E+0, rm44=1.0000000000000000E+0, rm46=0.0000000000000000E+0,

  rm51=0.0000000000000000E+0, rm52=0.0000000000000000E+0, rm53=0.0000000000000000E+0, rm54=0.0000000000000000E+0,

  rm55=1, rm66=1;



MAP_0067: matrix, l=4.7625000000000028E-1,

  rm11=1.0000016314571369E+0, rm12=4.7626224409848267E-1, rm16=-8.2286999859848553E-8,

  rm21=-4.5398444224945884E-7, rm22=9.9999815233022826E-1, rm26=-2.8289828012725143E-8,

  rm33=9.9999821593404969E-1, rm34=4.7626240257271824E-1, rm36=0.0000000000000000E+0,

  rm43=-4.0368848583271613E-7, rm44=1.0000015918071419E+0, rm46=0.0000000000000000E+0,

  rm51=2.8289911523384694E-8, rm52=-6.8813470846145713E-8, rm53=0.0000000000000000E+0, rm54=0.0000000000000000E+0,

  rm55=1, rm66=1;



MAP_0068: matrix, l=4.7625000000000028E-1,

  rm11=9.9999610981126086E-1, rm12=4.7622073395216236E-1, rm16=-5.0483061935641116E-7,

  rm21=1.1719596133359456E-6, rm22=1.0000044483175112E+0, rm26=7.3919433016440828E-8,

  rm33=1.0000067976086562E+0, rm34=4.7620042246094457E-1, rm36=0.0000000000000000E+0,

  rm43=1.2193471779818554E-6, rm44=9.9999378308724507E-1, rm46=0.0000000000000000E+0,

  rm51=-7.3919737096992368E-8, rm52=-5.4003483164771260E-7, rm53=0.0000000000000000E+0, rm54=0.0000000000000000E+0,

  rm55=1, rm66=1;



MAP_0069: matrix, l=0.0000000000000000E+0,

  rm11=1.0000000000000000E+0, rm12=0.0000000000000000E+0, rm16=0.0000000000000000E+0,

  rm21=0.0000000000000000E+0, rm22=1.0000000000000000E+0, rm26=0.0000000000000000E+0,

  rm33=1.0000000000000000E+0, rm34=0.0000000000000000E+0, rm36=0.0000000000000000E+0,

  rm43=0.0000000000000000E+0, rm44=1.0000000000000000E+0, rm46=0.0000000000000000E+0,

  rm51=0.0000000000000000E+0, rm52=0.0000000000000000E+0, rm53=0.0000000000000000E+0, rm54=0.0000000000000000E+0,

  rm55=1, rm66=1;



MAP_0070: matrix, l=1.5079999999999849E-1,

  rm11=1.0000019255886539E+0, rm12=1.5081400515455742E-1, rm16=5.5484969992830591E-7,

  rm21=-6.4627863502967396E-7, rm22=9.9999797694737225E-1, rm26=-4.0304162274122646E-8,

  rm33=9.9999990876931788E-1, rm34=1.5080090747185734E-1, rm36=0.0000000000000000E+0,

  rm43=4.2436310465999030E-8, rm44=1.0000000976301249E+0, rm46=0.0000000000000000E+0,

  rm51=4.0303881295853507E-8, rm52=5.6092700957512207E-7, rm53=0.0000000000000000E+0, rm54=0.0000000000000000E+0,

  rm55=1, rm66=1;



MAP_0071: matrix, l=1.5080000000000027E-1,

  rm11=9.9999922460338819E-1, rm12=1.5079419283105791E-1, rm16=-6.5669032196097321E-7,

  rm21=3.2275673871539035E-7, rm22=1.0000008240670926E+0, rm26=1.9611303833048238E-8,

  rm33=9.9999952297980221E-1, rm34=1.5080359064928192E-1, rm36=0.0000000000000000E+0,

  rm43=-9.9875391726926496E-8, rm44=1.0000004619588505E+0, rm46=0.0000000000000000E+0,

  rm51=-1.9611500577736355E-8, rm52=-6.5964813384972663E-7, rm53=0.0000000000000000E+0, rm54=0.0000000000000000E+0,

  rm55=1, rm66=1;



MAP_0072: matrix, l=0.0000000000000000E+0,

  rm11=1.0000000000000000E+0, rm12=0.0000000000000000E+0, rm16=0.0000000000000000E+0,

  rm21=0.0000000000000000E+0, rm22=1.0000000000000000E+0, rm26=0.0000000000000000E+0,

  rm33=1.0000000000000000E+0, rm34=0.0000000000000000E+0, rm36=0.0000000000000000E+0,

  rm43=0.0000000000000000E+0, rm44=1.0000000000000000E+0, rm46=0.0000000000000000E+0,

  rm51=0.0000000000000000E+0, rm52=0.0000000000000000E+0, rm53=0.0000000000000000E+0, rm54=0.0000000000000000E+0,

  rm55=1, rm66=1;



MAP_0073: matrix, l=3.3340000000000103E-1,

  rm11=1.0205585442171679E+0, rm12=3.3570876933149724E-1, rm16=6.0065686115218231E-7,

  rm21=1.2372444970980580E-1, rm22=1.0205542726088470E+0, rm26=-4.1884854552753925E-7,

  rm33=9.7958339786417747E-1, rm34=3.3114057339071856E-1, rm36=0.0000000000000000E+0,

  rm43=-1.2204708926182002E-1, rm44=9.7958505521162642E-1, rm46=0.0000000000000000E+0,

  rm51=5.0177540148153657E-7, rm52=7.5361405577601646E-7, rm53=0.0000000000000000E+0, rm54=0.0000000000000000E+0,

  rm55=1, rm66=1;



MAP_0074: matrix, l=3.3339999999999925E-1,

  rm11=1.0205548529895936E+0, rm12=3.3567176543801630E-1, rm16=-1.4246356550701167E-7,

  rm21=1.2372541200300209E-1, rm22=1.0205537942674541E+0, rm26=3.3503344569474347E-7,

  rm33=9.7958491959220240E-1, rm34=3.3114910117057439E-1, rm36=0.0000000000000000E+0,

  rm43=-1.2204715728579117E-1, rm44=9.7958244800650651E-1, rm46=0.0000000000000000E+0,

  rm51=-3.5954637225536760E-7, rm52=-2.5785300052018705E-7, rm53=0.0000000000000000E+0, rm54=0.0000000000000000E+0,

  rm55=1, rm66=1;



MAP_0075: matrix, l=0.0000000000000000E+0,

  rm11=1.0000000000000000E+0, rm12=0.0000000000000000E+0, rm16=0.0000000000000000E+0,

  rm21=0.0000000000000000E+0, rm22=1.0000000000000000E+0, rm26=0.0000000000000000E+0,

  rm33=1.0000000000000000E+0, rm34=0.0000000000000000E+0, rm36=0.0000000000000000E+0,

  rm43=0.0000000000000000E+0, rm44=1.0000000000000000E+0, rm46=0.0000000000000000E+0,

  rm51=0.0000000000000000E+0, rm52=0.0000000000000000E+0, rm53=0.0000000000000000E+0, rm54=0.0000000000000000E+0,

  rm55=1, rm66=1;



MAP_0076: matrix, l=5.0000000000061107E-4,

  rm11=1.0000018265813324E+0, rm12=4.8392570347356392E-4, rm16=-6.0136106479202756E-7,

  rm21=7.1341541232384825E-7, rm22=9.9999817376724354E-1, rm26=1.0522605266294338E-8,

  rm33=9.9999810923347454E-1, rm34=4.8428488205832398E-4, rm36=0.0000000000000000E+0,

  rm43=3.1063724847711153E-7, rm44=1.0000018909205375E+0, rm46=0.0000000000000000E+0,

  rm51=-1.0523053506940680E-8, rm52=-6.0136505872590846E-7, rm53=0.0000000000000000E+0, rm54=0.0000000000000000E+0,

  rm55=1, rm66=1;



MAP_0077: matrix, l=4.9999999999883471E-4,

  rm11=9.9999719661800279E-1, rm12=5.2431382051405144E-4, rm16=8.1926155139078194E-7,

  rm21=-9.6915614730612028E-7, rm22=1.0000028028817129E+0, rm26=-8.7863889289274688E-9,

  rm33=9.9999813615938571E-1, rm34=4.8422718357316285E-4, rm36=0.0000000000000000E+0,

  rm43=3.1184217000308664E-7, rm44=1.0000018639950909E+0, rm46=0.0000000000000000E+0,

  rm51=8.7855703049541422E-9, rm52=8.1926845450915029E-7, rm53=0.0000000000000000E+0, rm54=0.0000000000000000E+0,

  rm55=1, rm66=1;



MAP_0078: matrix, l=0.0000000000000000E+0,

  rm11=1.0000000000000000E+0, rm12=0.0000000000000000E+0, rm16=0.0000000000000000E+0,

  rm21=0.0000000000000000E+0, rm22=1.0000000000000000E+0, rm26=0.0000000000000000E+0,

  rm33=1.0000000000000000E+0, rm34=0.0000000000000000E+0, rm36=0.0000000000000000E+0,

  rm43=0.0000000000000000E+0, rm44=1.0000000000000000E+0, rm46=0.0000000000000000E+0,

  rm51=0.0000000000000000E+0, rm52=0.0000000000000000E+0, rm53=0.0000000000000000E+0, rm54=0.0000000000000000E+0,

  rm55=1, rm66=1;



MAP_0079: matrix, l=7.6200000000000045E-2,

  rm11=1.0000025726139139E+0, rm12=7.6178382636337763E-2, rm16=-6.0876727305675393E-7,

  rm21=7.5101133425888452E-7, rm22=9.9999748460338622E-1, rm26=9.3073591195258487E-10,

  rm33=1.0000011059435139E+0, rm34=7.6209492942296633E-2, rm36=0.0000000000000000E+0,

  rm43=-1.9599496848322729E-7, rm44=9.9999887912104868E-1, rm46=0.0000000000000000E+0,

  rm51=-9.3119549749873369E-10, rm52=-6.0883664372205084E-7, rm53=0.0000000000000000E+0, rm54=0.0000000000000000E+0,

  rm55=1, rm66=1;



MAP_0080: matrix, l=7.6200000000000045E-2,

  rm11=1.0000019891103127E+0, rm12=7.6182957185609093E-2, rm16=4.3800176659919421E-7,

  rm21=7.2066811715534807E-7, rm22=9.9999806579616302E-1, rm26=1.0051153725293416E-8,

  rm33=1.0000052996216255E+0, rm34=7.6244483327145812E-2, rm36=0.0000000000000000E+0,

  rm43=-9.2821450424771802E-7, rm44=9.9999462963560004E-1, rm46=0.0000000000000000E+0,

  rm51=-1.0050858064238500E-8, rm52=4.3723519280057668E-7, rm53=0.0000000000000000E+0, rm54=0.0000000000000000E+0,

  rm55=1, rm66=1;



MAP_0081: matrix, l=0.0000000000000000E+0,

  rm11=1.0000000000000000E+0, rm12=0.0000000000000000E+0, rm16=0.0000000000000000E+0,

  rm21=0.0000000000000000E+0, rm22=1.0000000000000000E+0, rm26=0.0000000000000000E+0,

  rm33=1.0000000000000000E+0, rm34=0.0000000000000000E+0, rm36=0.0000000000000000E+0,

  rm43=0.0000000000000000E+0, rm44=1.0000000000000000E+0, rm46=0.0000000000000000E+0,

  rm51=0.0000000000000000E+0, rm52=0.0000000000000000E+0, rm53=0.0000000000000000E+0, rm54=0.0000000000000000E+0,

  rm55=1, rm66=1;



MAP_0082: matrix, l=9.7944999999999993E-1,

  rm11=9.9999517265004223E-1, rm12=9.7948507374408011E-1, rm16=-7.9836372564312530E-7,

  rm21=-1.2187647597209909E-6, rm22=1.0000036336056080E+0, rm26=-1.2376517869588932E-8,

  rm33=9.9999438383544048E-1, rm34=9.7940025820066989E-1, rm36=0.0000000000000000E+0,

  rm43=1.1711273654670533E-6, rm44=1.0000067632049869E+0, rm46=0.0000000000000000E+0,

  rm51=1.2377431141380171E-8, rm52=-7.8624401206384667E-7, rm53=0.0000000000000000E+0, rm54=0.0000000000000000E+0,

  rm55=1, rm66=1;



MAP_0083: matrix, l=9.7945000000000171E-1,

  rm11=1.0000018737927170E+0, rm12=9.7943630031694362E-1, rm16=-1.9223518792077510E-7,

  rm21=4.0437777628503506E-7, rm22=9.9999852227232522E-1, rm26=6.2305725023747982E-9,

  rm33=1.0000026642746078E+0, rm34=9.7947280756267607E-1, rm36=0.0000000000000000E+0,

  rm43=-7.1857912021069156E-7, rm44=9.9999663190565735E-1, rm46=0.0000000000000000E+0,

  rm51=-6.2306619128139908E-9, rm52=-1.9833735273010030E-7, rm53=0.0000000000000000E+0, rm54=0.0000000000000000E+0,

  rm55=1, rm66=1;



MAP_0084: matrix, l=0.0000000000000000E+0,

  rm11=1.0000000000000000E+0, rm12=0.0000000000000000E+0, rm16=0.0000000000000000E+0,

  rm21=2.8158009986850629E-7, rm22=1.0000000000000000E+0, rm26=2.6694638208257793E-8,

  rm33=1.0000000000000000E+0, rm34=0.0000000000000000E+0, rm36=0.0000000000000000E+0,

  rm43=-2.6519430787700173E-7, rm44=1.0000000000000000E+0, rm46=0.0000000000000000E+0,

  rm51=-2.6694638208257793E-8, rm52=0.0000000000000000E+0, rm53=0.0000000000000000E+0, rm54=0.0000000000000000E+0,

  rm55=1, rm66=1;



MAP_0085: matrix, l=6.2500000000000000E-1,

  rm11=9.9999685634512026E-1, rm12=6.2502482192350262E-1, rm16=-1.3012272907628186E-4,

  rm21=-7.9058177147676821E-7, rm22=1.0000026495299781E+0, rm26=-4.1702955247703566E-4,

  rm33=9.9999948684349360E-1, rm34=6.2499580820617395E-1, rm36=0.0000000000000000E+0,

  rm43=2.1927468358006473E-7, rm44=1.0000006502025982E+0, rm46=0.0000000000000000E+0,

  rm51=4.1702834435270570E-4, rm52=1.3053074793344382E-4, rm53=0.0000000000000000E+0, rm54=0.0000000000000000E+0,

  rm55=1, rm66=1;



MAP_0086: matrix, l=6.2500000000000000E-1,

  rm11=1.0000059244835227E+0, rm12=6.2494932740001807E-1, rm16=-1.2988848051398438E-4,

  rm21=6.6229096378909064E-7, rm22=9.9999448944741676E-1, rm26=-4.1602674996639444E-4,

  rm33=9.9999906961965823E-1, rm34=6.2499178423329260E-1, rm36=0.0000000000000000E+0,

  rm43=2.6268994146172261E-7, rm44=1.0000010945604154E+0, rm46=0.0000000000000000E+0,

  rm51=4.1602912868605270E-4, rm52=1.3010787281523111E-4, rm53=0.0000000000000000E+0, rm54=0.0000000000000000E+0,

  rm55=1, rm66=1;



MAP_0087: matrix, l=0.0000000000000000E+0,

  rm11=1.0000000000000000E+0, rm12=0.0000000000000000E+0, rm16=0.0000000000000000E+0,

  rm21=2.8207020063674375E-7, rm22=1.0000000000000000E+0, rm26=3.2929157293276612E-8,

  rm33=1.0000000000000000E+0, rm34=0.0000000000000000E+0, rm36=0.0000000000000000E+0,

  rm43=-1.8195865390422420E-7, rm44=1.0000000000000000E+0, rm46=0.0000000000000000E+0,

  rm51=-3.2929157293276612E-8, rm52=0.0000000000000000E+0, rm53=0.0000000000000000E+0, rm54=0.0000000000000000E+0,

  rm55=1, rm66=1;



MAP_0088: matrix, l=2.0159999999999911E-1,

  rm11=9.9999288140181208E-1, rm12=2.0166413648433196E-1, rm16=4.6850794294117648E-7,

  rm21=-1.0614225949582515E-6, rm22=1.0000069045964679E+0, rm26=1.4334958220452165E-10,

  rm33=1.0000025044512917E+0, rm34=2.0162224351088112E-1, rm36=0.0000000000000000E+0,

  rm43=-1.0649791955299694E-6, rm44=9.9999728083202366E-1, rm46=0.0000000000000000E+0,

  rm51=-1.4384584667300070E-10, rm52=4.6848226932975384E-7, rm53=0.0000000000000000E+0, rm54=0.0000000000000000E+0,

  rm55=1, rm66=1;



MAP_0089: matrix, l=2.0159999999999911E-1,

  rm11=1.0000038512582694E+0, rm12=2.0156485473659572E-1, rm16=-1.0207059485123349E-6,

  rm21=5.7420311781028540E-7, rm22=9.9999626449528523E-1, rm26=1.9969966583155419E-9,

  rm33=9.9999962321521241E-1, rm34=2.0159670696863913E-1, rm36=0.0000000000000000E+0,

  rm43=1.8257469755873622E-7, rm44=1.0000004135914011E+0, rm46=0.0000000000000000E+0,

  rm51=-1.9975904418034393E-9, rm52=-1.0211046600017947E-6, rm53=0.0000000000000000E+0, rm54=0.0000000000000000E+0,

  rm55=1, rm66=1;



MAP_0090: matrix, l=0.0000000000000000E+0,

  rm11=1.0000000000000000E+0, rm12=0.0000000000000000E+0, rm16=0.0000000000000000E+0,

  rm21=1.3630332463831894E-5, rm22=1.0000000000000000E+0, rm26=-3.1002959913900563E-7,

  rm33=1.0000000000000000E+0, rm34=0.0000000000000000E+0, rm36=0.0000000000000000E+0,

  rm43=-1.3774456647589858E-5, rm44=1.0000000000000000E+0, rm46=0.0000000000000000E+0,

  rm51=3.1002959913900563E-7, rm52=0.0000000000000000E+0, rm53=0.0000000000000000E+0, rm54=0.0000000000000000E+0,

  rm55=1, rm66=1;



MAP_0091: matrix, l=3.3340000000000103E-1,

  rm11=9.8138417510163634E-1, rm12=3.3130000065670562E-1, rm16=3.5402804595183190E-4,

  rm21=-1.1134302837694621E-1, rm22=9.8138127662987240E-1, rm26=2.1164634434181250E-3,

  rm33=1.0187322445900480E+0, rm34=3.3547192486004340E-1, rm36=0.0000000000000000E+0,

  rm43=1.1272472545133683E-1, rm44=1.0187328281182575E+0, rm46=0.0000000000000000E+0,

  rm51=-2.1164822853183148E-3, rm52=-3.5374784449533029E-4, rm53=0.0000000000000000E+0, rm54=0.0000000000000000E+0,

  rm55=1, rm66=1;



MAP_0092: matrix, l=3.3340000000000103E-1,

  rm11=9.8138116014029830E-1, rm12=3.3134280763982260E-1, rm16=3.5484014866374314E-4,

  rm21=-1.1134320328481689E-1, rm22=9.8137937585261126E-1, rm26=2.1176739863538810E-3,

  rm33=1.0187325207161375E+0, rm34=3.3548942033362578E-1, rm36=0.0000000000000000E+0,

  rm43=1.1272396993423478E-1, rm44=1.0187342390928955E+0, rm46=0.0000000000000000E+0,

  rm51=-2.1177543923331836E-3, rm52=-3.5344324068123823E-4, rm53=0.0000000000000000E+0, rm54=0.0000000000000000E+0,

  rm55=1, rm66=1;



MAP_0093: matrix, l=0.0000000000000000E+0,

  rm11=1.0000000000000000E+0, rm12=0.0000000000000000E+0, rm16=0.0000000000000000E+0,

  rm21=1.3651453811576490E-5, rm22=1.0000000000000000E+0, rm26=-2.9193009909618539E-7,

  rm33=1.0000000000000000E+0, rm34=0.0000000000000000E+0, rm36=0.0000000000000000E+0,

  rm43=-1.3706185973757841E-5, rm44=1.0000000000000000E+0, rm46=0.0000000000000000E+0,

  rm51=2.9193009909618539E-7, rm52=0.0000000000000000E+0, rm53=0.0000000000000000E+0, rm54=0.0000000000000000E+0,

  rm55=1, rm66=1;



MAP_0094: matrix, l=4.9999999999883471E-4,

  rm11=9.9999802579657815E-1, rm12=4.8324221580692229E-4, rm16=-3.0524813621202185E-7,

  rm21=2.5752335631654404E-7, rm22=1.0000019743317659E+0, rm26=3.3842325712629684E-9,

  rm33=1.0000025740509195E+0, rm34=4.8137387828298627E-4, rm36=0.0000000000000000E+0,

  rm43=1.1576303222019039E-6, rm44=9.9999742651295764E-1, rm46=0.0000000000000000E+0,

  rm51=-3.3843044986239927E-9, rm52=-3.0525037427716018E-7, rm53=0.0000000000000000E+0, rm54=0.0000000000000000E+0,

  rm55=1, rm66=1;



MAP_0095: matrix, l=4.9999999999883471E-4,

  rm11=9.9999804716390783E-1, rm12=4.8318571425851373E-4, rm16=-3.0173572446168251E-7,

  rm21=3.2358203173625385E-7, rm22=1.0000019529962560E+0, rm26=1.1958855419824665E-8,

  rm33=9.9999811983076314E-1, rm34=5.1353634439505066E-4, rm36=0.0000000000000000E+0,

  rm43=-8.8366115114836323E-7, rm44=1.0000018797189791E+0, rm46=0.0000000000000000E+0,

  rm51=-1.1958929702398950E-8, rm52=-3.0174209209852049E-7, rm53=0.0000000000000000E+0, rm54=0.0000000000000000E+0,

  rm55=1, rm66=1;



MAP_0096: matrix, l=0.0000000000000000E+0,

  rm11=1.0000000000000000E+0, rm12=0.0000000000000000E+0, rm16=0.0000000000000000E+0,

  rm21=0.0000000000000000E+0, rm22=1.0000000000000000E+0, rm26=0.0000000000000000E+0,

  rm33=1.0000000000000000E+0, rm34=0.0000000000000000E+0, rm36=0.0000000000000000E+0,

  rm43=0.0000000000000000E+0, rm44=1.0000000000000000E+0, rm46=0.0000000000000000E+0,

  rm51=0.0000000000000000E+0, rm52=0.0000000000000000E+0, rm53=0.0000000000000000E+0, rm54=0.0000000000000000E+0,

  rm55=1, rm66=1;



MAP_0097: matrix, l=7.6200000000000045E-2,

  rm11=1.0000039537475613E+0, rm12=7.6233944054903774E-2, rm16=2.1650676459983309E-8,

  rm21=-6.2647841880214869E-7, rm22=9.9999599850933907E-1, rm26=-1.9930436469597912E-8,

  rm33=1.0000003895028460E+0, rm34=7.6197385306101387E-2, rm36=0.0000000000000000E+0,

  rm43=2.0835273167610674E-7, rm44=9.9999962637323292E-1, rm46=0.0000000000000000E+0,

  rm51=1.9930501705830945E-8, rm52=2.3169965603816794E-8, rm53=0.0000000000000000E+0, rm54=0.0000000000000000E+0,

  rm55=1, rm66=1;



MAP_0098: matrix, l=7.6200000000000045E-2,

  rm11=9.9999954774638211E-1, rm12=7.6196196234163266E-2, rm16=2.2281520975497848E-8,

  rm21=5.6056933717544247E-8, rm22=1.0000004565251495E+0, rm26=2.8266104908081235E-10,

  rm33=1.0000033257309591E+0, rm34=7.6176955849948672E-2, rm36=0.0000000000000000E+0,

  rm43=1.3385148451056859E-6, rm44=9.9999677624374861E-1, rm46=0.0000000000000000E+0,

  rm51=-2.8265967221258583E-10, rm52=2.2259993450809027E-8, rm53=0.0000000000000000E+0, rm54=0.0000000000000000E+0,

  rm55=1, rm66=1;



MAP_0099: matrix, l=0.0000000000000000E+0,

  rm11=1.0000000000000000E+0, rm12=0.0000000000000000E+0, rm16=0.0000000000000000E+0,

  rm21=0.0000000000000000E+0, rm22=1.0000000000000000E+0, rm26=0.0000000000000000E+0,

  rm33=1.0000000000000000E+0, rm34=0.0000000000000000E+0, rm36=0.0000000000000000E+0,

  rm43=0.0000000000000000E+0, rm44=1.0000000000000000E+0, rm46=0.0000000000000000E+0,

  rm51=0.0000000000000000E+0, rm52=0.0000000000000000E+0, rm53=0.0000000000000000E+0, rm54=0.0000000000000000E+0,

  rm55=1, rm66=1;



MAP_0100: matrix, l=1.4874999999999972E-1,

  rm11=9.9999895599808164E-1, rm12=1.4874098147592632E-1, rm16=3.6093760689970278E-7,

  rm21=2.0124001628525131E-7, rm22=1.0000010739356771E+0, rm26=9.0424687026330330E-9,

  rm33=9.9999644448514824E-1, rm34=1.4877381884625820E-1, rm36=0.0000000000000000E+0,

  rm43=-1.3925054479553695E-6, rm44=1.0000033483584039E+0, rm46=0.0000000000000000E+0,

  rm51=-9.0423866271884705E-9, rm52=3.5959300885368106E-7, rm53=0.0000000000000000E+0, rm54=0.0000000000000000E+0,

  rm55=1, rm66=1;



MAP_0101: matrix, l=1.4874999999999972E-1,

  rm11=9.9999977239815263E-1, rm12=1.4874830060154617E-1, rm16=-6.4515172239210106E-7,

  rm21=6.6413917191169730E-8, rm22=1.0000002374808585E+0, rm26=4.5479792831065735E-9,

  rm33=1.0000030914839086E+0, rm34=1.4872962481973509E-1, rm36=0.0000000000000000E+0,

  rm43=1.1235313501461529E-6, rm44=9.9999707562752826E-1, rm46=0.0000000000000000E+0,

  rm51=-4.5480210950311539E-9, rm52=-6.4582837979281908E-7, rm53=0.0000000000000000E+0, rm54=0.0000000000000000E+0,

  rm55=1, rm66=1;



MAP_0102: matrix, l=0.0000000000000000E+0,

  rm11=1.0000000000000000E+0, rm12=0.0000000000000000E+0, rm16=0.0000000000000000E+0,

  rm21=3.6187407636402507E-7, rm22=1.0000000000000000E+0, rm26=4.2894743642468702E-8,

  rm33=1.0000000000000000E+0, rm34=0.0000000000000000E+0, rm36=0.0000000000000000E+0,

  rm43=-3.4468204719378166E-7, rm44=1.0000000000000000E+0, rm46=0.0000000000000000E+0,

  rm51=-4.2894743642468702E-8, rm52=0.0000000000000000E+0, rm53=0.0000000000000000E+0, rm54=0.0000000000000000E+0,

  rm55=1, rm66=1;



MAP_0103: matrix, l=8.7500000000000000E-1,

  rm11=1.0000024014259898E+0, rm12=8.7502199443204498E-1, rm16=-2.5428659764474559E-4,

  rm21=-8.7843118878015534E-7, rm22=9.9999682993501193E-1, rm26=-5.8305782287174437E-4,

  rm33=9.9999569426462764E-1, rm34=8.7502517913821043E-1, rm36=0.0000000000000000E+0,

  rm43=-1.2594733568825794E-6, rm44=1.0000032036782669E+0, rm46=0.0000000000000000E+0,

  rm51=5.8305944641523196E-4, rm52=2.5590262749873431E-4, rm53=0.0000000000000000E+0, rm54=0.0000000000000000E+0,

  rm55=1, rm66=1;



MAP_0104: matrix, l=8.7500000000000000E-1,

  rm11=9.9999940483003091E-1, rm12=8.7499641027265296E-1, rm16=-2.5613775462665633E-4,

  rm21=-2.8110547988748493E-7, rm22=1.0000003492038911E+0, rm26=-5.8303469659698286E-4,

  rm33=9.9999919089273692E-1, rm34=8.7500532992764024E-1, rm36=0.0000000000000000E+0,

  rm43=-1.5779056848036846E-7, rm44=1.0000006710402176E+0, rm46=0.0000000000000000E+0,

  rm51=5.8303442159396695E-4, rm52=2.5401542251580838E-4, rm53=0.0000000000000000E+0, rm54=0.0000000000000000E+0,

  rm55=1, rm66=1;



MAP_0105: matrix, l=0.0000000000000000E+0,

  rm11=1.0000000000000000E+0, rm12=0.0000000000000000E+0, rm16=0.0000000000000000E+0,

  rm21=4.5457567348431439E-7, rm22=1.0000000000000000E+0, rm26=-9.5727215957200351E-7,

  rm33=1.0000000000000000E+0, rm34=0.0000000000000000E+0, rm36=0.0000000000000000E+0,

  rm43=-3.1153550556628684E-7, rm44=1.0000000000000000E+0, rm46=0.0000000000000000E+0,

  rm51=9.5727215957200351E-7, rm52=0.0000000000000000E+0, rm53=0.0000000000000000E+0, rm54=0.0000000000000000E+0,

  rm55=1, rm66=1;



MAP_0106: matrix, l=7.8230000000000288E-1,

  rm11=1.0000007887921576E+0, rm12=7.8230629926833861E-1, rm16=6.5978665164667660E-7,

  rm21=-2.9582741135079388E-7, rm22=9.9999897978099983E-1, rm26=-1.4095574386516208E-8,

  rm33=1.0000086965959873E+0, rm34=7.8224087720746960E-1, rm36=0.0000000000000000E+0,

  rm43=1.5810178917197643E-6, rm44=9.9999254020571005E-1, rm46=0.0000000000000000E+0,

  rm51=1.4095390322017541E-8, rm52=6.7081303515417562E-7, rm53=0.0000000000000000E+0, rm54=0.0000000000000000E+0,

  rm55=1, rm66=1;



MAP_0107: matrix, l=7.8229999999999933E-1,

  rm11=1.0000003194563065E+0, rm12=7.8230258677251530E-1, rm16=6.6220489608470601E-7,

  rm21=-5.0950433056597013E-8, rm22=9.9999964068515268E-1, rm26=5.7543913210833519E-10,

  rm33=9.9999171056362712E-1, rm34=7.8236026915947421E-1, rm36=0.0000000000000000E+0,

  rm43=-1.3696756411047842E-6, rm44=1.0000072179164021E+0, rm46=0.0000000000000000E+0,

  rm51=-5.7547305556222271E-10, rm52=6.6175449062307642E-7, rm53=0.0000000000000000E+0, rm54=0.0000000000000000E+0,

  rm55=1, rm66=1;



MAP_0108: matrix, l=0.0000000000000000E+0,

  rm11=1.0000000000000000E+0, rm12=0.0000000000000000E+0, rm16=0.0000000000000000E+0,

  rm21=1.5327867439024606E-5, rm22=1.0000000000000000E+0, rm26=1.1842850342405620E-7,

  rm33=1.0000000000000000E+0, rm34=0.0000000000000000E+0, rm36=0.0000000000000000E+0,

  rm43=-1.5235228845143196E-5, rm44=1.0000000000000000E+0, rm46=0.0000000000000000E+0,

  rm51=-1.1842850342405620E-7, rm52=0.0000000000000000E+0, rm53=0.0000000000000000E+0, rm54=0.0000000000000000E+0,

  rm55=1, rm66=1;



MAP_0109: matrix, l=3.3340000000000103E-1,

  rm11=1.0205123404880272E+0, rm12=3.3566742650888842E-1, rm16=-3.7797492903655916E-4,

  rm21=1.2347575012172798E-1, rm22=1.0205136635403904E+0, rm26=-2.2730075515236406E-3,

  rm33=9.7962038006916385E-1, rm34=3.3115541862631254E-1, rm36=-9.9999999999999995E-7,

  rm43=-1.2181921536567972E-1, rm44=9.7962325637926695E-1, rm46=0.0000000000000000E+0,

  rm51=2.2729615184623546E-3, rm52=3.7724601569769198E-4, rm53=1.2181921536567971E-7, rm54=-9.7962325637926682E-7,

  rm55=1, rm66=1;



MAP_0110: matrix, l=3.3339999999999748E-1,

  rm11=1.0205134159977394E+0, rm12=3.3569218751877733E-1, rm16=-3.7733864732113209E-4,

  rm21=1.2347497936065863E-1, rm22=1.0205153304204304E+0, rm26=-2.2727539948375827E-3,

  rm33=9.7962349240948299E-1, rm34=3.3105484664996621E-1, rm36=9.7962349240948304E-7,

  rm43=-1.2181873709472305E-1, rm44=9.7963281210376596E-1, rm46=-1.2181873709472305E-7,

  rm51=2.2727840613042541E-3, rm52=3.7786588586774479E-4, rm53=0.0000000000000000E+0, rm54=1.0000000000000002E-6,

  rm55=1, rm66=1;



MAP_0111: matrix, l=0.0000000000000000E+0,

  rm11=1.0000000000000000E+0, rm12=0.0000000000000000E+0, rm16=0.0000000000000000E+0,

  rm21=1.5354553209542539E-5, rm22=1.0000000000000000E+0, rm26=9.5317053201704471E-8,

  rm33=1.0000000000000000E+0, rm34=0.0000000000000000E+0, rm36=0.0000000000000000E+0,

  rm43=-1.5278604322110544E-5, rm44=1.0000000000000000E+0, rm46=0.0000000000000000E+0,

  rm51=-9.5317053201704471E-8, rm52=0.0000000000000000E+0, rm53=0.0000000000000000E+0, rm54=0.0000000000000000E+0,

  rm55=1, rm66=1;



MAP_0112: matrix, l=5.0000000000238742E-4,

  rm11=9.9999943460016461E-1, rm12=5.0417540396685957E-4, rm16=2.3356210217262419E-7,

  rm21=-1.6592017191467639E-7, rm22=1.0000005653165023E+0, rm26=-7.0437274728163413E-9,

  rm33=1.0000060807231641E+0, rm34=5.5020671753109002E-4, rm36=0.0000000000000000E+0,

  rm43=-9.8567563778135038E-7, rm44=9.9999391877148891E-1, rm46=0.0000000000000000E+0,

  rm51=7.0436847376298420E-9, rm52=2.3356578548327889E-7, rm53=0.0000000000000000E+0, rm54=0.0000000000000000E+0,

  rm55=1, rm66=1;



MAP_0113: matrix, l=4.9999999999883471E-4,

  rm11=1.0000041914725333E+0, rm12=4.6822385036347032E-4, rm16=2.6814903857086403E-7,

  rm21=1.3632720343216683E-6, rm22=9.9999580918334907E-1, rm26=6.1728910906444501E-8,

  rm33=9.9999495511689229E-1, rm34=4.5844985041243854E-4, rm36=0.0000000000000000E+0,

  rm43=8.0138045532220096E-7, rm44=1.0000050452759532E+0, rm46=0.0000000000000000E+0,

  rm51=-6.1728804081393752E-8, rm52=2.6811901185906490E-7, rm53=0.0000000000000000E+0, rm54=0.0000000000000000E+0,

  rm55=1, rm66=1;



MAP_0114: matrix, l=0.0000000000000000E+0,

  rm11=1.0000000000000000E+0, rm12=0.0000000000000000E+0, rm16=0.0000000000000000E+0,

  rm21=0.0000000000000000E+0, rm22=1.0000000000000000E+0, rm26=0.0000000000000000E+0,

  rm33=1.0000000000000000E+0, rm34=0.0000000000000000E+0, rm36=0.0000000000000000E+0,

  rm43=0.0000000000000000E+0, rm44=1.0000000000000000E+0, rm46=0.0000000000000000E+0,

  rm51=0.0000000000000000E+0, rm52=0.0000000000000000E+0, rm53=0.0000000000000000E+0, rm54=0.0000000000000000E+0,

  rm55=1, rm66=1;



MAP_0115: matrix, l=7.6200000000000045E-2,

  rm11=9.9999808654615363E-1, rm12=7.6214109561684451E-2, rm16=-6.9504783359319866E-8,

  rm21=-5.7060349265011309E-7, rm22=1.0000018699693873E+0, rm26=-2.4856834479614065E-8,

  rm33=1.0000013829558081E+0, rm34=7.6211260436346268E-2, rm36=0.0000000000000000E+0,

  rm43=-2.4795168475891067E-7, rm44=9.9999859814942038E-1, rm46=0.0000000000000000E+0,

  rm51=2.4856826576880662E-8, rm52=-6.7610471824751066E-8, rm53=0.0000000000000000E+0, rm54=0.0000000000000000E+0,

  rm55=1, rm66=1;



MAP_0116: matrix, l=7.6200000000000045E-2,

  rm11=1.0000007683264145E+0, rm12=7.6194216799599854E-2, rm16=-4.6313139545617332E-8,

  rm21=1.8597845794766588E-7, rm22=9.9999924584464783E-1, rm26=6.9954282887196850E-9,

  rm33=1.0000036398520633E+0, rm34=7.6229887168473620E-2, rm36=0.0000000000000000E+0,

  rm43=-5.5507759018328534E-7, rm44=9.9999631784783705E-1, rm46=0.0000000000000000E+0,

  rm51=-6.9954422767382951E-9, rm52=-4.6846115797952035E-8, rm53=0.0000000000000000E+0, rm54=0.0000000000000000E+0,

  rm55=1, rm66=1;



MAP_0117: matrix, l=0.0000000000000000E+0,

  rm11=1.0000000000000000E+0, rm12=0.0000000000000000E+0, rm16=0.0000000000000000E+0,

  rm21=0.0000000000000000E+0, rm22=1.0000000000000000E+0, rm26=0.0000000000000000E+0,

  rm33=1.0000000000000000E+0, rm34=0.0000000000000000E+0, rm36=0.0000000000000000E+0,

  rm43=0.0000000000000000E+0, rm44=1.0000000000000000E+0, rm46=0.0000000000000000E+0,

  rm51=0.0000000000000000E+0, rm52=0.0000000000000000E+0, rm53=0.0000000000000000E+0, rm54=0.0000000000000000E+0,

  rm55=1, rm66=1;



MAP_0118: matrix, l=3.8054999999999950E-1,

  rm11=9.9999729846527807E-1, rm12=3.8056935024837207E-1, rm16=-1.0984391907165048E-7,

  rm21=-8.5366213962383030E-7, rm22=1.0000023766634969E+0, rm26=-4.1858773048436548E-8,

  rm33=1.0000006817910012E+0, rm34=3.8055582651727371E-1, rm36=0.0000000000000000E+0,

  rm43=-1.2191180515110342E-7, rm44=9.9999927181524773E-1, rm46=0.0000000000000000E+0,

  rm51=4.1858753735102720E-8, rm52=-9.3914014072445723E-8, rm53=0.0000000000000000E+0, rm54=0.0000000000000000E+0,

  rm55=1, rm66=1;



MAP_0119: matrix, l=3.8054999999999950E-1,

  rm11=1.0000037392025156E+0, rm12=3.8052375755515117E-1, rm16=-1.6447562950494543E-8,

  rm21=1.1514136642059884E-6, rm22=9.9999669895008170E-1, rm26=5.9364391824176521E-8,

  rm33=9.9999583513667989E-1, rm34=3.8051663355518789E-1, rm36=0.0000000000000000E+0,

  rm43=7.8135825022279826E-7, rm44=1.0000044622017155E+0, rm46=0.0000000000000000E+0,

  rm51=-5.9364632737608491E-8, rm52=-3.9037070098180155E-8, rm53=0.0000000000000000E+0, rm54=0.0000000000000000E+0,

  rm55=1, rm66=1;



MAP_0120: matrix, l=0.0000000000000000E+0,

  rm11=1.0000000000000000E+0, rm12=0.0000000000000000E+0, rm16=0.0000000000000000E+0,

  rm21=0.0000000000000000E+0, rm22=1.0000000000000000E+0, rm26=0.0000000000000000E+0,

  rm33=1.0000000000000000E+0, rm34=0.0000000000000000E+0, rm36=0.0000000000000000E+0,

  rm43=0.0000000000000000E+0, rm44=1.0000000000000000E+0, rm46=0.0000000000000000E+0,

  rm51=0.0000000000000000E+0, rm52=0.0000000000000000E+0, rm53=0.0000000000000000E+0, rm54=0.0000000000000000E+0,

  rm55=1, rm66=1;



MAP_0121: matrix, l=1.0160000000000124E-1,

  rm11=9.9999938492661888E-1, rm12=1.0160464214623131E-1, rm16=2.5390716509865463E-7,

  rm21=-1.6680228897758330E-7, rm22=1.0000005981258622E+0, rm26=-8.1215796952222030E-9,

  rm33=9.9999837458372309E-1, rm34=1.0158737814235315E-1, rm36=0.0000000000000000E+0,

  rm43=3.2837504261131902E-7, rm44=1.0000016587777327E+0, rm46=0.0000000000000000E+0,

  rm51=8.1215323475583950E-9, rm52=2.5473250716569181E-7, rm53=0.0000000000000000E+0, rm54=0.0000000000000000E+0,

  rm55=1, rm66=1;



MAP_0122: matrix, l=1.0159999999999769E-1,

  rm11=9.9999755041716609E-1, rm12=1.0161754347809718E-1, rm16=2.1607681542634705E-7,

  rm21=-6.2157143781107634E-7, rm22=1.0000023864261172E+0, rm26=-2.9463659114922769E-8,

  rm33=1.0000043430470900E+0, rm34=1.0163342173002528E-1, rm36=0.0000000000000000E+0,

  rm43=-9.2900351904096821E-7, rm44=9.9999556255437572E-1, rm46=0.0000000000000000E+0,

  rm51=2.9463452634072336E-8, rm52=2.1907135573883720E-7, rm53=0.0000000000000000E+0, rm54=0.0000000000000000E+0,

  rm55=1, rm66=1;



MAP_0123: matrix, l=0.0000000000000000E+0,

  rm11=1.0000000000000000E+0, rm12=0.0000000000000000E+0, rm16=0.0000000000000000E+0,

  rm21=0.0000000000000000E+0, rm22=1.0000000000000000E+0, rm26=0.0000000000000000E+0,

  rm33=1.0000000000000000E+0, rm34=0.0000000000000000E+0, rm36=0.0000000000000000E+0,

  rm43=0.0000000000000000E+0, rm44=1.0000000000000000E+0, rm46=0.0000000000000000E+0,

  rm51=0.0000000000000000E+0, rm52=0.0000000000000000E+0, rm53=0.0000000000000000E+0, rm54=0.0000000000000000E+0,

  rm55=1, rm66=1;



MAP_0124: matrix, l=3.9680000000000248E-1,

  rm11=9.9999885359507978E-1, rm12=3.9680809619052060E-1, rm16=-3.5040842813471862E-7,

  rm21=-2.9698341064535629E-7, rm22=1.0000010285606775E+0, rm26=-1.5279823567873607E-8,

  rm33=1.0000011923376542E+0, rm34=3.9680894343613171E-1, rm36=0.0000000000000000E+0,

  rm43=-2.2374097883238882E-7, rm44=9.9999871888145209E-1, rm46=0.0000000000000000E+0,

  rm51=1.5279910116498794E-8, rm52=-3.4434563085095388E-7, rm53=0.0000000000000000E+0, rm54=0.0000000000000000E+0,

  rm55=1, rm66=1;



MAP_0125: matrix, l=3.9679999999999893E-1,

  rm11=1.0000039434952446E+0, rm12=3.9677159246878257E-1, rm16=-2.3527481692042773E-7,

  rm21=8.2829238000456992E-7, rm22=9.9999638516189726E-1, rm26=3.9076871904963895E-8,

  rm33=9.9999401638098351E-1, rm34=3.9675452710645276E-1, rm36=0.0000000000000000E+0,

  rm43=1.4098699943585669E-6, rm44=1.0000065430304703E+0, rm46=0.0000000000000000E+0,

  rm51=-3.9077220880760486E-8, rm52=-2.5077855913448605E-7, rm53=0.0000000000000000E+0, rm54=0.0000000000000000E+0,

  rm55=1, rm66=1;



MAP_0126: matrix, l=0.0000000000000000E+0,

  rm11=1.0000000000000000E+0, rm12=0.0000000000000000E+0, rm16=0.0000000000000000E+0,

  rm21=-5.4010899299228180E-4, rm22=1.0000000000000000E+0, rm26=-2.7952091956502667E-7,

  rm33=1.0000000000000000E+0, rm34=0.0000000000000000E+0, rm36=0.0000000000000000E+0,

  rm43=5.4004892074951624E-4, rm44=1.0000000000000000E+0, rm46=1.9999999999999999E-6,

  rm51=2.7952091956502667E-7, rm52=0.0000000000000000E+0, rm53=-1.9999999999999999E-6, rm54=0.0000000000000000E+0,

  rm55=1, rm66=1;



MAP_0127: matrix, l=7.3979999999999890E-1,

  rm11=9.9999507165745083E-1, rm12=7.3983482856765337E-1, rm16=1.8137619250359338E-4,

  rm21=-1.1875459278353677E-6, rm22=1.0000040497746698E+0, rm26=4.8793018539258250E-4,

  rm33=9.9980291430747092E-1, rm34=7.3977216970590953E-1, rm36=-7.3964795443394113E-3,

  rm43=-5.4097019944748413E-4, rm44=9.9979685095656778E-1, rm46=-1.9993999593701912E-2,

  rm51=-4.8792799609804761E-4, rm52=-1.7961081802660112E-4, rm53=1.9994060337459870E-2, rm54=7.3960275039367243E-3,

  rm55=1, rm66=1;



MAP_0128: matrix, l=7.3980000000000246E-1,

  rm11=1.0000058936665666E+0, rm12=7.3975393612339391E-1, rm16=1.8067736073328067E-4,

  rm21=6.3753511743864136E-7, rm22=9.9999457798450153E-1, rm26=4.8801660653962232E-4,

  rm33=9.9980197445551677E-1, rm34=7.3976510618178870E-1, rm36=-7.3950803961151355E-3,

  rm43=-5.4083055924677428E-4, rm44=9.9979789794702645E-1, rm46=-1.9994039866228677E-2,

  rm51=-4.8801936755861784E-4, rm52=-1.8033582448343671E-4, rm53=1.9994080021064054E-2, rm54=7.3973071894583966E-3,

  rm55=1, rm66=1;



MAP_0129: matrix, l=0.0000000000000000E+0,

  rm11=1.0000000000000000E+0, rm12=0.0000000000000000E+0, rm16=0.0000000000000000E+0,

  rm21=-5.4013044733177741E-4, rm22=1.0000000000000000E+0, rm26=1.3720682757690714E-6,

  rm33=1.0000000000000000E+0, rm34=0.0000000000000000E+0, rm36=0.0000000000000000E+0,

  rm43=5.4007283865816294E-4, rm44=1.0000000000000000E+0, rm46=2.9742744218352879E-6,

  rm51=-1.3720682757690714E-6, rm52=0.0000000000000000E+0, rm53=-2.9742744218352879E-6, rm54=0.0000000000000000E+0,

  rm55=1, rm66=1;



MAP_0130: matrix, l=2.0159999999999911E-1,

  rm11=9.9999645248167335E-1, rm12=2.0162956827637468E-1, rm16=-4.9504677518408258E-7,

  rm21=-5.7418777165337755E-7, rm22=1.0000034317572684E+0, rm26=-3.1617809255306273E-8,

  rm33=9.9999904279768637E-1, rm34=2.0159293131359671E-1, rm36=-1.2539596798422092E-7,

  rm43=5.1439610162790673E-7, rm44=1.0000010609019472E+0, rm46=5.7641337661284986E-8,

  rm51=3.1617981340353194E-8, rm52=-4.8867338883445927E-7, rm53=-5.7641346990060301E-8, rm54=-1.3701618724102278E-7,

  rm55=1, rm66=1;



MAP_0131: matrix, l=2.0159999999999911E-1,

  rm11=9.9999643930973459E-1, rm12=2.0163010121609751E-1, rm16=5.0227609363351355E-7,

  rm21=-4.9112016196924384E-7, rm22=1.0000034616779834E+0, rm26=-2.3881643404152775E-8,

  rm33=9.9999807127236295E-1, rm34=2.0158539451319005E-1, rm36=-4.7108533127171448E-7,

  rm43=7.6011275331253793E-7, rm44=1.0000020819592819E+0, rm46=1.1187027767339819E-7,

  rm51=2.3881311691101124E-8, rm52=5.0709309052839451E-7, rm53=-1.1187041998407007E-7, rm54=-4.9363772611128454E-7,

  rm55=1, rm66=1;



MAP_0132: matrix, l=0.0000000000000000E+0,

  rm11=1.0000000000000000E+0, rm12=0.0000000000000000E+0, rm16=0.0000000000000000E+0,

  rm21=-9.3564344507460307E-5, rm22=1.0000000000000000E+0, rm26=8.4311744872221303E-6,

  rm33=1.0000000000000000E+0, rm34=0.0000000000000000E+0, rm36=0.0000000000000000E+0,

  rm43=9.3621898104522558E-5, rm44=1.0000000000000000E+0, rm46=1.9278707987173405E-5,

  rm51=-8.4311744872221303E-6, rm52=0.0000000000000000E+0, rm53=-1.9278707987173405E-5, rm54=0.0000000000000000E+0,

  rm55=1, rm66=1;



MAP_0133: matrix, l=3.0480000000000018E-1,

  rm11=9.8255256922598877E-1, rm12=3.0300863914994469E-1, rm16=6.2915802030762136E-4,

  rm21=-1.1416289804016849E-1, rm22=9.8255063989496250E-1, rm26=4.1187666904966861E-3,

  rm33=1.0175228357428758E+0, rm34=3.0660193015127729E-1, rm36=-1.0324526011516247E-3,

  rm43=1.1529328646329848E-1, rm44=1.0175193202492019E+0, rm46=-6.7995138757722395E-3,

  rm51=-4.1187312967134754E-3, rm52=-6.2984227441522105E-4, rm53=6.7996257870444497E-3, rm54=1.0342036094888394E-3,

  rm55=1, rm66=1;



MAP_0134: matrix, l=3.0480000000000018E-1,

  rm11=9.8255058608136003E-1, rm12=3.0305959290767454E-1, rm16=6.2880194218693786E-4,

  rm21=-1.1416304677918189E-1, rm22=9.8254665682735776E-1, rm26=4.1188385225536944E-3,

  rm33=1.0175198747393803E+0, rm34=3.0656957819799990E-1, rm36=-1.0334392475294663E-3,

  rm43=1.1529473278868432E-1, rm44=1.0175190512761858E+0, rm46=-6.7982549775365692E-3,

  rm51=-4.1187531498503432E-3, rm52=-6.3042627979524493E-4, rm53=6.7982094512921299E-3, rm54=1.0325940382480813E-3,

  rm55=1, rm66=1;



MAP_0135: matrix, l=0.0000000000000000E+0,

  rm11=1.0000000000000000E+0, rm12=0.0000000000000000E+0, rm16=0.0000000000000000E+0,

  rm21=-9.3532884990755346E-5, rm22=1.0000000000000000E+0, rm26=1.4918518064708369E-5,

  rm33=1.0000000000000000E+0, rm34=0.0000000000000000E+0, rm36=0.0000000000000000E+0,

  rm43=9.3636165072828232E-5, rm44=1.0000000000000000E+0, rm46=1.7307647230790923E-5,

  rm51=-1.4918518064708369E-5, rm52=0.0000000000000000E+0, rm53=-1.7307647230790923E-5, rm54=0.0000000000000000E+0,

  rm55=1, rm66=1;



MAP_0136: matrix, l=3.0004999999999882E-1,

  rm11=9.9999292836681120E-1, rm12=2.9998735417837952E-1, rm16=1.3193019179902343E-6,

  rm21=1.1475354943228428E-6, rm22=1.0000074159317685E+0, rm26=-6.7979994126943222E-8,

  rm33=9.9999960386623554E-1, rm34=3.0005409990295528E-1, rm36=-8.7232903442369114E-8,

  rm43=1.1467540007228613E-7, rm44=1.0000004305427588E+0, rm46=3.7947097589197121E-8,

  rm51=6.7981027343139211E-8, rm52=1.3397048404184436E-6, rm53=-3.7947092560538603E-8, rm54=-9.8619123210920165E-8,

  rm55=1, rm66=1;



MAP_0137: matrix, l=3.0005000000000237E-1,

  rm11=1.0000006407899242E+0, rm12=3.0005573370979233E-1, rm16=-5.9068881075319268E-7,

  rm21=-9.3119158434365039E-8, rm22=9.9999933126956697E-1, rm26=7.8118983053154789E-9,

  rm33=1.0000008139536947E+0, rm34=3.0004411039058521E-1, rm36=3.5085149471814070E-7,

  rm43=5.4421830629139430E-7, rm44=9.9999934933633250E-1, rm46=9.6476883565399518E-9,

  rm51=-7.8118483066562483E-9, rm52=-5.9303242061927622E-7, rm53=-9.6475052695053192E-9, rm54=3.4795653436155678E-7,

  rm55=1, rm66=1;



MAP_0138: matrix, l=0.0000000000000000E+0,

  rm11=1.0000000000000000E+0, rm12=0.0000000000000000E+0, rm16=0.0000000000000000E+0,

  rm21=-7.5386099433239569E-4, rm22=1.0000000000000000E+0, rm26=1.7484206710112471E-6,

  rm33=1.0000000000000000E+0, rm34=0.0000000000000000E+0, rm36=0.0000000000000000E+0,

  rm43=7.5403206748913436E-4, rm44=1.0000000000000000E+0, rm46=1.3226387147596830E-6,

  rm51=-1.7484206710112471E-6, rm52=0.0000000000000000E+0, rm53=-1.3226387147596830E-6, rm54=0.0000000000000000E+0,

  rm55=1, rm66=1;



MAP_0139: matrix, l=1.0849999999999973E+0,

  rm11=9.9999809730016442E-1, rm12=1.0849832468908123E+0, rm16=1.5857422741902272E-4,

  rm21=3.6446976353779098E-7, rm22=1.0000022981477956E+0, rm26=2.9097435524488152E-4,

  rm33=9.9958968159765782E-1, rm34=1.0848663453163860E+0, rm36=-1.5513304856149684E-2,

  rm43=-7.5275692170579810E-4, rm44=9.9959351096184701E-1, rm46=-2.8594584799189277E-2,

  rm51=-2.9097374381251249E-4, rm52=-1.5712770886951828E-4, rm53=2.8594529662447833E-2, rm54=1.5514303839155825E-2,

  rm55=1, rm66=1;



MAP_0140: matrix, l=1.0850000000000009E+0,

  rm11=1.0000041995247841E+0, rm12=1.0850352533132730E+0, rm16=1.5696027391183878E-4,

  rm21=-8.7007983055940378E-7, rm22=9.9999485642952712E-1, rm26=2.9107744086217732E-4,

  rm33=9.9958951010839259E-1, rm34=1.0848700588724858E+0, rm36=-1.5512525683311074E-2,

  rm43=-7.5239968278931234E-4, rm44=9.9959406737220380E-1, rm46=-2.8594748032970116E-2,

  rm51=-2.9107879981707288E-4, rm52=-1.5886981820406333E-4, rm53=2.8594681797352906E-2, rm54=1.5515357338975494E-2,

  rm55=1, rm66=1;



MAP_0141: matrix, l=0.0000000000000000E+0,

  rm11=1.0000000000000000E+0, rm12=0.0000000000000000E+0, rm16=0.0000000000000000E+0,

  rm21=-7.5390546777362639E-4, rm22=1.0000000000000000E+0, rm26=4.9015229286186734E-6,

  rm33=1.0000000000000000E+0, rm34=0.0000000000000000E+0, rm36=0.0000000000000000E+0,

  rm43=7.5391244000153610E-4, rm44=1.0000000000000000E+0, rm46=2.0669335618062057E-7,

  rm51=-4.9015229286186734E-6, rm52=0.0000000000000000E+0, rm53=-2.0669335618062057E-7, rm54=0.0000000000000000E+0,

  rm55=1, rm66=1;



MAP_0142: matrix, l=9.1000000000001080E-2,

  rm11=9.9999835488872602E-1, rm12=9.0987253113052960E-2, rm16=6.4471709538757582E-7,

  rm21=5.0212697151404040E-7, rm22=1.0000016908012093E+0, rm26=-2.7321735478202935E-8,

  rm33=1.0000041777862383E+0, rm34=9.0967355991562568E-2, rm36=-2.4688876156253592E-6,

  rm43=9.4406563688135288E-7, rm44=9.9999590811001182E-1, rm46=-2.0139268942787059E-7,

  rm51=2.7322014260750466E-8, rm52=6.4720411513746341E-7, rm53=2.0139120001151773E-7, rm54=-2.4505573527355598E-6,

  rm55=1, rm66=1;



MAP_0143: matrix, l=9.1000000000001080E-2,

  rm11=9.9999711031032412E-1, rm12=9.0978396206899431E-2, rm16=-1.6500650439066344E-7,

  rm21=8.4381945764734486E-7, rm22=1.0000029664675887E+0, rm26=-5.0933777615697062E-8,

  rm33=9.9999715606030848E-1, rm34=9.1022568522865874E-2, rm36=2.0832157844319354E-6,

  rm43=-5.0741723405951121E-7, rm44=1.0000027977612282E+0, rm46=1.7703769655819102E-7,

  rm51=5.0933491197186694E-8, rm52=-1.6037312047687565E-7, rm53=-1.7703825013325015E-7, rm54=2.0671071869061890E-6,

  rm55=1, rm66=1;



MAP_0144: matrix, l=0.0000000000000000E+0,

  rm11=1.0000000000000000E+0, rm12=0.0000000000000000E+0, rm16=0.0000000000000000E+0,

  rm21=0.0000000000000000E+0, rm22=1.0000000000000000E+0, rm26=0.0000000000000000E+0,

  rm33=1.0000000000000000E+0, rm34=0.0000000000000000E+0, rm36=0.0000000000000000E+0,

  rm43=0.0000000000000000E+0, rm44=1.0000000000000000E+0, rm46=0.0000000000000000E+0,

  rm51=0.0000000000000000E+0, rm52=0.0000000000000000E+0, rm53=0.0000000000000000E+0, rm54=0.0000000000000000E+0,

  rm55=1, rm66=1;



MAP_0145: matrix, l=1.0159999999999769E-1,

  rm11=1.0000011556112411E+0, rm12=1.0160896119950932E-1, rm16=6.2343287123706181E-7,

  rm21=-3.2356011746968482E-7, rm22=9.9999881151352477E-1, rm26=2.1530443088113582E-8,

  rm33=1.0000006920325082E+0, rm34=1.0159445572140728E-1, rm36=-8.4812515710463998E-7,

  rm43=1.9276281487311349E-7, rm44=9.9999932755159038E-1, rm46=-1.6441320263571590E-8,

  rm51=-2.1530669686948693E-8, rm52=6.2124444433917777E-7, rm53=1.6441168154507040E-8, rm54=-8.4645423980070806E-7,

  rm55=1, rm66=1;



MAP_0146: matrix, l=1.0160000000000124E-1,

  rm11=9.9999998935666512E-1, rm12=1.0159985850297855E-1, rm16=-1.7911873869888573E-7,

  rm21=2.3367118995647238E-8, rm22=1.0000000130174311E+0, rm26=1.9648666027549666E-10,

  rm33=9.9999905550143309E-1, rm34=1.0160776349622863E-1, rm36=2.2603223837069919E-7,

  rm43=-3.3888572099407306E-8, rm44=1.0000009410561137E+0, rm46=1.0495656621589688E-7,

  rm51=-1.9649084367310487E-10, rm52=-1.7913870404743327E-7, rm53=-1.0495647474448030E-7, rm54=2.1536804912227788E-7,

  rm55=1, rm66=1;



MAP_0147: matrix, l=0.0000000000000000E+0,

  rm11=1.0000000000000000E+0, rm12=0.0000000000000000E+0, rm16=0.0000000000000000E+0,

  rm21=0.0000000000000000E+0, rm22=1.0000000000000000E+0, rm26=0.0000000000000000E+0,

  rm33=1.0000000000000000E+0, rm34=0.0000000000000000E+0, rm36=0.0000000000000000E+0,

  rm43=0.0000000000000000E+0, rm44=1.0000000000000000E+0, rm46=0.0000000000000000E+0,

  rm51=0.0000000000000000E+0, rm52=0.0000000000000000E+0, rm53=0.0000000000000000E+0, rm54=0.0000000000000000E+0,

  rm55=1, rm66=1;



MAP_0148: matrix, l=8.7299999999999045E-2,

  rm11=9.9999951423715472E-1, rm12=8.7296556885453652E-2, rm16=-5.5117644390603737E-7,

  rm21=1.5961899664429951E-7, rm22=1.0000004996972767E+0, rm26=-9.2745518071035704E-9,

  rm33=1.0000011311415375E+0, rm34=8.7290909865267344E-2, rm36=-3.5872086528998537E-7,

  rm43=2.5370831792134775E-7, rm44=9.9999889100614670E-1, rm46=-4.3112136041689730E-8,

  rm51=9.2744593236399451E-9, rm52=-5.5036708288798951E-7, rm53=4.3112093797150246E-8, rm54=-3.5495716988943642E-7,

  rm55=1, rm66=1;



MAP_0149: matrix, l=8.7299999999999045E-2,

  rm11=1.0000002469176450E+0, rm12=8.7301511916867566E-2, rm16=3.3954456052018300E-7,

  rm21=-3.9260642529437105E-8, rm22=9.9999974965490335E-1, rm26=5.5350065572556950E-9,

  rm33=9.9999933305806110E-1, rm34=8.7305146935075018E-2, rm36=7.3395957611577245E-7,

  rm43=-6.6368396699874442E-8, rm44=1.0000006611480774E+0, rm46=5.6774349568855520E-8,

  rm51=-5.5350212546840920E-9, rm52=3.3906126107594899E-7, rm53=-5.6774360415381051E-8, rm54=7.2900336844048283E-7,

  rm55=1, rm66=1;



MAP_0150: matrix, l=0.0000000000000000E+0,

  rm11=1.0000000000000000E+0, rm12=0.0000000000000000E+0, rm16=0.0000000000000000E+0,

  rm21=0.0000000000000000E+0, rm22=1.0000000000000000E+0, rm26=0.0000000000000000E+0,

  rm33=1.0000000000000000E+0, rm34=0.0000000000000000E+0, rm36=0.0000000000000000E+0,

  rm43=0.0000000000000000E+0, rm44=1.0000000000000000E+0, rm46=0.0000000000000000E+0,

  rm51=0.0000000000000000E+0, rm52=0.0000000000000000E+0, rm53=0.0000000000000000E+0, rm54=0.0000000000000000E+0,

  rm55=1, rm66=1;



MAP_0151: matrix, l=8.2550000000001234E-2,

  rm11=1.0000043026118659E+0, rm12=8.2582823580340053E-2, rm16=-1.2730953971237802E-6,

  rm21=-1.3800161832767539E-6, rm22=9.9999558344150397E-1, rm26=8.8570721337027924E-8,

  rm33=1.0000024478347314E+0, rm34=8.2530266030280658E-2, rm36=-1.8123906704303749E-6,

  rm43=4.9115521235195988E-7, rm44=9.9999759270633148E-1, rm46=-1.0521392826423615E-7,

  rm51=-8.8569345530213625E-8, rm52=-1.2804041946780469E-6, rm53=1.0521329564541937E-7, rm54=-1.8037029739840508E-6,

  rm55=1, rm66=1;



MAP_0152: matrix, l=8.2550000000001234E-2,

  rm11=9.9999682209524754E-1, rm12=8.2525781894595154E-2, rm16=1.0365625454835520E-6,

  rm21=1.0361602504477282E-6, rm22=1.0000032634250582E+0, rm26=-6.7318386746950676E-8,

  rm33=9.9999894391879529E-1, rm34=8.2558478355614917E-2, rm36=1.3023526337918589E-6,

  rm43=-1.1642957535849551E-7, rm44=1.0000010464700613E+0, rm46=8.3012931348380725E-8,

  rm51=6.7319246860436226E-8, rm52=1.0421214307299122E-6, rm53=-8.3012995312348308E-8, rm54=1.2955005753689381E-6,

  rm55=1, rm66=1;



MAP_0153: matrix, l=0.0000000000000000E+0,

  rm11=1.0000000000000000E+0, rm12=0.0000000000000000E+0, rm16=0.0000000000000000E+0,

  rm21=0.0000000000000000E+0, rm22=1.0000000000000000E+0, rm26=0.0000000000000000E+0,

  rm33=1.0000000000000000E+0, rm34=0.0000000000000000E+0, rm36=0.0000000000000000E+0,

  rm43=0.0000000000000000E+0, rm44=1.0000000000000000E+0, rm46=0.0000000000000000E+0,

  rm51=0.0000000000000000E+0, rm52=0.0000000000000000E+0, rm53=0.0000000000000000E+0, rm54=0.0000000000000000E+0,

  rm55=1, rm66=1;



MAP_0154: matrix, l=7.0045000000000002E-1,

  rm11=1.0000016784967134E+0, rm12=7.0046344959183759E-1, rm16=-3.0426378055253833E-7,

  rm21=-3.1086247033608201E-7, rm22=9.9999810375867104E-1, rm26=4.3639128838313113E-8,

  rm33=9.9999707472258559E-1, rm34=7.0047423889980731E-1, rm36=1.9531684567475338E-6,

  rm43=-1.7715302233674414E-7, rm44=1.0000028011944804E+0, rm46=2.7507593909625871E-7,

  rm51=-4.3639107502256989E-8, rm52=-3.3483081831825023E-7, rm53=-2.7507548043252204E-7, rm54=1.7604903188741327E-6,

  rm55=1, rm66=1;



MAP_0155: matrix, l=7.0044999999999646E-1,

  rm11=1.0000001000992247E+0, rm12=7.0044914851605367E-1, rm16=3.1757888790950872E-8,

  rm21=7.4410106728859678E-7, rm22=1.0000004211056921E+0, rm26=-1.5030223267376019E-8,

  rm33=9.9999930921506419E-1, rm34=7.0045688866877709E-1, rm36=6.6318681946064828E-7,

  rm43=1.5519748392414647E-7, rm44=1.0000007994946347E+0, rm46=1.7782514019626383E-7,

  rm51=1.5030248402968658E-8, rm52=4.2285809254018320E-8, rm53=-1.7782491443241003E-7, rm54=5.3862850524598830E-7,

  rm55=1, rm66=1;



MAP_0156: matrix, l=0.0000000000000000E+0,

  rm11=1.0000000000000000E+0, rm12=0.0000000000000000E+0, rm16=0.0000000000000000E+0,

  rm21=0.0000000000000000E+0, rm22=1.0000000000000000E+0, rm26=0.0000000000000000E+0,

  rm33=1.0000000000000000E+0, rm34=0.0000000000000000E+0, rm36=0.0000000000000000E+0,

  rm43=0.0000000000000000E+0, rm44=1.0000000000000000E+0, rm46=0.0000000000000000E+0,

  rm51=0.0000000000000000E+0, rm52=0.0000000000000000E+0, rm53=0.0000000000000000E+0, rm54=0.0000000000000000E+0,

  rm55=1, rm66=1;



MAP_0157: matrix, l=2.1144999999999925E-1,

  rm11=1.0100346916885548E+0, rm12=2.1216472241440518E-1, rm16=-5.2043922709951729E-7,

  rm21=9.5063691427075825E-2, rm22=1.0100337840849971E+0, rm26=-6.5955844844034495E-7,

  rm33=9.8999380565109296E-1, rm34=2.1079741135654559E-1, rm36=3.2248172752158411E-6,

  rm43=-9.4431424882112175E-2, rm44=9.9000023483940736E-1, rm46=7.7081404106782436E-7,

  rm51=6.1670204002949099E-7, rm52=-3.8572616680417505E-7, rm53=-1.0676252162491157E-6, rm54=3.0300842552834847E-6,

  rm55=1, rm66=1;



MAP_0158: matrix, l=2.1145000000000636E-1,

  rm11=1.0100340166237189E+0, rm12=2.1214731646492532E-1, rm16=2.0394365675413528E-8,

  rm21=9.5064742874084701E-2, rm22=1.0100330417596435E+0, rm26=4.8017062545535616E-7,

  rm33=9.9000003641501344E-1, rm34=2.1071178410727315E-1, rm36=-1.6615157205635001E-6,

  rm43=-9.4431149498151457E-2, rm44=9.9000223026565581E-1, rm46=-4.9138990264145643E-7,

  rm51=-4.8304988036438348E-7, rm52=-8.1267926437742187E-8, rm53=6.4337486091107258E-7, rm54=-1.5413626259014326E-6,

  rm55=1, rm66=1;



MAP_0159: matrix, l=0.0000000000000000E+0,

  rm11=1.0000000000000000E+0, rm12=0.0000000000000000E+0, rm16=0.0000000000000000E+0,

  rm21=0.0000000000000000E+0, rm22=1.0000000000000000E+0, rm26=0.0000000000000000E+0,

  rm33=1.0000000000000000E+0, rm34=0.0000000000000000E+0, rm36=0.0000000000000000E+0,

  rm43=0.0000000000000000E+0, rm44=1.0000000000000000E+0, rm46=0.0000000000000000E+0,

  rm51=0.0000000000000000E+0, rm52=0.0000000000000000E+0, rm53=0.0000000000000000E+0, rm54=0.0000000000000000E+0,

  rm55=1, rm66=1;



MAP_0160: matrix, l=2.7774999999999750E-1,

  rm11=1.0000001547890507E+0, rm12=2.7774895004266070E-1, rm16=-2.4053457671480150E-7,

  rm21=2.3965132582400635E-7, rm22=9.9999991177386716E-1, rm26=-5.7424887275892011E-9,

  rm33=1.0000022990851678E+0, rm34=2.7777867724059496E-1, rm36=1.1553356502602696E-6,

  rm43=-1.8298411286812211E-7, rm44=9.9999765009114983E-1, rm46=-1.3464607752020075E-7,

  rm51=5.7424319720333641E-9, rm52=-2.3893958527864628E-7, rm53=1.3464617567493144E-7, rm54=1.1927347446359962E-6,

  rm55=1, rm66=1;



MAP_0161: matrix, l=2.7774999999999750E-1,

  rm11=9.9999707116178649E-1, rm12=2.7777246107261838E-1, rm16=1.7811805416018123E-7,

  rm21=-1.1134395850189248E-6, rm22=1.0000026195630320E+0, rm26=-3.1069563345698104E-8,

  rm33=9.9999472659760114E-1, rm34=2.7768417938116868E-1, rm36=-3.4051619783870279E-6,

  rm43=7.9652020855035611E-7, rm44=1.0000054946124346E+0, rm46=5.4533109345236697E-7,

  rm51=3.1069274024281390E-8, rm52=1.8674878982663743E-7, rm53=-5.4533092998239967E-7, rm54=-3.5566105056087324E-6,

  rm55=1, rm66=1;



MAP_0162: matrix, l=0.0000000000000000E+0,

  rm11=1.0000000000000000E+0, rm12=0.0000000000000000E+0, rm16=0.0000000000000000E+0,

  rm21=-2.0125204699356250E-3, rm22=1.0000000000000000E+0, rm26=-2.8855994924775752E-7,

  rm33=1.0000000000000000E+0, rm34=0.0000000000000000E+0, rm36=0.0000000000000000E+0,

  rm43=2.0123675146813285E-3, rm44=1.0000000000000000E+0, rm46=3.7753236076069896E-7,

  rm51=2.8855994924775752E-7, rm52=0.0000000000000000E+0, rm53=-3.7753236076069896E-7, rm54=0.0000000000000000E+0,

  rm55=1, rm66=1;



MAP_0163: matrix, l=1.5240000000000009E+0,

  rm11=9.9999874701249425E-1, rm12=1.5240115960105172E+0, rm16=-5.7796904656681747E-7,

  rm21=3.0448526655864081E-7, rm22=1.0000017170287341E+0, rm26=-6.7839149575643631E-8,

  rm33=9.9847484479801552E-1, rm34=1.5233262238139915E+0, rm36=4.2172118396413549E-2,

  rm43=-2.0125440435751433E-3, rm44=9.9845704083162368E-1, rm46=5.5320632032212234E-2,

  rm51=6.7838888590977594E-8, rm52=-4.7458238833950498E-7, rm53=-5.5321132728174884E-2, rm54=-4.2164320952949245E-2,

  rm55=1, rm66=1;



MAP_0164: matrix, l=1.5240000000000009E+0,

  rm11=1.0000012553030617E+0, rm12=1.5239931444239796E+0, rm16=7.9236049871367342E-7,

  rm21=4.7259907554120875E-7, rm22=9.9999946493536129E-1, rm26=-3.0196887382955007E-8,

  rm33=9.9846905704979605E-1, rm34=1.5232506454685970E+0, rm36=4.2165896975806083E-2,

  rm43=-2.0117876841199743E-3, rm44=9.9846413473972973E-1, rm46=5.5322315930116814E-2,

  rm51=3.0197299758039379E-8, rm52=8.3837992410415584E-7, rm53=-5.5322449452780441E-2, rm54=-4.2168617609895279E-2,

  rm55=1, rm66=1;



MAP_0165: matrix, l=0.0000000000000000E+0,

  rm11=1.0000000000000000E+0, rm12=0.0000000000000000E+0, rm16=0.0000000000000000E+0,

  rm21=-2.0124724614311740E-3, rm22=1.0000000000000000E+0, rm26=4.6618777574392034E-7,

  rm33=1.0000000000000000E+0, rm34=0.0000000000000000E+0, rm36=0.0000000000000000E+0,

  rm43=2.0123960601024248E-3, rm44=1.0000000000000000E+0, rm46=-4.6718279637925075E-7,

  rm51=-4.6618777574392034E-7, rm52=0.0000000000000000E+0, rm53=4.6718279637925075E-7, rm54=0.0000000000000000E+0,

  rm55=1, rm66=1;



MAP_0166: matrix, l=2.7694999999999936E-1,

  rm11=1.0000013801865186E+0, rm12=2.7693940954466267E-1, rm16=-4.4291693385156705E-7,

  rm21=2.8920757179484170E-7, rm22=9.9999869990824963E-1, rm26=-2.7485445898423055E-9,

  rm33=1.0000001370418827E+0, rm34=2.7695105569679490E-1, rm36=-2.8910339794352424E-7,

  rm43=1.3079243914905760E-7, rm44=9.9999989918123544E-1, rm46=7.3534631370164583E-8,

  rm51=2.7484202884155481E-9, rm52=-4.4215517770309718E-7, rm53=-7.3534679260027485E-8, rm54=-3.0946886258471858E-7,

  rm55=1, rm66=1;



MAP_0167: matrix, l=2.7694999999999936E-1,

  rm11=9.9999631475978035E-1, rm12=2.7697949437265001E-1, rm16=1.1653666301403298E-7,

  rm21=-5.8025256882984715E-7, rm22=1.0000035245351455E+0, rm26=-1.7142210765458410E-8,

  rm33=1.0000012575036614E+0, rm34=2.7696522742313001E-1, rm36=-2.2491883555630920E-7,

  rm43=-1.1745492881433822E-8, rm44=9.9999873924483118E-1, rm46=1.2296991018512227E-7,

  rm51=1.7142079971595767E-8, rm52=1.2128511462184358E-7, rm53=-1.2297006217845198E-7, rm54=-2.5897694112934900E-7,

  rm55=1, rm66=1;



MAP_0168: matrix, l=0.0000000000000000E+0,

  rm11=1.0000000000000000E+0, rm12=0.0000000000000000E+0, rm16=0.0000000000000000E+0,

  rm21=0.0000000000000000E+0, rm22=1.0000000000000000E+0, rm26=0.0000000000000000E+0,

  rm33=1.0000000000000000E+0, rm34=0.0000000000000000E+0, rm36=0.0000000000000000E+0,

  rm43=0.0000000000000000E+0, rm44=1.0000000000000000E+0, rm46=0.0000000000000000E+0,

  rm51=0.0000000000000000E+0, rm52=0.0000000000000000E+0, rm53=0.0000000000000000E+0, rm54=0.0000000000000000E+0,

  rm55=1, rm66=1;



MAP_0169: matrix, l=2.3335000000000150E-1,

  rm11=1.0000001046430085E+0, rm12=2.3334899671913828E-1, rm16=1.4669952924650786E-7,

  rm21=2.9760230776208883E-8, rm22=9.9999990230152191E-1, rm26=-1.8595196493720323E-9,

  rm33=1.0000022717797559E+0, rm34=2.3337911188511298E-1, rm36=-2.5884485570504268E-6,

  rm43=-3.4961753174791397E-7, rm44=9.9999764663216140E-1, rm46=9.0104745470442893E-8,

  rm51=1.8595242097696080E-9, rm52=1.4713343195874759E-7, rm53=-9.0104045201583983E-8, rm54=-2.6094710309533668E-6,

  rm55=1, rm66=1;



MAP_0170: matrix, l=2.3335000000000150E-1,

  rm11=9.9999609011777213E-1, rm12=2.3338258065509235E-1, rm16=-1.8709641744218963E-7,

  rm21=-6.0372379313955911E-7, rm22=1.0000037689983474E+0, rm26=-1.1651174993548841E-8,

  rm33=9.9999835578775587E-1, rm34=2.3332808977013547E-1, rm36=1.9700236313924258E-6,

  rm43=6.9798092904742759E-7, rm44=1.0000018070737722E+0, rm46=9.7807944576810968E-8,

  rm51=1.1651242393385621E-8, rm52=-1.8437794132061926E-7, rm53=-9.7806408720866430E-8, rm54=1.9472058504980101E-6,

  rm55=1, rm66=1;



MAP_0171: matrix, l=0.0000000000000000E+0,

  rm11=1.0000000000000000E+0, rm12=0.0000000000000000E+0, rm16=0.0000000000000000E+0,

  rm21=0.0000000000000000E+0, rm22=1.0000000000000000E+0, rm26=0.0000000000000000E+0,

  rm33=1.0000000000000000E+0, rm34=0.0000000000000000E+0, rm36=0.0000000000000000E+0,

  rm43=0.0000000000000000E+0, rm44=1.0000000000000000E+0, rm46=0.0000000000000000E+0,

  rm51=0.0000000000000000E+0, rm52=0.0000000000000000E+0, rm53=0.0000000000000000E+0, rm54=0.0000000000000000E+0,

  rm55=1, rm66=1;



MAP_0172: matrix, l=2.2289999999999566E-1,

  rm11=1.0000028596807984E+0, rm12=2.2287578783499021E-1, rm16=-2.1378853243270157E-7,

  rm21=5.0835759296518322E-7, rm22=9.9999725362765457E-1, rm26=-6.5621649850133856E-9,

  rm33=1.0000001162610042E+0, rm34=2.2290148736469981E-1, rm36=-9.2119073646923511E-8,

  rm43=2.1304419045641604E-7, rm44=9.9999993122687070E-1, rm46=8.7933155396013873E-8,

  rm51=6.5620750696868376E-9, rm52=-2.1232539759885028E-7, rm53=-8.7933185244644298E-8, rm54=-1.1171949843804931E-7,

  rm55=1, rm66=1;



MAP_0173: matrix, l=2.2290000000000276E-1,

  rm11=9.9999739632272100E-1, rm12=2.2292245201439634E-1, rm16=-6.4019996726116801E-7,

  rm21=-3.7229263858750496E-7, rm22=1.0000025206914545E+0, rm26=-7.9839591361763329E-9,

  rm33=1.0000029086116351E+0, rm34=2.2294024890945532E-1, rm36=-3.0425094513231166E-6,

  rm43=-6.2703243323997831E-7, rm44=9.9999695160646473E-1, rm46=8.6290676160061253E-8,

  rm51=7.9841766902583690E-9, rm52=-6.3842177726033548E-7, rm53=-8.6289019394021518E-8, rm54=-3.0617378413786633E-6,

  rm55=1, rm66=1;



MAP_0174: matrix, l=0.0000000000000000E+0,

  rm11=1.0000000000000000E+0, rm12=0.0000000000000000E+0, rm16=0.0000000000000000E+0,

  rm21=0.0000000000000000E+0, rm22=1.0000000000000000E+0, rm26=0.0000000000000000E+0,

  rm33=1.0000000000000000E+0, rm34=0.0000000000000000E+0, rm36=0.0000000000000000E+0,

  rm43=0.0000000000000000E+0, rm44=1.0000000000000000E+0, rm46=0.0000000000000000E+0,

  rm51=0.0000000000000000E+0, rm52=0.0000000000000000E+0, rm53=0.0000000000000000E+0, rm54=0.0000000000000000E+0,

  rm55=1, rm66=1;



MAP_0175: matrix, l=3.9690000000000225E-1,

  rm11=9.8012548990712578E-1, rm12=3.9428286298222226E-1, rm16=-7.7415796301272266E-8,

  rm21=-9.9806876029435290E-2, rm22=9.8012741130202696E-1, rm26=7.0605425384756559E-8,

  rm33=1.0200044582052890E+0, rm34=3.9952885525573556E-1, rm36=1.3649242164293085E-6,

  rm43=1.0114310671495698E-1, rm44=1.0200049433837277E+0, rm46=-1.3565667862647235E-7,

  rm51=-6.1475548361174441E-8, rm52=-1.0371585328543051E-7, rm53=2.7642309266446254E-7, rm54=1.4464282056214854E-6,

  rm55=1, rm66=1;



MAP_0176: matrix, l=3.9689999999999515E-1,

  rm11=9.8012729436542645E-1, rm12=3.9426492056844697E-1, rm16=-5.6919353341733370E-8,

  rm21=-9.9806725027977064E-2, rm22=9.8012749467058846E-1, rm26=-5.7032317796884557E-7,

  rm33=1.0200051254442735E+0, rm34=3.9954949502058706E-1, rm36=-2.9189875289103995E-7,

  rm43=1.0114268946830153E-1, rm44=1.0200061593307408E+0, rm46=5.3512973904185079E-7,

  rm51=5.6467024758424482E-7, rm52=1.6907019927112805E-7, rm53=-5.7535850152018723E-7, rm54=-5.1154934285449260E-7,

  rm55=1, rm66=1;



MAP_0177: matrix, l=0.0000000000000000E+0,

  rm11=1.0000000000000000E+0, rm12=0.0000000000000000E+0, rm16=0.0000000000000000E+0,

  rm21=0.0000000000000000E+0, rm22=1.0000000000000000E+0, rm26=0.0000000000000000E+0,

  rm33=1.0000000000000000E+0, rm34=0.0000000000000000E+0, rm36=0.0000000000000000E+0,

  rm43=0.0000000000000000E+0, rm44=1.0000000000000000E+0, rm46=0.0000000000000000E+0,

  rm51=0.0000000000000000E+0, rm52=0.0000000000000000E+0, rm53=0.0000000000000000E+0, rm54=0.0000000000000000E+0,

  rm55=1, rm66=1;



MAP_0178: matrix, l=9.9050000000005411E-2,

  rm11=9.9999978731347738E-1, rm12=9.9047597629970341E-2, rm16=3.6925167881673993E-7,

  rm21=6.6120057742417265E-10, rm22=1.0000002127520582E+0, rm26=1.8296182451027487E-9,

  rm33=9.9999960216183437E-1, rm34=9.9052632165813601E-2, rm36=-8.8201687614697377E-7,

  rm43=-7.1913752217117194E-9, rm44=1.0000003971259990E+0, rm46=-1.8280072990040086E-8,

  rm51=-1.8296176118181834E-9, rm52=3.6907053808403721E-7, rm53=1.8280072060443691E-8, rm54=-8.8020653707296019E-7,

  rm55=1, rm66=1;



MAP_0179: matrix, l=9.9049999999998306E-2,

  rm11=1.0000001466974140E+0, rm12=9.9051487557939369E-2, rm16=-6.6546588298188603E-7,

  rm21=1.7146441236822867E-8, rm22=9.9999985500098787E-1, rm26=-4.6922075305072530E-9,

  rm33=9.9999905871809136E-1, rm34=9.9057136498784434E-2, rm36=-2.1421042667446599E-7,

  rm43=-4.0995113048704312E-8, rm44=1.0000009372219323E+0, rm46=-4.9667530484243105E-8,

  rm51=4.6921968084703061E-9, rm52=-6.6500101635416308E-7, rm53=4.9667492514675869E-8, rm54=-2.0929070409044078E-7,

  rm55=1, rm66=1;



MAP_0180: matrix, l=0.0000000000000000E+0,

  rm11=1.0000000000000000E+0, rm12=0.0000000000000000E+0, rm16=0.0000000000000000E+0,

  rm21=0.0000000000000000E+0, rm22=1.0000000000000000E+0, rm26=0.0000000000000000E+0,

  rm33=1.0000000000000000E+0, rm34=0.0000000000000000E+0, rm36=0.0000000000000000E+0,

  rm43=0.0000000000000000E+0, rm44=1.0000000000000000E+0, rm46=0.0000000000000000E+0,

  rm51=0.0000000000000000E+0, rm52=0.0000000000000000E+0, rm53=0.0000000000000000E+0, rm54=0.0000000000000000E+0,

  rm55=1, rm66=1;



MAP_0181: matrix, l=1.0159999999999769E-1,

  rm11=9.9999882735136658E-1, rm12=1.0158691835606609E-1, rm16=9.4559439131614020E-7,

  rm21=1.3123582642488388E-7, rm22=1.0000011859818674E+0, rm26=-1.4647090562994181E-8,

  rm33=9.9999844920626935E-1, rm34=1.0161095909962692E-1, rm36=-1.0462190407900529E-6,

  rm43=-2.5563785353253059E-7, rm44=1.0000015248204877E+0, rm46=-1.3163968530516268E-7,

  rm51=1.4647197482964854E-8, rm52=9.4708346556711900E-7, rm53=1.3163974861235391E-7, rm54=-1.0328446014068502E-6,

  rm55=1, rm66=1;



MAP_0182: matrix, l=1.0160000000000480E-1,

  rm11=1.0000018152997789E+0, rm12=1.0162017640552931E-1, rm16=-3.2856716997153868E-7,

  rm21=-2.0546628962797904E-7, rm22=9.9999816382403350E-1, rm26=2.2929773258947850E-8,

  rm33=1.0000024631594984E+0, rm34=1.0158218619218344E-1, rm36=1.2084807331502745E-6,

  rm43=6.5220796824311813E-7, rm44=9.9999760309911689E-1, rm46=2.7192888361893264E-7,

  rm51=-2.2929747373882870E-8, rm52=-3.3089669426791086E-7, rm53=-2.7192876524238160E-7, rm54=1.1808547060549269E-6,

  rm55=1, rm66=1;



MAP_0183: matrix, l=0.0000000000000000E+0,

  rm11=1.0000000000000000E+0, rm12=0.0000000000000000E+0, rm16=0.0000000000000000E+0,

  rm21=0.0000000000000000E+0, rm22=1.0000000000000000E+0, rm26=0.0000000000000000E+0,

  rm33=1.0000000000000000E+0, rm34=0.0000000000000000E+0, rm36=0.0000000000000000E+0,

  rm43=0.0000000000000000E+0, rm44=1.0000000000000000E+0, rm46=0.0000000000000000E+0,

  rm51=0.0000000000000000E+0, rm52=0.0000000000000000E+0, rm53=0.0000000000000000E+0, rm54=0.0000000000000000E+0,

  rm55=1, rm66=1;



MAP_0184: matrix, l=5.0234999999999985E-1,

  rm11=9.9999727767408053E-1, rm12=5.0231875311478347E-1, rm16=3.8338395152992533E-7,

  rm21=3.9624786020134596E-7, rm22=1.0000029213766033E+0, rm26=-4.9558319671974549E-8,

  rm33=9.9999829288327435E-1, rm34=5.0236284982511659E-1, rm36=-2.9127675338358472E-7,

  rm43=-1.4432993838178858E-8, rm44=1.0000016998690278E+0, rm46=-7.3454383575644044E-8,

  rm51=4.9558336673146812E-8, rm52=4.0827914488292149E-7, rm53=7.3454262384432866E-8, rm54=-2.5437649505070850E-7,

  rm55=1, rm66=1;



MAP_0185: matrix, l=5.0234999999999985E-1,

  rm11=1.0000055076478058E+0, rm12=5.0241193412751772E-1, rm16=-3.2104572331159709E-7,

  rm21=-7.9758453217595521E-7, rm22=9.9999409166874775E-1, rm26=9.5804205055283198E-8,

  rm33=9.9999802003028049E-1, rm34=5.0236506301853334E-1, rm36=-1.4127464431634706E-6,

  rm43=-1.0743080544026352E-7, rm44=1.0000019260040498E+0, rm46=-1.0488975762945607E-7,

  rm51=-9.5804476649999923E-8, rm52=-3.6917700242649078E-7, rm53=1.0488970172340034E-7, rm54=-1.3600562144173212E-6,

  rm55=1, rm66=1;



MAP_0186: matrix, l=0.0000000000000000E+0,

  rm11=1.0000000000000000E+0, rm12=0.0000000000000000E+0, rm16=0.0000000000000000E+0,

  rm21=0.0000000000000000E+0, rm22=1.0000000000000000E+0, rm26=0.0000000000000000E+0,

  rm33=1.0000000000000000E+0, rm34=0.0000000000000000E+0, rm36=0.0000000000000000E+0,

  rm43=0.0000000000000000E+0, rm44=1.0000000000000000E+0, rm46=0.0000000000000000E+0,

  rm51=0.0000000000000000E+0, rm52=0.0000000000000000E+0, rm53=0.0000000000000000E+0, rm54=0.0000000000000000E+0,

  rm55=1, rm66=1;



MAP_0187: matrix, l=3.9689999999999515E-1,

  rm11=1.0245079282527532E+0, rm12=4.0007332498770848E-1, rm16=3.8078615297032492E-7,

  rm21=1.2402854733986729E-1, rm22=1.0245118504038628E+0, rm26=-2.4217739979549846E-7,

  rm33=9.7568323505217280E-1, rm34=3.9369117159606615E-1, rm36=-1.0289592629053601E-6,

  rm43=-1.2202573784997083E-1, rm44=9.7568504828318214E-1, rm46=-8.8604429002159257E-8,

  rm51=2.9534101953417073E-7, rm52=4.8700864376085864E-7, rm53=2.1200936920236598E-7, rm54=-9.6905738664678331E-7,

  rm55=1, rm66=1;



MAP_0188: matrix, l=3.9690000000000225E-1,

  rm11=1.0245122315392967E+0, rm12=4.0018234617434484E-1, rm16=2.9445847593567720E-8,

  rm21=1.2402784356974197E-1, rm22=1.0245204704424493E+0, rm26=3.0541154597690801E-7,

  rm33=9.7568489101857325E-1, rm34=3.9368569944249648E-1, rm36=-3.0595709987757402E-7,

  rm43=-1.2202580487738154E-1, rm44=9.7568404965563083E-1, rm46=-1.1919163110662989E-7,

  rm51=-3.0924575952755506E-7, rm52=-9.2052435388634174E-8, rm53=1.5362813497710856E-7, rm54=-2.5159342156953809E-7,

  rm55=1, rm66=1;



MAP_0189: matrix, l=0.0000000000000000E+0,

  rm11=1.0000000000000000E+0, rm12=0.0000000000000000E+0, rm16=0.0000000000000000E+0,

  rm21=0.0000000000000000E+0, rm22=1.0000000000000000E+0, rm26=0.0000000000000000E+0,

  rm33=1.0000000000000000E+0, rm34=0.0000000000000000E+0, rm36=0.0000000000000000E+0,

  rm43=0.0000000000000000E+0, rm44=1.0000000000000000E+0, rm46=0.0000000000000000E+0,

  rm51=0.0000000000000000E+0, rm52=0.0000000000000000E+0, rm53=0.0000000000000000E+0, rm54=0.0000000000000000E+0,

  rm55=1, rm66=1;



MAP_0190: matrix, l=2.7089999999999748E-1,

  rm11=9.9999458660647245E-1, rm12=2.7093501553805971E-1, rm16=-9.5737115579641596E-7,

  rm21=-9.4537619972717539E-7, rm22=1.0000051572859308E+0, rm26=-4.7926211124704743E-9,

  rm33=9.9999708159548839E-1, rm34=2.7087407367730199E-1, rm36=1.8560333208961222E-6,

  rm43=6.9169653264669451E-7, rm44=1.0000031057762333E+0, rm46=-1.6209768687047710E-7,

  rm51=4.7935002440313593E-9, rm52=-9.5607760435763289E-7, rm53=1.6209849761566897E-7, rm54=1.8999471460965723E-6,

  rm55=1, rm66=1;



MAP_0191: matrix, l=2.7090000000000458E-1,

  rm11=1.0000107843125681E+0, rm12=2.7082789996621054E-1, rm16=7.0363458182232108E-7,

  rm21=1.8709280190790862E-6, rm22=9.9998972249777418E-1, rm26=-6.4477699707188307E-9,

  rm33=1.0000038688299415E+0, rm34=2.7093326955194585E-1, rm36=-2.4037204784665978E-6,

  rm43=-5.9925205583922453E-7, rm44=9.9999596882833552E-1, rm46=2.7518205091003889E-7,

  rm51=6.4491559551398857E-9, rm52=7.0537358621697517E-7, rm53=-2.7518167510815848E-7, rm54=-2.4782667614317827E-6,

  rm55=1, rm66=1;



MAP_0192: matrix, l=0.0000000000000000E+0,

  rm11=1.0000000000000000E+0, rm12=0.0000000000000000E+0, rm16=0.0000000000000000E+0,

  rm21=0.0000000000000000E+0, rm22=1.0000000000000000E+0, rm26=0.0000000000000000E+0,

  rm33=1.0000000000000000E+0, rm34=0.0000000000000000E+0, rm36=0.0000000000000000E+0,

  rm43=0.0000000000000000E+0, rm44=1.0000000000000000E+0, rm46=0.0000000000000000E+0,

  rm51=0.0000000000000000E+0, rm52=0.0000000000000000E+0, rm53=0.0000000000000000E+0, rm54=0.0000000000000000E+0,

  rm55=1, rm66=1;



MAP_0193: matrix, l=2.0319999999999538E-1,

  rm11=9.9998770929152958E-1, rm12=2.0328488868556532E-1, rm16=-6.8233639854975436E-7,

  rm21=-2.0470540709743017E-6, rm22=1.0000118747192603E+0, rm26=4.3068915586697010E-9,

  rm33=1.0000019689086452E+0, rm34=2.0321673033358578E-1, rm36=-9.8928736415315743E-7,

  rm43=-1.8147155325351298E-7, rm44=9.9999799421724833E-1, rm46=1.5812962239625250E-7,

  rm51=-4.3054418444187144E-9, rm52=-6.8322002707401320E-7, rm53=-1.5812975421151851E-7, rm54=-1.0214199646898769E-6,

  rm55=1, rm66=1;



MAP_0194: matrix, l=2.0320000000000249E-1,

  rm11=1.0000037271571414E+0, rm12=2.0317374757787321E-1, rm16=9.2262541426246791E-7,

  rm21=6.3591872961405938E-7, rm22=9.9999640205826024E-1, rm26=-9.3884128457566440E-9,

  rm33=9.9999817623621257E-1, rm34=2.0318420826498979E-1, rm36=1.5061274679650793E-6,

  rm43=5.3722132560947692E-7, rm44=1.0000019329222025E+0, rm46=-1.1881189566909089E-7,

  rm51=9.3890345526279751E-9, rm52=9.2452957373166041E-7, rm53=1.1881248810805294E-7, rm54=1.5302710801462888E-6,

  rm55=1, rm66=1;



MAP_0195: matrix, l=0.0000000000000000E+0,

  rm11=1.0000000000000000E+0, rm12=0.0000000000000000E+0, rm16=0.0000000000000000E+0,

  rm21=0.0000000000000000E+0, rm22=1.0000000000000000E+0, rm26=0.0000000000000000E+0,

  rm33=1.0000000000000000E+0, rm34=0.0000000000000000E+0, rm36=0.0000000000000000E+0,

  rm43=0.0000000000000000E+0, rm44=1.0000000000000000E+0, rm46=0.0000000000000000E+0,

  rm51=0.0000000000000000E+0, rm52=0.0000000000000000E+0, rm53=0.0000000000000000E+0, rm54=0.0000000000000000E+0,

  rm55=1, rm66=1;



MAP_0196: matrix, l=1.0374999999999801E-1,

  rm11=1.0000044646714230E+0, rm12=1.0371748029428410E-1, rm16=-5.5615137040110341E-7,

  rm21=6.9864482420708308E-7, rm22=9.9999560780986740E-1, rm26=5.5926806241668459E-10,

  rm33=1.0000005155364384E+0, rm34=1.0375438030784799E-1, rm36=-9.8984730957651923E-7,

  rm43=8.5921770485201469E-9, rm44=9.9999948535530292E-1, rm46=4.6860237606916044E-8,

  rm51=-5.5965911164122712E-10, rm52=-5.5620693355278505E-7, rm53=-4.6860270270019377E-8, rm54=-9.9470875507083448E-7,

  rm55=1, rm66=1;



MAP_0197: matrix, l=1.0375000000000512E-1,

  rm11=9.9999802580367392E-1, rm12=1.0376437072761928E-1, rm16=2.1175699491116085E-7,

  rm21=-3.0841404400806820E-7, rm22=1.0000019421977713E+0, rm26=8.0289996179372380E-10,

  rm33=9.9999908733870813E-1, rm34=1.0374231597018189E-1, rm36=9.8150871295776820E-7,

  rm43=2.2518931236090222E-7, rm44=1.0000009360238069E+0, rm46=-6.7279617946280901E-8,

  rm51=-8.0296368554271657E-10, rm52=2.1167409377583166E-7, rm53=6.7279777568050023E-8, rm54=9.8848937505662631E-7,

  rm55=1, rm66=1;



MAP_0198: matrix, l=0.0000000000000000E+0,

  rm11=1.0000000000000000E+0, rm12=0.0000000000000000E+0, rm16=0.0000000000000000E+0,

  rm21=0.0000000000000000E+0, rm22=1.0000000000000000E+0, rm26=0.0000000000000000E+0,

  rm33=1.0000000000000000E+0, rm34=0.0000000000000000E+0, rm36=0.0000000000000000E+0,

  rm43=0.0000000000000000E+0, rm44=1.0000000000000000E+0, rm46=0.0000000000000000E+0,

  rm51=0.0000000000000000E+0, rm52=0.0000000000000000E+0, rm53=0.0000000000000000E+0, rm54=0.0000000000000000E+0,

  rm55=1, rm66=1;



MAP_0199: matrix, l=3.9689999999999515E-1,

  rm11=9.8163235717980202E-1, rm12=3.9454277865871740E-1, rm16=1.6367889313362305E-7,

  rm21=-9.2221393593460307E-2, rm22=9.8164522396988907E-1, rm26=-7.8702099498909051E-8,

  rm33=1.0184751618247854E+0, rm34=3.9937879845360985E-1, rm36=-2.9247764558905376E-6,

  rm43=9.3359644315522461E-2, rm44=1.0184694742209532E+0, rm46=4.1343698740925472E-7,

  rm51=6.2161831819495635E-8, rm52=1.9172594873187337E-7, rm53=-6.9413139228034737E-7, rm54=-3.1439135065124475E-6,

  rm55=1, rm66=1;



MAP_0200: matrix, l=3.9690000000000225E-1,

  rm11=9.8164676834414599E-1, rm12=3.9435924386129645E-1, rm16=3.6464950242676153E-7,

  rm21=-9.2220770784805034E-2, rm22=9.8164830531705871E-1, rm26=3.8852133258694688E-7,

  rm33=1.0184708930037456E+0, rm34=3.9934889792437828E-1, rm36=-9.0254555502964490E-7,

  rm43=9.3360227579691535E-2, rm44=1.0184712308612871E+0, rm46=-3.3535611732027348E-7,

  rm51=-4.1501896874682914E-7, rm52=2.0474058714896750E-7, rm53=2.5728858586284117E-7, rm54=-7.8529258647537630E-7,

  rm55=1, rm66=1;



MAP_0201: matrix, l=0.0000000000000000E+0,

  rm11=1.0000000000000000E+0, rm12=0.0000000000000000E+0, rm16=0.0000000000000000E+0,

  rm21=0.0000000000000000E+0, rm22=1.0000000000000000E+0, rm26=0.0000000000000000E+0,

  rm33=1.0000000000000000E+0, rm34=0.0000000000000000E+0, rm36=0.0000000000000000E+0,

  rm43=0.0000000000000000E+0, rm44=1.0000000000000000E+0, rm46=0.0000000000000000E+0,

  rm51=0.0000000000000000E+0, rm52=0.0000000000000000E+0, rm53=0.0000000000000000E+0, rm54=0.0000000000000000E+0,

  rm55=1, rm66=1;



MAP_0202: matrix, l=8.1705000000000183E-1,

  rm11=1.0000041328794347E+0, rm12=8.1713127189472290E-1, rm16=-6.0189531245202765E-7,

  rm21=-4.3432865998753624E-7, rm22=9.9999551223558214E-1, rm26=6.7473744145771231E-8,

  rm33=1.0000003011950747E+0, rm34=8.1705048354942367E-1, rm36=-2.6469863655120829E-7,

  rm43=7.2279987933575504E-7, rm44=1.0000002893688291E+0, rm46=-2.6847638154303688E-8,

  rm51=-6.7473761586236286E-8, rm52=-6.5702751766099433E-7, rm53=2.6847454916537508E-8, rm54=-2.4276283741060902E-7,

  rm55=1, rm66=1;



MAP_0203: matrix, l=8.1704999999999472E-1,

  rm11=1.0000005510678849E+0, rm12=8.1706095659257771E-1, rm16=-3.3931346851701072E-7,

  rm21=-4.5458818391814484E-8, rm22=9.9999941178981377E-1, rm26=5.6700301068884906E-9,

  rm33=9.9999986735851187E-1, rm34=8.1705482101491167E-1, rm36=3.8131848800748713E-7,

  rm43=4.9550221600088870E-7, rm44=1.0000005374940337E+0, rm46=-8.0943134417310603E-8,

  rm51=-5.6700178066706454E-9, rm52=-3.4394602915241522E-7, rm53=8.0943312625048607E-8, rm54=4.4745367116762107E-7,

  rm55=1, rm66=1;



MAP_0204: matrix, l=0.0000000000000000E+0,

  rm11=1.0000000000000000E+0, rm12=0.0000000000000000E+0, rm16=0.0000000000000000E+0,

  rm21=0.0000000000000000E+0, rm22=1.0000000000000000E+0, rm26=0.0000000000000000E+0,

  rm33=1.0000000000000000E+0, rm34=0.0000000000000000E+0, rm36=0.0000000000000000E+0,

  rm43=0.0000000000000000E+0, rm44=1.0000000000000000E+0, rm46=0.0000000000000000E+0,

  rm51=0.0000000000000000E+0, rm52=0.0000000000000000E+0, rm53=0.0000000000000000E+0, rm54=0.0000000000000000E+0,

  rm55=1, rm66=1;



MAP_0205: matrix, l=1.0160000000000480E-1,

  rm11=9.9999675079793438E-1, rm12=1.0153802985701479E-1, rm16=-8.6306248064937918E-8,

  rm21=4.0938620372303175E-7, rm22=1.0000032907810266E+0, rm26=-6.6016057282194951E-8,

  rm33=9.9999925586079030E-1, rm34=1.0160924811751018E-1, rm36=-1.1685817736528659E-6,

  rm43=-7.8992067586514096E-8, rm44=1.0000007361134329E+0, rm46=-5.0751346472588388E-8,

  rm51=6.6015807450098010E-8, rm52=-7.9603391684539606E-8, rm53=5.0751401015211978E-8, rm54=-1.1634258277055760E-6,

  rm55=1, rm66=1;



MAP_0206: matrix, l=1.0159999999999769E-1,

  rm11=1.0000053793991126E+0, rm12=1.0170226619259830E-1, rm16=-6.2425358210438375E-7,

  rm21=-6.4280527719321975E-7, rm22=9.9999455525542347E-1, rm26=1.0058858769361467E-7,

  rm33=1.0000035728118410E+0, rm34=1.0155558036471324E-1, rm36=3.7041578900276484E-6,

  rm43=7.6688192747158665E-7, rm44=9.9999650508178495E-1, rm46=1.7921526648811970E-7,

  rm51=-1.0058872752627716E-7, rm52=-6.3448027052463169E-7, rm53=-1.7921306613880353E-7, rm54=3.6859446339003492E-6,

  rm55=1, rm66=1;



MAP_0207: matrix, l=0.0000000000000000E+0,

  rm11=1.0000000000000000E+0, rm12=0.0000000000000000E+0, rm16=0.0000000000000000E+0,

  rm21=0.0000000000000000E+0, rm22=1.0000000000000000E+0, rm26=0.0000000000000000E+0,

  rm33=1.0000000000000000E+0, rm34=0.0000000000000000E+0, rm36=0.0000000000000000E+0,

  rm43=0.0000000000000000E+0, rm44=1.0000000000000000E+0, rm46=0.0000000000000000E+0,

  rm51=0.0000000000000000E+0, rm52=0.0000000000000000E+0, rm53=0.0000000000000000E+0, rm54=0.0000000000000000E+0,

  rm55=1, rm66=1;



MAP_0208: matrix, l=8.1710000000000349E-1,

  rm11=1.0000006779769757E+0, rm12=8.1711342776118301E-1, rm16=1.0565944830176477E-7,

  rm21=-1.7507255405090931E-8, rm22=9.9999930771808021E-1, rm26=-2.1417635772541521E-9,

  rm33=9.9999394216003623E-1, rm34=8.1717284750517827E-1, rm36=-5.5928163306129264E-6,

  rm43=-6.3105206309907622E-7, rm44=1.0000055421949261E+0, rm46=-3.6621169789696761E-7,

  rm51=2.1417631795135975E-9, rm52=1.0740943893370324E-7, rm53=3.6621300880339286E-7, rm54=-5.2935890711310456E-6,

  rm55=1, rm66=1;



MAP_0209: matrix, l=8.1709999999999638E-1,

  rm11=9.9999851316336008E-1, rm12=8.1706876694336117E-1, rm16=1.9614011967372669E-7,

  rm21=2.4433482443734269E-7, rm22=1.0000016864775014E+0, rm26=-3.9653254272145610E-8,

  rm33=1.0000036346897108E+0, rm34=8.1705889663052955E-1, rm36=3.2054558554706070E-6,

  rm43=7.9432867763160336E-7, rm44=9.9999701433445398E-1, rm46=7.0964280882157560E-8,

  rm51=3.9653243238095971E-8, rm52=2.2853988603305924E-7, rm53=-7.0961992629788234E-8, rm54=3.1474642880137452E-6,

  rm55=1, rm66=1;



MAP_0210: matrix, l=0.0000000000000000E+0,

  rm11=1.0000000000000000E+0, rm12=0.0000000000000000E+0, rm16=0.0000000000000000E+0,

  rm21=0.0000000000000000E+0, rm22=1.0000000000000000E+0, rm26=0.0000000000000000E+0,

  rm33=1.0000000000000000E+0, rm34=0.0000000000000000E+0, rm36=0.0000000000000000E+0,

  rm43=0.0000000000000000E+0, rm44=1.0000000000000000E+0, rm46=0.0000000000000000E+0,

  rm51=0.0000000000000000E+0, rm52=0.0000000000000000E+0, rm53=0.0000000000000000E+0, rm54=0.0000000000000000E+0,

  rm55=1, rm66=1;



MAP_0211: matrix, l=2.1144999999999925E-1,

  rm11=9.9929170565773917E-1, rm12=2.1139207998439846E-1, rm16=-8.0981164776727788E-7,

  rm21=-6.6947871557831353E-3, rm22=9.9929256829046953E-1, rm26=-4.5308117018610927E-7,

  rm33=1.0007060699848633E+0, rm34=2.1152478802971292E-1, rm36=-1.2803847276865454E-6,

  rm43=6.6978729988139037E-3, rm44=1.0007101947342754E+0, rm46=3.7894684908057474E-7,

  rm51=4.5818177197475753E-7, rm52=-7.1346099036149331E-7, rm53=-3.8779026637223447E-7, rm54=-1.3614507021042913E-6,

  rm55=1, rm66=1;



MAP_0212: matrix, l=2.1144999999999925E-1,

  rm11=9.9929310571539054E-1, rm12=2.1141808324617048E-1, rm16=1.7287671014165618E-7,

  rm21=-6.6950147887970589E-3, rm22=9.9929094586434120E-1, rm26=-1.3414867471549241E-7,

  rm33=1.0007063739958302E+0, rm34=2.1151975866090389E-1, rm36=-1.7309158361067389E-6,

  rm43=6.6978957011636616E-3, rm44=1.0007098618584584E+0, rm46=-5.2822208991554209E-7,

  rm51=1.3289643365301111E-7, rm52=2.0111558687373457E-7, rm53=5.1700171852614603E-7, rm54=-1.6204151382606992E-6,

  rm55=1, rm66=1;



MAP_0213: matrix, l=0.0000000000000000E+0,

  rm11=1.0000000000000000E+0, rm12=0.0000000000000000E+0, rm16=0.0000000000000000E+0,

  rm21=0.0000000000000000E+0, rm22=1.0000000000000000E+0, rm26=0.0000000000000000E+0,

  rm33=1.0000000000000000E+0, rm34=0.0000000000000000E+0, rm36=0.0000000000000000E+0,

  rm43=0.0000000000000000E+0, rm44=1.0000000000000000E+0, rm46=0.0000000000000000E+0,

  rm51=0.0000000000000000E+0, rm52=0.0000000000000000E+0, rm53=0.0000000000000000E+0, rm54=0.0000000000000000E+0,

  rm55=1, rm66=1;



MAP_0214: matrix, l=5.4810000000000514E-1,

  rm11=9.9999965231006682E-1, rm12=5.4809360124636242E-1, rm16=-7.9039518818824206E-9,

  rm21=1.2009047795459387E-7, rm22=1.0000004135108997E+0, rm26=-2.0610805315929293E-8,

  rm33=9.9999859016562842E-1, rm34=5.4811529453783792E-1, rm36=-5.4387271902767154E-7,

  rm43=-4.5843120484757261E-8, rm44=1.0000013847090081E+0, rm46=-1.0700295377530367E-7,

  rm51=2.0610797200570410E-8, rm52=3.3926953599426819E-9, rm53=1.0700282785168415E-7, rm54=-4.8522351660815568E-7,

  rm55=1, rm66=1;



MAP_0215: matrix, l=5.4809999999999803E-1,

  rm11=1.0000012654520809E+0, rm12=5.4812212318846976E-1, rm16=9.9488571544958937E-7,

  rm21=-1.6947450475754680E-7, rm22=9.9999864165691266E-1, rm26=1.8831391956214416E-8,

  rm33=1.0000011293932636E+0, rm34=5.4808801089742143E-1, rm36=9.6714097613803673E-7,

  rm43=2.3591502645605632E-7, rm44=9.9999899991006358E-1, rm46=-1.4061281167210282E-9,

  rm51=-1.8831584394202469E-8, rm52=9.8456246151182046E-7, rm53=1.4063578678816234E-9, rm54=9.6791069087263992E-7,

  rm55=1, rm66=1;



MAP_0216: matrix, l=0.0000000000000000E+0,

  rm11=1.0000000000000000E+0, rm12=0.0000000000000000E+0, rm16=0.0000000000000000E+0,

  rm21=0.0000000000000000E+0, rm22=1.0000000000000000E+0, rm26=0.0000000000000000E+0,

  rm33=1.0000000000000000E+0, rm34=0.0000000000000000E+0, rm36=0.0000000000000000E+0,

  rm43=0.0000000000000000E+0, rm44=1.0000000000000000E+0, rm46=0.0000000000000000E+0,

  rm51=0.0000000000000000E+0, rm52=0.0000000000000000E+0, rm53=0.0000000000000000E+0, rm54=0.0000000000000000E+0,

  rm55=1, rm66=1;



MAP_0217: matrix, l=2.3335000000000150E-1,

  rm11=9.9999851585170330E-1, rm12=2.3332398025588624E-1, rm16=-4.7984193896066785E-8,

  rm21=2.9121055849100222E-7, rm22=1.0000015520970065E+0, rm26=-3.9714123316325622E-8,

  rm33=9.9999627778511002E-1, rm34=2.3339294398840488E-1, rm36=-1.9661890041100527E-6,

  rm43=-3.6561867166459196E-7, rm44=1.0000036368956089E+0, rm46=-1.6432376664932136E-7,

  rm51=3.9714050401173244E-8, rm52=-3.8718011047652297E-8, rm53=1.6432387387636228E-7, rm54=-1.9278441472686591E-6,

  rm55=1, rm66=1;



MAP_0218: matrix, l=2.3334999999999440E-1,

  rm11=1.0000008719412021E+0, rm12=2.3336560587174560E-1, rm16=-2.3337433541215091E-8,

  rm21=-8.3918418580034549E-8, rm22=9.9999910847590279E-1, rm26=5.9623608914677328E-9,

  rm33=1.0000056789914959E+0, rm34=2.3328365899655354E-1, rm36=2.5338545880937424E-6,

  rm43=6.3675757719428134E-7, rm44=9.9999446958504856E-1, rm46=2.0215038069870683E-7,

  rm51=-5.9623641318553393E-9, rm52=-2.4728822697194092E-8, rm53=-2.0214991525789125E-7, rm54=2.4866821943495030E-6,

  rm55=1, rm66=1;



MAP_0219: matrix, l=0.0000000000000000E+0,

  rm11=1.0000000000000000E+0, rm12=0.0000000000000000E+0, rm16=0.0000000000000000E+0,

  rm21=0.0000000000000000E+0, rm22=1.0000000000000000E+0, rm26=0.0000000000000000E+0,

  rm33=1.0000000000000000E+0, rm34=0.0000000000000000E+0, rm36=0.0000000000000000E+0,

  rm43=0.0000000000000000E+0, rm44=1.0000000000000000E+0, rm46=0.0000000000000000E+0,

  rm51=0.0000000000000000E+0, rm52=0.0000000000000000E+0, rm53=0.0000000000000000E+0, rm54=0.0000000000000000E+0,

  rm55=1, rm66=1;



MAP_0220: matrix, l=1.9030000000000058E-1,

  rm11=1.0000021591124844E+0, rm12=1.9033908338634642E-1, rm16=1.9907611079061915E-7,

  rm21=-4.6664434606390931E-7, rm22=9.9999775207171215E-1, rm26=6.3892141983351580E-8,

  rm33=9.9999454683714628E-1, rm34=1.9036477898572501E-1, rm36=-2.4631555709531128E-6,

  rm43=-5.4723702098540633E-7, rm44=1.0000053490173682E+0, rm46=-2.1507179211177618E-7,

  rm51=-6.3892372831414520E-8, rm52=1.8691449154109683E-7, rm53=2.1507196722018544E-7, rm54=-2.4222266522436202E-6,

  rm55=1, rm66=1;



MAP_0221: matrix, l=1.9030000000000058E-1,

  rm11=9.9999780576168484E-1, rm12=1.9025974867844364E-1, rm16=1.0039446865506285E-7,

  rm21=4.6896766049358397E-7, rm22=1.0000022834689948E+0, rm26=-6.2867759571122450E-8,

  rm33=1.0000033540387441E+0, rm34=1.9025962962591947E-1, rm36=1.6242691257550845E-6,

  rm43=4.0225904635074177E-7, rm44=9.9999672250590621E-1, rm46=9.3579665072507368E-8,

  rm51=6.2867668706034696E-8, rm52=1.1235590203869784E-7, rm53=-9.3579325565380140E-8, rm54=1.6064593698054052E-6,

  rm55=1, rm66=1;



MAP_0222: matrix, l=0.0000000000000000E+0,

  rm11=1.0000000000000000E+0, rm12=0.0000000000000000E+0, rm16=0.0000000000000000E+0,

  rm21=0.0000000000000000E+0, rm22=1.0000000000000000E+0, rm26=0.0000000000000000E+0,

  rm33=1.0000000000000000E+0, rm34=0.0000000000000000E+0, rm36=0.0000000000000000E+0,

  rm43=0.0000000000000000E+0, rm44=1.0000000000000000E+0, rm46=0.0000000000000000E+0,

  rm51=0.0000000000000000E+0, rm52=0.0000000000000000E+0, rm53=0.0000000000000000E+0, rm54=0.0000000000000000E+0,

  rm55=1, rm66=1;



MAP_0223: matrix, l=3.3340000000000458E-1,

  rm11=1.0180350150860782E+0, rm12=3.3540495748351457E-1, rm16=1.3091087333605422E-7,

  rm21=1.0851141296080512E-1, rm22=1.0180349894575724E+0, rm26=-2.3060794206511415E-8,

  rm33=9.8207262413790686E-1, rm34=3.3140913814036105E-1, rm36=-1.7062012791502212E-7,

  rm43=-1.0721831988452196E-1, rm44=9.8207285826834989E-1, rm46=1.3688465556882523E-7,

  rm51=3.7682019815551025E-8, rm52=1.4100655425692260E-7, rm53=-1.1613706944515886E-7, rm54=-2.1292622242632179E-7,

  rm55=1, rm66=1;



MAP_0224: matrix, l=3.3339999999999748E-1,

  rm11=1.0180350709185497E+0, rm12=3.3539802088953474E-1, rm16=-4.3747722111575627E-8,

  rm21=1.0851151484761916E-1, rm22=1.0180342278272414E+0, rm26=-1.8652226854015685E-7,

  rm33=9.8207305859844063E-1, rm34=3.3141007033407588E-1, rm36=-3.4798623160803288E-7,

  rm43=-1.0721837283485382E-1, rm44=9.8207230416658486E-1, rm46=2.1423617111229754E-7,

  rm51=1.8513907928370759E-7, rm52=1.8022521221136312E-8, rm53=-1.7308505430472707E-7, rm54=-4.1274766482997734E-7,

  rm55=1, rm66=1;



MAP_0225: matrix, l=0.0000000000000000E+0,

  rm11=1.0000000000000000E+0, rm12=0.0000000000000000E+0, rm16=0.0000000000000000E+0,

  rm21=0.0000000000000000E+0, rm22=1.0000000000000000E+0, rm26=0.0000000000000000E+0,

  rm33=1.0000000000000000E+0, rm34=0.0000000000000000E+0, rm36=0.0000000000000000E+0,

  rm43=0.0000000000000000E+0, rm44=1.0000000000000000E+0, rm46=0.0000000000000000E+0,

  rm51=0.0000000000000000E+0, rm52=0.0000000000000000E+0, rm53=0.0000000000000000E+0, rm54=0.0000000000000000E+0,

  rm55=1, rm66=1;



MAP_0226: matrix, l=3.0899999999999750E-1,

  rm11=9.9999713813195212E-1, rm12=3.0901743849857538E-1, rm16=-1.5418084994833769E-7,

  rm21=-5.6135785587465093E-7, rm22=1.0000026884063753E+0, rm26=3.1119216592490062E-8,

  rm33=1.0000115064123494E+0, rm34=3.0908530037201382E-1, rm36=-4.2292853590364388E-6,

  rm43=-1.7754258206082411E-6, rm44=9.9998794496833754E-1, rm46=6.4271593964645990E-7,

  rm51=-3.1119040982767074E-8, rm52=-1.6379764504861128E-7, rm53=-6.4271582621865586E-7, rm54=-4.4278884241270328E-6,

  rm55=1, rm66=1;



MAP_0227: matrix, l=3.0900000000000460E-1,

  rm11=1.0000030306836294E+0, rm12=3.0898090272797640E-1, rm16=-2.6568972924523315E-7,

  rm21=6.3684120919385860E-7, rm22=9.9999716609673073E-1, rm26=-4.7338722889561646E-8,

  rm33=9.9999274258510729E-1, rm34=3.0894793767650919E-1, rm36=3.2705916130915114E-6,

  rm43=1.2709648342926879E-6, rm44=1.0000076501323771E+0, rm46=-4.7418095741602606E-7,

  rm51=4.7338697156085697E-8, rm52=-2.5106221497383453E-7, rm53=4.7418167289501144E-7, rm54=3.4171138624294571E-6,

  rm55=1, rm66=1;



MAP_0228: matrix, l=0.0000000000000000E+0,

  rm11=1.0000000000000000E+0, rm12=0.0000000000000000E+0, rm16=0.0000000000000000E+0,

  rm21=-1.4963860316543978E-3, rm22=1.0000000000000000E+0, rm26=8.5741755507379169E-7,

  rm33=1.0000000000000000E+0, rm34=0.0000000000000000E+0, rm36=0.0000000000000000E+0,

  rm43=1.4963941850045849E-3, rm44=1.0000000000000000E+0, rm46=-3.2414131850497241E-7,

  rm51=-8.5741755507379169E-7, rm52=0.0000000000000000E+0, rm53=3.2414131850497241E-7, rm54=0.0000000000000000E+0,

  rm55=1, rm66=1;



MAP_0229: matrix, l=7.5324999999999420E-1,

  rm11=9.9999110392270596E-1, rm12=7.5330839809378558E-1, rm16=-1.1963598417485954E-8,

  rm21=-1.3786917539487259E-6, rm22=1.0000078575671187E+0, rm26=6.7182011818239795E-8,

  rm33=9.9944442725501215E-1, rm34=7.5316535539084528E-1, rm36=-1.2643306640831464E-2,

  rm43=-1.4979951492724616E-3, rm44=9.9942701636191977E-1, rm46=-3.3559171321263292E-2,

  rm51=-6.7181397667755402E-8, rm52=-6.2572466125779492E-8, rm53=3.3559466372351549E-2, rm54=1.2639542961806496E-2,

  rm55=1, rm66=1;



MAP_0230: matrix, l=7.5325000000000131E-1,

  rm11=9.9999577823123575E-1, rm12=7.5328010897022246E-1, rm16=-1.0048162502052094E-7,

  rm21=-6.0983435020870051E-7, rm22=1.0000037624085627E+0, rm26=3.4693036138344624E-8,

  rm33=9.9943462408436146E-1, rm34=7.5309759476843063E-1, rm36=-1.2641303323523034E-2,

  rm43=-1.4962095311007394E-3, rm44=9.9943826652591972E-1, rm46=-3.3559616056582468E-2,

  rm51=-3.4692828395221818E-8, rm52=-1.2661557711624741E-7, rm53=3.3559556296444193E-2, rm54=1.2639463853274052E-2,

  rm55=1, rm66=1;



MAP_0231: matrix, l=0.0000000000000000E+0,

  rm11=1.0000000000000000E+0, rm12=0.0000000000000000E+0, rm16=0.0000000000000000E+0,

  rm21=-1.4963300872516785E-3, rm22=1.0000000000000000E+0, rm26=-1.4793904741169928E-7,

  rm33=1.0000000000000000E+0, rm34=0.0000000000000000E+0, rm36=0.0000000000000000E+0,

  rm43=1.4964159256376458E-3, rm44=1.0000000000000000E+0, rm46=3.6362611169349357E-7,

  rm51=1.4793904741169928E-7, rm52=0.0000000000000000E+0, rm53=-3.6362611169349357E-7, rm54=0.0000000000000000E+0,

  rm55=1, rm66=1;



MAP_0232: matrix, l=6.4730000000000132E-1,

  rm11=9.9999730304131496E-1, rm12=6.4732152195839643E-1, rm16=-1.9473768969602290E-7,

  rm21=-3.6758102645576093E-7, rm22=1.0000024590222074E+0, rm26=2.4326175247779691E-8,

  rm33=1.0000002755224140E+0, rm34=6.4730112039033649E-1, rm36=-3.0338048184752608E-8,

  rm43=2.0196404448414216E-7, rm44=9.9999985520917822E-1, rm46=-9.8717109708879036E-8,

  rm51=-2.4326038059210215E-8, rm52=-2.1048502534514592E-7, rm53=9.8717130780460490E-8, rm54=3.3561651924171488E-8,

  rm55=1, rm66=1;



MAP_0233: matrix, l=6.4730000000000132E-1,

  rm11=9.9999755693371173E-1, rm12=6.4732087147892670E-1, rm16=-1.9636331466399426E-7,

  rm21=-2.6946996408600515E-7, rm22=1.0000022686382988E+0, rm26=9.5381240648728660E-9,

  rm33=1.0000028237971794E+0, rm34=6.4731524125426487E-1, rm36=3.4441923757455584E-7,

  rm43=-6.1109409661211231E-7, rm44=9.9999678064138897E-1, rm46=-7.0755171013847651E-8,

  rm51=-9.5380478485881602E-9, rm52=-2.0253798692327802E-7, rm53=7.0755160339537153E-8, rm54=3.9021902936033314E-7,

  rm55=1, rm66=1;



MAP_0234: matrix, l=0.0000000000000000E+0,

  rm11=1.0000000000000000E+0, rm12=0.0000000000000000E+0, rm16=0.0000000000000000E+0,

  rm21=0.0000000000000000E+0, rm22=1.0000000000000000E+0, rm26=0.0000000000000000E+0,

  rm33=1.0000000000000000E+0, rm34=0.0000000000000000E+0, rm36=0.0000000000000000E+0,

  rm43=0.0000000000000000E+0, rm44=1.0000000000000000E+0, rm46=0.0000000000000000E+0,

  rm51=0.0000000000000000E+0, rm52=0.0000000000000000E+0, rm53=0.0000000000000000E+0, rm54=0.0000000000000000E+0,

  rm55=1, rm66=1;



MAP_0235: matrix, l=2.0320000000000249E-1,

  rm11=1.0000030714206154E+0, rm12=2.0317201116758149E-1, rm16=4.2546928813447238E-8,

  rm21=3.8403381091131802E-7, rm22=9.9999700661350022E-1, rm26=-2.7488259470714871E-8,

  rm33=1.0000066678553685E+0, rm34=2.0323247274321182E-1, rm36=4.1627070529459687E-7,

  rm43=-2.0407459203406965E-6, rm44=9.9999291744601737E-1, rm46=-2.2302180782696190E-8,

  rm51=2.7488360238180907E-8, rm52=4.8131646414206381E-8, rm53=2.2301479987668464E-8, rm54=4.2080028438288868E-7,

  rm55=1, rm66=1;



MAP_0236: matrix, l=2.0319999999999538E-1,

  rm11=1.0000043716547176E+0, rm12=2.0315912583022153E-1, rm16=2.4662330511127095E-9,

  rm21=4.9343795977965938E-7, rm22=9.9999572861038011E-1, rm26=-2.6072365110624274E-8,

  rm33=9.9999713725968564E-1, rm34=2.0318592774928484E-1, rm36=3.1392568156096701E-8,

  rm43=1.2519906791827414E-6, rm44=1.0000031171361257E+0, rm46=-7.5062959403737750E-8,

  rm51=2.6072480306935214E-8, rm52=7.7630614210712493E-9, rm53=7.5062783821180478E-8, rm54=4.6644403057060338E-8,

  rm55=1, rm66=1;



MAP_0237: matrix, l=0.0000000000000000E+0,

  rm11=1.0000000000000000E+0, rm12=0.0000000000000000E+0, rm16=0.0000000000000000E+0,

  rm21=0.0000000000000000E+0, rm22=1.0000000000000000E+0, rm26=0.0000000000000000E+0,

  rm33=1.0000000000000000E+0, rm34=0.0000000000000000E+0, rm36=0.0000000000000000E+0,

  rm43=0.0000000000000000E+0, rm44=1.0000000000000000E+0, rm46=0.0000000000000000E+0,

  rm51=0.0000000000000000E+0, rm52=0.0000000000000000E+0, rm53=0.0000000000000000E+0, rm54=0.0000000000000000E+0,

  rm55=1, rm66=1;



MAP_0238: matrix, l=1.9050000000000011E-1,

  rm11=9.9999878912410345E-1, rm12=1.9051153551798294E-1, rm16=-4.4600045245868358E-7,

  rm21=-1.3935182278625188E-7, rm22=1.0000011843292009E+0, rm26=8.7935088863289046E-9,

  rm33=1.0000006292895127E+0, rm34=1.9050332832233016E-1, rm36=-2.8500713566970148E-8,

  rm43=6.6071738004503552E-9, rm44=9.9999937196957100E-1, rm46=-5.9020738851778276E-8,

  rm51=-8.7934360875049337E-9, rm52=-4.4767624555056859E-7, rm53=5.9020775804601097E-8, rm54=-1.7257048476347959E-8,

  rm55=1, rm66=1;



MAP_0239: matrix, l=1.9050000000000011E-1,

  rm11=9.9999116775920993E-1, rm12=1.9058546579780977E-1, rm16=-1.7776671384917009E-7,

  rm21=-9.7709836014318490E-7, rm22=1.0000086460964084E+0, rm26=5.7225471770949721E-8,

  rm33=1.0000041410026925E+0, rm34=1.9051909951800064E-1, rm36=5.3853124992730983E-7,

  rm43=-1.5617073350899918E-6, rm44=9.9999556148061230E-1, rm46=-1.2572144436617805E-8,

  rm51=-5.7224792646239126E-8, rm52=-1.8867459403028209E-7, rm53=1.2571355469698581E-8, rm54=5.4092409328299088E-7,

  rm55=1, rm66=1;



MAP_0240: matrix, l=0.0000000000000000E+0,

  rm11=1.0000000000000000E+0, rm12=0.0000000000000000E+0, rm16=0.0000000000000000E+0,

  rm21=0.0000000000000000E+0, rm22=1.0000000000000000E+0, rm26=0.0000000000000000E+0,

  rm33=1.0000000000000000E+0, rm34=0.0000000000000000E+0, rm36=0.0000000000000000E+0,

  rm43=0.0000000000000000E+0, rm44=1.0000000000000000E+0, rm46=0.0000000000000000E+0,

  rm51=0.0000000000000000E+0, rm52=0.0000000000000000E+0, rm53=0.0000000000000000E+0, rm54=0.0000000000000000E+0,

  rm55=1, rm66=1;



MAP_0241: matrix, l=2.3335000000000150E-1,

  rm11=1.0000048338642844E+0, rm12=2.3330254891453273E-1, rm16=8.2888694630245396E-8,

  rm21=5.4441744795529255E-7, rm22=9.9999529317244618E-1, rm26=-3.7982081906723364E-8,

  rm33=1.0000008147427097E+0, rm34=2.3335402612686509E-1, rm36=-3.7469510105747617E-8,

  rm43=-1.9208937837128637E-8, rm44=9.9999918077547456E-1, rm46=-7.0187366432716836E-8,

  rm51=3.7982310633004135E-8, rm52=9.1749621009372737E-8, rm53=7.0187424337111445E-8, rm54=-2.1090974869489923E-8,

  rm55=1, rm66=1;



MAP_0242: matrix, l=2.3335000000000150E-1,

  rm11=1.0000164585853666E+0, rm12=2.3318444016446330E-1, rm16=-3.3645648911395654E-7,

  rm21=1.7233534744876295E-6, rm22=9.9998394353811515E-1, rm26=-9.8754103883963440E-8,

  rm33=9.9999907813248212E-1, rm34=2.3334486081011946E-1, rm36=-4.8676964717331295E-7,

  rm43=1.0052129032061488E-6, rm44=1.0000011564298488E+0, rm46=-1.0807592036587987E-7,

  rm51=9.8755149403352984E-8, rm52=-3.1342316638503789E-7, rm53=1.0807533142706920E-7, rm54=-4.6155124949356062E-7,

  rm55=1, rm66=1;



MAP_0243: matrix, l=0.0000000000000000E+0,

  rm11=1.0000000000000000E+0, rm12=0.0000000000000000E+0, rm16=0.0000000000000000E+0,

  rm21=0.0000000000000000E+0, rm22=1.0000000000000000E+0, rm26=0.0000000000000000E+0,

  rm33=1.0000000000000000E+0, rm34=0.0000000000000000E+0, rm36=0.0000000000000000E+0,

  rm43=0.0000000000000000E+0, rm44=1.0000000000000000E+0, rm46=0.0000000000000000E+0,

  rm51=0.0000000000000000E+0, rm52=0.0000000000000000E+0, rm53=0.0000000000000000E+0, rm54=0.0000000000000000E+0,

  rm55=1, rm66=1;



MAP_0244: matrix, l=1.9034999999999513E-1,

  rm11=9.9999992515689606E-1, rm12=1.9035074126358137E-1, rm16=-2.1536486538575872E-7,

  rm21=-1.8547931805670187E-8, rm22=1.0000000713124968E+0, rm26=4.0740526299765101E-9,

  rm33=1.0000012594762340E+0, rm34=1.9035638630822005E-1, rm36=5.0533777695704885E-7,

  rm43=-4.2853206783280213E-7, rm44=9.9999865895163920E-1, rm46=-4.0344730264929574E-8,

  rm51=-4.0740483304889297E-9, rm52=-2.1614037968202786E-7, rm53=4.0344564524715995E-8, rm54=5.1301697633446331E-7,

  rm55=1, rm66=1;



MAP_0245: matrix, l=1.9035000000000224E-1,

  rm11=9.9999567591721428E-1, rm12=1.9039523920851645E-1, rm16=-5.9882090230889418E-8,

  rm21=-4.2149728975940392E-7, rm22=1.0000042438500591E+0, rm26=2.0221581437107616E-8,

  rm33=9.9999742173743833E-1, rm34=1.9033618295449753E-1, rm36=-6.4758006301790516E-7,

  rm43=2.4388943067734096E-6, rm44=1.0000030424802389E+0, rm46=-1.4644803104923998E-7,

  rm51=-2.0221468757176684E-8, rm52=-6.3732437196394186E-8, rm53=1.4644607408843542E-7, rm54=-6.1970767403633598E-7,

  rm55=1, rm66=1;



MAP_0246: matrix, l=0.0000000000000000E+0,

  rm11=1.0000000000000000E+0, rm12=0.0000000000000000E+0, rm16=0.0000000000000000E+0,

  rm21=0.0000000000000000E+0, rm22=1.0000000000000000E+0, rm26=0.0000000000000000E+0,

  rm33=1.0000000000000000E+0, rm34=0.0000000000000000E+0, rm36=0.0000000000000000E+0,

  rm43=0.0000000000000000E+0, rm44=1.0000000000000000E+0, rm46=0.0000000000000000E+0,

  rm51=0.0000000000000000E+0, rm52=0.0000000000000000E+0, rm53=0.0000000000000000E+0, rm54=0.0000000000000000E+0,

  rm55=1, rm66=1;



MAP_0247: matrix, l=3.9690000000000225E-1,

  rm11=9.8368561882757088E-1, rm12=3.9478655127950957E-1, rm16=-3.0834284076020069E-7,

  rm21=-8.1962790656531365E-2, rm22=9.8369049422189470E-1, rm26=-3.3407145725461050E-7,

  rm33=1.0164010184577876E+0, rm34=3.9907757154034279E-1, rm36=2.5006022429108210E-7,

  rm43=8.2861290121601899E-2, rm44=1.0163981181403481E+0, rm46=-4.9746566434250017E-7,

  rm51=3.5389392786979845E-7, rm52=-1.7142700292671704E-7, rm53=5.2634492067835326E-7, rm54=4.5268813064171746E-7,

  rm55=1, rm66=1;



MAP_0248: matrix, l=3.9689999999999515E-1,

  rm11=9.8368902344321019E-1, rm12=3.9483234164682546E-1, rm16=4.4998865589285231E-7,

  rm21=-8.1962690791959114E-2, rm22=9.8368331434654754E-1, rm26=-8.1103207223015561E-8,

  rm33=1.0163996531652286E+0, rm34=3.9907384205455759E-1, rm36=2.4712038809715509E-7,

  rm43=8.2861775052797834E-2, rm44=1.0163993697879021E+0, rm46=2.4434288027619377E-7,

  rm51=4.2898053648485346E-8, rm52=4.7466850166995998E-7, rm53=-2.2787318475664979E-7, rm54=1.5366215471319279E-7,

  rm55=1, rm66=1;



MAP_0249: matrix, l=0.0000000000000000E+0,

  rm11=1.0000000000000000E+0, rm12=0.0000000000000000E+0, rm16=0.0000000000000000E+0,

  rm21=0.0000000000000000E+0, rm22=1.0000000000000000E+0, rm26=0.0000000000000000E+0,

  rm33=1.0000000000000000E+0, rm34=0.0000000000000000E+0, rm36=0.0000000000000000E+0,

  rm43=0.0000000000000000E+0, rm44=1.0000000000000000E+0, rm46=0.0000000000000000E+0,

  rm51=0.0000000000000000E+0, rm52=0.0000000000000000E+0, rm53=0.0000000000000000E+0, rm54=0.0000000000000000E+0,

  rm55=1, rm66=1;



MAP_0250: matrix, l=4.4815000000000538E-1,

  rm11=9.9999848411753800E-1, rm12=4.4812891232431895E-1, rm16=6.1931370698431465E-8,

  rm21=1.3905846082137351E-7, rm22=1.0000015782009715E+0, rm26=-2.7819926154415420E-9,

  rm33=1.0000001192548393E+0, rm34=4.4815447251260337E-1, rm36=-9.2698189325945979E-8,

  rm43=1.0956584166755770E-6, rm44=1.0000003717693362E+0, rm46=-7.5348650555029373E-8,

  rm51=2.7819970103488128E-9, rm52=6.3178159763432972E-8, rm53=7.5348557975169236E-8, rm54=-5.8930389044264619E-8,

  rm55=1, rm66=1;



MAP_0251: matrix, l=4.4814999999999827E-1,

  rm11=1.0000042358369123E+0, rm12=4.4820741444412682E-1, rm16=3.7324162449614562E-7,

  rm21=-3.8702327314064886E-7, rm22=9.9999559071506405E-1, rm26=2.3766889775678202E-9,

  rm33=1.0000002035119617E+0, rm34=4.4815113099199522E-1, rm36=-3.3076036042023471E-7,

  rm43=1.2822549630738166E-6, rm44=1.0000003711319747E+0, rm46=-5.2004612352551938E-8,

  rm51=-2.3768434980299057E-9, rm52=3.7217472914589971E-7, rm53=5.2004198816998877E-8, rm54=-3.0745455733338399E-7,

  rm55=1, rm66=1;



MAP_0252: matrix, l=0.0000000000000000E+0,

  rm11=1.0000000000000000E+0, rm12=0.0000000000000000E+0, rm16=0.0000000000000000E+0,

  rm21=-1.4963414617698498E-3, rm22=1.0000000000000000E+0, rm26=-7.8896859101451611E-8,

  rm33=1.0000000000000000E+0, rm34=0.0000000000000000E+0, rm36=0.0000000000000000E+0,

  rm43=1.4964275803113890E-3, rm44=1.0000000000000000E+0, rm46=-8.6627808924821803E-7,

  rm51=7.8896859101451611E-8, rm52=0.0000000000000000E+0, rm53=8.6627808924821803E-7, rm54=0.0000000000000000E+0,

  rm55=1, rm66=1;



MAP_0253: matrix, l=7.5325000000000131E-1,

  rm11=9.9999074305618096E-1, rm12=7.5313045366265163E-1, rm16=-6.0224668613217958E-7,

  rm21=8.9563593889433918E-7, rm22=1.0000099315664559E+0, rm26=2.8182879502347546E-9,

  rm33=9.9943842400791816E-1, rm34=7.5310356420303759E-1, rm36=1.2640675762821728E-2,

  rm43=-1.4934402748137201E-3, rm44=9.9943654437504381E-1, rm46=3.3560889430702727E-2,

  rm51=-2.8188012552777136E-9, rm52=-6.0437520586767804E-7, rm53=-3.3560920535210592E-2, rm54=-1.2641272145126359E-2,

  rm55=1, rm66=1;



MAP_0254: matrix, l=7.5325000000000131E-1,

  rm11=1.0000002571574518E+0, rm12=7.5325325193889270E-1, rm16=-7.0911935379225355E-8,

  rm21=-4.2883493327286274E-8, rm22=9.9999971054049175E-1, rm26=4.2727814099363659E-9,

  rm33=9.9943915270999917E-1, rm34=7.5309670720429056E-1, rm36=1.2640681326547828E-2,

  rm43=-1.4942889309093538E-3, rm44=9.9943518644236795E-1, rm46=3.3559967512387504E-2,

  rm51=-4.2727794677624377E-9, rm52=-7.4130401344950027E-8, rm53=-3.3560034325741082E-2, rm54=-1.2640359329105108E-2,

  rm55=1, rm66=1;



MAP_0255: matrix, l=0.0000000000000000E+0,

  rm11=1.0000000000000000E+0, rm12=0.0000000000000000E+0, rm16=0.0000000000000000E+0,

  rm21=-1.4963306915096721E-3, rm22=1.0000000000000000E+0, rm26=3.0016899631168936E-7,

  rm33=1.0000000000000000E+0, rm34=0.0000000000000000E+0, rm36=0.0000000000000000E+0,

  rm43=1.4962901203293417E-3, rm44=1.0000000000000000E+0, rm46=6.0175391577207277E-8,

  rm51=-3.0016899631168936E-7, rm52=0.0000000000000000E+0, rm53=-6.0175391577207277E-8, rm54=0.0000000000000000E+0,

  rm55=1, rm66=1;



MAP_0256: matrix, l=9.4959999999999667E-1,

  rm11=1.0000099738923705E+0, rm12=9.4971490615837384E-1, rm16=4.5381596081028874E-7,

  rm21=-1.1181537335719253E-6, rm22=9.9998896429043016E-1, rm26=-1.7205711473622376E-8,

  rm33=9.9999938665710308E-1, rm34=9.4960404438382096E-1, rm36=-4.2314174129864934E-7,

  rm43=1.0443897529011654E-7, rm44=1.0000007125190074E+0, rm46=5.4175021135804968E-9,

  rm51=1.7205375645525839E-8, rm52=4.7015147328670642E-7, rm53=-5.4175429832839198E-9, rm54=-4.2828652471269677E-7,

  rm55=1, rm66=1;



MAP_0257: matrix, l=9.4960000000000377E-1,

  rm11=9.9999621538795391E-1, rm12=9.4955903080187343E-1, rm16=-4.4625406539489099E-7,

  rm21=5.2726042132718036E-7, rm22=1.0000042852931588E+0, rm26=-4.0342408545723796E-9,

  rm33=1.0000019383629204E+0, rm34=9.4958962627166532E-1, rm36=-4.0109651602837637E-7,

  rm43=5.8578628857138110E-7, rm44=9.9999861789634148E-1, rm46=1.2645234236455249E-8,

  rm51=4.0339902944293052E-9, rm52=-4.4242522788849539E-7, rm53=-1.2645493704347897E-8, rm54=-4.1310374492412733E-7,

  rm55=1, rm66=1;



MAP_0258: matrix, l=0.0000000000000000E+0,

  rm11=1.0000000000000000E+0, rm12=0.0000000000000000E+0, rm16=0.0000000000000000E+0,

  rm21=0.0000000000000000E+0, rm22=1.0000000000000000E+0, rm26=0.0000000000000000E+0,

  rm33=1.0000000000000000E+0, rm34=0.0000000000000000E+0, rm36=0.0000000000000000E+0,

  rm43=0.0000000000000000E+0, rm44=1.0000000000000000E+0, rm46=0.0000000000000000E+0,

  rm51=0.0000000000000000E+0, rm52=0.0000000000000000E+0, rm53=0.0000000000000000E+0, rm54=0.0000000000000000E+0,

  rm55=1, rm66=1;



MAP_0259: matrix, l=1.5239999999999299E-1,

  rm11=1.0000006660614207E+0, rm12=1.5240674073930746E-1, rm16=4.7227829194640414E-7,

  rm21=-9.1848103273805286E-8, rm22=9.9999931994076208E-1, rm26=9.8487749206066511E-11,

  rm33=9.9999020259698146E-1, rm34=1.5246211516057873E-1, rm36=5.7735155246235736E-7,

  rm43=-2.0833052855738450E-6, rm44=1.0000094798707662E+0, rm46=-3.5458025197422638E-8,

  rm51=-9.8531192670289341E-11, rm52=4.7226296057232953E-7, rm53=3.5456475001318657E-8, rm54=5.8276303120147748E-7,

  rm55=1, rm66=1;



MAP_0260: matrix, l=1.5240000000000009E-1,

  rm11=9.9999761571159662E-1, rm12=1.5237651978684588E-1, rm16=-7.5698879109520334E-7,

  rm21=3.1951456679862763E-7, rm22=1.0000024329807222E+0, rm26=3.0275605321372634E-9,

  rm33=9.9999932931961877E-1, rm34=1.5240435057315493E-1, rm36=-3.2741266273172975E-7,

  rm43=-1.5351196865014024E-7, rm44=1.0000006472849234E+0, rm46=-2.8873230429812824E-9,

  rm51=-3.0277951825054542E-9, rm52=-7.5745196197167010E-7, rm53=2.8873713682727801E-9, rm54=-3.2697283406774964E-7,

  rm55=1, rm66=1;



MAP_0261: matrix, l=0.0000000000000000E+0,

  rm11=1.0000000000000000E+0, rm12=0.0000000000000000E+0, rm16=0.0000000000000000E+0,

  rm21=0.0000000000000000E+0, rm22=1.0000000000000000E+0, rm26=0.0000000000000000E+0,

  rm33=1.0000000000000000E+0, rm34=0.0000000000000000E+0, rm36=0.0000000000000000E+0,

  rm43=0.0000000000000000E+0, rm44=1.0000000000000000E+0, rm46=0.0000000000000000E+0,

  rm51=0.0000000000000000E+0, rm52=0.0000000000000000E+0, rm53=0.0000000000000000E+0, rm54=0.0000000000000000E+0,

  rm55=1, rm66=1;



MAP_0262: matrix, l=1.7367500000000007E+0,

  rm11=9.9999874580082049E-1, rm12=1.7367361377415409E+0, rm16=-8.3546062290551504E-8,

  rm21=3.5203189803360896E-7, rm22=1.0000018655880383E+0, rm26=-1.8797323638602981E-8,

  rm33=9.9999860643202110E-1, rm34=1.7367597329903337E+0, rm36=-5.0955276680031414E-7,

  rm43=-8.3213479132620831E-8, rm44=1.0000012490478998E+0, rm46=1.6925946438699213E-9,

  rm51=1.8797270652136214E-8, rm52=-5.0900226897100845E-8, rm53=-1.6925498834656971E-9, rm54=-5.1249303347787576E-7,

  rm55=1, rm66=1;



MAP_0263: matrix, l=1.7367500000000007E+0,

  rm11=1.0000030458297366E+0, rm12=1.7367775183624909E+0, rm16=3.8113546803331122E-7,

  rm21=-4.3824532808654950E-7, rm22=9.9999619304722520E-1, rm26=-4.1880993211645956E-8,

  rm33=9.9999791730522702E-1, rm34=1.7367661667559435E+0, rm36=-5.2322948355248977E-7,

  rm43=-1.9008193746514391E-7, rm44=1.0000017525705451E+0, rm46=-1.3973546876891452E-9,

  rm51=4.1880953743182246E-8, rm52=4.5387198452526241E-7, rm53=1.3974512338998136E-9, rm54=-5.2080352220453466E-7,

  rm55=1, rm66=1;



MAP_0264: matrix, l=0.0000000000000000E+0,

  rm11=1.0000000000000000E+0, rm12=0.0000000000000000E+0, rm16=0.0000000000000000E+0,

  rm21=0.0000000000000000E+0, rm22=1.0000000000000000E+0, rm26=0.0000000000000000E+0,

  rm33=1.0000000000000000E+0, rm34=0.0000000000000000E+0, rm36=0.0000000000000000E+0,

  rm43=0.0000000000000000E+0, rm44=1.0000000000000000E+0, rm46=0.0000000000000000E+0,

  rm51=0.0000000000000000E+0, rm52=0.0000000000000000E+0, rm53=0.0000000000000000E+0, rm54=0.0000000000000000E+0,

  rm55=1, rm66=1;



MAP_0265: matrix, l=2.1144999999999925E-1,

  rm11=1.0071130662881111E+0, rm12=2.1192742140580220E-1, rm16=-4.5723067000624784E-7,

  rm21=6.7386456614125775E-2, rm22=1.0071173455491085E+0, rm26=-4.0154781398224482E-7,

  rm33=9.9290678486842876E-1, rm34=2.1089448559775609E-1, rm36=-1.9600708679734513E-7,

  rm43=-6.7066890477033597E-2, rm44=9.9289880747752346E-1, rm46=-6.6742120656684356E-7,

  rm51=3.7359289549392293E-7, rm52=-3.7538594589193881E-7, rm53=6.7583263018825206E-7, rm54=-5.3859750702279252E-8,

  rm55=1, rm66=1;



MAP_0266: matrix, l=2.1145000000000636E-1,

  rm11=1.0071158877293238E+0, rm12=2.1195134769697219E-1, rm16=-4.8482998296628388E-7,

  rm21=6.7385781662447686E-2, rm22=1.0071159829737208E+0, rm26=1.9930435459121487E-7,

  rm33=9.9290526647557453E-1, rm34=2.1083765601619586E-1, rm36=1.0961262745315392E-6,

  rm43=-6.7067164099742435E-2, rm44=9.9290410637559923E-1, rm46=8.2658341603791471E-7,

  rm51=-2.3339322937802552E-7, rm52=-5.3052285142770456E-7, rm53=-8.9423310769346246E-7, rm54=9.1407336914925877E-7,

  rm55=1, rm66=1;



MAP_0267: matrix, l=0.0000000000000000E+0,

  rm11=1.0000000000000000E+0, rm12=0.0000000000000000E+0, rm16=0.0000000000000000E+0,

  rm21=0.0000000000000000E+0, rm22=1.0000000000000000E+0, rm26=0.0000000000000000E+0,

  rm33=1.0000000000000000E+0, rm34=0.0000000000000000E+0, rm36=0.0000000000000000E+0,

  rm43=0.0000000000000000E+0, rm44=1.0000000000000000E+0, rm46=0.0000000000000000E+0,

  rm51=0.0000000000000000E+0, rm52=0.0000000000000000E+0, rm53=0.0000000000000000E+0, rm54=0.0000000000000000E+0,

  rm55=1, rm66=1;



MAP_0268: matrix, l=6.1084999999999923E-1,

  rm11=9.9999947341135720E-1, rm12=6.1087089329445143E-1, rm16=3.9556752907954351E-7,

  rm21=-1.9472590827643119E-7, rm22=1.0000004076364679E+0, rm26=2.5207408745411830E-8,

  rm33=1.0000037776134059E+0, rm34=6.1098643731065405E-1, rm36=-1.0846167505171311E-6,

  rm43=-2.8138703945909393E-7, rm44=9.9999605047784912E-1, rm46=-2.5134704617103820E-9,

  rm51=-2.5207472498723054E-8, rm52=3.8016921802934579E-7, rm53=2.5137851537264693E-9, rm54=-1.0830767704365638E-6,

  rm55=1, rm66=1;



MAP_0269: matrix, l=6.1084999999999923E-1,

  rm11=9.9999991578317782E-1, rm12=6.1085331845474888E-1, rm16=8.0300348856421344E-8,

  rm21=1.0176948141810151E-7, rm22=1.0000001463830599E+0, rm26=-6.6609638534054216E-9,

  rm33=1.0000008262017046E+0, rm34=6.1088038740922601E-1, rm36=6.6824011109301029E-8,

  rm43=-6.2250761352298724E-8, rm44=9.9999913577124022E-1, rm46=-4.7705104363332529E-10,

  rm51=6.6609714645650740E-9, rm52=8.4369232484991955E-8, rm53=4.7704727792814253E-10, rm54=6.7115374484417490E-8,

  rm55=1, rm66=1;



MAP_0270: matrix, l=0.0000000000000000E+0,

  rm11=1.0000000000000000E+0, rm12=0.0000000000000000E+0, rm16=0.0000000000000000E+0,

  rm21=0.0000000000000000E+0, rm22=1.0000000000000000E+0, rm26=0.0000000000000000E+0,

  rm33=1.0000000000000000E+0, rm34=0.0000000000000000E+0, rm36=0.0000000000000000E+0,

  rm43=0.0000000000000000E+0, rm44=1.0000000000000000E+0, rm46=0.0000000000000000E+0,

  rm51=0.0000000000000000E+0, rm52=0.0000000000000000E+0, rm53=0.0000000000000000E+0, rm54=0.0000000000000000E+0,

  rm55=1, rm66=1;



MAP_0271: matrix, l=1.0160000000000480E-1,

  rm11=9.9999993905352325E-1, rm12=1.0160162487256411E-1, rm16=-3.5172913520620241E-7,

  rm21=-1.1025606432370267E-7, rm22=1.0000000497442845E+0, rm26=9.3944929006190003E-9,

  rm33=9.9999978639378917E-1, rm34=1.0159199400436028E-1, rm36=2.7590219852519082E-7,

  rm43=5.3294262561862482E-8, rm44=1.0000002190205282E+0, rm46=1.7624920485743989E-9,

  rm51=-9.3944535477876023E-9, rm52=-3.5268364844627324E-7, rm53=-1.7624769680909412E-9, rm54=2.7572320387180459E-7,

  rm55=1, rm66=1;



MAP_0272: matrix, l=1.0159999999999059E-1,

  rm11=1.0000008041894992E+0, rm12=1.0157864034904614E-1, rm16=2.2676076026628689E-7,

  rm21=3.8783540856934921E-7, rm22=9.9999923520690936E-1, rm26=-4.1549077891764319E-8,

  rm33=9.9999776730849677E-1, rm34=1.0151856936591748E-1, rm36=-6.0964432575805194E-7,

  rm43=1.7801699662350634E-7, rm44=1.0000022507685595E+0, rm46=1.6242997801819981E-9,

  rm51=4.1549199250948563E-8, rm52=2.3098108568122623E-7, rm53=-1.6244046806735602E-9, rm54=-6.0981059451623828E-7,

  rm55=1, rm66=1;



MAP_0273: matrix, l=0.0000000000000000E+0,

  rm11=1.0000000000000000E+0, rm12=0.0000000000000000E+0, rm16=0.0000000000000000E+0,

  rm21=0.0000000000000000E+0, rm22=1.0000000000000000E+0, rm26=0.0000000000000000E+0,

  rm33=1.0000000000000000E+0, rm34=0.0000000000000000E+0, rm36=0.0000000000000000E+0,

  rm43=0.0000000000000000E+0, rm44=1.0000000000000000E+0, rm46=0.0000000000000000E+0,

  rm51=0.0000000000000000E+0, rm52=0.0000000000000000E+0, rm53=0.0000000000000000E+0, rm54=0.0000000000000000E+0,

  rm55=1, rm66=1;



MAP_0274: matrix, l=2.9070000000000107E-1,

  rm11=9.9999905523446397E-1, rm12=2.9072299358111542E-1, rm16=4.5047689212207587E-7,

  rm21=-2.2129899733181694E-7, rm22=1.0000008804296610E+0, rm26=3.0220648636336556E-8,

  rm33=9.9999975298777599E-1, rm34=2.9069145477490155E-1, rm36=-9.8248915482435084E-8,

  rm43=2.2302409135747487E-8, rm44=1.0000002534954064E+0, rm46=2.7622220873449455E-10,

  rm51=-3.0220719774993797E-8, rm52=4.4169145129577443E-7, rm53=-2.7622433169174266E-10, rm54=-9.8329235823782011E-8,

  rm55=1, rm66=1;



MAP_0275: matrix, l=2.9070000000000107E-1,

  rm11=9.9999907764217111E-1, rm12=2.9072049376808523E-1, rm16=4.0603221999890859E-7,

  rm21=-2.9648350711183289E-7, rm22=1.0000008361647685E+0, rm26=3.3851424012867892E-8,

  rm33=1.0000018203833512E+0, rm34=2.9076779699213118E-1, rm36=-2.2064617751643700E-7,

  rm43=-1.5077774336717049E-7, rm44=9.9999813577873009E-1, rm46=-1.3287336023126706E-9,

  rm51=-3.3851513171598523E-8, rm52=3.9619125680497205E-7, rm53=1.3287692896499269E-9, rm54=-2.2025941324080588E-7,

  rm55=1, rm66=1;



MAP_0276: matrix, l=0.0000000000000000E+0,

  rm11=1.0000000000000000E+0, rm12=0.0000000000000000E+0, rm16=0.0000000000000000E+0,

  rm21=0.0000000000000000E+0, rm22=1.0000000000000000E+0, rm26=0.0000000000000000E+0,

  rm33=1.0000000000000000E+0, rm34=0.0000000000000000E+0, rm36=0.0000000000000000E+0,

  rm43=0.0000000000000000E+0, rm44=1.0000000000000000E+0, rm46=0.0000000000000000E+0,

  rm51=0.0000000000000000E+0, rm52=0.0000000000000000E+0, rm53=0.0000000000000000E+0, rm54=0.0000000000000000E+0,

  rm55=1, rm66=1;



MAP_0277: matrix, l=2.1144999999999925E-1,

  rm11=1.0040752622592584E+0, rm12=2.1171212719512450E-1, rm16=-6.9531123338129053E-7,

  rm21=3.8561319430420370E-2, rm22=1.0040720420654594E+0, rm26=-5.7265627296208821E-7,

  rm33=9.9592971848813405E-1, rm34=2.1109880555068714E-1, rm36=4.8266650810868672E-7,

  rm43=-3.8456111374204391E-2, rm44=9.9593569948741212E-1, rm46=-1.1555691644543620E-7,

  rm51=5.4817787888484271E-7, rm52=-5.7690429227177014E-7, rm53=9.6525090272434126E-8, rm54=5.0509873340712363E-7,

  rm55=1, rm66=1;



MAP_0278: matrix, l=2.1144999999999925E-1,

  rm11=1.0040760979663981E+0, rm12=2.1171398739392772E-1, rm16=-8.0635236580223202E-7,

  rm21=3.8561462630443480E-2, rm22=1.0040713079965897E+0, rm26=4.6774564615645331E-8,

  rm33=9.9593884353054962E-1, rm34=2.1127613002939430E-1, rm36=-7.5573137113538191E-7,

  rm43=-3.8457314863844266E-2, rm44=9.9591947215162546E-1, rm46=-3.8075935624055923E-7,

  rm51=-7.8059348944206780E-8, rm52=-8.1953810422058485E-7, rm53=4.0827643220989728E-7, rm54=-6.7220222497058490E-7,

  rm55=1, rm66=1;



MAP_0279: matrix, l=0.0000000000000000E+0,

  rm11=1.0000000000000000E+0, rm12=0.0000000000000000E+0, rm16=0.0000000000000000E+0,

  rm21=0.0000000000000000E+0, rm22=1.0000000000000000E+0, rm26=0.0000000000000000E+0,

  rm33=1.0000000000000000E+0, rm34=0.0000000000000000E+0, rm36=0.0000000000000000E+0,

  rm43=0.0000000000000000E+0, rm44=1.0000000000000000E+0, rm46=0.0000000000000000E+0,

  rm51=0.0000000000000000E+0, rm52=0.0000000000000000E+0, rm53=0.0000000000000000E+0, rm54=0.0000000000000000E+0,

  rm55=1, rm66=1;



MAP_0280: matrix, l=4.9380000000000734E-1,

  rm11=9.9999743828333298E-1, rm12=4.9382010217617278E-1, rm16=7.5962530119572103E-7,

  rm21=-4.4637452018338229E-7, rm22=1.0000023412939536E+0, rm26=5.1837027904497179E-8,

  rm33=1.0000001797165161E+0, rm34=4.9380169772082316E-1, rm36=4.9253725604991860E-7,

  rm43=-7.1508123969722092E-9, rm44=9.9999981675243355E-1, rm46=8.0426652664111753E-10,

  rm51=-5.1837234190098166E-8, rm52=7.3402891328553781E-7, rm53=-8.0427019322261230E-10, rm54=4.9214001761738963E-7,

  rm55=1, rm66=1;



MAP_0281: matrix, l=4.9379999999999313E-1,

  rm11=1.0000025982048930E+0, rm12=4.9377914397728206E-1, rm16=2.6961016523496806E-8,

  rm21=5.2229794554399497E-7, rm22=9.9999765970101984E-1, rm26=-5.3700349989665996E-8,

  rm33=9.9999880199663371E-1, rm34=4.9378894400192064E-1, rm36=-4.8354440167208690E-7,

  rm43=1.8703997402700238E-7, rm44=1.0000012903631834E+0, rm46=-6.8709440914638265E-10,

  rm51=5.3700503595861635E-8, rm52=5.3477066275835059E-8, rm53=6.8700314387263787E-10, rm54=-4.8320574599725834E-7,

  rm55=1, rm66=1;



MAP_0282: matrix, l=0.0000000000000000E+0,

  rm11=1.0000000000000000E+0, rm12=0.0000000000000000E+0, rm16=0.0000000000000000E+0,

  rm21=0.0000000000000000E+0, rm22=1.0000000000000000E+0, rm26=0.0000000000000000E+0,

  rm33=1.0000000000000000E+0, rm34=0.0000000000000000E+0, rm36=0.0000000000000000E+0,

  rm43=0.0000000000000000E+0, rm44=1.0000000000000000E+0, rm46=0.0000000000000000E+0,

  rm51=0.0000000000000000E+0, rm52=0.0000000000000000E+0, rm53=0.0000000000000000E+0, rm54=0.0000000000000000E+0,

  rm55=1, rm66=1;



MAP_0283: matrix, l=8.2549999999997681E-2,

  rm11=9.9999569824946966E-1, rm12=8.2586113728554178E-2, rm16=1.4209580841834102E-7,

  rm21=-7.5286476407143050E-7, rm22=1.0000042395925930E+0, rm26=8.2638358355965891E-8,

  rm33=9.9999723809611374E-1, rm34=8.2526019067378067E-2, rm36=4.7183149329971252E-7,

  rm43=3.9693797728654534E-7, rm44=1.0000027946693160E+0, rm46=-2.9631724452611197E-9,

  rm51=-8.2638109845291289E-8, rm52=1.3527162998515107E-7, rm53=2.9633515491021978E-9, rm54=4.7207735073842670E-7,

  rm55=1, rm66=1;



MAP_0284: matrix, l=8.2549999999997681E-2,

  rm11=1.0000017460073254E+0, rm12=8.2535522840031822E-2, rm16=3.0482278606802637E-7,

  rm21=3.0621107874688473E-7, rm22=9.9999827926897056E-1, rm26=-3.3305288145435430E-8,

  rm33=9.9999276678381499E-1, rm34=8.2487560050154063E-2, rm36=5.5041646998543747E-7,

  rm43=1.0377610790171478E-6, rm44=1.0000073188715033E+0, rm46=-8.3328282364514283E-9,

  rm51=3.3305439636826657E-8, rm52=3.0757113092042138E-7, rm53=8.3333391640931615E-9, rm54=5.5110785308239652E-7,

  rm55=1, rm66=1;



MAP_0285: matrix, l=0.0000000000000000E+0,

  rm11=1.0000000000000000E+0, rm12=0.0000000000000000E+0, rm16=0.0000000000000000E+0,

  rm21=0.0000000000000000E+0, rm22=1.0000000000000000E+0, rm26=0.0000000000000000E+0,

  rm33=1.0000000000000000E+0, rm34=0.0000000000000000E+0, rm36=0.0000000000000000E+0,

  rm43=0.0000000000000000E+0, rm44=1.0000000000000000E+0, rm46=0.0000000000000000E+0,

  rm51=0.0000000000000000E+0, rm52=0.0000000000000000E+0, rm53=0.0000000000000000E+0, rm54=0.0000000000000000E+0,

  rm55=1, rm66=1;



MAP_0286: matrix, l=3.6195000000000732E-1,

  rm11=1.0000002017419718E+0, rm12=3.6194821892717971E-1, rm16=1.2628272720582867E-7,

  rm21=4.0671514759110569E-8, rm22=9.9999981297904839E-1, rm26=-3.9486958251788717E-9,

  rm33=1.0000039922018407E+0, rm34=3.6198458161961428E-1, rm36=-8.2802023046446571E-7,

  rm43=-5.9581387393545271E-7, rm44=9.9999579213952206E-1, rm46=5.1127898624894752E-9,

  rm51=3.9487017579063573E-9, rm52=1.2771192700932154E-7, rm53=-5.1123169278373654E-9, rm54=-8.2986749737014517E-7,

  rm55=1, rm66=1;



MAP_0287: matrix, l=3.6194999999999311E-1,

  rm11=1.0000007074767574E+0, rm12=3.6194412461037401E-1, rm16=6.1174578555589498E-8,

  rm21=1.8027183780321739E-7, rm22=9.9999935777202953E-1, rm26=-1.4835819807032524E-8,

  rm33=1.0000021146433884E+0, rm34=3.6196760107374210E-1, rm36=2.0572631002219177E-7,

  rm43=-3.2845192464930930E-7, rm44=9.9999776647237970E-1, rm46=3.0137404247523869E-9,

  rm51=1.4835841331083917E-8, rm52=6.6544277080497699E-8, rm53=-3.0138143689411284E-9, rm54=2.0463497413498954E-7,

  rm55=1, rm66=1;



MAP_0288: matrix, l=0.0000000000000000E+0,

  rm11=1.0000000000000000E+0, rm12=0.0000000000000000E+0, rm16=0.0000000000000000E+0,

  rm21=0.0000000000000000E+0, rm22=1.0000000000000000E+0, rm26=0.0000000000000000E+0,

  rm33=1.0000000000000000E+0, rm34=0.0000000000000000E+0, rm36=0.0000000000000000E+0,

  rm43=0.0000000000000000E+0, rm44=1.0000000000000000E+0, rm46=0.0000000000000000E+0,

  rm51=0.0000000000000000E+0, rm52=0.0000000000000000E+0, rm53=0.0000000000000000E+0, rm54=0.0000000000000000E+0,

  rm55=1, rm66=1;



MAP_0289: matrix, l=8.2550000000011892E-2,

  rm11=1.0000000487733436E+0, rm12=8.2549344155630311E-2, rm16=-4.6482853679336023E-7,

  rm21=1.5780745752969365E-8, rm22=9.9999995252934903E-1, rm26=-1.1456838724249740E-9,

  rm33=1.0000017407247763E+0, rm34=8.2563803927817508E-2, rm36=3.9268249589843873E-7,

  rm43=-2.6337610455073147E-7, rm44=9.9999823753295869E-1, rm46=2.8152601621450613E-9,

  rm51=1.1456765929628493E-9, rm52=-4.6473393927536867E-7, rm53=-2.8153684859242723E-9, rm54=3.9244936522044887E-7,

  rm55=1, rm66=1;



MAP_0290: matrix, l=8.2549999999997681E-2,

  rm11=9.9999573264561215E-1, rm12=8.2588257474243226E-2, rm16=1.1191824283926510E-6,

  rm21=-6.4034886795821349E-7, rm22=1.0000042144870753E+0, rm26=7.0143779968417919E-8,

  rm33=1.0000023026579266E+0, rm34=8.2568333285219717E-2, rm36=-6.1904790283479061E-7,

  rm43=-3.6115027168470068E-7, rm44=9.9999766752786812E-1, rm46=3.5355132007794388E-9,

  rm51=-7.0144197307251761E-8, rm52=1.1133940926122822E-6, rm53=-3.5352977725386402E-9, rm54=-6.1933838035510516E-7,

  rm55=1, rm66=1;



MAP_0291: matrix, l=0.0000000000000000E+0,

  rm11=1.0000000000000000E+0, rm12=0.0000000000000000E+0, rm16=0.0000000000000000E+0,

  rm21=0.0000000000000000E+0, rm22=1.0000000000000000E+0, rm26=0.0000000000000000E+0,

  rm33=1.0000000000000000E+0, rm34=0.0000000000000000E+0, rm36=0.0000000000000000E+0,

  rm43=0.0000000000000000E+0, rm44=1.0000000000000000E+0, rm46=0.0000000000000000E+0,

  rm51=0.0000000000000000E+0, rm52=0.0000000000000000E+0, rm53=0.0000000000000000E+0, rm54=0.0000000000000000E+0,

  rm55=1, rm66=1;



MAP_0292: matrix, l=3.2384999999999309E-1,

  rm11=1.0000000711312262E+0, rm12=3.2384953101610048E-1, rm16=-2.7038399207091057E-8,

  rm21=-1.0292881566462695E-8, rm22=9.9999992553543415E-1, rm26=-3.8634550419969216E-10,

  rm33=9.9999192581502505E-1, rm34=3.2378572646372211E-1, rm36=7.4242602031773797E-7,

  rm43=1.3803273279093137E-6, rm44=1.0000085211840632E+0, rm46=-1.1843376328257715E-8,

  rm51=3.8634580998396243E-10, rm52=-2.6913279383343147E-8, rm53=1.1844305493571309E-8, rm54=7.4626706287473856E-7,

  rm55=1, rm66=1;



MAP_0293: matrix, l=3.2385000000000730E-1,

  rm11=1.0000032650083666E+0, rm12=3.2382007160476872E-1, rm16=-4.5221698613540084E-7,

  rm21=4.9243359241528588E-7, rm22=9.9999689446165407E-1, rm26=-5.0390488065196748E-8,

  rm33=1.0000069420193289E+0, rm34=3.2390363714148551E-1, rm36=-5.5026804844995891E-7,

  rm43=-1.1815935663087568E-6, rm44=9.9999267530906544E-1, rm46=1.2603343360270691E-8,

  rm51=5.0390429903726845E-8, rm52=-4.3589813030473844E-7, rm53=-1.2602780659738114E-8, rm54=-5.5434628666110753E-7,

  rm55=1, rm66=1;



MAP_0294: matrix, l=0.0000000000000000E+0,

  rm11=1.0000000000000000E+0, rm12=0.0000000000000000E+0, rm16=0.0000000000000000E+0,

  rm21=0.0000000000000000E+0, rm22=1.0000000000000000E+0, rm26=0.0000000000000000E+0,

  rm33=1.0000000000000000E+0, rm34=0.0000000000000000E+0, rm36=0.0000000000000000E+0,

  rm43=0.0000000000000000E+0, rm44=1.0000000000000000E+0, rm46=0.0000000000000000E+0,

  rm51=0.0000000000000000E+0, rm52=0.0000000000000000E+0, rm53=0.0000000000000000E+0, rm54=0.0000000000000000E+0,

  rm55=1, rm66=1;



MAP_0295: matrix, l=1.0159999999999059E-1,

  rm11=9.9999914056363581E-1, rm12=1.0160814317054349E-1, rm16=2.4501652022210219E-7,

  rm21=-1.3484676834916220E-7, rm22=1.0000008457355611E+0, rm26=1.3287189704405677E-8,

  rm33=1.0000002100920833E+0, rm34=1.0160158511953299E-1, rm36=7.4846594774746755E-7,

  rm43=-5.4412909613301498E-8, rm44=9.9999978437952397E-1, rm46=-4.0577897812699160E-11,

  rm51=-1.3287211324597611E-8, rm52=2.4366664076746701E-7, rm53=4.0537180127830828E-11, rm54=7.4846990914162223E-7,

  rm55=1, rm66=1;



MAP_0296: matrix, l=1.0160000000000480E-1,

  rm11=1.0000041901488133E+0, rm12=1.0156013980523831E-1, rm16=-4.2088068787082822E-7,

  rm21=5.9889195793643869E-7, rm22=9.9999587069204010E-1, rm26=-6.2317085587279553E-8,

  rm33=9.9999562441297885E-1, rm34=1.0156767621043877E-1, rm36=-1.5839290940303230E-7,

  rm43=8.0804286573426130E-7, rm44=1.0000044576775622E+0, rm46=-7.3804704951718758E-9,

  rm51=6.2317094643082553E-8, rm52=-4.1455001800035451E-7, rm53=7.3803102130205410E-9, rm54=-1.5764399823001624E-7,

  rm55=1, rm66=1;



MAP_0297: matrix, l=0.0000000000000000E+0,

  rm11=1.0000000000000000E+0, rm12=0.0000000000000000E+0, rm16=0.0000000000000000E+0,

  rm21=0.0000000000000000E+0, rm22=1.0000000000000000E+0, rm26=0.0000000000000000E+0,

  rm33=1.0000000000000000E+0, rm34=0.0000000000000000E+0, rm36=0.0000000000000000E+0,

  rm43=0.0000000000000000E+0, rm44=1.0000000000000000E+0, rm46=0.0000000000000000E+0,

  rm51=0.0000000000000000E+0, rm52=0.0000000000000000E+0, rm53=0.0000000000000000E+0, rm54=0.0000000000000000E+0,

  rm55=1, rm66=1;



MAP_0298: matrix, l=1.2619999999999720E-1,

  rm11=9.9998947354685852E-1, rm12=1.2630081926027167E-1, rm16=8.3124195614583951E-7,

  rm21=-1.3928825057851193E-6, rm22=1.0000103506398952E+0, rm26=1.5134062554718331E-7,

  rm33=9.9999952933634473E-1, rm34=1.2619648650480142E-1, rm36=-2.5344016350847820E-8,

  rm43=1.6396408564236407E-7, rm44=1.0000004913555782E+0, rm46=8.6844084180859316E-10,

  rm51=-1.5134019028955888E-7, rm52=8.1213611503802210E-7, rm53=-8.6844458857351972E-10, rm54=-2.5453622986745145E-8,

  rm55=1, rm66=1;



MAP_0299: matrix, l=1.2619999999999720E-1,

  rm11=1.0000097585998720E+0, rm12=1.2610558870523095E-1, rm16=-8.3054672417662290E-7,

  rm21=1.2548348414563859E-6, rm22=9.9999039973549941E-1, rm26=-1.3757991703181038E-7,

  rm33=9.9999906763096369E-1, rm34=1.2619335932830869E-1, rm36=-1.6683487657348506E-8,

  rm43=1.6761638285413116E-7, rm44=1.0000009535219998E+0, rm46=-1.9308683879212807E-9,

  rm51=1.3758021742020416E-7, rm52=-8.1318915427707744E-7, rm53=1.9308637912135284E-9, rm54=-1.6439840797128399E-8,

  rm55=1, rm66=1;



MAP_0300: matrix, l=0.0000000000000000E+0,

  rm11=1.0000000000000000E+0, rm12=0.0000000000000000E+0, rm16=0.0000000000000000E+0,

  rm21=0.0000000000000000E+0, rm22=1.0000000000000000E+0, rm26=0.0000000000000000E+0,

  rm33=1.0000000000000000E+0, rm34=0.0000000000000000E+0, rm36=0.0000000000000000E+0,

  rm43=0.0000000000000000E+0, rm44=1.0000000000000000E+0, rm46=0.0000000000000000E+0,

  rm51=0.0000000000000000E+0, rm52=0.0000000000000000E+0, rm53=0.0000000000000000E+0, rm54=0.0000000000000000E+0,

  rm55=1, rm66=1;



MAP_0301: matrix, l=3.3340000000001169E-1,

  rm11=9.8319783509177128E-1, rm12=3.3162239112033770E-1, rm16=1.7001444158372403E-6,

  rm21=-1.0045412616573744E-1, rm22=9.8320717151780945E-1, rm26=3.1682312971563487E-7,

  rm33=1.0168895598121623E+0, rm34=3.3529071927976600E-1, rm36=3.5081830681779613E-7,

  rm43=1.0158788916114063E-1, rm44=1.0168867075574675E+0, rm46=-1.5025009516894325E-7,

  rm51=-4.8228633689189976E-7, rm52=1.5665285384286037E-6, rm53=1.8842664440678752E-7, rm54=4.0711993545188243E-7,

  rm55=1, rm66=1;



MAP_0302: matrix, l=3.3339999999999748E-1,

  rm11=9.8320735149630112E-1, rm12=3.3143106523584964E-1, rm16=-1.7547317153650266E-6,

  rm21=-1.0045366162911225E-1, rm22=9.8321735943921973E-1, rm26=-2.0235078780628246E-7,

  rm33=1.0168892960462126E+0, rm34=3.3532837103194996E-1, rm36=-9.6865753155747636E-7,

  rm43=1.0158769585763489E-1, rm44=1.0168906690132344E+0, rm46=2.1333549426560787E-7,

  rm51=3.7522200813735510E-7, rm52=-1.6582173465515043E-6, rm53=-3.1534226729149308E-7, rm54=-1.0565562490855728E-6,

  rm55=1, rm66=1;



MAP_0303: matrix, l=0.0000000000000000E+0,

  rm11=1.0000000000000000E+0, rm12=0.0000000000000000E+0, rm16=0.0000000000000000E+0,

  rm21=0.0000000000000000E+0, rm22=1.0000000000000000E+0, rm26=0.0000000000000000E+0,

  rm33=1.0000000000000000E+0, rm34=0.0000000000000000E+0, rm36=0.0000000000000000E+0,

  rm43=0.0000000000000000E+0, rm44=1.0000000000000000E+0, rm46=0.0000000000000000E+0,

  rm51=0.0000000000000000E+0, rm52=0.0000000000000000E+0, rm53=0.0000000000000000E+0, rm54=0.0000000000000000E+0,

  rm55=1, rm66=1;



MAP_0304: matrix, l=5.4994999999999550E-1,

  rm11=1.0000079381815712E+0, rm12=5.5003049361358936E-1, rm16=7.6805535208397668E-7,

  rm21=-1.0892772100366638E-6, rm22=9.9999146275051742E-1, rm26=-1.1015175752950024E-7,

  rm33=9.9999956112831712E-1, rm34=5.4995676853703279E-1, rm36=2.7359318207492711E-7,

  rm43=-5.1309321854242368E-8, rm44=1.0000004106539544E+0, rm46=-1.7575817585178954E-9,

  rm51=1.1015179530896082E-7, rm52=8.2863562057017497E-7, rm53=1.7575669492843951E-9, rm54=2.7455988841140338E-7,

  rm55=1, rm66=1;



MAP_0305: matrix, l=5.4994999999999550E-1,

  rm11=9.9999996738644970E-1, rm12=5.4994959854500880E-1, rm16=6.8024957751455263E-7,

  rm21=1.6029104444382191E-8, rm22=1.0000000414287511E+0, rm26=4.6912435394674823E-10,

  rm33=1.0000016178532949E+0, rm34=5.4992769303734645E-1, rm36=3.6627522107327004E-7,

  rm43=3.7483163692943393E-7, rm44=9.9999858827928645E-1, rm46=9.4374607083162754E-9,

  rm51=-4.6911343485541125E-10, rm52=6.7999161094632237E-7, rm53=-9.4373386852024974E-9, rm54=3.6108478299949865E-7,

  rm55=1, rm66=1;



MAP_0306: matrix, l=0.0000000000000000E+0,

  rm11=1.0000000000000000E+0, rm12=0.0000000000000000E+0, rm16=0.0000000000000000E+0,

  rm21=1.9345012375123216E-3, rm22=1.0000000000000000E+0, rm26=4.7727324648839942E-7,

  rm33=1.0000000000000000E+0, rm34=0.0000000000000000E+0, rm36=0.0000000000000000E+0,

  rm43=-1.9344744133877442E-3, rm44=1.0000000000000000E+0, rm46=1.2554181888870843E-7,

  rm51=-4.7727324648839942E-7, rm52=0.0000000000000000E+0, rm53=-1.2554181888870843E-7, rm54=0.0000000000000000E+0,

  rm55=1, rm66=1;



MAP_0307: matrix, l=1.5240000000000009E+0,

  rm11=9.9852797523633419E-1, rm12=1.5232520817049469E+0, rm16=-4.1343643894862302E-2,

  rm21=-1.9310886171933596E-3, rm22=9.9852832366355815E-1, rm26=-5.4243963343667247E-2,

  rm33=1.0000007663398176E+0, rm34=1.5239901342316016E+0, rm36=-7.6394575389791830E-7,

  rm43=1.5052521424899784E-7, rm44=9.9999946305953546E-1, rm46=3.5937836469733531E-9,

  rm51=5.4243953126464656E-2, rm52=4.1344430650688012E-2, rm53=-3.5939013941311380E-9, rm54=-7.6942223452708051E-7,

  rm55=1, rm66=1;



MAP_0308: matrix, l=1.5240000000000009E+0,

  rm11=9.9853066011090874E-1, rm12=1.5232623971069865E+0, rm16=-4.1342527660720135E-2,

  rm21=-1.9284140124200340E-3, rm22=9.9852969896595922E-1, rm26=-5.4243276822947731E-2,

  rm33=9.9999962973502710E-1, rm34=1.5240065151342197E+0, rm36=1.8622823189616555E-7,

  rm43=3.5558360605193416E-8, rm44=1.0000004244563032E+0, rm46=-3.1900345060821567E-10,

  rm51=5.4243300522246553E-2, rm52=4.1345002180710480E-2, rm53=3.1900995446303635E-10, rm54=1.8671447427898964E-7,

  rm55=1, rm66=1;



MAP_0309: matrix, l=0.0000000000000000E+0,

  rm11=1.0000000000000000E+0, rm12=0.0000000000000000E+0, rm16=0.0000000000000000E+0,

  rm21=1.9344943738919091E-3, rm22=1.0000000000000000E+0, rm26=6.9714023664957381E-8,

  rm33=1.0000000000000000E+0, rm34=0.0000000000000000E+0, rm36=0.0000000000000000E+0,

  rm43=-1.9344564594224898E-3, rm44=1.0000000000000000E+0, rm46=-5.0148354648104146E-7,

  rm51=-6.9714023664957381E-8, rm52=0.0000000000000000E+0, rm53=5.0148354648104146E-7, rm54=0.0000000000000000E+0,

  rm55=1, rm66=1;



MAP_0310: matrix, l=2.0895000000000152E-1,

  rm11=1.0000005159768179E+0, rm12=2.0895369515871137E-1, rm16=9.0393493232254762E-7,

  rm21=5.5544293934988085E-7, rm22=9.9999960008524325E-1, rm26=6.7033191247789503E-8,

  rm33=1.0000004917987173E+0, rm34=2.0894249433792486E-1, rm36=-4.3239761621065298E-7,

  rm43=5.1496663067370721E-8, rm44=9.9999951896136041E-1, rm46=1.5104107571866504E-9,

  rm51=-6.7032723751086431E-8, rm52=8.8992773781612278E-7, rm53=-1.5104337670390766E-9, rm54=-4.3271299720177334E-7,

  rm55=1, rm66=1;



MAP_0311: matrix, l=2.0895000000000152E-1,

  rm11=9.9999774465832603E-1, rm12=2.0893016178472040E-1, rm16=-2.6525892548034946E-6,

  rm21=1.6120924016963560E-6, rm22=1.0000025921622466E+0, rm26=7.0137413527016079E-7,

  rm33=9.9999934346219099E-1, rm34=2.0895973199100279E-1, rm36=5.2149241068499830E-7,

  rm43=-6.7460020321108605E-8, rm44=1.0000006424418029E+0, rm46=-1.9751234131299561E-9,

  rm51=-7.0137682965082696E-7, rm52=-2.7991343422988297E-6, rm53=1.9750869364981359E-9, rm54=5.2190546697257960E-7,

  rm55=1, rm66=1;



MAP_0312: matrix, l=0.0000000000000000E+0,

  rm11=1.0000000000000000E+0, rm12=0.0000000000000000E+0, rm16=0.0000000000000000E+0,

  rm21=0.0000000000000000E+0, rm22=1.0000000000000000E+0, rm26=0.0000000000000000E+0,

  rm33=1.0000000000000000E+0, rm34=0.0000000000000000E+0, rm36=0.0000000000000000E+0,

  rm43=0.0000000000000000E+0, rm44=1.0000000000000000E+0, rm46=0.0000000000000000E+0,

  rm51=0.0000000000000000E+0, rm52=0.0000000000000000E+0, rm53=0.0000000000000000E+0, rm54=0.0000000000000000E+0,

  rm55=1, rm66=1;



MAP_0313: matrix, l=3.3339999999999748E-1,

  rm11=1.0134371192849869E+0, rm12=3.3490540961972232E-1, rm16=1.9550351761932205E-6,

  rm21=8.0777101419934633E-2, rm22=1.0134350407093400E+0, rm26=1.5674233969087403E-7,

  rm33=9.8661841564219632E-1, rm34=3.3200669565682844E-1, rm36=-2.4337541619338932E-7,

  rm43=-8.0057514462572185E-2, rm44=9.8662294736022838E-1, rm46=4.9285368306124788E-7,

  rm51=-9.2643049940868273E-10, rm52=1.9288072958946421E-6, rm53=-4.6677448902357279E-7, rm54=-4.0375049319520672E-7,

  rm55=1, rm66=1;



MAP_0314: matrix, l=3.3339999999999748E-1,

  rm11=1.0134361293555145E+0, rm12=3.3491312090114261E-1, rm16=2.8780812306172798E-6,

  rm21=8.0777180092684947E-2, rm22=1.0134366712735809E+0, rm26=1.2163452804692110E-6,

  rm33=9.8662374039524747E-1, rm34=3.3185882098473674E-1, rm36=4.4499097373758290E-7,

  rm43=-8.0057195168286993E-2, rm44=9.8662972898882884E-1, rm46=1.0662983458871456E-8,

  rm51=-1.0002049671116166E-6, rm52=2.5093830680364284E-6, rm53=-4.6145081856600155E-8, rm54=4.3550271870234560E-7,

  rm55=1, rm66=1;



MAP_0315: matrix, l=0.0000000000000000E+0,

  rm11=1.0000000000000000E+0, rm12=0.0000000000000000E+0, rm16=0.0000000000000000E+0,

  rm21=0.0000000000000000E+0, rm22=1.0000000000000000E+0, rm26=0.0000000000000000E+0,

  rm33=1.0000000000000000E+0, rm34=0.0000000000000000E+0, rm36=0.0000000000000000E+0,

  rm43=0.0000000000000000E+0, rm44=1.0000000000000000E+0, rm46=0.0000000000000000E+0,

  rm51=0.0000000000000000E+0, rm52=0.0000000000000000E+0, rm53=0.0000000000000000E+0, rm54=0.0000000000000000E+0,

  rm55=1, rm66=1;



MAP_0316: matrix, l=1.5305000000000746E-1,

  rm11=1.0000005000735124E+0, rm12=1.5304291949069662E-1, rm16=-5.4648396918821618E-7,

  rm21=8.3243325062867366E-7, rm22=9.9999962732468906E-1, rm26=2.3500576959434305E-7,

  rm33=1.0000039141923913E+0, rm34=1.5309080254321877E-1, rm36=-8.0427525462646587E-7,

  rm43=-4.9856336986977269E-7, rm44=9.9999600949776191E-1, rm46=9.6376802150889562E-9,

  rm51=-2.3500634202593057E-7, rm52=-5.8244973460300923E-7, rm53=-9.6373169566422750E-9, rm54=-8.0574748536304505E-7,

  rm55=1, rm66=1;



MAP_0317: matrix, l=1.5304999999999325E-1,

  rm11=9.9999818192518097E-1, rm12=1.5308004526056032E-1, rm16=4.0111984334623152E-6,

  rm21=-1.9427640890039810E-7, rm22=1.0000017883382288E+0, rm26=2.3514087937881456E-7,

  rm33=9.9999834611022875E-1, rm34=1.5303295198526476E-1, rm36=3.5038630284613820E-7,

  rm43=2.2033221426697586E-7, rm44=1.0000016876106517E+0, rm46=-4.1124402936840165E-9,

  rm51=-2.3514123115632987E-7, rm52=3.9752102303839004E-6, rm53=4.1125106935510350E-9, rm54=3.5101623303980067E-7,

  rm55=1, rm66=1;



MAP_0318: matrix, l=0.0000000000000000E+0,

  rm11=1.0000000000000000E+0, rm12=0.0000000000000000E+0, rm16=0.0000000000000000E+0,

  rm21=0.0000000000000000E+0, rm22=1.0000000000000000E+0, rm26=0.0000000000000000E+0,

  rm33=1.0000000000000000E+0, rm34=0.0000000000000000E+0, rm36=0.0000000000000000E+0,

  rm43=0.0000000000000000E+0, rm44=1.0000000000000000E+0, rm46=0.0000000000000000E+0,

  rm51=0.0000000000000000E+0, rm52=0.0000000000000000E+0, rm53=0.0000000000000000E+0, rm54=0.0000000000000000E+0,

  rm55=1, rm66=1;



MAP_0319: matrix, l=8.2550000000011892E-2,

  rm11=9.9999982722770697E-1, rm12=8.2552552680160346E-2, rm16=8.1526048301139298E-7,

  rm21=3.6858743146100736E-7, rm22=1.0000002032001616E+0, rm26=1.8750534164224675E-7,

  rm33=9.9999718429679285E-1, rm34=8.2521230658685676E-2, rm36=3.0037469955519064E-7,

  rm43=3.8293701081845630E-7, rm44=1.0000028473116578E+0, rm46=-7.0532315747488805E-9,

  rm51=-1.8750500875175152E-7, rm52=7.9978160407872179E-7, rm53=7.0533267395316880E-9, rm54=3.0095759616524335E-7,

  rm55=1, rm66=1;



MAP_0320: matrix, l=8.2549999999997681E-2,

  rm11=1.0000007677749447E+0, rm12=8.2538551022301496E-2, rm16=-2.2141781471085586E-6,

  rm21=5.8021748043677736E-7, rm22=9.9999928011591821E-1, rm26=1.2310059951947672E-7,

  rm33=1.0000055908642858E+0, rm34=8.2606550577733126E-2, rm36=6.4678200991166723E-8,

  rm43=-7.3675311836304506E-7, rm44=9.9999434830667844E-1, rm46=1.4384616630648550E-8,

  rm51=-1.2310197873789846E-7, rm52=-2.2243370982712705E-6, rm53=-1.4384744704954205E-8, rm54=6.3489571888569154E-8,

  rm55=1, rm66=1;



MAP_0321: matrix, l=0.0000000000000000E+0,

  rm11=1.0000000000000000E+0, rm12=0.0000000000000000E+0, rm16=0.0000000000000000E+0,

  rm21=0.0000000000000000E+0, rm22=1.0000000000000000E+0, rm26=0.0000000000000000E+0,

  rm33=1.0000000000000000E+0, rm34=0.0000000000000000E+0, rm36=0.0000000000000000E+0,

  rm43=0.0000000000000000E+0, rm44=1.0000000000000000E+0, rm46=0.0000000000000000E+0,

  rm51=0.0000000000000000E+0, rm52=0.0000000000000000E+0, rm53=0.0000000000000000E+0, rm54=0.0000000000000000E+0,

  rm55=1, rm66=1;



MAP_0322: matrix, l=1.4484999999999104E-1,

  rm11=1.0000013188359631E+0, rm12=1.4483130942118305E-1, rm16=-2.6612132669190380E-6,

  rm21=1.0355914232435849E-6, rm22=9.9999883115164034E-1, rm26=2.5467223424557872E-7,

  rm33=9.9999995202903535E-1, rm34=1.4484959389324195E-1, rm36=-2.0781721057905322E-7,

  rm43=2.7806284379398414E-8, rm44=1.0000000519986962E+0, rm46=9.4959018946683127E-12,

  rm51=-2.5467532604611468E-7, rm52=-2.6980946695232818E-6, rm53=-9.5016800635970333E-12, rm54=-2.0781859686281032E-7,

  rm55=1, rm66=1;



MAP_0323: matrix, l=1.4485000000000525E-1,

  rm11=9.9999961349958688E-1, rm12=1.4485629258532512E-1, rm16=9.0977635996969397E-7,

  rm21=3.7061238389594282E-7, rm22=1.0000004401861191E+0, rm26=2.4938063616919415E-7,

  rm33=9.9999989696742986E-1, rm34=1.4484899134763707E-1, rm36=-2.0604865302344122E-7,

  rm43=-2.3476971698077584E-8, rm44=1.0000000996319647E+0, rm46=-4.9484806096539158E-10,

  rm51=-2.4938020260908966E-7, rm52=8.7365240604257985E-7, rm53=4.9485284737831948E-10, rm54=-2.0597699530997218E-7,

  rm55=1, rm66=1;



MAP_0324: matrix, l=0.0000000000000000E+0,

  rm11=1.0000000000000000E+0, rm12=0.0000000000000000E+0, rm16=0.0000000000000000E+0,

  rm21=1.9345348182123405E-3, rm22=1.0000000000000000E+0, rm26=-2.5916734480713188E-7,

  rm33=1.0000000000000000E+0, rm34=0.0000000000000000E+0, rm36=0.0000000000000000E+0,

  rm43=-1.9344613849677187E-3, rm44=1.0000000000000000E+0, rm46=-2.8177879713179796E-7,

  rm51=2.5916734480713188E-7, rm52=0.0000000000000000E+0, rm53=2.8177879713179796E-7, rm54=0.0000000000000000E+0,

  rm55=1, rm66=1;



MAP_0325: matrix, l=1.5240000000000009E+0,

  rm11=9.9852447151967350E-1, rm12=1.5233648680646383E+0, rm16=-4.1325434441801367E-2,

  rm21=-1.9239196915803124E-3, rm22=9.9854254629875028E-1, rm26=-5.4236739200547113E-2,

  rm33=1.0000033285003271E+0, rm34=1.5240331914646206E+0, rm36=-2.3626044029436029E-7,

  rm43=-4.3495647293580077E-7, rm44=9.9999600862485660E-1, rm46=1.1373276224448114E-8,

  rm51=5.4236218164262356E-2, rm52=4.1357138522079243E-2, rm53=-1.1373211317393944E-8, rm54=-2.5359274775206588E-7,

  rm55=1, rm66=1;



MAP_0326: matrix, l=1.5240000000000009E+0,

  rm11=9.9851963232946117E-1, rm12=1.5234177977796475E+0, rm16=-4.1313058233932276E-2,

  rm21=-1.9234664744775332E-3, rm22=9.9854797507913762E-1, rm26=-5.4232769371976186E-2,

  rm33=9.9999828953069791E-1, rm34=1.5239819828123602E+0, rm36=9.2189874441837849E-7,

  rm43=5.9187829165973747E-7, rm44=1.0000026124856232E+0, rm46=-8.7961438068225040E-9,

  rm51=5.4231949215985224E-2, rm52=4.1366095440327905E-2, rm53=8.7966744131424753E-9, rm54=9.3530631754541829E-7,

  rm55=1, rm66=1;



MAP_0327: matrix, l=0.0000000000000000E+0,

  rm11=1.0000000000000000E+0, rm12=0.0000000000000000E+0, rm16=0.0000000000000000E+0,

  rm21=1.9344987905093505E-3, rm22=1.0000000000000000E+0, rm26=2.7466932006614542E-7,

  rm33=1.0000000000000000E+0, rm34=0.0000000000000000E+0, rm36=0.0000000000000000E+0,

  rm43=-1.9344269680158441E-3, rm44=1.0000000000000000E+0, rm46=2.6783960376409316E-7,

  rm51=-2.7466932006614542E-7, rm52=0.0000000000000000E+0, rm53=-2.6783960376409316E-7, rm54=0.0000000000000000E+0,

  rm55=1, rm66=1;



MAP_0328: matrix, l=2.9469999999999175E-1,

  rm11=9.9999642947867617E-1, rm12=2.9474142595349717E-1, rm16=8.1044428881238417E-6,

  rm21=4.6459992993375745E-7, rm22=1.0000037074714072E+0, rm26=1.5964883197661095E-6,

  rm33=1.0000046138838379E+0, rm34=2.9473963607786535E-1, rm36=-5.3708012412705813E-7,

  rm43=-1.1584545970982835E-6, rm44=9.9999504469653877E-1, rm46=2.2774790805861478E-8,

  rm51=-1.5964788541469226E-6, rm52=7.6339216912281558E-6, rm53=-2.2774273703161884E-8, rm54=-5.4379009628592916E-7,

  rm55=1, rm66=1;



MAP_0329: matrix, l=2.9470000000000596E-1,

  rm11=9.9999383465839498E-1, rm12=2.9476992589116308E-1, rm16=1.1557618817992221E-5,

  rm21=-8.7753058580317152E-8, rm22=1.0000061395124946E+0, rm26=1.6208192584743486E-6,

  rm33=9.9999955638774252E-1, rm34=2.9469617993280778E-1, rm36=-3.6134184116208556E-7,

  rm43=1.7977685415249294E-7, rm44=1.0000004965920297E+0, rm46=-2.7715563021696310E-9,

  rm51=-1.6208102797863413E-6, rm52=1.1079921003433910E-5, rm53=2.7714901117738055E-9, rm54=-3.6052525354684585E-7,

  rm55=1, rm66=1;



MAP_0330: matrix, l=0.0000000000000000E+0,

  rm11=1.0000000000000000E+0, rm12=0.0000000000000000E+0, rm16=0.0000000000000000E+0,

  rm21=0.0000000000000000E+0, rm22=1.0000000000000000E+0, rm26=0.0000000000000000E+0,

  rm33=1.0000000000000000E+0, rm34=0.0000000000000000E+0, rm36=0.0000000000000000E+0,

  rm43=0.0000000000000000E+0, rm44=1.0000000000000000E+0, rm46=0.0000000000000000E+0,

  rm51=0.0000000000000000E+0, rm52=0.0000000000000000E+0, rm53=0.0000000000000000E+0, rm54=0.0000000000000000E+0,

  rm55=1, rm66=1;



MAP_0331: matrix, l=2.1144999999999925E-1,

  rm11=9.9409817782447296E-1, rm12=2.1107853826903100E-1, rm16=7.4030774810385225E-6,

  rm21=-5.5730459937136899E-2, rm22=9.9410351816770004E-1, rm26=9.0893608845066254E-7,

  rm33=1.0059059898030911E+0, rm34=2.1183511833797378E-1, rm36=2.7006439386363656E-7,

  rm43=5.5951493520511118E-2, rm44=1.0059115876715046E+0, rm46=-2.0094293292543045E-7,

  rm51=-1.3161486222562454E-6, rm52=7.1675684682383332E-6, rm53=2.1724020602167328E-7, rm54=3.1422767318035127E-7,

  rm55=1, rm66=1;



MAP_0332: matrix, l=2.1144999999999925E-1,

  rm11=9.9410098894229426E-1, rm12=2.1106820759846720E-1, rm16=5.3779459505687299E-6,

  rm21=-5.5730297792768557E-2, rm22=9.9410132061876144E-1, rm26=6.2350771681818351E-7,

  rm33=1.0059117720920521E+0, rm34=2.1190582047820294E-1, rm36=-6.7338880183759331E-9,

  rm43=5.5949670632436964E-2, rm44=1.0059093540146538E+0, rm46=-3.5075759481813240E-8,

  rm51=-9.1954416724071730E-7, rm52=5.2146205154640682E-6, rm53=3.4906360561121506E-8, rm54=6.5907664531818992E-10,

  rm55=1, rm66=1;



MAP_0333: matrix, l=0.0000000000000000E+0,

  rm11=1.0000000000000000E+0, rm12=0.0000000000000000E+0, rm16=0.0000000000000000E+0,

  rm21=0.0000000000000000E+0, rm22=1.0000000000000000E+0, rm26=0.0000000000000000E+0,

  rm33=1.0000000000000000E+0, rm34=0.0000000000000000E+0, rm36=0.0000000000000000E+0,

  rm43=0.0000000000000000E+0, rm44=1.0000000000000000E+0, rm46=0.0000000000000000E+0,

  rm51=0.0000000000000000E+0, rm52=0.0000000000000000E+0, rm53=0.0000000000000000E+0, rm54=0.0000000000000000E+0,

  rm55=1, rm66=1;



MAP_0334: matrix, l=2.9495000000000005E-1,

  rm11=1.0000007640575701E+0, rm12=2.9498214044773735E-1, rm16=4.5274683728724341E-6,

  rm21=5.9572941983109111E-7, rm22=9.9999941167241879E-1, rm26=7.8255886898359606E-7,

  rm33=1.0000000441348096E+0, rm34=2.9494636650559319E-1, rm36=-5.2824863179534720E-7,

  rm43=1.5882306371652739E-7, rm44=1.0000000027094758E+0, rm46=-1.3590226609003220E-9,

  rm51=-7.8255676975751683E-7, rm52=4.2966248190387755E-6, rm53=1.3589388228144227E-9, rm54=-5.2784779443079280E-7,

  rm55=1, rm66=1;



MAP_0335: matrix, l=2.9495000000000005E-1,

  rm11=1.0000006181035619E+0, rm12=2.9497508881736556E-1, rm16=4.4536934766803427E-6,

  rm21=7.3450571157181371E-7, rm22=9.9999959855757370E-1, rm26=1.0328438813100860E-6,

  rm33=1.0000001890819432E+0, rm34=2.9493210591418539E-1, rm36=5.3200035272232826E-7,

  rm43=4.6726346648852127E-7, rm44=9.9999994872906461E-1, rm46=-4.3381235608971891E-9,

  rm51=-1.0328412484512716E-6, rm52=4.1490284731549120E-6, rm53=4.3383729654870084E-9, rm54=5.3327977736370394E-7,

  rm55=1, rm66=1;



MAP_0336: matrix, l=0.0000000000000000E+0,

  rm11=1.0000000000000000E+0, rm12=0.0000000000000000E+0, rm16=0.0000000000000000E+0,

  rm21=3.1471895213563820E-3, rm22=1.0000000000000000E+0, rm26=-4.3056057202894849E-7,

  rm33=1.0000000000000000E+0, rm34=0.0000000000000000E+0, rm36=0.0000000000000000E+0,

  rm43=-3.1471566059883887E-3, rm44=1.0000000000000000E+0, rm46=-2.6797969631276591E-7,

  rm51=4.3056057202894849E-7, rm52=0.0000000000000000E+0, rm53=2.6797969631276591E-7, rm54=0.0000000000000000E+0,

  rm55=1, rm66=1;



MAP_0337: matrix, l=1.5240000000000009E+0,

  rm11=9.9761977694910542E-1, rm12=1.5231240624207640E+0, rm16=-5.2645666410883196E-2,

  rm21=-3.1267585408462579E-3, rm22=9.9761209814090368E-1, rm26=-6.9125356176567482E-2,

  rm33=1.0000004346024343E+0, rm34=1.5239959441868978E+0, rm36=4.8061533318433103E-7,

  rm43=4.1074563230962710E-7, rm44=1.0000001913721601E+0, rm46=-5.3545494817577866E-9,

  rm51=6.9125432697483502E-2, rm52=5.2766539589748432E-2, rm53=5.3547492195069522E-9, rm54=4.8877573685387248E-7,

  rm55=1, rm66=1;



MAP_0338: matrix, l=1.5240000000000009E+0,

  rm11=9.9762186196550362E-1, rm12=1.5232922859497420E+0, rm16=-5.2584271098295332E-2,

  rm21=-3.1219136770481311E-3, rm22=9.9761688363317524E-1, rm26=-6.9111899914096664E-2,

  rm33=9.9999726194347216E-1, rm34=1.5240462660867096E+0, rm36=3.1751198545718062E-7,

  rm43=-4.9632678440740557E-7, rm44=1.0000019816369712E+0, rm46=2.1776102535758790E-10,

  rm51=6.9111705831414016E-2, rm52=5.2818667345270652E-2, rm53=-2.1791801881834368E-10, rm54=3.1718073677307433E-7,

  rm55=1, rm66=1;



MAP_0339: matrix, l=0.0000000000000000E+0,

  rm11=1.0000000000000000E+0, rm12=0.0000000000000000E+0, rm16=0.0000000000000000E+0,

  rm21=3.1471636326010268E-3, rm22=1.0000000000000000E+0, rm26=-1.5211381010349356E-7,

  rm33=1.0000000000000000E+0, rm34=0.0000000000000000E+0, rm36=0.0000000000000000E+0,

  rm43=-3.1472478721213692E-3, rm44=1.0000000000000000E+0, rm46=-8.2086828687676083E-8,

  rm51=1.5211381010349356E-7, rm52=0.0000000000000000E+0, rm53=8.2086828687676083E-8, rm54=0.0000000000000000E+0,

  rm55=1, rm66=1;



MAP_0340: matrix, l=2.9489999999999839E-1,

  rm11=1.0000001643112282E+0, rm12=2.9501745512540400E-1, rm16=3.1420752193866974E-5,

  rm21=1.6845303442145789E-6, rm22=1.0000003326545728E+0, rm26=3.6333876308192181E-6,

  rm33=9.9999944158609211E-1, rm34=2.9490985435473643E-1, rm36=3.7861424636090324E-7,

  rm43=-1.0263262761511572E-7, rm44=1.0000005281468296E+0, rm46=2.4850906315404542E-10,

  rm51=-3.6333352986150937E-6, rm52=3.0348849873795465E-5, rm53=-2.4854778255808486E-10, rm54=3.7854115855319650E-7,

  rm55=1, rm66=1;



MAP_0341: matrix, l=2.9489999999999839E-1,

  rm11=9.9999977357616698E-1, rm12=2.9504470025855822E-1, rm16=3.7784002999252664E-5,

  rm21=1.4154235589553468E-6, rm22=1.0000006440371985E+0, rm26=3.2596810770613160E-6,

  rm33=1.0000025858062391E+0, rm34=2.9485876775324138E-1, rm36=5.1498482352141384E-7,

  rm43=7.1347077415887712E-7, rm44=9.9999762457301644E-1, rm46=-8.0807240673136382E-9,

  rm51=-3.2596268586238354E-6, rm52=3.6822275707236054E-5, rm53=8.0811123891210670E-9, rm54=5.1736627255361000E-7,

  rm55=1, rm66=1;



MAP_0342: matrix, l=0.0000000000000000E+0,

  rm11=1.0000000000000000E+0, rm12=0.0000000000000000E+0, rm16=0.0000000000000000E+0,

  rm21=0.0000000000000000E+0, rm22=1.0000000000000000E+0, rm26=0.0000000000000000E+0,

  rm33=1.0000000000000000E+0, rm34=0.0000000000000000E+0, rm36=0.0000000000000000E+0,

  rm43=0.0000000000000000E+0, rm44=1.0000000000000000E+0, rm46=0.0000000000000000E+0,

  rm51=0.0000000000000000E+0, rm52=0.0000000000000000E+0, rm53=0.0000000000000000E+0, rm54=0.0000000000000000E+0,

  rm55=1, rm66=1;



MAP_0343: matrix, l=3.9690000000000225E-1,

  rm11=9.6526745689616900E-1, rm12=3.9245620840739104E-1, rm16=4.1935786168956213E-5,

  rm21=-1.7399443483022042E-1, rm22=9.6524004530152374E-1, rm26=-1.8940574101899976E-6,

  rm33=1.0351383950857893E+0, rm34=4.0154674215200387E-1, rm36=-3.5530488785504022E-7,

  rm43=1.7809659259961166E-1, rm44=1.0351409160684673E+0, rm46=6.6042786360694106E-7,

  rm51=-5.4683214340790674E-6, rm52=4.1221434731187400E-5, rm53=-7.4691282866499535E-7, rm54=-6.3298328415564553E-7,

  rm55=1, rm66=1;



MAP_0344: matrix, l=3.9690000000000225E-1,

  rm11=9.6530017182827599E-1, rm12=3.9247954002346147E-1, rm16=4.7978892817379659E-5,

  rm21=-1.7400616111539166E-1, rm22=9.6519835913789775E-1, rm26=-1.1953463117997387E-5,

  rm33=1.0351408221718572E+0, rm34=4.0153019564194292E-1, rm36=-3.7978998065207881E-7,

  rm43=1.7809767559568201E-1, rm44=1.0351360622385093E+0, rm46=-1.3368574817984591E-7,

  rm51=3.1900570480267639E-6, rm52=5.1000638326826943E-5, rm53=7.0743862514881263E-8, rm54=-3.3945544042863946E-7,

  rm55=1, rm66=1;



MAP_0345: matrix, l=0.0000000000000000E+0,

  rm11=1.0000000000000000E+0, rm12=0.0000000000000000E+0, rm16=0.0000000000000000E+0,

  rm21=0.0000000000000000E+0, rm22=1.0000000000000000E+0, rm26=0.0000000000000000E+0,

  rm33=1.0000000000000000E+0, rm34=0.0000000000000000E+0, rm36=0.0000000000000000E+0,

  rm43=0.0000000000000000E+0, rm44=1.0000000000000000E+0, rm46=0.0000000000000000E+0,

  rm51=0.0000000000000000E+0, rm52=0.0000000000000000E+0, rm53=0.0000000000000000E+0, rm54=0.0000000000000000E+0,

  rm55=1, rm66=1;



MAP_0346: matrix, l=2.4994999999999834E-1,

  rm11=1.0000567042465842E+0, rm12=2.5010069693978781E-1, rm16=4.2065044531636175E-5,

  rm21=-2.0995026287749201E-5, rm22=9.9993804839562828E-1, rm26=-1.2286074754341847E-5,

  rm33=1.0000061076123947E+0, rm34=2.4993368671252975E-1, rm36=7.6311970222120440E-7,

  rm43=2.1842688240363508E-6, rm44=9.9999443834393387E-1, rm46=7.2855687784784129E-9,

  rm51=1.2285888270238533E-5, rm52=4.5135194393354706E-5, rm53=-7.2839464173340176E-9, rm54=7.6129454894728050E-7,

  rm55=1, rm66=1;



MAP_0347: matrix, l=2.4994999999999834E-1,

  rm11=1.0000448604028951E+0, rm12=2.5005871632411975E-1, rm16=3.2913868023065618E-5,

  rm21=-1.5981883402601272E-5, rm22=9.9995114537949481E-1, rm26=-6.3304619118964567E-6,

  rm33=9.9996917043785738E-1, rm34=2.5003965592051913E-1, rm36=-4.2170131327179394E-7,

  rm43=-1.0027046357797550E-5, rm44=1.0000283232761153E+0, rm46=-3.7619801039959211E-8,

  rm51=6.3302198733672629E-6, rm52=3.4495247207961554E-5, rm53=3.7622869656582572E-8, rm54=-4.1230681512669819E-7,

  rm55=1, rm66=1;



MAP_0348: matrix, l=0.0000000000000000E+0,

  rm11=1.0000000000000000E+0, rm12=0.0000000000000000E+0, rm16=0.0000000000000000E+0,

  rm21=0.0000000000000000E+0, rm22=1.0000000000000000E+0, rm26=0.0000000000000000E+0,

  rm33=1.0000000000000000E+0, rm34=0.0000000000000000E+0, rm36=0.0000000000000000E+0,

  rm43=0.0000000000000000E+0, rm44=1.0000000000000000E+0, rm46=0.0000000000000000E+0,

  rm51=0.0000000000000000E+0, rm52=0.0000000000000000E+0, rm53=0.0000000000000000E+0, rm54=0.0000000000000000E+0,

  rm55=1, rm66=1;



MAP_0349: matrix, l=3.9690000000000225E-1,

  rm11=1.0299312811592833E+0, rm12=4.0110473667678853E-1, rm16=8.6930433645937555E-5,

  rm21=1.5092155633615176E-1, rm22=1.0297146717588113E+0, rm26=-1.4400353252785880E-5,

  rm33=9.7049579687667697E-1, rm34=3.9294772951928214E-1, rm36=2.4141667206989403E-8,

  rm43=-1.4799845133982836E-1, rm44=9.7047751016002248E-1, rm46=-1.6278921228379817E-7,

  rm51=2.7951050613609482E-5, rm52=9.5289592847089117E-5, rm53=1.5441331693889529E-7, rm54=8.7396596439301861E-8,

  rm55=1, rm66=1;



MAP_0350: matrix, l=3.9690000000000225E-1,

  rm11=1.0299119059423358E+0, rm12=4.0112709767074450E-1, rm16=9.9233357673922384E-5,

  rm21=1.5094735338646592E-1, rm22=1.0297473673679163E+0, rm26=1.0417797363364983E-6,

  rm33=9.7048523429882427E-1, rm34=3.9297381764790279E-1, rm36=-4.7690117951915134E-8,

  rm43=-1.4800032145586572E-1, rm44=9.7048333697199529E-1, rm46=-1.7686674872851443E-7,

  rm51=1.3906071354708705E-5, rm52=1.0176740273775153E-4, rm53=1.7870472086661519E-7, rm54=2.3221536652254014E-8,

  rm55=1, rm66=1;



MAP_0351: matrix, l=0.0000000000000000E+0,

  rm11=1.0000000000000000E+0, rm12=0.0000000000000000E+0, rm16=0.0000000000000000E+0,

  rm21=0.0000000000000000E+0, rm22=1.0000000000000000E+0, rm26=0.0000000000000000E+0,

  rm33=1.0000000000000000E+0, rm34=0.0000000000000000E+0, rm36=0.0000000000000000E+0,

  rm43=0.0000000000000000E+0, rm44=1.0000000000000000E+0, rm46=0.0000000000000000E+0,

  rm51=0.0000000000000000E+0, rm52=0.0000000000000000E+0, rm53=0.0000000000000000E+0, rm54=0.0000000000000000E+0,

  rm55=1, rm66=1;



MAP_0352: matrix, l=3.2410000000000139E-1,

  rm11=1.0000568780684513E+0, rm12=3.2438045050566583E-1, rm16=9.2741534606588516E-5,

  rm21=-8.6809482306578424E-7, rm22=9.9994284358950525E-1, rm26=-9.5727872099181377E-7,

  rm33=9.9999989953382473E-1, rm34=3.2407807931128058E-1, rm36=-2.9585578349006214E-7,

  rm43=6.0618372396399713E-8, rm44=1.0000001201112729E+0, rm46=-3.0156351458945213E-9,

  rm51=9.5725266071035819E-7, rm52=9.3046756336141438E-5, rm53=3.0156169086291331E-9, rm54=-2.9487851777969179E-7,

  rm55=1, rm66=1;



MAP_0353: matrix, l=3.2410000000000139E-1,

  rm11=1.0000592279079668E+0, rm12=3.2442913933454770E-1, rm16=9.6089707715352191E-5,

  rm21=-2.8653183087368647E-6, rm22=9.9993984606207220E-1, rm26=-4.2717454435247521E-6,

  rm33=1.0000002254416060E+0, rm34=3.2415245904500695E-1, rm36=6.0792424476374674E-7,

  rm43=-7.5396681546680045E-8, rm44=9.9999975011843067E-1, rm46=3.8862178980501177E-9,

  rm51=4.2717231224719404E-6, rm52=9.7469806238737784E-5, rm53=-3.8862646096360098E-9, rm54=6.0666436576664472E-7,

  rm55=1, rm66=1;



MAP_0354: matrix, l=0.0000000000000000E+0,

  rm11=1.0000000000000000E+0, rm12=0.0000000000000000E+0, rm16=0.0000000000000000E+0,

  rm21=0.0000000000000000E+0, rm22=1.0000000000000000E+0, rm26=0.0000000000000000E+0,

  rm33=1.0000000000000000E+0, rm34=0.0000000000000000E+0, rm36=0.0000000000000000E+0,

  rm43=0.0000000000000000E+0, rm44=1.0000000000000000E+0, rm46=0.0000000000000000E+0,

  rm51=0.0000000000000000E+0, rm52=0.0000000000000000E+0, rm53=0.0000000000000000E+0, rm54=0.0000000000000000E+0,

  rm55=1, rm66=1;



MAP_0355: matrix, l=8.2549999999997681E-2,

  rm11=1.0000123922825321E+0, rm12=8.2625926249047202E-2, rm16=2.0457590020450667E-5,

  rm21=1.5180356550745380E-6, rm22=9.9998773329858226E-1, rm26=2.6436013307075401E-6,

  rm33=9.9999974930214441E-1, rm34=8.2485490500720099E-2, rm36=-4.0216224426320446E-7,

  rm43=1.1931985344891193E-7, rm44=1.0000002605400775E+0, rm46=-6.0459323250952601E-9,

  rm51=-2.6436030356110649E-6, rm52=2.0238909064719234E-5, rm53=6.0458828234529426E-9, rm54=-4.0166364734921708E-7,

  rm55=1, rm66=1;



MAP_0356: matrix, l=8.2549999999997681E-2,

  rm11=1.0000145510953524E+0, rm12=8.2644438939329601E-2, rm16=2.3893163986432597E-5,

  rm21=-1.1495028577451737E-6, rm22=9.9998535411774236E-1, rm26=-1.7923499161607431E-6,

  rm33=1.0000001033480741E+0, rm34=8.2580427469312837E-2, rm36=4.7781540326446992E-7,

  rm43=-5.4920273204530666E-8, rm44=9.9999989211659757E-1, rm46=2.7746474690320405E-9,

  rm51=1.7923485315549950E-6, rm52=2.4040941803170147E-5, rm53=-2.7746739975390015E-9, rm54=4.7758622014204920E-7,

  rm55=1, rm66=1;



MAP_0357: matrix, l=0.0000000000000000E+0,

  rm11=1.0000000000000000E+0, rm12=0.0000000000000000E+0, rm16=0.0000000000000000E+0,

  rm21=0.0000000000000000E+0, rm22=1.0000000000000000E+0, rm26=0.0000000000000000E+0,

  rm33=1.0000000000000000E+0, rm34=0.0000000000000000E+0, rm36=0.0000000000000000E+0,

  rm43=0.0000000000000000E+0, rm44=1.0000000000000000E+0, rm46=0.0000000000000000E+0,

  rm51=0.0000000000000000E+0, rm52=0.0000000000000000E+0, rm53=0.0000000000000000E+0, rm54=0.0000000000000000E+0,

  rm55=1, rm66=1;



MAP_0358: matrix, l=3.2349999999999568E-1,

  rm11=1.0000449431290335E+0, rm12=3.2385672082085448E-1, rm16=7.0977248805670357E-5,

  rm21=8.0985688332517219E-7, rm22=9.9995532115656816E-1, rm26=1.7415887630291976E-6,

  rm33=1.0000000821423434E+0, rm34=3.2352602840675754E-1, rm36=2.9380278198515297E-7,

  rm43=-3.5174409246980543E-8, rm44=9.9999990647782733E-1, rm46=1.8067037442937722E-9,

  rm51=-1.7416095540641929E-6, rm52=7.0410052398470652E-5, rm53=-1.8067142270399429E-9, rm54=2.9321823882117948E-7,

  rm55=1, rm66=1;



MAP_0359: matrix, l=3.2350000000000989E-1,

  rm11=1.0000279572990760E+0, rm12=3.2387927002660660E-1, rm16=4.3342622815023546E-5,

  rm21=1.1081897856140292E-6, rm22=9.9997240239217744E-1, rm26=2.0876591872182743E-6,

  rm33=9.9999989754022522E-1, rm34=3.2346414552366826E-1, rm36=-6.3013032947784042E-7,

  rm43=3.5925241334504322E-8, rm44=1.0000001140803141E+0, rm46=-1.8780003706656001E-9,

  rm51=-2.0876695206786546E-6, rm52=4.2665277128696502E-5, rm53=1.8779775406619467E-9, rm54=-6.2952293557811592E-7,

  rm55=1, rm66=1;



MAP_0360: matrix, l=0.0000000000000000E+0,

  rm11=1.0000000000000000E+0, rm12=0.0000000000000000E+0, rm16=0.0000000000000000E+0,

  rm21=0.0000000000000000E+0, rm22=1.0000000000000000E+0, rm26=0.0000000000000000E+0,

  rm33=1.0000000000000000E+0, rm34=0.0000000000000000E+0, rm36=0.0000000000000000E+0,

  rm43=0.0000000000000000E+0, rm44=1.0000000000000000E+0, rm46=0.0000000000000000E+0,

  rm51=0.0000000000000000E+0, rm52=0.0000000000000000E+0, rm53=0.0000000000000000E+0, rm54=0.0000000000000000E+0,

  rm55=1, rm66=1;



MAP_0361: matrix, l=1.0159999999999059E-1,

  rm11=1.0000040113991369E+0, rm12=1.0172109555334692E-1, rm16=5.9719535869806606E-6,

  rm21=5.9004230554157508E-7, rm22=9.9999604863646330E-1, rm26=1.0162413900012546E-6,

  rm33=9.9999988782493932E-1, rm34=1.0154585514658952E-1, rm36=9.2981012710796618E-7,

  rm43=1.2412813390671713E-7, rm44=1.0000001247797721E+0, rm46=-6.2402552827769270E-9,

  rm51=-1.0162419428458261E-6, rm52=5.8685568020834300E-6, rm53=6.2403699983718774E-9, rm54=9.3044391518848450E-7,

  rm55=1, rm66=1;



MAP_0362: matrix, l=1.0160000000000480E-1,

  rm11=1.0000018956850700E+0, rm12=1.0172869035870456E-1, rm16=1.3836403645051121E-6,

  rm21=-7.5997953831910592E-7, rm22=9.9999802700694695E-1, rm26=-1.2466914705942106E-6,

  rm33=1.0000000830720381E+0, rm34=1.0164434785640504E-1, rm36=-1.8656802938665784E-7,

  rm43=-1.0046942933623762E-7, rm44=9.9999990671582029E-1, rm46=5.0536601006387349E-9,

  rm51=1.2466927823902530E-6, rm52=1.5104619251772014E-6, rm53=-5.0536417760731350E-9, rm54=-1.8708168796802963E-7,

  rm55=1, rm66=1;



MAP_0363: matrix, l=0.0000000000000000E+0,

  rm11=1.0000000000000000E+0, rm12=0.0000000000000000E+0, rm16=0.0000000000000000E+0,

  rm21=0.0000000000000000E+0, rm22=1.0000000000000000E+0, rm26=0.0000000000000000E+0,

  rm33=1.0000000000000000E+0, rm34=0.0000000000000000E+0, rm36=0.0000000000000000E+0,

  rm43=0.0000000000000000E+0, rm44=1.0000000000000000E+0, rm46=0.0000000000000000E+0,

  rm51=0.0000000000000000E+0, rm52=0.0000000000000000E+0, rm53=0.0000000000000000E+0, rm54=0.0000000000000000E+0,

  rm55=1, rm66=1;



MAP_0364: matrix, l=1.6705000000000325E-1,

  rm11=9.9999771039063878E-1, rm12=1.6725991032510554E-1, rm16=-4.8103651648645496E-6,

  rm21=-9.7537109170841904E-7, rm22=1.0000021264737489E+0, rm26=-1.6397719652862935E-6,

  rm33=9.9999995990242441E-1, rm34=1.6701848732293872E-1, rm36=-4.6059277447607627E-8,

  rm43=6.5178821476739858E-8, rm44=1.0000000509836457E+0, rm46=-3.2753607681970665E-9,

  rm51=1.6397729027401739E-6, rm52=-4.5361072821123873E-6, rm53=3.2753576347736185E-9, rm54=-4.5512233994936337E-8,

  rm55=1, rm66=1;



MAP_0365: matrix, l=1.6704999999998904E-1,

  rm11=9.9999180622214645E-1, rm12=1.6724427916520304E-1, rm16=-1.5475919464602583E-5,

  rm21=1.6872187013880632E-6, rm22=1.0000084760249799E+0, rm26=2.7281055831433754E-6,

  rm33=1.0000000187269340E+0, rm34=1.6706260359452013E-1, rm36=-9.6790871484397911E-8,

  rm43=-1.6280750146807832E-8, rm44=9.9999997855316169E-1, rm46=8.3052936858570015E-10,

  rm51=-2.7281093409130077E-6, rm52=-1.5932310690621931E-5, rm53=-8.3052780831097369E-10, rm54=-9.6929619807217372E-8,

  rm55=1, rm66=1;



MAP_0366: matrix, l=0.0000000000000000E+0,

  rm11=1.0000000000000000E+0, rm12=0.0000000000000000E+0, rm16=0.0000000000000000E+0,

  rm21=0.0000000000000000E+0, rm22=1.0000000000000000E+0, rm26=0.0000000000000000E+0,

  rm33=1.0000000000000000E+0, rm34=0.0000000000000000E+0, rm36=0.0000000000000000E+0,

  rm43=0.0000000000000000E+0, rm44=1.0000000000000000E+0, rm46=0.0000000000000000E+0,

  rm51=0.0000000000000000E+0, rm52=0.0000000000000000E+0, rm53=0.0000000000000000E+0, rm54=0.0000000000000000E+0,

  rm55=1, rm66=1;



MAP_0367: matrix, l=8.2550000000011892E-2,

  rm11=9.9999341210297465E-1, rm12=8.2648454953151790E-2, rm16=-1.2377615844938461E-5,

  rm21=1.9097009683281230E-7, rm22=1.0000066037239135E+0, rm26=2.5930438151723634E-7,

  rm33=1.0000000858406610E+0, rm34=8.2621059805171690E-2, rm36=-5.6550077514455621E-7,

  rm43=-1.3038467586770148E-7, rm44=9.9999990338682732E-1, rm46=6.5934524584934651E-9,

  rm51=-2.5930503700116912E-7, rm52=-1.2399128689791190E-5, rm53=-6.5933792918445129E-9, rm54=-5.6604547853962793E-7,

  rm55=1, rm66=1;



MAP_0368: matrix, l=8.2549999999997681E-2,

  rm11=9.9999176418651792E-1, rm12=8.2652661211603265E-2, rm16=-1.4142682109863358E-5,

  rm21=-8.2227189018091622E-7, rm22=1.0000081679177917E+0, rm26=-1.4349713824031440E-6,

  rm33=9.9999988962269193E-1, rm34=8.2456151452461837E-2, rm36=6.2303468623126079E-7,

  rm43=1.7445243810265238E-7, rm44=1.0000001247619985E+0, rm46=-8.8325683080415357E-9,

  rm51=1.4349711933764371E-6, rm52=-1.4024193422610073E-5, rm53=8.8326760230464576E-9, rm54=6.2376306355243543E-7,

  rm55=1, rm66=1;



MAP_0369: matrix, l=0.0000000000000000E+0,

  rm11=1.0000000000000000E+0, rm12=0.0000000000000000E+0, rm16=0.0000000000000000E+0,

  rm21=0.0000000000000000E+0, rm22=1.0000000000000000E+0, rm26=0.0000000000000000E+0,

  rm33=1.0000000000000000E+0, rm34=0.0000000000000000E+0, rm36=0.0000000000000000E+0,

  rm43=0.0000000000000000E+0, rm44=1.0000000000000000E+0, rm46=0.0000000000000000E+0,

  rm51=0.0000000000000000E+0, rm52=0.0000000000000000E+0, rm53=0.0000000000000000E+0, rm54=0.0000000000000000E+0,

  rm55=1, rm66=1;



MAP_0370: matrix, l=1.4345000000000141E-1,

  rm11=9.9998477075741821E-1, rm12=1.4360414270883917E-1, rm16=-2.7044670159126483E-5,

  rm21=2.3789244071321989E-6, rm22=1.0000155711031180E+0, rm26=3.8080975336765577E-6,

  rm33=1.0000000851875692E+0, rm34=1.4352892648501681E-1, rm36=-5.8961100291021751E-7,

  rm43=-1.3121746211700795E-7, rm44=9.9999989597893812E-1, rm46=6.6664149764653069E-9,

  rm51=-3.8081038764613667E-6, rm52=-2.7591949856149590E-5, rm53=-6.6663381771015555E-9, rm54=-5.9056776496333064E-7,

  rm55=1, rm66=1;



MAP_0371: matrix, l=1.4345000000000141E-1,

  rm11=9.9997990558444483E-1, rm12=1.4361271556547681E-1, rm16=-3.4159867654759424E-5,

  rm21=-1.5373695226021599E-7, rm22=1.0000200727403241E+0, rm26=-4.2965025414884450E-7,

  rm33=1.0000000272981557E+0, rm34=1.4348963019131208E-1, rm36=4.5587323502238597E-7,

  rm43=-5.8559960837024939E-8, rm44=9.9999996429909821E-1, rm46=2.9725538155077336E-9,

  rm51=4.2964687221203709E-7, rm52=-3.4098850097170654E-5, rm53=-2.9725805925717600E-9, rm54=4.5544668809958939E-7,

  rm55=1, rm66=1;



MAP_0372: matrix, l=0.0000000000000000E+0,

  rm11=1.0000000000000000E+0, rm12=0.0000000000000000E+0, rm16=0.0000000000000000E+0,

  rm21=0.0000000000000000E+0, rm22=1.0000000000000000E+0, rm26=0.0000000000000000E+0,

  rm33=1.0000000000000000E+0, rm34=0.0000000000000000E+0, rm36=0.0000000000000000E+0,

  rm43=0.0000000000000000E+0, rm44=1.0000000000000000E+0, rm46=0.0000000000000000E+0,

  rm51=0.0000000000000000E+0, rm52=0.0000000000000000E+0, rm53=0.0000000000000000E+0, rm54=0.0000000000000000E+0,

  rm55=1, rm66=1;



MAP_0373: matrix, l=3.9689999999998804E-1,

  rm11=1.0296277286277935E+0, rm12=4.0122824293673082E-1, rm16=-1.0913484152030861E-4,

  rm21=1.5034304066712051E-1, rm22=1.0298109156964403E+0, rm26=-1.4019675027954204E-5,

  rm33=9.7059989599240659E-1, rm34=3.9302187392031107E-1, rm36=4.9591567598955555E-7,

  rm43=-1.4741846874784520E-1, rm44=9.7059696900032344E-1, rm46=5.3545099535853846E-7,

  rm51=-1.9726177617552238E-6, rm52=-1.0676316150240488E-4, rm53=-5.9281580998646085E-7, rm54=2.7089029840690053E-7,

  rm55=1, rm66=1;



MAP_0374: matrix, l=3.9690000000000225E-1,

  rm11=1.0295722461371231E+0, rm12=4.0118527126886794E-1, rm16=-1.1479849369178119E-4,

  rm21=1.5031045350468919E-1, rm22=1.0298474381394791E+0, rm26=-3.2186397885936024E-5,

  rm33=9.7058306808634187E-1, rm34=3.9289132313875852E-1, rm36=-3.2261531850152902E-7,

  rm43=-1.4741272740967737E-1, rm44=9.7063595013869752E-1, rm46=-1.9464872526471499E-7,

  rm51=1.5882808318019470E-5, rm52=-1.0531222586371504E-4, rm53=2.3648036097097467E-7, rm54=-2.3666623098650359E-7,

  rm55=1, rm66=1;



MAP_0375: matrix, l=0.0000000000000000E+0,

  rm11=1.0000000000000000E+0, rm12=0.0000000000000000E+0, rm16=0.0000000000000000E+0,

  rm21=0.0000000000000000E+0, rm22=1.0000000000000000E+0, rm26=0.0000000000000000E+0,

  rm33=1.0000000000000000E+0, rm34=0.0000000000000000E+0, rm36=0.0000000000000000E+0,

  rm43=0.0000000000000000E+0, rm44=1.0000000000000000E+0, rm46=0.0000000000000000E+0,

  rm51=0.0000000000000000E+0, rm52=0.0000000000000000E+0, rm53=0.0000000000000000E+0, rm54=0.0000000000000000E+0,

  rm55=1, rm66=1;



MAP_0376: matrix, l=2.5000000000000000E-1,

  rm11=9.9991882521386799E-1, rm12=2.5018447549312889E-1, rm16=-5.6732794644354101E-5,

  rm21=-2.6739314904217095E-5, rm22=1.0000744910714543E+0, rm26=-1.1952671576498375E-5,

  rm33=1.0000213960650892E+0, rm34=2.5006654395980521E-1, rm36=-3.2516633347717816E-7,

  rm43=-7.7740543277705152E-6, rm44=9.9997666040338784E-1, rm46=3.8566293549327502E-8,

  rm51=1.1953218317000837E-5, rm52=-5.3746647861905884E-5, rm53=-3.8564590855512525E-8, rm54=-3.3480288396734258E-7,

  rm55=1, rm66=1;



MAP_0377: matrix, l=2.5000000000000000E-1,

  rm11=9.9991567656331248E-1, rm12=2.5020700392381434E-1, rm16=-6.2822520218830391E-5,

  rm21=-2.8241057388579887E-5, rm22=1.0000772638414830E+0, rm26=-1.6882955953145817E-5,

  rm33=9.9998356662403187E-1, rm34=2.4995285447802229E-1, rm36=-1.9421015493709115E-7,

  rm43=6.5816836475360360E-6, rm44=1.0000180787836785E+0, rm46=-3.3127358250659156E-8,

  rm51=1.6883306498677198E-5, rm52=-5.8603140301659804E-5, rm53=3.3125535626525259E-8, rm54=-1.8593338826440211E-7,

  rm55=1, rm66=1;



MAP_0378: matrix, l=0.0000000000000000E+0,

  rm11=1.0000000000000000E+0, rm12=0.0000000000000000E+0, rm16=0.0000000000000000E+0,

  rm21=0.0000000000000000E+0, rm22=1.0000000000000000E+0, rm26=0.0000000000000000E+0,

  rm33=1.0000000000000000E+0, rm34=0.0000000000000000E+0, rm36=0.0000000000000000E+0,

  rm43=0.0000000000000000E+0, rm44=1.0000000000000000E+0, rm46=0.0000000000000000E+0,

  rm51=0.0000000000000000E+0, rm52=0.0000000000000000E+0, rm53=0.0000000000000000E+0, rm54=0.0000000000000000E+0,

  rm55=1, rm66=1;



MAP_0379: matrix, l=3.9690000000000225E-1,

  rm11=9.6527393670510020E-1, rm12=3.9255616562501922E-1, rm16=-7.0307438095884578E-5,

  rm21=-1.7351267444316851E-1, rm22=9.6541146963335789E-1, rm26=-1.9963474850726026E-6,

  rm33=1.0350422863694839E+0, rm34=4.0153841403269191E-1, rm36=4.0076589949422647E-8,

  rm43=1.7757608103731018E-1, rm44=1.0350336716266626E+0, rm46=5.4202418458930424E-8,

  rm51=1.4126253813211801E-5, rm52=-6.7091928624309012E-5, rm53=-4.8985151343929136E-8, rm54=1.9716266896891899E-8,

  rm55=1, rm66=1;



MAP_0380: matrix, l=3.9690000000000225E-1,

  rm11=9.6531898918140291E-1, rm12=3.9257954024376041E-1, rm16=-7.4725393838015464E-5,

  rm21=-1.7349782261100388E-1, rm22=9.6536825133454218E-1, rm26=7.4649257810754932E-6,

  rm33=1.0350419739030827E+0, rm34=4.0154505500288007E-1, rm36=-1.7392976117691639E-7,

  rm43=1.7757684127282447E-1, rm44=1.0350354183766142E+0, rm46=-6.9586765522999111E-8,

  rm51=5.7586585153434202E-6, rm52=-7.5068099910778374E-5, rm53=4.1139325551322426E-8, rm54=-1.5208124153848904E-7,

  rm55=1, rm66=1;



MAP_0381: matrix, l=0.0000000000000000E+0,

  rm11=1.0000000000000000E+0, rm12=0.0000000000000000E+0, rm16=0.0000000000000000E+0,

  rm21=0.0000000000000000E+0, rm22=1.0000000000000000E+0, rm26=0.0000000000000000E+0,

  rm33=1.0000000000000000E+0, rm34=0.0000000000000000E+0, rm36=0.0000000000000000E+0,

  rm43=0.0000000000000000E+0, rm44=1.0000000000000000E+0, rm46=0.0000000000000000E+0,

  rm51=0.0000000000000000E+0, rm52=0.0000000000000000E+0, rm53=0.0000000000000000E+0, rm54=0.0000000000000000E+0,

  rm55=1, rm66=1;



MAP_0382: matrix, l=2.9489999999999839E-1,

  rm11=9.9999964866253888E-1, rm12=2.9504660922021791E-1, rm16=-4.0135032783883418E-5,

  rm21=3.2058435714603637E-6, rm22=1.0000012972111925E+0, rm26=6.6852245303450353E-6,

  rm33=9.9999907833096946E-1, rm34=2.9488702072381295E-1, rm36=1.6346503576430971E-7,

  rm43=2.8815284055240771E-7, rm44=1.0000010066424909E+0, rm46=-8.3020188332456890E-9,

  rm51=-6.6853508482120623E-6, rm52=-4.2107537677051281E-5, rm53=8.3020582844464246E-9, rm54=1.6591335791488930E-7,

  rm55=1, rm66=1;



MAP_0383: matrix, l=2.9489999999999839E-1,

  rm11=9.9999863212381790E-1, rm12=2.9507039430453308E-1, rm16=-4.9650721563487821E-5,

  rm21=2.8118475450986543E-6, rm22=1.0000021975721518E+0, rm26=5.3558267098519075E-6,

  rm33=9.9999856849958180E-1, rm34=2.9487863147608251E-1, rm36=1.6994968220218620E-7,

  rm43=4.6848956766728726E-7, rm44=1.0000015696502278E+0, rm46=-1.3414742674328073E-8,

  rm51=-5.3559589940036560E-6, rm52=-5.1231176573633595E-5, rm53=1.3414803090771465E-8, rm54=1.7390566992515325E-7,

  rm55=1, rm66=1;



MAP_0384: matrix, l=0.0000000000000000E+0,

  rm11=1.0000000000000000E+0, rm12=0.0000000000000000E+0, rm16=0.0000000000000000E+0,

  rm21=3.1472315031353796E-3, rm22=1.0000000000000000E+0, rm26=-6.4661932980270009E-7,

  rm33=1.0000000000000000E+0, rm34=0.0000000000000000E+0, rm36=0.0000000000000000E+0,

  rm43=-3.1471511933284370E-3, rm44=1.0000000000000000E+0, rm46=3.3826842517565084E-7,

  rm51=6.4661932980270009E-7, rm52=0.0000000000000000E+0, rm53=-3.3826842517565084E-7, rm54=0.0000000000000000E+0,

  rm55=1, rm66=1;



MAP_0385: matrix, l=1.5240000000000009E+0,

  rm11=9.9761432982079412E-1, rm12=1.5234011176091007E+0, rm16=-5.2854749371956444E-2,

  rm21=-3.1111194761791715E-3, rm22=9.9764055844281641E-1, rm26=-6.9095713850721135E-2,

  rm33=1.0000010597307754E+0, rm34=1.5240187752287846E+0, rm36=-5.7831634086777384E-7,

  rm43=-1.0077691593430257E-7, rm44=9.9999878668459841E-1, rm46=1.7065327638423472E-9,

  rm51=6.9095311706856191E-2, rm52=5.2530446022393470E-2, rm53=-1.7064762913703691E-9, rm54=-5.8091642716028923E-7,

  rm55=1, rm66=1;



MAP_0386: matrix, l=1.5240000000000009E+0,

  rm11=9.9760582491017036E-1, rm12=1.5232053877754197E+0, rm16=-5.2794743507045494E-2,

  rm21=-3.1204972235843375E-3, rm22=9.9763535553344973E-1, rm26=-6.9118675345257841E-2,

  rm33=1.0000004790449919E+0, rm34=1.5240068978848516E+0, rm36=4.2624726322160189E-7,

  rm43=2.6290060320198276E-7, rm44=9.9999992161737861E-1, rm46=-8.0566017210490642E-9,

  rm51=6.9117938985037777E-2, rm52=5.2612035972848185E-2, rm53=8.0567176411863847E-9, rm54=4.3852554640761379E-7,

  rm55=1, rm66=1;



MAP_0387: matrix, l=0.0000000000000000E+0,

  rm11=1.0000000000000000E+0, rm12=0.0000000000000000E+0, rm16=0.0000000000000000E+0,

  rm21=3.1471517917157740E-3, rm22=1.0000000000000000E+0, rm26=-4.2975740355277736E-7,

  rm33=1.0000000000000000E+0, rm34=0.0000000000000000E+0, rm36=0.0000000000000000E+0,

  rm43=-3.1472093801514591E-3, rm44=1.0000000000000000E+0, rm46=1.7617778659160740E-7,

  rm51=4.2975740355277736E-7, rm52=0.0000000000000000E+0, rm53=-1.7617778659160740E-7, rm54=0.0000000000000000E+0,

  rm55=1, rm66=1;



MAP_0388: matrix, l=2.9489999999999839E-1,

  rm11=9.9999790084523121E-1, rm12=2.9494714659588089E-1, rm16=-9.1695681356807057E-6,

  rm21=1.2005525145110903E-6, rm22=1.0000024532594569E+0, rm26=1.3966919210628426E-6,

  rm33=9.9999995750143678E-1, rm34=2.9489134531719402E-1, rm36=-8.3124020778049812E-7,

  rm43=3.6048841309327784E-7, rm44=1.0000001488034824E+0, rm46=-1.0012512859395792E-8,

  rm51=-1.3966999977384183E-6, rm52=-9.5815409278014545E-6, rm53=1.0012212781414979E-8, rm54=-8.2828772808482286E-7,

  rm55=1, rm66=1;



MAP_0389: matrix, l=2.9489999999999839E-1,

  rm11=9.9999800903520686E-1, rm12=2.9494316640837814E-1, rm16=-8.4203005805694175E-6,

  rm21=1.1631389957188597E-6, rm22=1.0000023340293385E+0, rm26=1.3140788368282141E-6,

  rm33=1.0000000407488461E+0, rm34=2.9489516619412554E-1, rm36=1.7160224716206152E-7,

  rm43=2.5660398174988070E-7, rm44=1.0000000349224263E+0, rm46=-7.1205858937026939E-9,

  rm51=-1.3140860145234754E-6, rm52=-8.8078988068423642E-6, rm53=7.1206302176782510E-9, rm54=1.7370207951535136E-7,

  rm55=1, rm66=1;



MAP_0390: matrix, l=0.0000000000000000E+0,

  rm11=1.0000000000000000E+0, rm12=0.0000000000000000E+0, rm16=0.0000000000000000E+0,

  rm21=0.0000000000000000E+0, rm22=1.0000000000000000E+0, rm26=0.0000000000000000E+0,

  rm33=1.0000000000000000E+0, rm34=0.0000000000000000E+0, rm36=0.0000000000000000E+0,

  rm43=0.0000000000000000E+0, rm44=1.0000000000000000E+0, rm46=0.0000000000000000E+0,

  rm51=0.0000000000000000E+0, rm52=0.0000000000000000E+0, rm53=0.0000000000000000E+0, rm54=0.0000000000000000E+0,

  rm55=1, rm66=1;



MAP_0391: matrix, l=2.1144999999999925E-1,

  rm11=9.9412828777189954E-1, rm12=2.1107972588219451E-1, rm16=-8.6883934251602568E-6,

  rm21=-5.5461775149924279E-2, rm22=9.9413039127921432E-1, rm26=1.2362089678863430E-6,

  rm33=1.0058809078962176E+0, rm34=2.1187931593231193E-1, rm36=-4.0468629431203440E-7,

  rm43=5.5679839438770078E-2, rm44=1.0058819074393848E+0, rm46=-1.0695071185029786E-7,

  rm51=-7.4707658201279865E-7, rm52=-8.8983346054168792E-6, rm53=8.5046811245759446E-8, rm54=-3.8440597797185051E-7,

  rm55=1, rm66=1;



MAP_0392: matrix, l=2.1144999999999925E-1,

  rm11=9.9413057818842521E-1, rm12=2.1106558755057020E-1, rm16=-5.7762167882113857E-6,

  rm21=-5.5461625193122956E-2, rm22=9.9412892146728149E-1, rm26=1.7112010666786581E-6,

  rm33=1.0058819459030222E+0, rm34=2.1185097509557074E-1, rm36=1.9666287391639781E-7,

  rm43=5.5680714285764113E-2, rm44=1.0058794849003136E+0, rm46=-8.4770607475638873E-8,

  rm51=-1.3807989352718999E-6, rm52=-6.1034798243814831E-6, rm53=9.6219552896133105E-8, rm54=2.1577788616719954E-7,

  rm55=1, rm66=1;



MAP_0393: matrix, l=0.0000000000000000E+0,

  rm11=1.0000000000000000E+0, rm12=0.0000000000000000E+0, rm16=0.0000000000000000E+0,

  rm21=0.0000000000000000E+0, rm22=1.0000000000000000E+0, rm26=0.0000000000000000E+0,

  rm33=1.0000000000000000E+0, rm34=0.0000000000000000E+0, rm36=0.0000000000000000E+0,

  rm43=0.0000000000000000E+0, rm44=1.0000000000000000E+0, rm46=0.0000000000000000E+0,

  rm51=0.0000000000000000E+0, rm52=0.0000000000000000E+0, rm53=0.0000000000000000E+0, rm54=0.0000000000000000E+0,

  rm55=1, rm66=1;



MAP_0394: matrix, l=2.9470000000000596E-1,

  rm11=1.0000039693629044E+0, rm12=2.9476954298295460E-1, rm16=-1.4387730041587332E-5,

  rm21=7.8780190573219257E-7, rm22=9.9999626287193721E-1, rm26=2.0301955087065338E-6,

  rm33=9.9999733934626711E-1, rm34=2.9472079328818879E-1, rm36=-4.7829727718370907E-7,

  rm43=-7.8284279008276205E-7, rm44=1.0000024299401502E+0, rm46=1.7491626665535123E-8,

  rm51=-2.0302149019704205E-6, rm52=-1.4986116075065106E-5, rm53=-1.7491205694798383E-8, rm54=-4.8345358550423393E-7,

  rm55=1, rm66=1;



MAP_0395: matrix, l=2.9469999999999175E-1,

  rm11=1.0000009760889277E+0, rm12=2.9471368321179170E-1, rm16=-2.8235241815721679E-6,

  rm21=1.5767368592839446E-6, rm22=9.9999948859749876E-1, rm26=2.0095880756687556E-6,

  rm33=1.0000005599737176E+0, rm34=2.9469611400078560E-1, rm36=4.7434926730635651E-7,

  rm43=2.8821283075371015E-7, rm44=9.9999952496174949E-1, rm46=-7.2947435609399536E-9,

  rm51=-2.0095944891600757E-6, rm52=-3.4157758411336748E-6, rm53=7.2948843593497206E-9, rm54=4.7649877455235168E-7,

  rm55=1, rm66=1;



MAP_0396: matrix, l=0.0000000000000000E+0,

  rm11=1.0000000000000000E+0, rm12=0.0000000000000000E+0, rm16=0.0000000000000000E+0,

  rm21=1.9345315899758318E-3, rm22=1.0000000000000000E+0, rm26=-2.8114656186462028E-7,

  rm33=1.0000000000000000E+0, rm34=0.0000000000000000E+0, rm36=0.0000000000000000E+0,

  rm43=-1.9344419789925986E-3, rm44=1.0000000000000000E+0, rm46=-6.6722163289561522E-7,

  rm51=2.8114656186462028E-7, rm52=0.0000000000000000E+0, rm53=6.6722163289561522E-7, rm54=0.0000000000000000E+0,

  rm55=1, rm66=1;



MAP_0397: matrix, l=1.5240000000000009E+0,

  rm11=9.9854455570165646E-1, rm12=1.5234270837343153E+0, rm16=-4.1372488395966633E-2,

  rm21=-1.9199222147412462E-3, rm22=9.9852844102562466E-1, rm26=-5.4230144776117289E-2,

  rm33=9.9999643445835062E-1, rm34=1.5240253560423971E+0, rm36=2.2443019985149415E-7,

  rm43=-4.9816322074138162E-7, rm44=1.0000028063382755E+0, rm46=9.6498723324133645E-9,

  rm51=5.4230647780655089E-2, rm52=4.1304064967394777E-2, rm53=-9.6499497282628417E-9, rm54=2.0972417956138421E-7,

  rm55=1, rm66=1;



MAP_0398: matrix, l=1.5240000000000009E+0,

  rm11=9.9853742042388915E-1, rm12=1.5233120822789430E+0, rm16=-4.1350379374649304E-2,

  rm21=-1.9217692021298322E-3, rm22=9.9853297969722221E-1, rm26=-5.4238217782914849E-2,

  rm33=1.0000031432747696E+0, rm34=1.5239768760973866E+0, rm36=1.1041379444978738E-6,

  rm43=5.6218056068735547E-7, rm44=9.9999771348259214E-1, rm46=-1.3737337767110933E-8,

  rm51=5.4238355958919487E-2, rm52=4.1332014941411685E-2, rm53=1.3738001672226851E-8, rm54=1.1250708049634595E-6,

  rm55=1, rm66=1;



MAP_0399: matrix, l=0.0000000000000000E+0,

  rm11=1.0000000000000000E+0, rm12=0.0000000000000000E+0, rm16=0.0000000000000000E+0,

  rm21=1.9345930024214490E-3, rm22=1.0000000000000000E+0, rm26=4.2754631091046491E-7,

  rm33=1.0000000000000000E+0, rm34=0.0000000000000000E+0, rm36=0.0000000000000000E+0,

  rm43=-1.9344832112739676E-3, rm44=1.0000000000000000E+0, rm46=5.7038201657470811E-10,

  rm51=-4.2754631091046491E-7, rm52=0.0000000000000000E+0, rm53=-5.7038201657470811E-10, rm54=0.0000000000000000E+0,

  rm55=1, rm66=1;



MAP_0400: matrix, l=3.8045000000001039E-1,

  rm11=1.0000006990974930E+0, rm12=3.8048958949205086E-1, rm16=-6.6827601595265129E-6,

  rm21=7.5978311265220558E-7, rm22=9.9999958999235850E-1, rm26=3.9409263608014555E-7,

  rm33=9.9999630457040001E-1, rm34=3.8048387727934113E-1, rm36=2.4254729231315553E-7,

  rm43=-4.5174117822553971E-7, rm44=1.0000035235623859E+0, rm46=9.6328681342336409E-9,

  rm51=-3.9409798903763455E-7, rm52=-6.8327055648677557E-6, rm53=-9.6329421052472110E-9, rm54=2.3888299592663768E-7,

  rm55=1, rm66=1;



MAP_0401: matrix, l=3.8044999999999618E-1,

  rm11=1.0000001524396900E+0, rm12=3.8042084766083362E-1, rm16=4.5983396289028811E-6,

  rm21=2.0275366156926498E-6, rm22=1.0000006188774138E+0, rm26=6.3514538620190741E-7,

  rm33=9.9999717955646661E-1, rm34=3.8047654317128182E-1, rm36=2.2638021723864199E-7,

  rm43=-3.7461751368839578E-7, rm44=1.0000026779179099E+0, rm46=8.5968761781660824E-9,

  rm51=-6.3513615972130419E-7, rm52=4.3567199285046212E-6, rm53=-8.5969367371563878E-9, rm54=2.2310991373593999E-7,

  rm55=1, rm66=1;



MAP_0402: matrix, l=0.0000000000000000E+0,

  rm11=1.0000000000000000E+0, rm12=0.0000000000000000E+0, rm16=0.0000000000000000E+0,

  rm21=0.0000000000000000E+0, rm22=1.0000000000000000E+0, rm26=0.0000000000000000E+0,

  rm33=1.0000000000000000E+0, rm34=0.0000000000000000E+0, rm36=0.0000000000000000E+0,

  rm43=0.0000000000000000E+0, rm44=1.0000000000000000E+0, rm46=0.0000000000000000E+0,

  rm51=0.0000000000000000E+0, rm52=0.0000000000000000E+0, rm53=0.0000000000000000E+0, rm54=0.0000000000000000E+0,

  rm55=1, rm66=1;



MAP_0403: matrix, l=3.3339999999999748E-1,

  rm11=1.0136960423484318E+0, rm12=3.3497360210767890E-1, rm16=-8.2841293069235711E-6,

  rm21=8.2346445469737434E-2, rm22=1.0137002045299059E+0, rm26=-4.4895998482785693E-7,

  rm33=9.8636915699384797E-1, rm34=3.3185606171652288E-1, rm36=-1.7353707151834818E-9,

  rm43=-8.1599093783498139E-2, rm44=9.8636584406444427E-1, rm46=2.7026014515945176E-8,

  rm51=-2.2705964244402509E-7, rm52=-8.2472338294606150E-6, rm53=-2.6516022477258948E-8, rm54=-1.0680457141401818E-8,

  rm55=1, rm66=1;



MAP_0404: matrix, l=3.3339999999999748E-1,

  rm11=1.0136965987989663E+0, rm12=3.3491506896281548E-1, rm16=5.3508401678947770E-7,

  rm21=8.2347307228291908E-2, rm22=1.0136951779228098E+0, rm26=4.0047054455927267E-7,

  rm33=9.8636545483875382E-1, rm34=3.3192651381182248E-1, rm36=3.1241850976387875E-7,

  rm43=-8.1599331508890122E-2, rm44=9.8636363792964177E-1, rm46=-5.8092894257219529E-8,

  rm51=-3.6189290101539298E-7, rm52=4.0828846755441637E-7, rm53=3.1807682519185802E-8, rm54=3.2744082971529446E-7,

  rm55=1, rm66=1;



MAP_0405: matrix, l=0.0000000000000000E+0,

  rm11=1.0000000000000000E+0, rm12=0.0000000000000000E+0, rm16=0.0000000000000000E+0,

  rm21=0.0000000000000000E+0, rm22=1.0000000000000000E+0, rm26=0.0000000000000000E+0,

  rm33=1.0000000000000000E+0, rm34=0.0000000000000000E+0, rm36=0.0000000000000000E+0,

  rm43=0.0000000000000000E+0, rm44=1.0000000000000000E+0, rm46=0.0000000000000000E+0,

  rm51=0.0000000000000000E+0, rm52=0.0000000000000000E+0, rm53=0.0000000000000000E+0, rm54=0.0000000000000000E+0,

  rm55=1, rm66=1;



MAP_0406: matrix, l=2.0895000000000152E-1,

  rm11=9.9999778688091645E-1, rm12=2.0896363239287941E-1, rm16=-2.2319934315229162E-6,

  rm21=5.1579992352475615E-8, rm22=1.0000022239023481E+0, rm26=-2.7129965712857640E-7,

  rm33=1.0000000088274725E+0, rm34=2.0895008347649499E-1, rm36=-5.8860630973434080E-7,

  rm43=3.0358024491237182E-8, rm44=9.9999999751583935E-1, rm46=-1.0407204941581538E-9,

  rm51=2.7129894158392368E-7, rm52=-2.1753066334378194E-6, rm53=1.0407026344203188E-9, rm54=-5.8838884963801809E-7,

  rm55=1, rm66=1;



MAP_0407: matrix, l=2.0895000000000152E-1,

  rm11=1.0000031704760239E+0, rm12=2.0893081808477523E-1, rm16=2.9369515848753913E-6,

  rm21=1.1972648694404769E-6, rm22=9.9999707967876317E-1, rm26=5.8185041282299288E-7,

  rm33=9.9999690673070452E-1, rm34=2.0889911346671008E-1, rm36=3.0439450321440020E-7,

  rm43=3.9352876189801889E-7, rm44=1.0000031754869276E+0, rm46=4.0878645954367521E-11,

  rm51=-5.8184874125682036E-7, rm52=2.8153765252792346E-6, rm53=-4.0758731513728618E-11, rm54=3.0438693030226643E-7,

  rm55=1, rm66=1;



MAP_0408: matrix, l=0.0000000000000000E+0,

  rm11=1.0000000000000000E+0, rm12=0.0000000000000000E+0, rm16=0.0000000000000000E+0,

  rm21=1.9344756772820446E-3, rm22=1.0000000000000000E+0, rm26=2.4455366010034396E-8,

  rm33=1.0000000000000000E+0, rm34=0.0000000000000000E+0, rm36=0.0000000000000000E+0,

  rm43=-1.9345004191079281E-3, rm44=1.0000000000000000E+0, rm46=3.4121050617244575E-7,

  rm51=-2.4455366010034396E-8, rm52=0.0000000000000000E+0, rm53=-3.4121050617244575E-7, rm54=0.0000000000000000E+0,

  rm55=1, rm66=1;



MAP_0409: matrix, l=1.5240000000000009E+0,

  rm11=9.9852275721361072E-1, rm12=1.5232940409067608E+0, rm16=-4.1349547239419006E-2,

  rm21=-1.9306831208709125E-3, rm22=9.9853407917251946E-1, rm26=-5.4244133654297685E-2,

  rm33=1.0000032712607876E+0, rm34=1.5240555816407013E+0, rm36=8.2663369978946966E-7,

  rm43=-3.5647310625170135E-7, rm44=9.9999618546686353E-1, rm46=-4.4379735225294481E-9,

  rm51=5.4243834772063737E-2, rm52=4.1340833472827687E-2, rm53=4.4376933676155122E-9, rm54=8.3339426488601466E-7,

  rm55=1, rm66=1;



MAP_0410: matrix, l=1.5240000000000009E+0,

  rm11=9.9852243518769312E-1, rm12=1.5232912056213694E+0, rm16=-4.1347003389676215E-2,

  rm21=-1.9322218192163365E-3, rm22=9.9853205933030464E-1, rm26=-5.4243955365466098E-2,

  rm33=1.0000008637101916E+0, rm34=1.5240139143113831E+0, rm36=-2.6424675037342582E-7,

  rm43=8.7812965131579583E-9, rm44=9.9999914967336112E-1, rm46=-3.7772331694732597E-9,

  rm51=5.4243697987846486E-2, rm52=4.1343031724502134E-2, rm53=3.7772341114789771E-9, rm54=-2.5848996976949902E-7,

  rm55=1, rm66=1;



MAP_0411: matrix, l=0.0000000000000000E+0,

  rm11=1.0000000000000000E+0, rm12=0.0000000000000000E+0, rm16=0.0000000000000000E+0,

  rm21=1.9344381482854591E-3, rm22=1.0000000000000000E+0, rm26=5.3594775607096468E-8,

  rm33=1.0000000000000000E+0, rm34=0.0000000000000000E+0, rm36=0.0000000000000000E+0,

  rm43=-1.9345000675003985E-3, rm44=1.0000000000000000E+0, rm46=-2.7531418367483795E-7,

  rm51=-5.3594775607096468E-8, rm52=0.0000000000000000E+0, rm53=2.7531418367483795E-7, rm54=0.0000000000000000E+0,

  rm55=1, rm66=1;



MAP_0412: matrix, l=8.8034999999999286E-1,

  rm11=9.9999973844631362E-1, rm12=8.8035235655460853E-1, rm16=-7.8637046073415373E-7,

  rm21=1.0789840231324057E-8, rm22=1.0000002710526186E+0, rm26=-5.6487227013957142E-9,

  rm33=1.0000001676511554E+0, rm34=8.8035293494694533E-1, rm36=9.2364556629823125E-7,

  rm43=1.1530967653440707E-8, rm44=9.9999984250019236E-1, rm46=-8.8841209042178626E-10,

  rm51=5.6487127391398341E-9, rm52=-7.8139780754022907E-7, rm53=8.8842288989224791E-10, rm54=9.2442753701547745E-7,

  rm55=1, rm66=1;



MAP_0413: matrix, l=8.8035000000000707E-1,

  rm11=1.0000123804671506E+0, rm12=8.8023466685799323E-1, rm16=1.2606893474848002E-6,

  rm21=1.3268359804674138E-6, rm22=9.9998878759869159E-1, rm26=8.8871507909760172E-8,

  rm33=9.9999963692899108E-1, rm34=8.8034112472935044E-1, rm36=-1.1710753480657921E-7,

  rm43=2.7794171760117157E-7, rm44=1.0000006077547536E+0, rm46=-1.8290627684311445E-9,

  rm51=-8.8870935452558035E-8, rm52=1.1824474299717957E-6, rm53=1.8290295552821116E-9, rm54=-1.1549740680447892E-7,

  rm55=1, rm66=1;



MAP_0414: matrix, l=0.0000000000000000E+0,

  rm11=1.0000000000000000E+0, rm12=0.0000000000000000E+0, rm16=0.0000000000000000E+0,

  rm21=0.0000000000000000E+0, rm22=1.0000000000000000E+0, rm26=0.0000000000000000E+0,

  rm33=1.0000000000000000E+0, rm34=0.0000000000000000E+0, rm36=0.0000000000000000E+0,

  rm43=0.0000000000000000E+0, rm44=1.0000000000000000E+0, rm46=0.0000000000000000E+0,

  rm51=0.0000000000000000E+0, rm52=0.0000000000000000E+0, rm53=0.0000000000000000E+0, rm54=0.0000000000000000E+0,

  rm55=1, rm66=1;



MAP_0415: matrix, l=2.1144999999999925E-1,

  rm11=9.9221583120757584E-1, rm12=2.1089935236988167E-1, rm16=1.0853320779602438E-7,

  rm21=-7.3532529462521590E-2, rm22=9.9221561095236654E-1, rm26=-2.0629083051677821E-7,

  rm33=1.0078045185796631E+0, rm34=2.1199854429431866E-1, rm36=-1.5993540468384193E-7,

  rm43=7.3915730480240235E-2, rm44=1.0078045975559666E+0, rm46=6.8308238006416222E-7,

  rm51=1.9670430657178312E-7, rm52=1.5119494563778601E-7, rm53=-7.0023525145767250E-7, rm54=-3.0599610635905088E-7,

  rm55=1, rm66=1;



MAP_0416: matrix, l=2.1144999999999925E-1,

  rm11=9.9221576293405533E-1, rm12=2.1089608518206923E-1, rm16=3.8340633727595996E-7,

  rm21=-7.3532582864770615E-2, rm22=9.9221591000457143E-1, rm26=-4.4054202434943776E-7,

  rm33=1.0078034426867901E+0, rm34=2.1204460852640855E-1, rm36=7.1167706009594989E-7,

  rm43=7.3915054882020770E-2, rm44=1.0078089098097296E+0, rm46=4.4071338609324301E-8,

  rm51=4.0891988252776784E-7, rm52=4.7333045613526653E-7, rm53=8.1884021809750439E-9, rm54=7.0788939232924370E-7,

  rm55=1, rm66=1;



MAP_0417: matrix, l=0.0000000000000000E+0,

  rm11=1.0000000000000000E+0, rm12=0.0000000000000000E+0, rm16=0.0000000000000000E+0,

  rm21=0.0000000000000000E+0, rm22=1.0000000000000000E+0, rm26=0.0000000000000000E+0,

  rm33=1.0000000000000000E+0, rm34=0.0000000000000000E+0, rm36=0.0000000000000000E+0,

  rm43=0.0000000000000000E+0, rm44=1.0000000000000000E+0, rm46=0.0000000000000000E+0,

  rm51=0.0000000000000000E+0, rm52=0.0000000000000000E+0, rm53=0.0000000000000000E+0, rm54=0.0000000000000000E+0,

  rm55=1, rm66=1;



MAP_0418: matrix, l=5.6119999999999948E-1,

  rm11=1.0000034292509707E+0, rm12=5.6126898132594394E-1, rm16=-6.8681592929609181E-7,

  rm21=-2.0233581924397863E-7, rm22=9.9999645719635910E-1, rm26=3.0943933137638630E-8,

  rm33=1.0000014409881572E+0, rm34=5.6118644206195900E-1, rm36=-3.5705665109818374E-7,

  rm43=2.6990793791767745E-7, rm44=9.9999871048237654E-1, rm46=-6.1585611762192405E-9,

  rm51=-3.0943900284687658E-8, rm52=-7.0418136587249743E-7, rm53=6.1584736782085439E-9, rm54=-3.5360008963263615E-7,

  rm55=1, rm66=1;



MAP_0419: matrix, l=5.6119999999999948E-1,

  rm11=1.0000002848151224E+0, rm12=5.6120553397359518E-1, rm16=-1.8385347691496357E-7,

  rm21=-1.1051529980493446E-8, rm22=9.9999970898278112E-1, rm26=1.9683045202403826E-9,

  rm33=1.0000002851200571E+0, rm34=5.6119750001001145E-1, rm36=-3.1619305825795335E-7,

  rm43=1.3360008506851694E-7, rm44=9.9999978985603633E-1, rm46=-1.7684030290468500E-9,

  rm51=-1.9683030489810633E-9, rm52=-1.8495804679974018E-7, rm53=1.7683612898345414E-9, rm54=-3.1520056845297957E-7,

  rm55=1, rm66=1;



MAP_0420: matrix, l=0.0000000000000000E+0,

  rm11=1.0000000000000000E+0, rm12=0.0000000000000000E+0, rm16=0.0000000000000000E+0,

  rm21=0.0000000000000000E+0, rm22=1.0000000000000000E+0, rm26=0.0000000000000000E+0,

  rm33=1.0000000000000000E+0, rm34=0.0000000000000000E+0, rm36=0.0000000000000000E+0,

  rm43=0.0000000000000000E+0, rm44=1.0000000000000000E+0, rm46=0.0000000000000000E+0,

  rm51=0.0000000000000000E+0, rm52=0.0000000000000000E+0, rm53=0.0000000000000000E+0, rm54=0.0000000000000000E+0,

  rm55=1, rm66=1;



MAP_0421: matrix, l=8.2549999999997681E-2,

  rm11=9.9999953754380777E-1, rm12=8.2541321762372735E-2, rm16=6.7457489651145952E-7,

  rm21=3.4507892266570016E-8, rm22=1.0000004653047345E+0, rm26=-5.0087209210909756E-9,

  rm33=9.9999947002083867E-1, rm34=8.2555291106365017E-2, rm36=2.4798121904881509E-8,

  rm43=-6.9032778958108582E-8, rm44=1.0000005242804180E+0, rm46=1.8727082883550350E-9,

  rm51=5.0087418829348247E-9, rm52=6.7498863683951835E-7, rm53=-1.8727090077419348E-9, rm54=2.4643532928148775E-8,

  rm55=1, rm66=1;



MAP_0422: matrix, l=8.2549999999997681E-2,

  rm11=1.0000016864221757E+0, rm12=8.2582566700996091E-2, rm16=-6.7060962576082073E-7,

  rm21=-1.2380067919845086E-7, rm22=9.9999830335690754E-1, rm26=1.8070049945511507E-8,

  rm33=9.9999917658027460E-1, rm34=8.2558527379378799E-2, rm36=3.5149172793701167E-8,

  rm43=-1.1947107702166870E-7, rm44=1.0000008135570393E+0, rm46=2.9773108800416892E-9,

  rm51=-1.8069997397317306E-8, rm52=-6.7210075908054700E-7, rm53=-2.9773126277747120E-9, rm54=3.4903398987751271E-8,

  rm55=1, rm66=1;



MAP_0423: matrix, l=0.0000000000000000E+0,

  rm11=1.0000000000000000E+0, rm12=0.0000000000000000E+0, rm16=0.0000000000000000E+0,

  rm21=0.0000000000000000E+0, rm22=1.0000000000000000E+0, rm26=0.0000000000000000E+0,

  rm33=1.0000000000000000E+0, rm34=0.0000000000000000E+0, rm36=0.0000000000000000E+0,

  rm43=0.0000000000000000E+0, rm44=1.0000000000000000E+0, rm46=0.0000000000000000E+0,

  rm51=0.0000000000000000E+0, rm52=0.0000000000000000E+0, rm53=0.0000000000000000E+0, rm54=0.0000000000000000E+0,

  rm55=1, rm66=1;



MAP_0424: matrix, l=3.6195000000000732E-1,

  rm11=1.0000007154892223E+0, rm12=3.6196371476384559E-1, rm16=1.3502387972985641E-7,

  rm21=-7.4363458016045222E-8, rm22=9.9999925759443520E-1, rm26=1.0128427481697483E-8,

  rm33=9.9999918948757094E-1, rm34=3.6195815447837559E-1, rm36=-1.7246775169902501E-7,

  rm43=-8.9434334390000623E-8, rm44=1.0000007781415730E+0, rm46=2.6402435897299181E-9,

  rm51=-1.0128444769320797E-8, rm52=1.3135765625138527E-7, rm53=-2.6402260252410959E-9, rm54=-1.7342354360046461E-7,

  rm55=1, rm66=1;



MAP_0425: matrix, l=3.6194999999999311E-1,

  rm11=9.9999919904113177E-1, rm12=3.6193464301948874E-1, rm16=3.7971087790689140E-7,

  rm21=7.7290591521019348E-8, rm22=1.0000008289336748E+0, rm26=-1.0755849547822161E-8,

  rm33=1.0000048183053702E+0, rm34=3.6190073166602643E-1, rm36=-3.5569380415351182E-7,

  rm43=7.2805927023628505E-7, rm44=9.9999544520175876E-1, rm46=-1.6295037966965881E-8,

  rm51=1.0755870280907439E-8, rm52=3.8360410722848713E-7, rm53=1.6294857515263346E-8, rm54=-3.4979499787722759E-7,

  rm55=1, rm66=1;



MAP_0426: matrix, l=0.0000000000000000E+0,

  rm11=1.0000000000000000E+0, rm12=0.0000000000000000E+0, rm16=0.0000000000000000E+0,

  rm21=0.0000000000000000E+0, rm22=1.0000000000000000E+0, rm26=0.0000000000000000E+0,

  rm33=1.0000000000000000E+0, rm34=0.0000000000000000E+0, rm36=0.0000000000000000E+0,

  rm43=0.0000000000000000E+0, rm44=1.0000000000000000E+0, rm46=0.0000000000000000E+0,

  rm51=0.0000000000000000E+0, rm52=0.0000000000000000E+0, rm53=0.0000000000000000E+0, rm54=0.0000000000000000E+0,

  rm55=1, rm66=1;



MAP_0427: matrix, l=8.2550000000011892E-2,

  rm11=9.9999955887056013E-1, rm12=8.2541704393890872E-2, rm16=6.7227651905088504E-7,

  rm21=3.6260362192020448E-8, rm22=1.0000004441226280E+0, rm26=-5.2293809048656326E-9,

  rm33=9.9999308240479623E-1, rm34=8.2623193558430327E-2, rm36=2.3176247805189315E-7,

  rm43=-9.8176201154857709E-7, rm44=1.0000068365261834E+0, rm46=2.2835992964653773E-8,

  rm51=5.2294029750218374E-9, rm52=6.7270845963691193E-7, rm53=-2.2836062530095020E-8, rm54=2.2987727983532512E-7,

  rm55=1, rm66=1;



MAP_0428: matrix, l=8.2549999999997681E-2,

  rm11=9.9999720445564244E-1, rm12=8.2497393833772262E-2, rm16=5.3944532674154999E-8,

  rm21=2.2377099296692005E-7, rm22=1.0000028140127479E+0, rm26=-3.2517787295315015E-8,

  rm33=1.0000025475205245E+0, rm34=8.2522873474953407E-2, rm36=-7.5400901717627422E-8,

  rm43=3.0739557981518241E-7, rm44=9.9999747785306725E-1, rm46=-8.0562972152795065E-9,

  rm51=3.2517708461619867E-8, rm52=5.6627317179862060E-8, rm53=8.0562945609581115E-9, rm54=-7.4735882749701302E-8,

  rm55=1, rm66=1;



MAP_0429: matrix, l=0.0000000000000000E+0,

  rm11=1.0000000000000000E+0, rm12=0.0000000000000000E+0, rm16=0.0000000000000000E+0,

  rm21=0.0000000000000000E+0, rm22=1.0000000000000000E+0, rm26=0.0000000000000000E+0,

  rm33=1.0000000000000000E+0, rm34=0.0000000000000000E+0, rm36=0.0000000000000000E+0,

  rm43=0.0000000000000000E+0, rm44=1.0000000000000000E+0, rm46=0.0000000000000000E+0,

  rm51=0.0000000000000000E+0, rm52=0.0000000000000000E+0, rm53=0.0000000000000000E+0, rm54=0.0000000000000000E+0,

  rm55=1, rm66=1;



MAP_0430: matrix, l=3.3619999999999095E-1,

  rm11=1.0000041323214279E+0, rm12=3.3627793404443107E-1, rm16=-3.5945809834236897E-7,

  rm21=-3.3506576155456229E-7, rm22=9.9999575502089133E-1, rm26=4.8849071834430879E-8,

  rm33=9.9999708894362982E-1, rm34=3.3623087961384135E-1, rm36=3.8627690151019078E-7,

  rm43=-3.4900587335776701E-7, rm44=1.0000027937179508E+0, rm46=8.8958735672967082E-9,

  rm51=-4.8849153252395690E-8, rm52=-3.7588343740672148E-7, rm53=-8.8959824838146613E-9, rm54=3.8328691326443883E-7,

  rm55=1, rm66=1;



MAP_0431: matrix, l=3.3620000000000516E-1,

  rm11=9.9999722197554708E-1, rm12=3.3614819371003424E-1, rm16=7.6366393984839132E-7,

  rm21=2.3387650695029429E-7, rm22=1.0000028566495542E+0, rm26=-3.4022456832719095E-8,

  rm33=1.0000031355074377E+0, rm34=3.3616640660098218E-1, rm36=-8.0605022386055769E-7,

  rm43=4.4885349981089088E-7, rm44=9.9999701539138841E-1, rm46=-9.5094487518807003E-9,

  rm51=3.4022540920556795E-8, rm52=7.7510270877854078E-7, rm53=9.5091167703639866E-9, rm54=-8.0285106090044229E-7,

  rm55=1, rm66=1;



MAP_0432: matrix, l=0.0000000000000000E+0,

  rm11=1.0000000000000000E+0, rm12=0.0000000000000000E+0, rm16=0.0000000000000000E+0,

  rm21=0.0000000000000000E+0, rm22=1.0000000000000000E+0, rm26=0.0000000000000000E+0,

  rm33=1.0000000000000000E+0, rm34=0.0000000000000000E+0, rm36=0.0000000000000000E+0,

  rm43=0.0000000000000000E+0, rm44=1.0000000000000000E+0, rm46=0.0000000000000000E+0,

  rm51=0.0000000000000000E+0, rm52=0.0000000000000000E+0, rm53=0.0000000000000000E+0, rm54=0.0000000000000000E+0,

  rm55=1, rm66=1;



MAP_0433: matrix, l=1.0160000000000480E-1,

  rm11=1.0000021711706621E+0, rm12=1.0163980086540816E-1, rm16=-8.4462347579861152E-7,

  rm21=-1.5873999791908897E-7, rm22=9.9999781269978483E-1, rm26=2.3901584040534468E-8,

  rm33=9.9999932621549437E-1, rm34=1.0160716029647159E-1, rm36=4.9091609452588461E-7,

  rm43=-8.4617288236875221E-8, rm44=1.0000006651872315E+0, rm46=1.9811197387448187E-9,

  rm51=-2.3901501859423727E-8, rm52=-8.4705098059574894E-7, rm53=-1.9811599438857057E-9, rm54=4.9071512512614135E-7,

  rm55=1, rm66=1;



MAP_0434: matrix, l=1.0159999999999059E-1,

  rm11=1.0000000992953022E+0, rm12=1.0160166038377959E-1, rm16=4.9303840661540921E-7,

  rm21=-2.4090619154539803E-8, rm22=9.9999989825706082E-1, rm26=3.0164829063414333E-9,

  rm33=9.9999679934868912E-1, rm34=1.0163549292520403E-1, rm36=-4.2920474274373357E-7,

  rm43=-4.0625003650601844E-7, rm44=1.0000031593720002E+0, rm46=9.3195674840534926E-9,

  rm51=-3.0164950834644972E-9, rm52=4.9273187678042902E-7, rm53=-9.3193632909251990E-9, rm54=-4.3015329759627167E-7,

  rm55=1, rm66=1;



MAP_0435: matrix, l=0.0000000000000000E+0,

  rm11=1.0000000000000000E+0, rm12=0.0000000000000000E+0, rm16=0.0000000000000000E+0,

  rm21=0.0000000000000000E+0, rm22=1.0000000000000000E+0, rm26=0.0000000000000000E+0,

  rm33=1.0000000000000000E+0, rm34=0.0000000000000000E+0, rm36=0.0000000000000000E+0,

  rm43=0.0000000000000000E+0, rm44=1.0000000000000000E+0, rm46=0.0000000000000000E+0,

  rm51=0.0000000000000000E+0, rm52=0.0000000000000000E+0, rm53=0.0000000000000000E+0, rm54=0.0000000000000000E+0,

  rm55=1, rm66=1;



MAP_0436: matrix, l=7.8990000000000293E-1,

  rm11=9.9999689381635082E-1, rm12=7.8984178877151623E-1, rm16=9.9892444017923854E-7,

  rm21=3.0462680496234404E-7, rm22=1.0000033468010256E+0, rm26=-4.3752316405271108E-8,

  rm33=9.9999898343067928E-1, rm34=7.8991120575796103E-1, rm36=-4.6294755042474399E-7,

  rm43=-8.1637839833730657E-8, rm44=1.0000009520836439E+0, rm46=2.6586056121359614E-9,

  rm51=4.3752484801701890E-8, rm52=1.0334851912330161E-6, rm53=-2.6585651154410871E-9, rm54=-4.6504805355425196E-7,

  rm55=1, rm66=1;



MAP_0437: matrix, l=7.8990000000000293E-1,

  rm11=1.0000021019016179E+0, rm12=7.8993823421639942E-1, rm16=1.4124881340948914E-7,

  rm21=-1.7872904890311908E-7, rm22=9.9999775691818760E-1, rm26=2.6798380498623681E-8,

  rm33=9.9999974776100187E-1, rm34=7.8990280246141897E-1, rm36=5.1295319784100922E-7,

  rm43=-4.1707968706381560E-8, rm44=1.0000002192938122E+0, rm46=5.9487842646657740E-10,

  rm51=-2.6798462071449086E-8, rm52=1.2007943120590278E-7, rm53=-5.9489967065096256E-10, rm54=5.1248341419228171E-7,

  rm55=1, rm66=1;



MAP_0438: matrix, l=0.0000000000000000E+0,

  rm11=1.0000000000000000E+0, rm12=0.0000000000000000E+0, rm16=0.0000000000000000E+0,

  rm21=0.0000000000000000E+0, rm22=1.0000000000000000E+0, rm26=0.0000000000000000E+0,

  rm33=1.0000000000000000E+0, rm34=0.0000000000000000E+0, rm36=0.0000000000000000E+0,

  rm43=0.0000000000000000E+0, rm44=1.0000000000000000E+0, rm46=0.0000000000000000E+0,

  rm51=0.0000000000000000E+0, rm52=0.0000000000000000E+0, rm53=0.0000000000000000E+0, rm54=0.0000000000000000E+0,

  rm55=1, rm66=1;



MAP_0439: matrix, l=2.1144999999999925E-1,

  rm11=1.0076538369337886E+0, rm12=2.1206436984980087E-1, rm16=-9.5562522386960502E-7,

  rm21=7.2445765995497083E-2, rm22=1.0076507710264779E+0, rm26=4.6829772122614077E-8,

  rm33=9.9237321871983863E-1, rm34=2.1087109066363469E-1, rm36=-1.0119394805441217E-7,

  rm43=-7.2077680374271785E-2, rm44=9.9236948594538432E-1, rm46=-2.8318513487553959E-7,

  rm51=-1.1641920090993896E-7, rm52=-9.7286741975995003E-7, rm53=2.8831916883372741E-7, rm54=-4.0706227960607410E-8,

  rm55=1, rm66=1;



MAP_0440: matrix, l=2.1144999999999925E-1,

  rm11=1.0076502924716120E+0, rm12=2.1194770576032126E-1, rm16=1.7401986650289469E-7,

  rm21=7.2446066406096840E-2, rm22=1.0076459910269289E+0, rm26=4.9834898459971688E-7,

  rm33=9.9237044181878731E-1, rm34=2.1085173229749188E-1, rm36=-2.6713726393066614E-7,

  rm43=-7.2077761992320730E-2, rm44=9.9237365153568680E-1, rm46=4.3289706588931637E-7,

  rm51=-4.8955444528018671E-7, rm52=6.9726496886787536E-8, rm53=-4.1033959640976322E-7, rm54=-3.5637707831739146E-7,

  rm55=1, rm66=1;



MAP_0441: matrix, l=0.0000000000000000E+0,

  rm11=1.0000000000000000E+0, rm12=0.0000000000000000E+0, rm16=0.0000000000000000E+0,

  rm21=0.0000000000000000E+0, rm22=1.0000000000000000E+0, rm26=0.0000000000000000E+0,

  rm33=1.0000000000000000E+0, rm34=0.0000000000000000E+0, rm36=0.0000000000000000E+0,

  rm43=0.0000000000000000E+0, rm44=1.0000000000000000E+0, rm46=0.0000000000000000E+0,

  rm51=0.0000000000000000E+0, rm52=0.0000000000000000E+0, rm53=0.0000000000000000E+0, rm54=0.0000000000000000E+0,

  rm55=1, rm66=1;



MAP_0442: matrix, l=2.4158000000000044E+0,

  rm11=9.9999534907958576E-1, rm12=2.4158509284197711E+0, rm16=-6.5406536819967442E-7,

  rm21=-3.6027088279199577E-7, rm22=1.0000037805772508E+0, rm26=-3.1426187114408366E-8,

  rm33=1.0000073055735896E+0, rm34=2.4159262685471234E+0, rm36=-8.5829583039518514E-7,

  rm43=-7.7190802638191664E-7, rm44=9.9999082962052765E-1, rm46=-2.2808813044013221E-8,

  rm51=3.1426276594420778E-8, rm52=-5.7814685762728905E-7, rm53=2.2809642200915900E-8, rm54=-8.0318354890930906E-7,

  rm55=1, rm66=1;



MAP_0443: matrix, l=2.4157999999999902E+0,

  rm11=1.0000028471412106E+0, rm12=2.4157635260478725E+0, rm16=3.6915686701943784E-8,

  rm21=2.3835627948679921E-7, rm22=9.9999772867766268E-1, rm26=4.6358178580618858E-9,

  rm33=1.0000013181715115E+0, rm34=2.4158204928046128E+0, rm36=-1.1077607176366439E-6,

  rm43=-2.2966326883224203E-8, rm44=9.9999862634777625E-1, rm46=-3.3450569033449673E-9,

  rm51=-4.6358222578042180E-9, rm52=2.5716563159612706E-8, rm53=3.3450867538984310E-9, rm54=-1.0996781389419724E-6,

  rm55=1, rm66=1;



MAP_0444: matrix, l=0.0000000000000000E+0,

  rm11=1.0000000000000000E+0, rm12=0.0000000000000000E+0, rm16=0.0000000000000000E+0,

  rm21=0.0000000000000000E+0, rm22=1.0000000000000000E+0, rm26=0.0000000000000000E+0,

  rm33=1.0000000000000000E+0, rm34=0.0000000000000000E+0, rm36=0.0000000000000000E+0,

  rm43=0.0000000000000000E+0, rm44=1.0000000000000000E+0, rm46=0.0000000000000000E+0,

  rm51=0.0000000000000000E+0, rm52=0.0000000000000000E+0, rm53=0.0000000000000000E+0, rm54=0.0000000000000000E+0,

  rm55=1, rm66=1;



MAP_0445: matrix, l=2.1144999999999925E-1,

  rm11=9.9252757847348039E-1, rm12=2.1088152193368898E-1, rm16=-1.9260009531674172E-8,

  rm21=-7.0615349737228883E-2, rm22=9.9252509344943574E-1, rm26=3.5198372048007159E-7,

  rm33=1.0074942756564600E+0, rm34=2.1198557869752688E-1, rm36=4.9012788044464073E-7,

  rm43=7.0968529852580550E-2, rm44=1.0074938681003751E+0, rm46=-5.0598710771634914E-8,

  rm51=-3.4799349744115034E-7, rm52=-9.3342905430981604E-8, rm53=8.5761566572936564E-8, rm54=5.0452703111728305E-7,

  rm55=1, rm66=1;



MAP_0446: matrix, l=2.1144999999999925E-1,

  rm11=9.9252500465184357E-1, rm12=2.1094647983781578E-1, rm16=9.9369251715941687E-8,

  rm21=-7.0615341962989103E-2, rm22=9.9252304735226005E-1, rm26=-4.4456722673828775E-7,

  rm33=1.0074938351303013E+0, rm34=2.1197555845407082E-1, rm36=-4.2394974631744520E-7,

  rm43=7.0968583963527676E-2, rm44=1.0074936141788757E+0, rm46=-1.1957414403161032E-7,

  rm51=4.3422709509594865E-7, rm52=1.9240616405792215E-7, rm53=9.0383099784984248E-8, rm54=-4.0177986618981228E-7,

  rm55=1, rm66=1;



MAP_0447: matrix, l=0.0000000000000000E+0,

  rm11=1.0000000000000000E+0, rm12=0.0000000000000000E+0, rm16=0.0000000000000000E+0,

  rm21=0.0000000000000000E+0, rm22=1.0000000000000000E+0, rm26=0.0000000000000000E+0,

  rm33=1.0000000000000000E+0, rm34=0.0000000000000000E+0, rm36=0.0000000000000000E+0,

  rm43=0.0000000000000000E+0, rm44=1.0000000000000000E+0, rm46=0.0000000000000000E+0,

  rm51=0.0000000000000000E+0, rm52=0.0000000000000000E+0, rm53=0.0000000000000000E+0, rm54=0.0000000000000000E+0,

  rm55=1, rm66=1;



MAP_0448: matrix, l=2.2280500000000103E+0,

  rm11=9.9999776680580077E-1, rm12=2.2280202109542846E+0, rm16=3.2980472855492771E-7,

  rm21=2.5822207894738842E-7, rm22=1.0000028085244819E+0, rm26=-2.5301443452516170E-8,

  rm33=1.0000037856197233E+0, rm34=2.2280102437632139E+0, rm36=-7.4460695595815474E-7,

  rm43=5.6942095362277440E-7, rm44=9.9999748306552261E-1, rm46=-2.4046903192645463E-9,

  rm51=2.5301472112342073E-8, rm52=3.8617778219810505E-7, rm53=2.4042754277047115E-9, rm54=-7.3924740716683560E-7,

  rm55=1, rm66=1;



MAP_0449: matrix, l=2.2280499999999961E+0,

  rm11=1.0000133445342989E+0, rm12=2.2282028862406418E+0, rm16=-7.0690487355418163E-7,

  rm21=-1.7062842541143847E-6, rm22=9.9998285374701013E-1, rm26=1.3996148359902982E-7,

  rm33=9.9999748249883591E-1, rm34=2.2280816558899343E+0, rm36=-5.5571149693706134E-7,

  rm43=-1.7495036002172372E-7, rm44=1.0000021277028326E+0, rm46=4.8642868986231713E-9,

  rm51=-1.3996214513919334E-7, rm52=-1.0187553345022603E-6, rm53=-4.8641774308487845E-9, rm54=-5.6655070773379547E-7,

  rm55=1, rm66=1;



MAP_0450: matrix, l=0.0000000000000000E+0,

  rm11=1.0000000000000000E+0, rm12=0.0000000000000000E+0, rm16=0.0000000000000000E+0,

  rm21=0.0000000000000000E+0, rm22=1.0000000000000000E+0, rm26=0.0000000000000000E+0,

  rm33=1.0000000000000000E+0, rm34=0.0000000000000000E+0, rm36=0.0000000000000000E+0,

  rm43=0.0000000000000000E+0, rm44=1.0000000000000000E+0, rm46=0.0000000000000000E+0,

  rm51=0.0000000000000000E+0, rm52=0.0000000000000000E+0, rm53=0.0000000000000000E+0, rm54=0.0000000000000000E+0,

  rm55=1, rm66=1;



MAP_0451: matrix, l=8.2549999999997681E-2,

  rm11=9.9999412181166614E-1, rm12=8.2495367473670547E-2, rm16=-1.2434400289973446E-7,

  rm21=7.6356173005953802E-7, rm22=1.0000059412135627E+0, rm26=-6.2980072745508209E-8,

  rm33=1.0000028600579640E+0, rm34=8.2508640664378671E-2, rm36=-1.4039802632981324E-8,

  rm43=2.5115824178359558E-7, rm44=9.9999716067288169E-1, rm46=-3.6692206903041202E-9,

  rm51=6.2979607592457356E-8, rm52=-1.1914917740935172E-7, rm53=3.6692276582758331E-9, rm54=-1.3737020357934368E-8,

  rm55=1, rm66=1;



MAP_0452: matrix, l=8.2549999999997681E-2,

  rm11=1.0000009071689522E+0, rm12=8.2558358501948315E-2, rm16=4.3298823590443014E-7,

  rm21=-9.8748117925544953E-8, rm22=9.9999908467939558E-1, rm26=6.3775957952205697E-9,

  rm33=9.9999058766270910E-1, rm34=8.2686199538310495E-2, rm36=3.2796178542349175E-7,

  rm43=-8.5111821305776446E-7, rm44=1.0000093420494913E+0, rm46=1.0937070200021937E-8,

  rm51=-6.3776443375508442E-9, rm52=4.3246131574133398E-7, rm53=-1.0937246390877002E-8, rm54=3.2706050448979891E-7,

  rm55=1, rm66=1;



MAP_0453: matrix, l=0.0000000000000000E+0,

  rm11=1.0000000000000000E+0, rm12=0.0000000000000000E+0, rm16=0.0000000000000000E+0,

  rm21=0.0000000000000000E+0, rm22=1.0000000000000000E+0, rm26=0.0000000000000000E+0,

  rm33=1.0000000000000000E+0, rm34=0.0000000000000000E+0, rm36=0.0000000000000000E+0,

  rm43=0.0000000000000000E+0, rm44=1.0000000000000000E+0, rm46=0.0000000000000000E+0,

  rm51=0.0000000000000000E+0, rm52=0.0000000000000000E+0, rm53=0.0000000000000000E+0, rm54=0.0000000000000000E+0,

  rm55=1, rm66=1;



MAP_0454: matrix, l=1.4350000000000307E-1,

  rm11=9.9999903043036176E-1, rm12=1.4349105195864020E-1, rm16=-4.2346343515076157E-8,

  rm21=1.3649628278957457E-7, rm22=1.0000009891565924E+0, rm26=-1.1832398309416514E-8,

  rm33=1.0000032476935699E+0, rm34=1.4345294296477593E-1, rm36=-3.3988639155935196E-7,

  rm43=3.0541885240357712E-7, rm44=9.9999679613006864E-1, rm46=-3.1818830686577981E-9,

  rm51=1.1832381056963886E-8, rm52=-4.0648542121629202E-8, rm53=3.1817895947273228E-9, rm54=-3.3942885211719324E-7,

  rm55=1, rm66=1;



MAP_0455: matrix, l=1.4350000000000307E-1,

  rm11=1.0000068160030851E+0, rm12=1.4356188778835074E-1, rm16=-5.4186996845118074E-7,

  rm21=-9.6521453528139005E-7, rm22=9.9999304547629619E-1, rm26=8.2550580558782283E-8,

  rm33=1.0000048165909563E+0, rm34=1.4342959725232060E-1, rm36=6.1726676028883709E-7,

  rm43=4.4407211873723327E-7, rm44=9.9999524712502152E-1, rm46=-4.7579896559138413E-9,

  rm51=-8.2550620203024262E-8, rm52=-5.5371731718668396E-7, rm53=4.7582866841618552E-9, rm54=6.1794626303717548E-7,

  rm55=1, rm66=1;



MAP_0456: matrix, l=0.0000000000000000E+0,

  rm11=1.0000000000000000E+0, rm12=0.0000000000000000E+0, rm16=0.0000000000000000E+0,

  rm21=0.0000000000000000E+0, rm22=1.0000000000000000E+0, rm26=0.0000000000000000E+0,

  rm33=1.0000000000000000E+0, rm34=0.0000000000000000E+0, rm36=0.0000000000000000E+0,

  rm43=0.0000000000000000E+0, rm44=1.0000000000000000E+0, rm46=0.0000000000000000E+0,

  rm51=0.0000000000000000E+0, rm52=0.0000000000000000E+0, rm53=0.0000000000000000E+0, rm54=0.0000000000000000E+0,

  rm55=1, rm66=1;



MAP_0457: matrix, l=2.1144999999999925E-1,

  rm11=1.0077066474117773E+0, rm12=2.1198225104308369E-1, rm16=-2.7844625521966648E-8,

  rm21=7.2998208707800855E-2, rm22=1.0077082722557862E+0, rm26=-3.4933730190371288E-7,

  rm33=9.9230431806050068E-1, rm34=2.1101916283948374E-1, rm36=-1.4493727169828663E-8,

  rm43=-7.2624566989647407E-2, rm44=9.9231133710760400E-1, rm46=2.3416145355148119E-7,

  rm51=3.4999691353202331E-7, rm52=4.5994048154515999E-8, rm53=-2.3130682082268327E-7, rm54=-6.3794843685275710E-8,

  rm55=1, rm66=1;



MAP_0458: matrix, l=2.1144999999999925E-1,

  rm11=1.0077060930747390E+0, rm12=2.1194818563167089E-1, rm16=1.1740140470895000E-7,

  rm21=7.2998171102922643E-2, rm22=1.0077063509869832E+0, rm26=-1.3105199581087135E-7,

  rm33=9.9231190785912449E-1, rm34=2.1090454933688388E-1, rm36=-4.7558893633697918E-7,

  rm43=-7.2624423662961846E-2, rm44=9.9231216602139660E-1, rm46=-1.9244180313551275E-7,

  rm51=1.4063198251688761E-7, rm52=1.4608237387552555E-7, rm53=2.2550166522320489E-7, rm54=-4.3134583578848723E-7,

  rm55=1, rm66=1;



MAP_0459: matrix, l=0.0000000000000000E+0,

  rm11=1.0000000000000000E+0, rm12=0.0000000000000000E+0, rm16=0.0000000000000000E+0,

  rm21=0.0000000000000000E+0, rm22=1.0000000000000000E+0, rm26=0.0000000000000000E+0,

  rm33=1.0000000000000000E+0, rm34=0.0000000000000000E+0, rm36=0.0000000000000000E+0,

  rm43=0.0000000000000000E+0, rm44=1.0000000000000000E+0, rm46=0.0000000000000000E+0,

  rm51=0.0000000000000000E+0, rm52=0.0000000000000000E+0, rm53=0.0000000000000000E+0, rm54=0.0000000000000000E+0,

  rm55=1, rm66=1;



MAP_0460: matrix, l=4.4894999999999641E-1,

  rm11=1.0000013158811230E+0, rm12=4.4891288135874596E-1, rm16=7.0829193568600068E-7,

  rm21=2.2084017807499915E-7, rm22=9.9999878325847869E-1, rm26=-2.1294472624458494E-8,

  rm33=9.9999280141378133E-1, rm34=4.4885639191188931E-1, rm36=-3.2280052077171550E-7,

  rm43=7.6486321462637646E-7, rm44=1.0000075419542527E+0, rm46=2.0308583269929015E-8,

  rm51=2.1294657064770250E-8, rm52=7.1785043694065394E-7, rm53=-2.0308683975085365E-8, rm54=-3.3191859272985838E-7,

  rm55=1, rm66=1;



MAP_0461: matrix, l=4.4895000000001062E-1,

  rm11=9.9999947020142987E-1, rm12=4.4896451802668158E-1, rm16=3.6375555440004703E-7,

  rm21=-7.2249738505644409E-8, rm22=1.0000004973612648E+0, rm26=6.1194162306876798E-9,

  rm33=1.0000033732577704E+0, rm34=4.4899277865161119E-1, rm36=-7.5619878345256630E-8,

  rm43=-3.7496931341480349E-7, rm44=9.9999645839566242E-1, rm46=-9.9437096334753505E-9,

  rm51=-6.1194392698733967E-9, rm52=3.6100833455935432E-7, rm53=9.9437715313050022E-9, rm54=-7.1154956711128579E-8,

  rm55=1, rm66=1;



MAP_0462: matrix, l=0.0000000000000000E+0,

  rm11=1.0000000000000000E+0, rm12=0.0000000000000000E+0, rm16=0.0000000000000000E+0,

  rm21=0.0000000000000000E+0, rm22=1.0000000000000000E+0, rm26=0.0000000000000000E+0,

  rm33=1.0000000000000000E+0, rm34=0.0000000000000000E+0, rm36=0.0000000000000000E+0,

  rm43=0.0000000000000000E+0, rm44=1.0000000000000000E+0, rm46=0.0000000000000000E+0,

  rm51=0.0000000000000000E+0, rm52=0.0000000000000000E+0, rm53=0.0000000000000000E+0, rm54=0.0000000000000000E+0,

  rm55=1, rm66=1;



MAP_0463: matrix, l=1.0159999999999059E-1,

  rm11=9.9999772476901605E-1, rm12=1.0166410293201525E-1, rm16=-9.8503172824004892E-7,

  rm21=-2.4131402580350231E-7, rm22=1.0000022507031310E+0, rm26=1.4340966995526894E-8,

  rm33=1.0000034458507050E+0, rm34=1.0164200707411192E-1, rm36=-1.1318370866236771E-7,

  rm43=-3.3968478757788472E-7, rm44=9.9999651963504432E-1, rm46=-8.5852330828240647E-9,

  rm51=-1.4340696664542561E-8, rm52=-9.8649190679882160E-7, rm53=8.5853011130395698E-9, rm54=-1.1231069442001722E-7,

  rm55=1, rm66=1;



MAP_0464: matrix, l=1.0160000000000480E-1,

  rm11=9.9999979217817780E-1, rm12=1.0160527748338247E-1, rm16=3.9350089442447000E-7,

  rm21=-4.0793541773799296E-8, rm22=1.0000002036770252E+0, rm26=4.7173775857833888E-9,

  rm33=9.9999807445792355E-1, rm34=1.0157664373394455E-1, rm36=7.6154101340958347E-7,

  rm43=1.9609001764824672E-7, rm44=1.0000019454639884E+0, rm46=4.9995905119885886E-9,

  rm51=-4.7173926577045575E-9, rm52=3.9302166411296419E-7, rm53=-4.9994315544759339E-9, rm54=7.6103465333594885E-7,

  rm55=1, rm66=1;



MAP_0465: matrix, l=0.0000000000000000E+0,

  rm11=1.0000000000000000E+0, rm12=0.0000000000000000E+0, rm16=0.0000000000000000E+0,

  rm21=0.0000000000000000E+0, rm22=1.0000000000000000E+0, rm26=0.0000000000000000E+0,

  rm33=1.0000000000000000E+0, rm34=0.0000000000000000E+0, rm36=0.0000000000000000E+0,

  rm43=0.0000000000000000E+0, rm44=1.0000000000000000E+0, rm46=0.0000000000000000E+0,

  rm51=0.0000000000000000E+0, rm52=0.0000000000000000E+0, rm53=0.0000000000000000E+0, rm54=0.0000000000000000E+0,

  rm55=1, rm66=1;



MAP_0466: matrix, l=1.9010999999999996E+0,

  rm11=1.0000015630384274E+0, rm12=1.9010647172799862E+0, rm16=1.5251736970034457E-6,

  rm21=2.1183962623345328E-7, rm22=9.9999883968422543E-1, rm26=-2.3469454355634634E-8,

  rm33=9.9999942708826850E-1, rm34=1.9010915702326012E+0, rm36=-5.0741398591874765E-7,

  rm43=1.7790372403908626E-7, rm44=1.0000009111235235E+0, rm46=5.3682527396872043E-9,

  rm51=2.3469814131519575E-8, rm52=1.5697888789296562E-6, rm53=-5.3683399349899563E-9, rm54=-5.1761998826586375E-7,

  rm55=1, rm66=1;



MAP_0467: matrix, l=1.9010999999999996E+0,

  rm11=1.0000002566241193E+0, rm12=1.9010958905156974E+0, rm16=3.5935195685787846E-7,

  rm21=1.0811365787399787E-7, rm22=9.9999994891032440E-1, rm26=-2.1439836503378551E-8,

  rm33=9.9999726936039757E-1, rm34=1.9010652414590778E+0, rm36=-5.5213743508503166E-7,

  rm43=7.0689514064872380E-7, rm44=1.0000040745045098E+0, rm46=1.9540073988542905E-8,

  rm51=2.1439880856212230E-8, rm52=4.0011112356860496E-7, rm53=-1.9540410934912870E-8, rm54=-5.8928664024665847E-7,

  rm55=1, rm66=1;



MAP_0468: matrix, l=0.0000000000000000E+0,

  rm11=1.0000000000000000E+0, rm12=0.0000000000000000E+0, rm16=0.0000000000000000E+0,

  rm21=0.0000000000000000E+0, rm22=1.0000000000000000E+0, rm26=0.0000000000000000E+0,

  rm33=1.0000000000000000E+0, rm34=0.0000000000000000E+0, rm36=0.0000000000000000E+0,

  rm43=0.0000000000000000E+0, rm44=1.0000000000000000E+0, rm46=0.0000000000000000E+0,

  rm51=0.0000000000000000E+0, rm52=0.0000000000000000E+0, rm53=0.0000000000000000E+0, rm54=0.0000000000000000E+0,

  rm55=1, rm66=1;



MAP_0469: matrix, l=2.1144999999999925E-1,

  rm11=9.9221392495720151E-1, rm12=2.1093430633940399E-1, rm16=9.1214785474802440E-8,

  rm21=-7.3536553864913673E-2, rm22=9.9221407123708694E-1, rm26=6.8461242003041434E-7,

  rm33=1.0078079541364342E+0, rm34=2.1203106092414589E-1, rm36=-3.1046092414249715E-7,

  rm43=7.3919267901967928E-2, rm44=1.0078042911124825E+0, rm46=-5.5327715062659238E-8,

  rm51=-6.8598959733817000E-7, rm52=-5.3903652277484896E-8, rm53=3.2810667099560390E-8, rm54=-3.0115265745031106E-7,

  rm55=1, rm66=1;



MAP_0470: matrix, l=2.1144999999999925E-1,

  rm11=9.9221459296003378E-1, rm12=2.1088220290882678E-1, rm16=-5.0566079101699302E-11,

  rm21=-7.3536379162279050E-2, rm22=9.9221730193598856E-1, rm26=-5.4289606980090221E-8,

  rm33=1.0078047952398275E+0, rm34=2.1198764440834203E-1, rm36=-2.8218886779368679E-7,

  rm43=7.3919811718266351E-2, rm44=1.0078043799340770E+0, rm46=-3.4493654893497094E-7,

  rm51=5.3870658738075999E-8, rm52=1.1398539376440075E-8, rm53=3.2676936009384105E-7, rm54=-2.1126889045204844E-7,

  rm55=1, rm66=1;



MAP_0471: matrix, l=0.0000000000000000E+0,

  rm11=1.0000000000000000E+0, rm12=0.0000000000000000E+0, rm16=0.0000000000000000E+0,

  rm21=0.0000000000000000E+0, rm22=1.0000000000000000E+0, rm26=0.0000000000000000E+0,

  rm33=1.0000000000000000E+0, rm34=0.0000000000000000E+0, rm36=0.0000000000000000E+0,

  rm43=0.0000000000000000E+0, rm44=1.0000000000000000E+0, rm46=0.0000000000000000E+0,

  rm51=0.0000000000000000E+0, rm52=0.0000000000000000E+0, rm53=0.0000000000000000E+0, rm54=0.0000000000000000E+0,

  rm55=1, rm66=1;



MAP_0472: matrix, l=2.9804499999999905E+0,

  rm11=1.0000019635832085E+0, rm12=2.9804678029100189E+0, rm16=-5.5865194081849978E-7,

  rm21=-2.0318854863398347E-7, rm22=9.9999743082490933E-1, rm26=-8.0314403010095514E-9,

  rm33=1.0000002836548785E+0, rm34=2.9804519878299476E+0, rm36=3.6562710292037393E-7,

  rm43=2.2237785070025319E-7, rm44=1.0000003791315211E+0, rm46=8.5171718957124942E-9,

  rm51=8.0315695830879140E-9, rm52=-5.3471305631569624E-7, rm53=-8.5170930042805481E-9, rm54=3.4024221963386793E-7,

  rm55=1, rm66=1;



MAP_0473: matrix, l=2.9804500000000189E+0,

  rm11=1.0000019680103345E+0, rm12=2.9804583520958929E+0, rm16=-6.3511671520577462E-7,

  rm21=8.1894699598199009E-7, rm22=1.0000004728261491E+0, rm26=-1.2425453207662307E-7,

  rm33=9.9999547829660673E-1, rm34=2.9805147739964326E+0, rm36=1.3923264935988833E-6,

  rm43=-3.4064079985864391E-7, rm44=1.0000035064343116E+0, rm46=-1.7879566221665200E-9,

  rm51=1.2425425648390029E-7, rm52=-2.6478155759202706E-7, rm53=1.7874742543465507E-9, rm54=1.3976604068279054E-6,

  rm55=1, rm66=1;



MAP_0474: matrix, l=0.0000000000000000E+0,

  rm11=1.0000000000000000E+0, rm12=0.0000000000000000E+0, rm16=0.0000000000000000E+0,

  rm21=0.0000000000000000E+0, rm22=1.0000000000000000E+0, rm26=0.0000000000000000E+0,

  rm33=1.0000000000000000E+0, rm34=0.0000000000000000E+0, rm36=0.0000000000000000E+0,

  rm43=0.0000000000000000E+0, rm44=1.0000000000000000E+0, rm46=0.0000000000000000E+0,

  rm51=0.0000000000000000E+0, rm52=0.0000000000000000E+0, rm53=0.0000000000000000E+0, rm54=0.0000000000000000E+0,

  rm55=1, rm66=1;



MAP_0475: matrix, l=2.1144999999998504E-1,

  rm11=1.0036678927471401E+0, rm12=2.1171497419535201E-1, rm16=1.9143284704647989E-7,

  rm21=3.4705676930481030E-2, rm22=1.0036663708934206E+0, rm26=-1.0121289185580085E-7,

  rm33=9.9634262919735761E-1, rm34=2.1110645070082615E-1, rm36=-4.1617233149243704E-7,

  rm43=-3.4620911052735917E-2, rm44=9.9633526987330545E-1, rm46=6.0552107635685262E-7,

  rm51=1.0822793643123313E-7, rm52=2.1356299565242355E-7, rm53=-5.8889819598059109E-7, rm54=-5.4247657746555911E-7,

  rm55=1, rm66=1;



MAP_0476: matrix, l=2.1145000000001346E-1,

  rm11=1.0036664317352513E+0, rm12=2.1170228166229060E-1, rm16=-7.2450631051490522E-7,

  rm21=3.4706533632208124E-2, rm22=1.0036675737146175E+0, rm26=2.2863174494250349E-8,

  rm33=9.9633688131197995E-1, rm34=2.1121325106112027E-1, rm36=-5.2907426709852823E-7,

  rm43=-3.4621282827344779E-2, rm44=9.9633722781691603E-1, rm46=-4.9780908358443721E-7,

  rm51=-4.8092103395417235E-8, rm52=-7.3200367702189997E-7, rm53=5.1430277966518124E-7, rm54=-4.2199251363858830E-7,

  rm55=1, rm66=1;



MAP_0477: matrix, l=0.0000000000000000E+0,

  rm11=1.0000000000000000E+0, rm12=0.0000000000000000E+0, rm16=0.0000000000000000E+0,

  rm21=0.0000000000000000E+0, rm22=1.0000000000000000E+0, rm26=0.0000000000000000E+0,

  rm33=1.0000000000000000E+0, rm34=0.0000000000000000E+0, rm36=0.0000000000000000E+0,

  rm43=0.0000000000000000E+0, rm44=1.0000000000000000E+0, rm46=0.0000000000000000E+0,

  rm51=0.0000000000000000E+0, rm52=0.0000000000000000E+0, rm53=0.0000000000000000E+0, rm54=0.0000000000000000E+0,

  rm55=1, rm66=1;



MAP_0478: matrix, l=1.4189999999999259E-1,

  rm11=1.0000001460159602E+0, rm12=1.4190250611325889E-1, rm16=7.5308548160013533E-7,

  rm21=-1.7673333798615007E-7, rm22=9.9999982890516104E-1, rm26=1.4108724528949512E-8,

  rm33=1.0000001899827360E+0, rm34=1.4192283445395953E-1, rm36=8.2463964991980054E-7,

  rm43=-3.2927216074527428E-8, rm44=9.9999980534417698E-1, rm46=-1.7787100398391218E-9,

  rm51=-1.4108859684359425E-8, rm52=7.5108328938237655E-7, rm53=1.7786832246753851E-9, rm54=8.2489192896941648E-7,

  rm55=1, rm66=1;



MAP_0479: matrix, l=1.4189999999999259E-1,

  rm11=1.0000005830349006E+0, rm12=1.4191451356186538E-1, rm16=-1.1483447995286333E-7,

  rm21=-7.1981031562932453E-7, rm22=9.9999931481396820E-1, rm26=5.6168517177657140E-8,

  rm33=9.9999979343363665E-1, rm34=1.4187306938262806E-1, rm36=-1.9170438377014154E-7,

  rm43=7.2557332831672553E-8, rm44=1.0000002168603397E+0, rm46=3.9410383802424877E-9,

  rm51=-5.6168467266819710E-8, rm52=-1.2280552906264018E-7, rm53=-3.9410514757153001E-9, rm54=-1.9226355255477907E-7,

  rm55=1, rm66=1;



MAP_0480: matrix, l=0.0000000000000000E+0,

  rm11=1.0000000000000000E+0, rm12=0.0000000000000000E+0, rm16=0.0000000000000000E+0,

  rm21=0.0000000000000000E+0, rm22=1.0000000000000000E+0, rm26=0.0000000000000000E+0,

  rm33=1.0000000000000000E+0, rm34=0.0000000000000000E+0, rm36=0.0000000000000000E+0,

  rm43=0.0000000000000000E+0, rm44=1.0000000000000000E+0, rm46=0.0000000000000000E+0,

  rm51=0.0000000000000000E+0, rm52=0.0000000000000000E+0, rm53=0.0000000000000000E+0, rm54=0.0000000000000000E+0,

  rm55=1, rm66=1;



MAP_0481: matrix, l=5.3340000000000032E-1,

  rm11=1.0000000806573579E+0, rm12=5.3338120865284555E-1, rm16=-7.8875180417603552E-7,

  rm21=1.7398116731457764E-6, rm22=1.0000008473254267E+0, rm26=-1.4380280721239258E-7,

  rm33=1.0000002668511814E+0, rm34=5.3344189709991918E-1, rm36=-6.3707311308280890E-8,

  rm43=-7.0314020008477261E-8, rm44=9.9999969564045577E-1, rm46=-3.8080556156446866E-9,

  rm51=1.4380144653155095E-7, rm52=-7.1205075738687650E-7, rm53=3.8080611113459887E-9, rm54=-6.1675915506481152E-8,

  rm55=1, rm66=1;



MAP_0482: matrix, l=5.3340000000000032E-1,

  rm11=1.0000000085768075E+0, rm12=5.3340524287524960E-1, rm16=5.6172757526007366E-7,

  rm21=3.6812944855811695E-7, rm22=1.0000001877853686E+0, rm26=-2.7495537078051080E-8,

  rm33=9.9999944311480216E-1, rm34=5.3330400746300954E-1, rm36=-9.3914682475215727E-8,

  rm43=1.7927456631989465E-7, rm44=1.0000006524934060E+0, rm46=9.7121206422458046E-9,

  rm51=2.7495744102337529E-8, rm52=5.7639394437739675E-7, rm53=-9.7121320702235497E-9, rm54=-9.9094256613400670E-8,

  rm55=1, rm66=1;



MAP_0483: matrix, l=0.0000000000000000E+0,

  rm11=1.0000000000000000E+0, rm12=0.0000000000000000E+0, rm16=0.0000000000000000E+0,

  rm21=0.0000000000000000E+0, rm22=1.0000000000000000E+0, rm26=0.0000000000000000E+0,

  rm33=1.0000000000000000E+0, rm34=0.0000000000000000E+0, rm36=0.0000000000000000E+0,

  rm43=0.0000000000000000E+0, rm44=1.0000000000000000E+0, rm46=0.0000000000000000E+0,

  rm51=0.0000000000000000E+0, rm52=0.0000000000000000E+0, rm53=0.0000000000000000E+0, rm54=0.0000000000000000E+0,

  rm55=1, rm66=1;



MAP_0484: matrix, l=7.6200000000000045E-2,

  rm11=9.9999935291538178E-1, rm12=7.6216851557935658E-2, rm16=-2.1252208343147672E-7,

  rm21=-1.1797370434503510E-6, rm22=1.0000005571691355E+0, rm26=9.5695354836514146E-8,

  rm33=1.0000001250069384E+0, rm34=7.6221075748412997E-2, rm36=-1.4884135188936165E-7,

  rm43=-3.6097994418555456E-8, rm44=9.9999987224164943E-1, rm46=-1.9539232382678046E-9,

  rm51=-9.5695042193347623E-8, rm52=-2.1981580049658080E-7, rm53=1.9539288553960562E-9, rm54=-1.4869240274248544E-7,

  rm55=1, rm66=1;



MAP_0485: matrix, l=7.6200000000000045E-2,

  rm11=1.0000006567724482E+0, rm12=7.6184703766924350E-2, rm16=2.3117651827553320E-7,

  rm21=1.2332607463474193E-6, rm22=9.9999943718352602E-1, rm26=-9.8410548401289821E-8,

  rm33=1.0000005079558361E+0, rm34=7.6293465688310261E-2, rm36=-1.3571774353654531E-7,

  rm43=-1.9221534024587002E-7, rm44=9.9999947737965500E-1, rm46=-1.0419623451148031E-8,

  rm51=9.8410898135552093E-8, rm52=2.3867376664307314E-7, rm53=1.0419654830888824E-8, rm54=-1.3492272342343611E-7,

  rm55=1, rm66=1;



MAP_0486: matrix, l=0.0000000000000000E+0,

  rm11=1.0000000000000000E+0, rm12=0.0000000000000000E+0, rm16=0.0000000000000000E+0,

  rm21=0.0000000000000000E+0, rm22=1.0000000000000000E+0, rm26=0.0000000000000000E+0,

  rm33=1.0000000000000000E+0, rm34=0.0000000000000000E+0, rm36=0.0000000000000000E+0,

  rm43=0.0000000000000000E+0, rm44=1.0000000000000000E+0, rm46=0.0000000000000000E+0,

  rm51=0.0000000000000000E+0, rm52=0.0000000000000000E+0, rm53=0.0000000000000000E+0, rm54=0.0000000000000000E+0,

  rm55=1, rm66=1;



MAP_0487: matrix, l=1.0160000000001901E-1,

  rm11=9.9999937436515796E-1, rm12=1.0161471633162732E-1, rm16=2.5336124226393864E-7,

  rm21=-1.0389829116693547E-6, rm22=1.0000005200592137E+0, rm26=8.2432198039716909E-8,

  rm33=9.9999967768320408E-1, rm34=1.0153768179639733E-1, rm36=1.1790468325278969E-7,

  rm43=1.6236640451452878E-7, rm44=1.0000003388032133E+0, rm46=8.8112558045894867E-9,

  rm51=-8.2432409705262907E-8, rm52=2.4498504960638868E-7, rm53=-8.8112338208142535E-9, rm54=1.1701004871116217E-7,

  rm55=1, rm66=1;



MAP_0488: matrix, l=1.0159999999999059E-1,

  rm11=9.9999973583373603E-1, rm12=1.0160422317392954E-1, rm16=7.6720208630476350E-8,

  rm21=-8.7417017769241868E-8, rm22=1.0000002552843934E+0, rm26=9.8356812833211293E-9,

  rm33=9.9999983031391748E-1, rm34=1.0156795487690549E-1, rm36=1.2298433040014434E-7,

  rm43=5.0917077927542377E-8, rm44=1.0000001748576555E+0, rm46=2.7552526363547715E-9,

  rm51=-9.8356853917177931E-9, rm52=7.5720881459770065E-8, rm53=-2.7552459068240104E-9, rm54=1.2270450652945226E-7,

  rm55=1, rm66=1;



MAP_0489: matrix, l=0.0000000000000000E+0,

  rm11=1.0000000000000000E+0, rm12=0.0000000000000000E+0, rm16=0.0000000000000000E+0,

  rm21=0.0000000000000000E+0, rm22=1.0000000000000000E+0, rm26=0.0000000000000000E+0,

  rm33=1.0000000000000000E+0, rm34=0.0000000000000000E+0, rm36=0.0000000000000000E+0,

  rm43=0.0000000000000000E+0, rm44=1.0000000000000000E+0, rm46=0.0000000000000000E+0,

  rm51=0.0000000000000000E+0, rm52=0.0000000000000000E+0, rm53=0.0000000000000000E+0, rm54=0.0000000000000000E+0,

  rm55=1, rm66=1;



MAP_0490: matrix, l=1.5985499999999888E+0,

  rm11=9.9999917506806857E-1, rm12=1.5985628347034488E+0, rm16=-9.1013117391181009E-7,

  rm21=3.3704322367976850E-7, rm22=1.0000013637178273E+0, rm26=-3.8301441896565480E-9,

  rm33=1.0000000421718320E+0, rm34=1.5985505471622066E+0, rm36=-4.2611488844379597E-8,

  rm43=6.4292497091152624E-8, rm44=1.0000000606029720E+0, rm46=3.4954635060583565E-9,

  rm51=3.8298342765034776E-9, rm52=-9.0400968892077684E-7, rm53=-3.4954663930674793E-9, rm54=-4.8199166526957573E-8,

  rm55=1, rm66=1;



MAP_0491: matrix, l=1.5985500000000172E+0,

  rm11=1.0000001957384757E+0, rm12=1.5985534423889738E+0, rm16=-1.1076627928416349E-7,

  rm21=5.3851230197405724E-7, rm22=1.0000006651020881E+0, rm26=-1.5463309707350326E-8,

  rm33=9.9999989935505429E-1, rm34=1.5986106698322842E+0, rm36=-5.6806491323391217E-8,

  rm43=-1.1352381586837145E-7, rm44=9.9999991916455422E-1, rm46=-6.1554667613175152E-9,

  rm51=1.5463253085110958E-8, rm52=-8.6047425991635443E-8, rm53=6.1554725906905583E-9, rm54=-4.6966291888973018E-8,

  rm55=1, rm66=1;



MAP_0492: matrix, l=0.0000000000000000E+0,

  rm11=1.0000000000000000E+0, rm12=0.0000000000000000E+0, rm16=0.0000000000000000E+0,

  rm21=0.0000000000000000E+0, rm22=1.0000000000000000E+0, rm26=0.0000000000000000E+0,

  rm33=1.0000000000000000E+0, rm34=0.0000000000000000E+0, rm36=0.0000000000000000E+0,

  rm43=0.0000000000000000E+0, rm44=1.0000000000000000E+0, rm46=0.0000000000000000E+0,

  rm51=0.0000000000000000E+0, rm52=0.0000000000000000E+0, rm53=0.0000000000000000E+0, rm54=0.0000000000000000E+0,

  rm55=1, rm66=1;



MAP_0493: matrix, l=2.1144999999998504E-1,

  rm11=1.0018226575047671E+0, rm12=2.1159475932137994E-1, rm16=2.7645473868465054E-7,

  rm21=1.7264763625986192E-2, rm22=1.0018271457385215E+0, rm26=2.0189552616713125E-7,

  rm33=9.9817621228463682E-1, rm34=2.1135643202593191E-1, rm36=6.6870410377062317E-7,

  rm43=-1.7244277362638748E-2, rm44=9.9817577177410199E-1, rm46=-1.8580838737655529E-7,

  rm51=-1.9749058684640441E-7, rm52=2.3423982651493477E-7, rm53=1.7393819328329111E-7, rm54=7.0675603266615194E-7,

  rm55=1, rm66=1;



MAP_0494: matrix, l=2.1145000000001346E-1,

  rm11=1.0018257034321774E+0, rm12=2.1157254085511193E-1, rm16=-6.0973403173680829E-8,

  rm21=1.7265466541313085E-2, rm22=1.0018238653557772E+0, rm26=-1.7228888742754078E-8,

  rm33=9.9817512041849055E-1, rm34=2.1123975747471840E-1, rm36=-2.4196957312816458E-7,

  rm43=-1.7244001538237522E-2, rm44=9.9817893765919619E-1, rm46=6.3160176191857584E-7,

  rm51=1.6207609331659148E-8, rm52=-5.7439450683938620E-8, rm53=-6.2627664106837653E-7, rm54=-3.7494833445920525E-7,

  rm55=1, rm66=1;



MAP_0495: matrix, l=0.0000000000000000E+0,

  rm11=1.0000000000000000E+0, rm12=0.0000000000000000E+0, rm16=0.0000000000000000E+0,

  rm21=0.0000000000000000E+0, rm22=1.0000000000000000E+0, rm26=0.0000000000000000E+0,

  rm33=1.0000000000000000E+0, rm34=0.0000000000000000E+0, rm36=0.0000000000000000E+0,

  rm43=0.0000000000000000E+0, rm44=1.0000000000000000E+0, rm46=0.0000000000000000E+0,

  rm51=0.0000000000000000E+0, rm52=0.0000000000000000E+0, rm53=0.0000000000000000E+0, rm54=0.0000000000000000E+0,

  rm55=1, rm66=1;



MAP_0496: matrix, l=1.2691999999999837E+0,

  rm11=9.9999516587838910E-1, rm12=1.2692278507610786E+0, rm16=1.2239360672861412E-7,

  rm21=-7.3601313076280675E-7, rm22=1.0000038999720997E+0, rm26=6.6014499837049878E-8,

  rm33=1.0000001487466259E+0, rm34=1.2692034170921922E+0, rm36=-3.2274591152403609E-7,

  rm43=3.8118578851559475E-8, rm44=9.9999989963361968E-1, rm46=2.2441939118676701E-9,

  rm51=-6.6014270798231261E-8, rm52=3.8606642313019154E-8, rm53=-2.2442065482994198E-9, rm54=-3.2559421771275715E-7,

  rm55=1, rm66=1;



MAP_0497: matrix, l=1.2692000000000121E+0,

  rm11=1.0000047197316313E+0, rm12=1.2691686315664199E+0, rm16=-7.6994421855519635E-7,

  rm21=7.6138913654898620E-7, rm22=9.9999624661729214E-1, rm26=-5.1323043346457320E-8,

  rm33=1.0000018307082335E+0, rm34=1.2692689504226258E+0, rm36=-3.6612387022821880E-7,

  rm43=-1.9317928810413907E-7, rm44=9.9999792409909471E-1, rm46=-5.7987434368134139E-9,

  rm51=5.1322699350284661E-8, rm52=-7.0480373196803308E-7, rm53=5.7988247801693762E-9, rm54=-3.5876294519553089E-7,

  rm55=1, rm66=1;



MAP_0498: matrix, l=0.0000000000000000E+0,

  rm11=1.0000000000000000E+0, rm12=0.0000000000000000E+0, rm16=0.0000000000000000E+0,

  rm21=0.0000000000000000E+0, rm22=1.0000000000000000E+0, rm26=0.0000000000000000E+0,

  rm33=1.0000000000000000E+0, rm34=0.0000000000000000E+0, rm36=0.0000000000000000E+0,

  rm43=0.0000000000000000E+0, rm44=1.0000000000000000E+0, rm46=0.0000000000000000E+0,

  rm51=0.0000000000000000E+0, rm52=0.0000000000000000E+0, rm53=0.0000000000000000E+0, rm54=0.0000000000000000E+0,

  rm55=1, rm66=1;



MAP_0499: matrix, l=2.1144999999998504E-1,

  rm11=9.9444269854262868E-1, rm12=2.1107116015306268E-1, rm16=1.5952757812659479E-8,

  rm21=-5.2499666240978737E-2, rm22=9.9444526666860156E-1, rm26=-3.2483890863126141E-7,

  rm33=1.0055657421293633E+0, rm34=2.1183326182388393E-1, rm36=-3.3223874074117532E-7,

  rm43=5.2694497864487974E-2, rm44=1.0055657278275922E+0, rm46=-4.2746629203048794E-7,

  rm51=3.2219616643012616E-7, rm52=8.4428269804764855E-8, rm53=4.1233830556643872E-7, rm54=-2.4353631218534350E-7,

  rm55=1, rm66=1;



MAP_0500: matrix, l=2.1145000000001346E-1,

  rm11=9.9444160086481737E-1, rm12=2.1109661083072842E-1, rm16=6.2186051523471786E-7,

  rm21=-5.2499617512020612E-2, rm22=9.9444503107401139E-1, rm26=2.3077778527925974E-7,

  rm33=1.0055658889303476E+0, rm34=2.1184495627699751E-1, rm36=1.0311399004786503E-7,

  rm43=5.2694470271624841E-2, rm44=1.0055661880360103E+0, rm46=9.8501456007819149E-8,

  rm51=-2.6214246943279487E-7, rm52=5.6968969106881646E-7, rm53=-9.3616167088270342E-8, rm54=8.2820905264417703E-8,

  rm55=1, rm66=1;



MAP_0501: matrix, l=0.0000000000000000E+0,

  rm11=1.0000000000000000E+0, rm12=0.0000000000000000E+0, rm16=0.0000000000000000E+0,

  rm21=0.0000000000000000E+0, rm22=1.0000000000000000E+0, rm26=0.0000000000000000E+0,

  rm33=1.0000000000000000E+0, rm34=0.0000000000000000E+0, rm36=0.0000000000000000E+0,

  rm43=0.0000000000000000E+0, rm44=1.0000000000000000E+0, rm46=0.0000000000000000E+0,

  rm51=0.0000000000000000E+0, rm52=0.0000000000000000E+0, rm53=0.0000000000000000E+0, rm54=0.0000000000000000E+0,

  rm55=1, rm66=1;



MAP_0502: matrix, l=1.7904999999998950E-1,

  rm11=1.0000004167361172E+0, rm12=1.7902842653143600E-1, rm16=1.0217033504303363E-7,

  rm21=4.6878415137470974E-8, rm22=9.9999959165662211E-1, rm26=-3.6674305189943190E-9,

  rm33=9.9999901585375095E-1, rm34=1.7906265142151889E-1, rm36=2.8294217539748256E-7,

  rm43=-1.0701064539317121E-7, rm44=1.0000009649855888E+0, rm46=-2.2007212697149059E-9,

  rm51=3.6674368369284545E-9, rm52=1.0282686763768282E-7, rm53=2.2006888260585246E-9, rm54=2.8333651541819918E-7,

  rm55=1, rm66=1;



MAP_0503: matrix, l=1.7905000000001792E-1,

  rm11=1.0000012120218005E+0, rm12=1.7898810862394207E-1, rm16=-1.3427027728586671E-6,

  rm21=2.1055107557106913E-7, rm22=9.9999882566576159E-1, rm26=-8.4274487926333519E-9,

  rm33=1.0000031554076048E+0, rm34=1.7900976851261888E-1, rm36=-6.7908189368276473E-7,

  rm43=3.5482319477283608E-7, rm44=9.9999690811896924E-1, rm46=7.8359807722389041E-9,

  rm51=8.4271762993720127E-9, rm52=-1.3411927829569105E-6, rm53=-7.8362464519592515E-9, rm54=-6.8048251114644709E-7,

  rm55=1, rm66=1;



MAP_0504: matrix, l=0.0000000000000000E+0,

  rm11=1.0000000000000000E+0, rm12=0.0000000000000000E+0, rm16=0.0000000000000000E+0,

  rm21=0.0000000000000000E+0, rm22=1.0000000000000000E+0, rm26=0.0000000000000000E+0,

  rm33=1.0000000000000000E+0, rm34=0.0000000000000000E+0, rm36=0.0000000000000000E+0,

  rm43=0.0000000000000000E+0, rm44=1.0000000000000000E+0, rm46=0.0000000000000000E+0,

  rm51=0.0000000000000000E+0, rm52=0.0000000000000000E+0, rm53=0.0000000000000000E+0, rm54=0.0000000000000000E+0,

  rm55=1, rm66=1;



MAP_0505: matrix, l=2.0319999999998117E-1,

  rm11=9.9999877528204639E-1, rm12=2.0326075015714973E-1, rm16=5.8044990198027890E-7,

  rm21=-1.5176863395935701E-7, rm22=1.0000011938708091E+0, rm26=9.7682502937096460E-9,

  rm33=9.9999995339853420E-1, rm34=2.0320047899761357E-1, rm36=2.6637396391415713E-7,

  rm43=3.2825221523059553E-8, rm44=1.0000000532715692E+0, rm46=1.8108885966282295E-9,

  rm51=-9.7683264244468416E-9, rm52=5.7846509308005071E-7, rm53=-1.8108797684537931E-9, rm54=2.6600600467407003E-7,

  rm55=1, rm66=1;



MAP_0506: matrix, l=2.0320000000000960E-1,

  rm11=9.9999927828907942E-1, rm12=2.0323516513094653E-1, rm16=2.9690224782885632E-7,

  rm21=-1.2795718468633687E-7, rm22=1.0000006957060232E+0, rm26=4.3500386331246643E-9,

  rm33=1.0000037171957552E+0, rm34=2.0315174582030507E-1, rm36=3.0385789267367569E-7,

  rm43=3.8102238658122096E-7, rm44=9.9999636022313743E-1, rm46=7.8674780123848265E-9,

  rm51=-4.3500734844300376E-9, rm52=2.9601837356560937E-7, rm53=-7.8673914806812490E-9, rm54=3.0225849480532954E-7,

  rm55=1, rm66=1;



MAP_0507: matrix, l=0.0000000000000000E+0,

  rm11=1.0000000000000000E+0, rm12=0.0000000000000000E+0, rm16=0.0000000000000000E+0,

  rm21=0.0000000000000000E+0, rm22=1.0000000000000000E+0, rm26=0.0000000000000000E+0,

  rm33=1.0000000000000000E+0, rm34=0.0000000000000000E+0, rm36=0.0000000000000000E+0,

  rm43=0.0000000000000000E+0, rm44=1.0000000000000000E+0, rm46=0.0000000000000000E+0,

  rm51=0.0000000000000000E+0, rm52=0.0000000000000000E+0, rm53=0.0000000000000000E+0, rm54=0.0000000000000000E+0,

  rm55=1, rm66=1;



MAP_0508: matrix, l=1.6687499999999886E+0,

  rm11=1.0000016323176646E+0, rm12=1.6686858589619757E+0, rm16=-6.5791055767205897E-7,

  rm21=2.4909490140125338E-7, rm22=9.9999878334546088E-1, rm26=-6.2962260908433487E-9,

  rm33=9.9999548757195489E-1, rm34=1.6688073660370775E+0, rm36=-1.6369450319547729E-7,

  rm43=-3.6872136439416292E-7, rm44=1.0000038971207015E+0, rm46=-6.6698131215119083E-9,

  rm51=6.2960724861189230E-9, rm52=-6.4740333377957488E-7, rm53=6.6698433821206855E-9, rm54=-1.5256450786544459E-7,

  rm55=1, rm66=1;



MAP_0509: matrix, l=1.6687500000000171E+0,

  rm11=9.9999797920613231E-1, rm12=1.6688273778842588E+0, rm16=8.2213169305678235E-7,

  rm21=-1.6899250577481803E-7, rm22=1.0000017387780611E+0, rm26=1.1554284990583641E-8,

  rm33=9.9999260158062619E-1, rm34=1.6688529382969297E+0, rm36=-2.0733267021982860E-7,

  rm43=-5.5561813645731940E-7, rm44=1.0000064712222911E+0, rm46=-1.1083965014042907E-8,

  rm51=-1.1554400575850274E-8, rm52=8.0285101543717048E-7, rm53=1.1083998208013264E-8, rm54=-1.8883650433395993E-7,

  rm55=1, rm66=1;



MAP_0510: matrix, l=0.0000000000000000E+0,

  rm11=1.0000000000000000E+0, rm12=0.0000000000000000E+0, rm16=0.0000000000000000E+0,

  rm21=0.0000000000000000E+0, rm22=1.0000000000000000E+0, rm26=0.0000000000000000E+0,

  rm33=1.0000000000000000E+0, rm34=0.0000000000000000E+0, rm36=0.0000000000000000E+0,

  rm43=0.0000000000000000E+0, rm44=1.0000000000000000E+0, rm46=0.0000000000000000E+0,

  rm51=0.0000000000000000E+0, rm52=0.0000000000000000E+0, rm53=0.0000000000000000E+0, rm54=0.0000000000000000E+0,

  rm55=1, rm66=1;



MAP_0511: matrix, l=2.1144999999998504E-1,

  rm11=1.0016790185552062E+0, rm12=2.1160994590821811E-1, rm16=-2.8338521144977147E-7,

  rm21=1.5895444485065600E-2, rm22=1.0016817918327723E+0, rm26=1.1837806116257732E-7,

  rm33=9.9833351858039754E-1, rm34=2.1113523512397883E-1, rm36=1.7623871181871031E-7,

  rm43=-1.5876977153146159E-2, rm44=9.9831147822515054E-1, rm46=-1.4435665423489022E-7,

  rm51=-1.2308135402028705E-7, rm52=-3.0891178150324888E-7, rm53=1.4131794855176623E-7, rm54=2.0641990504982747E-7,

  rm55=1, rm66=1;



MAP_0512: matrix, l=2.1145000000001346E-1,

  rm11=1.0016836624219219E+0, rm12=2.1148289261197364E-1, rm16=-1.2008456634071685E-6,

  rm21=1.5895899258071108E-2, rm22=1.0016752278157219E+0, rm26=-3.7936136087178551E-7,

  rm33=9.9831995000635032E-1, rm34=2.1135054199622585E-1, rm36=-5.3097948389535521E-7,

  rm43=-1.5877788096767625E-2, rm44=9.9832145082716939E-1, rm46=5.8615730946180028E-7,

  rm51=3.6091155564940258E-7, rm52=-1.1226289155225171E-6, rm53=-5.7674175614873981E-7, rm54=-6.5397287377167366E-7,

  rm55=1, rm66=1;



MAP_0513: matrix, l=0.0000000000000000E+0,

  rm11=1.0000000000000000E+0, rm12=0.0000000000000000E+0, rm16=0.0000000000000000E+0,

  rm21=0.0000000000000000E+0, rm22=1.0000000000000000E+0, rm26=0.0000000000000000E+0,

  rm33=1.0000000000000000E+0, rm34=0.0000000000000000E+0, rm36=0.0000000000000000E+0,

  rm43=0.0000000000000000E+0, rm44=1.0000000000000000E+0, rm46=0.0000000000000000E+0,

  rm51=0.0000000000000000E+0, rm52=0.0000000000000000E+0, rm53=0.0000000000000000E+0, rm54=0.0000000000000000E+0,

  rm55=1, rm66=1;



MAP_0514: matrix, l=6.5010000000000900E-1,

  rm11=9.9999725354623570E-1, rm12=6.5014735221114317E-1, rm16=1.0318220596688965E-6,

  rm21=-2.2745527246842145E-7, rm22=1.0000025985814580E+0, rm26=1.8892235388937029E-8,

  rm33=9.9999979167771857E-1, rm34=6.5010647108057951E-1, rm36=-2.8914051032613575E-7,

  rm43=-8.7635521651634038E-9, rm44=1.0000002026250818E+0, rm46=-3.1408359376858264E-10,

  rm51=-1.8892418195653751E-8, rm52=1.0195420041271016E-6, rm53=3.1408606223591714E-10, rm54=-2.8893638113648612E-7,

  rm55=1, rm66=1;



MAP_0515: matrix, l=6.5009999999998058E-1,

  rm11=1.0000034609811832E+0, rm12=6.5003927781570237E-1, rm16=-9.6645889437196875E-7,

  rm21=2.9674812482092758E-7, rm22=9.9999673192806438E-1, rm26=-2.0291060319824195E-8,

  rm33=1.0000000580190249E+0, rm34=6.5009827428176525E-1, rm36=-2.8192394777026841E-7,

  rm43=5.7052181121662846E-9, rm44=9.9999994568993067E-1, rm46=2.9912148170711805E-10,

  rm51=2.0290843751937530E-8, rm52=-9.5326574971836567E-7, rm53=-2.9912310749946785E-10, rm54=-2.8211839081801765E-7,

  rm55=1, rm66=1;



MAP_0516: matrix, l=0.0000000000000000E+0,

  rm11=1.0000000000000000E+0, rm12=0.0000000000000000E+0, rm16=0.0000000000000000E+0,

  rm21=0.0000000000000000E+0, rm22=1.0000000000000000E+0, rm26=0.0000000000000000E+0,

  rm33=1.0000000000000000E+0, rm34=0.0000000000000000E+0, rm36=0.0000000000000000E+0,

  rm43=0.0000000000000000E+0, rm44=1.0000000000000000E+0, rm46=0.0000000000000000E+0,

  rm51=0.0000000000000000E+0, rm52=0.0000000000000000E+0, rm53=0.0000000000000000E+0, rm54=0.0000000000000000E+0,

  rm55=1, rm66=1;



MAP_0517: matrix, l=8.2549999999997681E-2,

  rm11=9.9999174480107911E-1, rm12=8.2700410937638594E-2, rm16=1.8143827211075658E-6,

  rm21=-6.3048297369865067E-7, rm22=1.0000082031254385E+0, rm26=5.4861580790419029E-8,

  rm33=9.9999809117067706E-1, rm34=8.2610340636104188E-2, rm36=3.5761766339903467E-8,

  rm43=-1.0087204329394679E-7, rm44=1.0000019004998768E+0, rm46=-4.2705617499336906E-9,

  rm51=-5.4862271834569918E-8, rm52=1.8098605294405644E-6, rm53=4.2705499907977550E-9, rm54=3.6114626866005528E-8,

  rm55=1, rm66=1;



MAP_0518: matrix, l=8.2549999999997681E-2,

  rm11=1.0000007021179171E+0, rm12=8.2537144627148618E-2, rm16=-6.1033692685952268E-7,

  rm21=5.5018903882404464E-8, rm22=9.9999930242367596E-1, rm26=-4.4721076876419463E-9,

  rm33=9.9999956126328049E-1, rm34=8.2563721699562123E-2, rm36=7.5933646800918631E-8,

  rm43=-2.1727764016426922E-8, rm44=1.0000004369429860E+0, rm46=-8.8986243981098445E-10,

  rm51=4.4720772475201664E-9, rm52=-6.0996738610392972E-7, rm53=8.8986039952729822E-10, rm54=7.6007150334424451E-8,

  rm55=1, rm66=1;



MAP_0519: matrix, l=0.0000000000000000E+0,

  rm11=1.0000000000000000E+0, rm12=0.0000000000000000E+0, rm16=0.0000000000000000E+0,

  rm21=0.0000000000000000E+0, rm22=1.0000000000000000E+0, rm26=0.0000000000000000E+0,

  rm33=1.0000000000000000E+0, rm34=0.0000000000000000E+0, rm36=0.0000000000000000E+0,

  rm43=0.0000000000000000E+0, rm44=1.0000000000000000E+0, rm46=0.0000000000000000E+0,

  rm51=0.0000000000000000E+0, rm52=0.0000000000000000E+0, rm53=0.0000000000000000E+0, rm54=0.0000000000000000E+0,

  rm55=1, rm66=1;



MAP_0520: matrix, l=2.3335000000000150E-1,

  rm11=1.0000014774856221E+0, rm12=2.3332285761223689E-1, rm16=5.2910509849846132E-7,

  rm21=1.0016576192403326E-7, rm22=9.9999854588748804E-1, rm26=-1.0573490263898755E-8,

  rm33=9.9999548699217167E-1, rm34=2.3349224394699872E-1, rm36=-5.0593201729454140E-7,

  rm43=-2.4316281501415112E-7, rm44=1.0000044562513082E+0, rm46=-1.0486955370281673E-8,

  rm51=1.0573558884293924E-8, rm52=5.3157136608342557E-7, rm53=1.0487031066423523E-8, rm54=-5.0348564911317626E-7,

  rm55=1, rm66=1;



MAP_0521: matrix, l=2.3335000000000150E-1,

  rm11=9.9999824510795132E-1, rm12=2.3338237758410060E-1, rm16=3.8821816206180415E-8,

  rm21=-1.0705609427490113E-7, rm22=1.0000017299100787E+0, rm26=1.3386020443137414E-8,

  rm33=1.0000025336193725E+0, rm34=2.3327000200279724E-1, rm36=6.9028604685050787E-7,

  rm43=1.5160169860052944E-7, rm44=9.9999750175108570E-1, rm46=6.9053678159684134E-9,

  rm51=-1.3386001108228589E-8, rm52=3.5697822087022758E-8, rm53=-6.9052806630048630E-9, rm54=6.8867350717987973E-7,

  rm55=1, rm66=1;



MAP_0522: matrix, l=0.0000000000000000E+0,

  rm11=1.0000000000000000E+0, rm12=0.0000000000000000E+0, rm16=0.0000000000000000E+0,

  rm21=0.0000000000000000E+0, rm22=1.0000000000000000E+0, rm26=0.0000000000000000E+0,

  rm33=1.0000000000000000E+0, rm34=0.0000000000000000E+0, rm36=0.0000000000000000E+0,

  rm43=0.0000000000000000E+0, rm44=1.0000000000000000E+0, rm46=0.0000000000000000E+0,

  rm51=0.0000000000000000E+0, rm52=0.0000000000000000E+0, rm53=0.0000000000000000E+0, rm54=0.0000000000000000E+0,

  rm55=1, rm66=1;



MAP_0523: matrix, l=2.0320000000000960E-1,

  rm11=9.9999853743220468E-1, rm12=2.0322707954351096E-1, rm16=7.5407849797759496E-8,

  rm21=-9.5098264383097663E-8, rm22=1.0000014432433635E+0, rm26=1.0291857128683080E-8,

  rm33=1.0000009663995748E+0, rm34=2.0316924398947100E-1, rm36=-4.4818209110619733E-7,

  rm43=3.9541157346443368E-8, rm44=9.9999904163489839E-1, rm46=1.4547173314040374E-9,

  rm51=-1.0291849247299927E-8, rm52=7.3316374562296945E-8, rm53=-1.4547364588808323E-9, rm54=-4.4847721540456179E-7,

  rm55=1, rm66=1;



MAP_0524: matrix, l=2.0320000000000960E-1,

  rm11=1.0000057099752984E+0, rm12=2.0309328217596781E-1, rm16=-1.0297157006927682E-6,

  rm21=3.8598559095329627E-7, rm22=9.9999436844793821E-1, rm26=-3.7558836861809053E-8,

  rm33=9.9999827518624740E-1, rm34=2.0325518575306178E-1, rm36=-5.2348890784703617E-7,

  rm43=-7.3765310346705778E-8, rm44=1.0000017098235201E+0, rm46=-2.8221405043611647E-9,

  rm51=3.7558653866416526E-8, rm52=-1.0220819543422143E-6, rm53=2.8221742520161614E-9, rm54=-5.2291618822824813E-7,

  rm55=1, rm66=1;



MAP_0525: matrix, l=0.0000000000000000E+0,

  rm11=1.0000000000000000E+0, rm12=0.0000000000000000E+0, rm16=0.0000000000000000E+0,

  rm21=0.0000000000000000E+0, rm22=1.0000000000000000E+0, rm26=0.0000000000000000E+0,

  rm33=1.0000000000000000E+0, rm34=0.0000000000000000E+0, rm36=0.0000000000000000E+0,

  rm43=0.0000000000000000E+0, rm44=1.0000000000000000E+0, rm46=0.0000000000000000E+0,

  rm51=0.0000000000000000E+0, rm52=0.0000000000000000E+0, rm53=0.0000000000000000E+0, rm54=0.0000000000000000E+0,

  rm55=1, rm66=1;



MAP_0526: matrix, l=2.5639999999999930E+0,

  rm11=1.0000029669054762E+0, rm12=2.5639475252201192E+0, rm16=-4.1540580933419058E-7,

  rm21=2.0603741978950384E-7, rm22=9.9999756137089157E-1, rm26=-1.1622819852397104E-8,

  rm33=9.9999823697622892E-1, rm34=2.5640536385629162E+0, rm36=-5.5700045718809488E-7,

  rm43=-6.7129893862347490E-8, rm44=1.0000015909019271E+0, rm46=-2.5435870874834787E-9,

  rm51=1.1622768747063852E-8, rm52=-3.8560449611685933E-7, rm53=2.5436199944605521E-9, rm54=-5.5047944959453185E-7,

  rm55=1, rm66=1;



MAP_0527: matrix, l=2.5639999999999930E+0,

  rm11=9.9999113269716278E-1, rm12=2.5641799360832982E+0, rm16=1.2147033719711597E-6,

  rm21=-4.4657598078694887E-7, rm22=1.0000077222701431E+0, rm26=4.3052693321846136E-8,

  rm33=9.9999946048037569E-1, rm34=2.5640176482313786E+0, rm36=-1.5203935116725464E-6,

  rm43=-1.3590037242972380E-8, rm44=1.0000005046748013E+0, rm46=-3.4294607106390151E-10,

  rm51=-4.3052854017926197E-8, rm52=1.1043178998285166E-6, rm53=3.4296654824221369E-10, rm54=-1.5195149591982404E-6,

  rm55=1, rm66=1;



MAP_0528: matrix, l=0.0000000000000000E+0,

  rm11=1.0000000000000000E+0, rm12=0.0000000000000000E+0, rm16=0.0000000000000000E+0,

  rm21=0.0000000000000000E+0, rm22=1.0000000000000000E+0, rm26=0.0000000000000000E+0,

  rm33=1.0000000000000000E+0, rm34=0.0000000000000000E+0, rm36=0.0000000000000000E+0,

  rm43=0.0000000000000000E+0, rm44=1.0000000000000000E+0, rm46=0.0000000000000000E+0,

  rm51=0.0000000000000000E+0, rm52=0.0000000000000000E+0, rm53=0.0000000000000000E+0, rm54=0.0000000000000000E+0,

  rm55=1, rm66=1;



MAP_0529: matrix, l=8.2549999999997681E-2,

  rm11=9.9999441503563213E-1, rm12=8.2676715083268099E-2, rm16=1.2585709948387258E-6,

  rm21=-2.8966467616807922E-7, rm22=1.0000055610469021E+0, rm26=2.5290049531986880E-8,

  rm33=1.0000044160164303E+0, rm34=8.2397492610257625E-2, rm36=2.2619252423861091E-7,

  rm43=1.7861481796293873E-7, rm44=9.9999559872041899E-1, rm46=7.6384034668110917E-9,

  rm51=-2.5290272851521035E-8, rm52=1.2564870955914599E-6, rm53=-7.6383967967897611E-9, rm54=2.2556214340886186E-7,

  rm55=1, rm66=1;



MAP_0530: matrix, l=8.2549999999997681E-2,

  rm11=1.0000120967558621E+0, rm12=8.2274625440564977E-2, rm16=-2.1374585012778891E-6,

  rm21=6.2657718885041420E-7, rm22=9.9998795494124748E-1, rm26=-5.4210023005263341E-8,

  rm33=1.0000030762446819E+0, rm34=8.2443733121446899E-2, rm36=1.8458912663665838E-7,

  rm43=1.2410767330051580E-7, rm44=9.9999693399664991E-1, rm46=5.3102073714790532E-9,

  rm51=5.4209339487937900E-8, rm52=-2.1329726461267778E-6, rm53=-5.3102007980492165E-9, rm54=1.8415076736642396E-7,

  rm55=1, rm66=1;



MAP_0531: matrix, l=0.0000000000000000E+0,

  rm11=1.0000000000000000E+0, rm12=0.0000000000000000E+0, rm16=0.0000000000000000E+0,

  rm21=0.0000000000000000E+0, rm22=1.0000000000000000E+0, rm26=0.0000000000000000E+0,

  rm33=1.0000000000000000E+0, rm34=0.0000000000000000E+0, rm36=0.0000000000000000E+0,

  rm43=0.0000000000000000E+0, rm44=1.0000000000000000E+0, rm46=0.0000000000000000E+0,

  rm51=0.0000000000000000E+0, rm52=0.0000000000000000E+0, rm53=0.0000000000000000E+0, rm54=0.0000000000000000E+0,

  rm55=1, rm66=1;



MAP_0532: matrix, l=3.5035000000002015E-1,

  rm11=9.9999976018232251E-1, rm12=3.5035555107075123E-1, rm16=6.7328558606138955E-7,

  rm21=-1.2856254174626354E-9, rm22=1.0000002393673089E+0, rm26=3.0779826101084984E-9,

  rm33=9.9999671853582994E-1, rm34=3.5046333590423207E-1, rm36=-2.9575781915203159E-7,

  rm43=-1.3418816854098510E-7, rm44=1.0000032344467507E+0, rm46=-5.8482101882549598E-9,

  rm51=-3.0779827375469198E-9, rm52=6.7220735893039762E-7, rm53=5.8482306847628513E-9, rm54=-2.9370919251330380E-7,

  rm55=1, rm66=1;



MAP_0533: matrix, l=3.5034999999999172E-1,

  rm11=9.9998964258127243E-1, rm12=3.5058891687212151E-1, rm16=1.0243956768407614E-6,

  rm21=-5.2432035342231330E-7, rm22=1.0000101737031959E+0, rm26=4.3529600866551443E-8,

  rm33=9.9999884391787186E-1, rm34=3.5039024247984063E-1, rm36=-2.2905000254813679E-7,

  rm43=-3.2027517985717574E-8, rm44=1.0000011448613220E+0, rm46=-9.7486800945158214E-10,

  rm51=-4.3529687123751549E-8, rm52=1.0091451031186528E-6, rm53=9.7487421832717522E-10, rm54=-2.2870868054040794E-7,

  rm55=1, rm66=1;



MAP_0534: matrix, l=0.0000000000000000E+0,

  rm11=1.0000000000000000E+0, rm12=0.0000000000000000E+0, rm16=0.0000000000000000E+0,

  rm21=0.0000000000000000E+0, rm22=1.0000000000000000E+0, rm26=0.0000000000000000E+0,

  rm33=1.0000000000000000E+0, rm34=0.0000000000000000E+0, rm36=0.0000000000000000E+0,

  rm43=0.0000000000000000E+0, rm44=1.0000000000000000E+0, rm46=0.0000000000000000E+0,

  rm51=0.0000000000000000E+0, rm52=0.0000000000000000E+0, rm53=0.0000000000000000E+0, rm54=0.0000000000000000E+0,

  rm55=1, rm66=1;



MAP_0535: matrix, l=3.0289999999999395E-1,

  rm11=1.0101038551065218E+0, rm12=3.0392196001827149E-1, rm16=-2.5043847859396173E-7,

  rm21=6.6826924560136128E-2, rm22=1.0101042231808051E+0, rm26=-7.8467652271652089E-9,

  rm33=9.8992847867424416E-1, rm34=3.0193412611630865E-1, rm36=-2.8075485825063140E-7,

  rm43=-6.6379008269967468E-2, rm44=9.8992799303838908E-1, rm46=-2.1486030380791013E-7,

  rm51=-8.8099855098785659E-9, rm52=-2.5058416060709314E-7, rm53=2.3133256273370258E-7, rm54=-2.1305343529649900E-7,

  rm55=1, rm66=1;



MAP_0536: matrix, l=3.0289999999999395E-1,

  rm11=1.0100944906476881E+0, rm12=3.0400745767950205E-1, rm16=1.2497551489243364E-6,

  rm21=6.6825322039212445E-2, rm22=1.0101187618670344E+0, rm26=1.1238277915215367E-7,

  rm33=9.8992384773734354E-1, rm34=3.0172181458544978E-1, rm36=3.4449742551678764E-7,

  rm43=-6.6378345326264521E-2, rm44=9.8994706253303211E-1, rm46=-5.8840376446732401E-7,

  rm51=-3.0001935768233587E-8, rm52=1.2282359206913987E-6, rm53=5.5960774946966850E-7, rm54=5.1856846596452654E-7,

  rm55=1, rm66=1;



MAP_0537: matrix, l=0.0000000000000000E+0,

  rm11=1.0000000000000000E+0, rm12=0.0000000000000000E+0, rm16=0.0000000000000000E+0,

  rm21=0.0000000000000000E+0, rm22=1.0000000000000000E+0, rm26=0.0000000000000000E+0,

  rm33=1.0000000000000000E+0, rm34=0.0000000000000000E+0, rm36=0.0000000000000000E+0,

  rm43=0.0000000000000000E+0, rm44=1.0000000000000000E+0, rm46=0.0000000000000000E+0,

  rm51=0.0000000000000000E+0, rm52=0.0000000000000000E+0, rm53=0.0000000000000000E+0, rm54=0.0000000000000000E+0,

  rm55=1, rm66=1;



MAP_0538: matrix, l=2.2151499999999942E+0,

  rm11=1.0000093643300294E+0, rm12=2.2150944733458955E+0, rm16=-5.9816273517698804E-7,

  rm21=1.1518671427048207E-6, rm22=9.9999318722830954E-1, rm26=-3.5225036248975883E-8,

  rm33=1.0000034079591107E+0, rm34=2.2151822216539703E+0, rm36=8.4800812368002187E-7,

  rm43=-4.6754502152117944E-7, rm44=9.9999555635861370E-1, rm46=4.5007270826902257E-9,

  rm51=3.5224677103839978E-8, rm52=-5.2013187691232427E-7, rm53=-4.5011389029605279E-9, rm54=8.3803442481793567E-7,

  rm55=1, rm66=1;



MAP_0539: matrix, l=2.2151500000000226E+0,

  rm11=1.0000574020801800E+0, rm12=2.2146831318299114E+0, rm16=-2.0698143914921197E-6,

  rm21=5.5651084166506038E-6, rm22=9.9995492545892961E-1, rm26=-1.6344989339778238E-7,

  rm33=9.9999858877462600E-1, rm34=2.2151394295107312E+0, rm36=-1.0462717424386536E-7,

  rm43=3.7881705899110067E-7, rm44=1.0000022503611536E+0, rm46=6.4628961904400484E-10,

  rm51=1.6344775702017764E-7, rm52=-1.7077313737508565E-6, rm53=-6.4632834154213311E-10, rm54=-1.0605903131082175E-7,

  rm55=1, rm66=1;



MAP_0540: matrix, l=0.0000000000000000E+0,

  rm11=1.0000000000000000E+0, rm12=0.0000000000000000E+0, rm16=0.0000000000000000E+0,

  rm21=0.0000000000000000E+0, rm22=1.0000000000000000E+0, rm26=0.0000000000000000E+0,

  rm33=1.0000000000000000E+0, rm34=0.0000000000000000E+0, rm36=0.0000000000000000E+0,

  rm43=0.0000000000000000E+0, rm44=1.0000000000000000E+0, rm46=0.0000000000000000E+0,

  rm51=0.0000000000000000E+0, rm52=0.0000000000000000E+0, rm53=0.0000000000000000E+0, rm54=0.0000000000000000E+0,

  rm55=1, rm66=1;



MAP_0541: matrix, l=2.3335000000000150E-1,

  rm11=1.0000216160896624E+0, rm12=2.3312630036175844E-1, rm16=-8.9675980974313063E-7,

  rm21=2.0494207445335661E-6, rm22=9.9997886214113163E-1, rm26=-6.0144620554758443E-8,

  rm33=1.0000085732517354E+0, rm34=2.3339494235395791E-1, rm36=8.3194179013174052E-7,

  rm43=-1.9509196623954223E-6, rm44=9.9999097149088589E-1, rm46=1.1467928861738641E-8,

  rm51=6.0144082808112120E-8, rm52=-8.8271956128424081E-7, rm53=-1.1469650230775993E-8, rm54=8.2925772234210115E-7,

  rm55=1, rm66=1;



MAP_0542: matrix, l=2.3335000000000150E-1,

  rm11=9.9990353058895254E-1, rm12=2.3437077435947604E-1, rm16=3.7297787858769915E-6,

  rm21=-8.9459212979880062E-6, rm22=1.0000943818535075E+0, rm26=2.6355690108809116E-7,

  rm33=1.0000059237668213E+0, rm34=2.3337995254248339E-1, rm36=-1.4117635969632114E-7,

  rm43=-1.3689712944316539E-6, rm44=9.9999375677970637E-1, rm46=9.9587267130690771E-9,

  rm51=-2.6356484221654307E-7, rm52=3.6683607743161759E-6, rm53=-9.9585924398600859E-9, rm54=-1.4349964546888694E-7,

  rm55=1, rm66=1;



MAP_0543: matrix, l=0.0000000000000000E+0,

  rm11=1.0000000000000000E+0, rm12=0.0000000000000000E+0, rm16=0.0000000000000000E+0,

  rm21=0.0000000000000000E+0, rm22=1.0000000000000000E+0, rm26=0.0000000000000000E+0,

  rm33=1.0000000000000000E+0, rm34=0.0000000000000000E+0, rm36=0.0000000000000000E+0,

  rm43=0.0000000000000000E+0, rm44=1.0000000000000000E+0, rm46=0.0000000000000000E+0,

  rm51=0.0000000000000000E+0, rm52=0.0000000000000000E+0, rm53=0.0000000000000000E+0, rm54=0.0000000000000000E+0,

  rm55=1, rm66=1;



MAP_0544: matrix, l=3.1934999999998581E-1,

  rm11=1.0000264586812737E+0, rm12=3.1906388261633434E-1, rm16=-9.6980434460824938E-7,

  rm21=2.3826079527574202E-6, rm22=9.9997430220280026E-1, rm26=-7.0383087490133445E-8,

  rm33=1.0000019297175828E+0, rm34=3.1935930394259104E-1, rm36=1.6054708066801093E-7,

  rm43=-4.8220960791785658E-7, rm44=9.9999791628831358E-1, rm46=3.4835533086613468E-9,

  rm51=7.0382639070268321E-8, rm52=-9.4732272160775118E-7, rm53=-3.4836374482802388E-9, rm54=1.5943424097428172E-7,

  rm55=1, rm66=1;



MAP_0545: matrix, l=3.1935000000001423E-1,

  rm11=1.0000560623886561E+0, rm12=3.1872587756174159E-1, rm16=-1.8766879966714001E-6,

  rm21=4.9068733528611186E-6, rm22=9.9994550461400089E-1, rm26=-1.4514728181175274E-7,

  rm33=9.9999089703999533E-1, rm34=3.1930801720802621E-1, rm36=2.9504151890374919E-7,

  rm43=2.6436433303530067E-6, rm44=1.0000099471870636E+0, rm46=-1.3785470657362575E-8,

  rm51=1.4514621044475555E-7, rm52=-1.8303235310634692E-6, rm53=1.3786125153318163E-8, rm54=2.9944626503881110E-7,

  rm55=1, rm66=1;



MAP_0546: matrix, l=0.0000000000000000E+0,

  rm11=1.0000000000000000E+0, rm12=0.0000000000000000E+0, rm16=0.0000000000000000E+0,

  rm21=0.0000000000000000E+0, rm22=1.0000000000000000E+0, rm26=0.0000000000000000E+0,

  rm33=1.0000000000000000E+0, rm34=0.0000000000000000E+0, rm36=0.0000000000000000E+0,

  rm43=0.0000000000000000E+0, rm44=1.0000000000000000E+0, rm46=0.0000000000000000E+0,

  rm51=0.0000000000000000E+0, rm52=0.0000000000000000E+0, rm53=0.0000000000000000E+0, rm54=0.0000000000000000E+0,

  rm55=1, rm66=1;



MAP_0547: matrix, l=2.1144999999998504E-1,

  rm11=9.9546355191115432E-1, rm12=2.1083895333406208E-1, rm16=-1.0784774660543839E-6,

  rm21=-4.3113131887269160E-2, rm22=9.9542576972860786E-1, rm26=-1.8641704106411860E-7,

  rm33=1.0045737382711108E+0, rm34=2.1179387484412318E-1, rm36=-4.1293118444377108E-7,

  rm43=4.3244361622768790E-2, rm44=1.0045642768344980E+0, rm46=5.2780825982208512E-7,

  rm51=2.3206791106590552E-7, rm52=-1.0342402879605520E-6, rm53=-5.4807926212524647E-7, rm54=-5.2660247320562279E-7,

  rm55=1, rm66=1;



MAP_0548: matrix, l=2.1145000000001346E-1,

  rm11=9.9541769649686362E-1, rm12=2.1160457214066025E-1, rm16=1.8434051827220799E-6,

  rm21=-4.3114236039810357E-2, rm22=9.9543823062095493E-1, rm26=4.1333640825877774E-7,

  rm33=1.0045739857231415E+0, rm34=2.1179913513138329E-1, rm36=-4.8652102752760884E-8,

  rm43=4.3244447255361002E-2, rm44=1.0045642738812095E+0, rm46=-2.2666850171045722E-7,

  rm51=-4.9091938155212925E-7, rm52=1.7475321195866094E-6, rm53=2.2560134690981256E-7, rm54=-8.6597165081991897E-10,

  rm55=1, rm66=1;



MAP_0549: matrix, l=0.0000000000000000E+0,

  rm11=1.0000000000000000E+0, rm12=0.0000000000000000E+0, rm16=0.0000000000000000E+0,

  rm21=0.0000000000000000E+0, rm22=1.0000000000000000E+0, rm26=0.0000000000000000E+0,

  rm33=1.0000000000000000E+0, rm34=0.0000000000000000E+0, rm36=0.0000000000000000E+0,

  rm43=0.0000000000000000E+0, rm44=1.0000000000000000E+0, rm46=0.0000000000000000E+0,

  rm51=0.0000000000000000E+0, rm52=0.0000000000000000E+0, rm53=0.0000000000000000E+0, rm54=0.0000000000000000E+0,

  rm55=1, rm66=1;



MAP_0550: matrix, l=3.8549999999997908E-1,

  rm11=1.0000000248607539E+0, rm12=3.8576123901937875E-1, rm16=4.3214824080317626E-7,

  rm21=-7.9498476392825631E-10, rm22=9.9999997483257241E-1, rm26=-4.1253426022458406E-10,

  rm33=9.9999440617632906E-1, rm34=3.8546326591731733E-1, rm36=5.3002925639450416E-7,

  rm43=1.6429633573165804E-6, rm44=1.0000062271605259E+0, rm46=-6.6423901162390719E-9,

  rm51=4.1253392692922960E-10, rm52=4.3230736965447893E-7, rm53=6.6432237785265705E-9, rm54=5.3259295435946961E-7,

  rm55=1, rm66=1;



MAP_0551: matrix, l=3.8550000000000750E-1,

  rm11=1.0000000183926485E+0, rm12=3.8573478480893408E-1, rm16=3.6100780842485136E-7,

  rm21=-4.3642047525988139E-9, rm22=9.9999997992392620E-1, rm26=-1.9640109898654001E-9,

  rm33=1.0000015671346214E+0, rm34=3.8551010429928062E-1, rm36=-6.3081853987623226E-7,

  rm43=-3.5929014924379116E-7, rm44=9.9999829435806875E-1, rm46=4.5866675995459572E-9,

  rm51=1.9640094504767703E-9, rm52=3.6176538853377008E-7, rm53=-4.5864481405842116E-9, rm54=-6.3258567063036668E-7,

  rm55=1, rm66=1;



MAP_0552: matrix, l=0.0000000000000000E+0,

  rm11=1.0000000000000000E+0, rm12=0.0000000000000000E+0, rm16=0.0000000000000000E+0,

  rm21=0.0000000000000000E+0, rm22=1.0000000000000000E+0, rm26=0.0000000000000000E+0,

  rm33=1.0000000000000000E+0, rm34=0.0000000000000000E+0, rm36=0.0000000000000000E+0,

  rm43=0.0000000000000000E+0, rm44=1.0000000000000000E+0, rm46=0.0000000000000000E+0,

  rm51=0.0000000000000000E+0, rm52=0.0000000000000000E+0, rm53=0.0000000000000000E+0, rm54=0.0000000000000000E+0,

  rm55=1, rm66=1;



MAP_0553: matrix, l=5.2020000000001687E-1,

  rm11=9.9999994923480284E-1, rm12=5.1952250899755947E-1, rm16=-2.0956523387738457E-6,

  rm21=1.0945428000814869E-8, rm22=1.0000000564515965E+0, rm26=4.9524006714117552E-9,

  rm33=1.0000009661065434E+0, rm34=5.2020578087692948E-1, rm36=2.3808681978883250E-7,

  rm43=-6.1822128409956188E-8, rm44=9.9999900173419221E-1, rm46=5.5229769473086332E-9,

  rm51=-4.9524233578139480E-9, rm52=-2.0982253406991390E-6, rm53=-5.5229970021267475E-9, rm54=2.3521349757926106E-7,

  rm55=1, rm66=1;



MAP_0554: matrix, l=5.2019999999998845E-1,

  rm11=1.0000000566308325E+0, rm12=5.2105641344213949E-1, rm16=1.9136609533121351E-6,

  rm21=-1.3498169870074616E-8, rm22=9.9999993633586315E-1, rm26=-6.1101858208484350E-9,

  rm33=1.0000043544201458E+0, rm34=5.2022958656121610E-1, rm36=1.2146955661630765E-7,

  rm43=-1.8025856260298404E-6, rm44=9.9999470784452349E-1, rm46=1.2404207592499328E-8,

  rm51=6.1101603359527225E-9, rm52=1.9168445829898386E-6, rm53=-1.2404480564907518E-8, rm54=1.1501587799306296E-7,

  rm55=1, rm66=1;



MAP_0555: matrix, l=0.0000000000000000E+0,

  rm11=1.0000000000000000E+0, rm12=0.0000000000000000E+0, rm16=0.0000000000000000E+0,

  rm21=0.0000000000000000E+0, rm22=1.0000000000000000E+0, rm26=0.0000000000000000E+0,

  rm33=1.0000000000000000E+0, rm34=0.0000000000000000E+0, rm36=0.0000000000000000E+0,

  rm43=0.0000000000000000E+0, rm44=1.0000000000000000E+0, rm46=0.0000000000000000E+0,

  rm51=0.0000000000000000E+0, rm52=0.0000000000000000E+0, rm53=0.0000000000000000E+0, rm54=0.0000000000000000E+0,

  rm55=1, rm66=1;



MAP_0556: matrix, l=1.2699999999995271E-2,

  rm11=9.9999999272585960E-1, rm12=1.2593045871936454E-2, rm16=5.2462356103788466E-7,

  rm21=-1.1147746907575877E-9, rm22=1.0000000072601019E+0, rm26=-4.7378694370547869E-10,

  rm33=9.9999611066599703E-1, rm34=1.2675308328458056E-2, rm36=-3.8575491055972688E-7,

  rm43=1.8731911681288151E-6, rm44=1.0000039130924978E+0, rm46=-8.9149281932293656E-9,

  rm51=4.7378635542201801E-10, rm52=5.2462953126742069E-7, rm53=8.9141709274044882E-9, rm54=-3.8564342059079814E-7,

  rm55=1, rm66=1;



MAP_0557: matrix, l=1.2699999999995271E-2,

  rm11=9.9999999220694424E-1, rm12=1.2593024735301111E-2, rm16=-4.7566055616510283E-7,

  rm21=2.8770924114264107E-9, rm22=1.0000000078292870E+0, rm26=1.2914979784402203E-9,

  rm33=1.0000018390612284E+0, rm34=1.2711631437391291E-2, rm36=4.2858739485347741E-7,

  rm43=-9.4382159373164943E-7, rm44=9.9999814894466310E-1, rm46=3.7858001889629067E-9,

  rm51=-1.2914993368948811E-9, rm52=-4.7567682375517392E-7, rm53=-3.7862116613193169E-9, rm54=4.2853847781779515E-7,

  rm55=1, rm66=1;



MAP_0558: matrix, l=0.0000000000000000E+0,

  rm11=1.0000000000000000E+0, rm12=0.0000000000000000E+0, rm16=0.0000000000000000E+0,

  rm21=0.0000000000000000E+0, rm22=1.0000000000000000E+0, rm26=0.0000000000000000E+0,

  rm33=1.0000000000000000E+0, rm34=0.0000000000000000E+0, rm36=0.0000000000000000E+0,

  rm43=0.0000000000000000E+0, rm44=1.0000000000000000E+0, rm46=0.0000000000000000E+0,

  rm51=0.0000000000000000E+0, rm52=0.0000000000000000E+0, rm53=0.0000000000000000E+0, rm54=0.0000000000000000E+0,

  rm55=1, rm66=1;



MAP_0559: matrix, l=5.2020000000001687E-1,

  rm11=9.9999995645594797E-1, rm12=5.1944479108867803E-1, rm16=-2.2933464732810549E-6,

  rm21=1.2185562257461137E-8, rm22=1.0000000498737811E+0, rm26=5.5135508246657861E-9,

  rm33=9.9999970408456351E-1, rm34=5.2019743601442492E-1, rm36=-7.2530086241487379E-7,

  rm43=6.6241982989152085E-7, rm44=1.0000006405047228E+0, rm46=1.5672475045178103E-9,

  rm51=-5.5135785302996708E-9, rm52=-2.2962105729151903E-6, rm53=-1.5677274944189820E-9, rm54=-7.2611660510695179E-7,

  rm55=1, rm66=1;



MAP_0560: matrix, l=5.2019999999998845E-1,

  rm11=1.0000000389013430E+0, rm12=5.2098766698082677E-1, rm16=1.7283863650296993E-6,

  rm21=-1.2404368709980043E-8, rm22=9.9999995463613545E-1, rm26=-5.6152624403581208E-9,

  rm33=1.0000018202687526E+0, rm34=5.2021532579184337E-1, rm36=1.7061932645109218E-7,

  rm43=-7.7250166373694599E-7, rm44=9.9999777786808774E-1, rm46=1.0366879767825798E-8,

  rm51=5.6152412192576267E-9, rm52=1.7313117691017016E-6, rm53=-1.0367030442046650E-8, rm54=1.6522593757657764E-7,

  rm55=1, rm66=1;



MAP_0561: matrix, l=0.0000000000000000E+0,

  rm11=1.0000000000000000E+0, rm12=0.0000000000000000E+0, rm16=0.0000000000000000E+0,

  rm21=0.0000000000000000E+0, rm22=1.0000000000000000E+0, rm26=0.0000000000000000E+0,

  rm33=1.0000000000000000E+0, rm34=0.0000000000000000E+0, rm36=0.0000000000000000E+0,

  rm43=0.0000000000000000E+0, rm44=1.0000000000000000E+0, rm46=0.0000000000000000E+0,

  rm51=0.0000000000000000E+0, rm52=0.0000000000000000E+0, rm53=0.0000000000000000E+0, rm54=0.0000000000000000E+0,

  rm55=1, rm66=1;



MAP_0562: matrix, l=1.2699999999995271E-2,

  rm11=9.9999999630807834E-1, rm12=1.2591498324096959E-2, rm16=-4.7780119077911465E-7,

  rm21=2.9017723655680829E-9, rm22=1.0000000037284595E+0, rm26=1.2997063729078273E-9,

  rm33=1.0000002178201228E+0, rm34=1.2702188856357382E-2, rm36=4.7429046245799598E-7,

  rm43=-3.5153427827317022E-7, rm44=9.9999977771467086E-1, rm46=7.8013953196814922E-10,

  rm51=-1.2997077545797049E-9, rm52=-4.7781755781119335E-7, rm53=-7.8030643125364990E-10, rm54=4.7428044755051505E-7,

  rm55=1, rm66=1;



MAP_0563: matrix, l=1.2699999999995271E-2,

  rm11=9.9999999374376447E-1, rm12=1.2591482640567472E-2, rm16=5.2101804437487687E-7,

  rm21=2.9020275354444491E-9, rm22=1.0000000062927765E+0, rm26=1.3065392144920307E-9,

  rm33=9.9999882526133599E-1, rm34=1.2688847268808680E-2, rm36=-4.4156228347705384E-7,

  rm43=1.2211115754497794E-6, rm44=1.0000011902345607E+0, rm46=-5.5276264347009496E-9,

  rm51=-1.3065376943093024E-9, rm52=5.2100159638768850E-7, rm53=5.5270807443688205E-9, rm54=-4.4149266983215541E-7,

  rm55=1, rm66=1;



MAP_0564: matrix, l=0.0000000000000000E+0,

  rm11=1.0000000000000000E+0, rm12=0.0000000000000000E+0, rm16=0.0000000000000000E+0,

  rm21=0.0000000000000000E+0, rm22=1.0000000000000000E+0, rm26=0.0000000000000000E+0,

  rm33=1.0000000000000000E+0, rm34=0.0000000000000000E+0, rm36=0.0000000000000000E+0,

  rm43=0.0000000000000000E+0, rm44=1.0000000000000000E+0, rm46=0.0000000000000000E+0,

  rm51=0.0000000000000000E+0, rm52=0.0000000000000000E+0, rm53=0.0000000000000000E+0, rm54=0.0000000000000000E+0,

  rm55=1, rm66=1;



MAP_0565: matrix, l=5.2020000000001687E-1,

  rm11=9.9999996700683880E-1, rm12=5.1938588243726158E-1, rm16=-2.4409359746790926E-6,

  rm21=1.3126039809494127E-8, rm22=1.0000000398106423E+0, rm26=5.9392851123329926E-9,

  rm33=1.0000014032096769E+0, rm34=5.2022143486560479E-1, rm36=1.2375681164859993E-7,

  rm43=-1.7306376003508167E-6, rm44=9.9999769647877979E-1, rm46=1.1982358144764504E-8,

  rm51=-5.9393169561999780E-9, rm52=-2.4440208526934371E-6, rm53=-1.1982589136716945E-8, rm54=1.1752304702501518E-7,

  rm55=1, rm66=1;



MAP_0566: matrix, l=5.2019999999998845E-1,

  rm11=1.0000000220311371E+0, rm12=5.2093778781587463E-1, rm16=1.5921316173228561E-6,

  rm21=-1.1610365742774611E-8, rm22=9.9999997192058543E-1, rm26=-5.2506477555593067E-9,

  rm33=1.0000001118907664E+0, rm34=5.2019403311414891E-1, rm36=2.9918156626510678E-7,

  rm43=1.4993306351718997E-6, rm44=1.0000006680520088E+0, rm46=-6.8232254334457676E-9,

  rm51=5.2506293860066603E-9, rm52=1.5948668334431139E-6, rm53=6.8236747689894713E-9, rm54=3.0273116729102433E-7,

  rm55=1, rm66=1;



MAP_0567: matrix, l=0.0000000000000000E+0,

  rm11=1.0000000000000000E+0, rm12=0.0000000000000000E+0, rm16=0.0000000000000000E+0,

  rm21=0.0000000000000000E+0, rm22=1.0000000000000000E+0, rm26=0.0000000000000000E+0,

  rm33=1.0000000000000000E+0, rm34=0.0000000000000000E+0, rm36=0.0000000000000000E+0,

  rm43=0.0000000000000000E+0, rm44=1.0000000000000000E+0, rm46=0.0000000000000000E+0,

  rm51=0.0000000000000000E+0, rm52=0.0000000000000000E+0, rm53=0.0000000000000000E+0, rm54=0.0000000000000000E+0,

  rm55=1, rm66=1;



MAP_0568: matrix, l=7.6200000000000045E-2,

  rm11=9.9999997950784203E-1, rm12=7.5542287887162163E-2, rm16=-1.8834372469411775E-6,

  rm21=9.5342745267643942E-9, rm22=1.0000000212123992E+0, rm26=4.3198063225460825E-9,

  rm33=1.0000000834904674E+0, rm34=7.6214228722029834E-2, rm36=-1.6426446502147696E-7,

  rm43=-1.5223345712066188E-6, rm44=9.9999980048599380E-1, rm46=8.9627193982505515E-9,

  rm51=-4.3198241912316954E-9, rm52=-1.8837636149462347E-6, rm53=-8.9624700810782604E-9, rm54=-1.6494751899460512E-7,

  rm55=1, rm66=1;



MAP_0569: matrix, l=7.6200000000000045E-2,

  rm11=1.0000000266120248E+0, rm12=7.7115720361469908E-2, rm16=2.2018154263725442E-6,

  rm21=-1.5546374396394018E-8, rm22=9.9999997218910597E-1, rm26=-7.0293355654456324E-9,

  rm33=9.9999998734679418E-1, rm34=7.6194493036991190E-2, rm36=-3.5551276450496161E-8,

  rm43=6.3782293575073402E-7, rm44=1.0000000612518019E+0, rm46=-3.9257516144114435E-9,

  rm51=7.0293015222635147E-9, rm52=2.2023574374138806E-6, rm53=3.9257288893185848E-9, rm54=-3.5252157974026675E-8,

  rm55=1, rm66=1;



MAP_0570: matrix, l=0.0000000000000000E+0,

  rm11=1.0000000000000000E+0, rm12=0.0000000000000000E+0, rm16=0.0000000000000000E+0,

  rm21=0.0000000000000000E+0, rm22=1.0000000000000000E+0, rm26=0.0000000000000000E+0,

  rm33=1.0000000000000000E+0, rm34=0.0000000000000000E+0, rm36=0.0000000000000000E+0,

  rm43=0.0000000000000000E+0, rm44=1.0000000000000000E+0, rm46=0.0000000000000000E+0,

  rm51=0.0000000000000000E+0, rm52=0.0000000000000000E+0, rm53=0.0000000000000000E+0, rm54=0.0000000000000000E+0,

  rm55=1, rm66=1;



MAP_0571: matrix, l=5.2020000000001687E-1,

  rm11=9.9999998276907109E-1, rm12=5.1934225611295093E-1, rm16=-2.5466672468610341E-6,

  rm21=1.3822481602210345E-8, rm22=1.0000000244095282E+0, rm26=6.2517756765738397E-9,

  rm33=9.9999971646715446E-1, rm34=5.2020787296994708E-1, rm36=2.1115788318044892E-7,

  rm43=-8.2775932632053710E-9, rm44=1.0000002792268556E+0, rm46=-1.7642561040559501E-9,

  rm51=-6.2518107701111037E-9, rm52=-2.5499141203085638E-6, rm53=1.7642538559523255E-9, rm54=2.1207572205666587E-7,

  rm55=1, rm66=1;



MAP_0572: matrix, l=5.2019999999998845E-1,

  rm11=1.0000000087899727E+0, rm12=5.2090433434617145E-1, rm16=2.4998429556388757E-6,

  rm21=-1.1077902396682856E-8, rm22=9.9999998543949997E-1, rm26=-5.0123966344704785E-9,

  rm33=1.0000003536787336E+0, rm34=5.2019902265980345E-1, rm36=-7.3637692291246559E-7,

  rm43=8.4886933199182292E-7, rm44=1.0000000879022322E+0, rm46=-8.5555657385050221E-9,

  rm51=5.0123689855130390E-9, rm52=2.5024538983722702E-6, rm53=8.5549436766400305E-9, rm54=-7.3192639070616877E-7,

  rm55=1, rm66=1;



MAP_0573: matrix, l=0.0000000000000000E+0,

  rm11=1.0000000000000000E+0, rm12=0.0000000000000000E+0, rm16=0.0000000000000000E+0,

  rm21=0.0000000000000000E+0, rm22=1.0000000000000000E+0, rm26=0.0000000000000000E+0,

  rm33=1.0000000000000000E+0, rm34=0.0000000000000000E+0, rm36=0.0000000000000000E+0,

  rm43=0.0000000000000000E+0, rm44=1.0000000000000000E+0, rm46=0.0000000000000000E+0,

  rm51=0.0000000000000000E+0, rm52=0.0000000000000000E+0, rm53=0.0000000000000000E+0, rm54=0.0000000000000000E+0,

  rm55=1, rm66=1;



MAP_0574: matrix, l=1.2699999999995271E-2,

  rm11=9.9999999808053130E-1, rm12=1.2589725761427672E-2, rm16=-4.8160291765686480E-7,

  rm21=2.9304375380719167E-9, rm22=1.0000000019563622E+0, rm26=1.3249692376246514E-9,

  rm33=9.9999916707989311E-1, rm34=1.2707245714246073E-2, rm36=4.5167347811035652E-7,

  rm43=-8.3922332780246956E-7, rm44=1.0000008222565748E+0, rm46=5.3872692799827870E-9,

  rm51=-1.3249706463886827E-9, rm52=-4.8161959959839852E-7, rm53=-5.3876438477372621E-9, rm54=4.5160539214737401E-7,

  rm55=1, rm66=1;



MAP_0575: matrix, l=1.2699999999995271E-2,

  rm11=9.9999999950951746E-1, rm12=1.2589721590091507E-2, rm16=-4.8097007016023596E-7,

  rm21=-1.0620761130150729E-9, rm22=1.0000000004771112E+0, rm26=-4.7717874486832845E-10,

  rm33=1.0000001120606998E+0, rm34=1.2698945091112660E-2, rm36=4.9351174595708980E-7,

  rm43=2.4915608585558674E-7, rm44=9.9999989110333154E-1, rm46=-2.4986388574496643E-9,

  rm51=4.7717925546110314E-10, rm52=-4.8096406284216558E-7, rm53=2.4987620989038298E-9, rm54=4.9354342229295808E-7,

  rm55=1, rm66=1;



MAP_0576: matrix, l=0.0000000000000000E+0,

  rm11=1.0000000000000000E+0, rm12=0.0000000000000000E+0, rm16=0.0000000000000000E+0,

  rm21=0.0000000000000000E+0, rm22=1.0000000000000000E+0, rm26=0.0000000000000000E+0,

  rm33=1.0000000000000000E+0, rm34=0.0000000000000000E+0, rm36=0.0000000000000000E+0,

  rm43=0.0000000000000000E+0, rm44=1.0000000000000000E+0, rm46=0.0000000000000000E+0,

  rm51=0.0000000000000000E+0, rm52=0.0000000000000000E+0, rm53=0.0000000000000000E+0, rm54=0.0000000000000000E+0,

  rm55=1, rm66=1;



MAP_0577: matrix, l=5.2020000000001687E-1,

  rm11=1.0000000046452775E+0, rm12=5.2089690867609684E-1, rm16=1.4788077242755548E-6,

  rm21=-1.0959693262704651E-8, rm22=9.9999998964585224E-1, rm26=-4.9638893039397058E-9,

  rm33=9.9999986764946081E-1, rm34=5.2020107439270347E-1, rm36=-7.4466625756344773E-7,

  rm43=2.3601070776249671E-7, rm44=1.0000002551235967E+0, rm46=-4.7141126844132963E-9,

  rm51=4.9638731197192967E-9, rm52=1.4813933835571937E-6, rm53=4.7139363112874457E-9, rm54=-7.4221416106214171E-7,

  rm55=1, rm66=1;



MAP_0578: matrix, l=5.2019999999998845E-1,

  rm11=1.0000000029104370E+0, rm12=5.1932073478855634E-1, rm16=-2.5932270300565996E-6,

  rm21=1.4166139548237159E-8, rm22=1.0000000044463331E+0, rm26=6.4121150455259679E-9,

  rm33=9.9999978251914423E-1, rm34=5.2020224349523936E-1, rm36=2.4957547380133338E-7,

  rm43=2.9298349111592215E-7, rm44=1.0000003698916058E+0, rm46=-7.1876061734366115E-9,

  rm51=-6.4121518002040127E-9, rm52=-2.5965569858839420E-6, rm53=7.1876777317634810E-9, rm54=2.5331457497398810E-7,

  rm55=1, rm66=1;



MAP_0579: matrix, l=0.0000000000000000E+0,

  rm11=1.0000000000000000E+0, rm12=0.0000000000000000E+0, rm16=0.0000000000000000E+0,

  rm21=0.0000000000000000E+0, rm22=1.0000000000000000E+0, rm26=0.0000000000000000E+0,

  rm33=1.0000000000000000E+0, rm34=0.0000000000000000E+0, rm36=0.0000000000000000E+0,

  rm43=0.0000000000000000E+0, rm44=1.0000000000000000E+0, rm46=0.0000000000000000E+0,

  rm51=0.0000000000000000E+0, rm52=0.0000000000000000E+0, rm53=0.0000000000000000E+0, rm54=0.0000000000000000E+0,

  rm55=1, rm66=1;



MAP_0580: matrix, l=1.2699999999995271E-2,

  rm11=1.0000000017970019E+0, rm12=1.2589600424447381E-2, rm16=-4.8024775628485727E-7,

  rm21=2.9324649317929440E-9, rm22=9.9999999823991659E-1, rm26=1.3243588374393933E-9,

  rm33=1.0000035416165609E+0, rm34=1.2678004071921956E-2, rm36=5.6120228231204550E-7,

  rm43=1.4709177459159311E-6, rm44=9.9999647704421757E-1, rm46=-6.1031450535736775E-9,

  rm51=-1.3243602481289725E-9, rm52=-4.8026442858816317E-7, rm53=6.1039921509693742E-9, rm54=5.6127768091906056E-7,

  rm55=1, rm66=1;



MAP_0581: matrix, l=1.2699999999995271E-2,

  rm11=9.9999999923345706E-1, rm12=1.2589601681783304E-2, rm16=5.1859374450291540E-7,

  rm21=2.9324445054718126E-9, rm22=1.0000000008034611E+0, rm26=1.3310679871682274E-9,

  rm33=1.0000000470442161E+0, rm34=1.2699693088934242E-2, rm36=-5.1083714497357491E-7,

  rm43=1.2997697712552851E-7, rm44=9.9999995460645386E-1, rm46=-2.2777124387973746E-9,

  rm51=-1.3310664654005301E-9, rm52=5.1857698730381553E-7, rm53=2.2776461488826638E-9, rm54=-5.1080819553594784E-7,

  rm55=1, rm66=1;



MAP_0582: matrix, l=0.0000000000000000E+0,

  rm11=1.0000000000000000E+0, rm12=0.0000000000000000E+0, rm16=0.0000000000000000E+0,

  rm21=0.0000000000000000E+0, rm22=1.0000000000000000E+0, rm26=0.0000000000000000E+0,

  rm33=1.0000000000000000E+0, rm34=0.0000000000000000E+0, rm36=0.0000000000000000E+0,

  rm43=0.0000000000000000E+0, rm44=1.0000000000000000E+0, rm46=0.0000000000000000E+0,

  rm51=0.0000000000000000E+0, rm52=0.0000000000000000E+0, rm53=0.0000000000000000E+0, rm54=0.0000000000000000E+0,

  rm55=1, rm66=1;



MAP_0583: matrix, l=5.2020000000001687E-1,

  rm11=9.9999999092477365E-1, rm12=5.2089666222758513E-1, rm16=1.4719653236294761E-6,

  rm21=-1.0955775709507189E-8, rm22=1.0000000033683993E+0, rm26=-4.9568404281337408E-9,

  rm33=9.9999600039120762E-1, rm34=5.2022223871131812E-1, rm36=1.9560731731246839E-7,

  rm43=-1.1284883302251385E-6, rm44=1.0000034125577157E+0, rm46=2.5731808350748508E-10,

  rm51=4.9568242566273541E-9, rm52=1.4745473302218527E-6, rm53=-2.5753779491070960E-10, rm54=1.9547412224426518E-7,

  rm55=1, rm66=1;



MAP_0584: matrix, l=5.2019999999998845E-1,

  rm11=1.0000000177811934E+0, rm12=5.1932966926459245E-1, rm16=-2.5633813324210664E-6,

  rm21=1.4023450165324262E-8, rm22=9.9999998950160063E-1, rm26=6.3476485868789456E-9,

  rm33=1.0000015466941272E+0, rm34=5.2019194077025610E-1, rm36=2.7699244371445775E-7,

  rm43=5.3321929222399144E-7, rm44=9.9999873068421452E-1, rm46=-4.1532699822724450E-9,

  rm51=-6.3476846471980832E-9, rm52=-2.5666778277508969E-6, rm53=4.1534241038255238E-9, rm54=2.7915258969619764E-7,

  rm55=1, rm66=1;



MAP_0585: matrix, l=0.0000000000000000E+0,

  rm11=1.0000000000000000E+0, rm12=0.0000000000000000E+0, rm16=0.0000000000000000E+0,

  rm21=0.0000000000000000E+0, rm22=1.0000000000000000E+0, rm26=0.0000000000000000E+0,

  rm33=1.0000000000000000E+0, rm34=0.0000000000000000E+0, rm36=0.0000000000000000E+0,

  rm43=0.0000000000000000E+0, rm44=1.0000000000000000E+0, rm46=0.0000000000000000E+0,

  rm51=0.0000000000000000E+0, rm52=0.0000000000000000E+0, rm53=0.0000000000000000E+0, rm54=0.0000000000000000E+0,

  rm55=1, rm66=1;



MAP_0586: matrix, l=3.8550000000000750E-1,

  rm11=9.9999999753777680E-1, rm12=3.8556991819736752E-1, rm16=-7.4023880414220145E-8,

  rm21=-1.7380842564120625E-9, rm22=1.0000000017920703E+0, rm26=-7.8780367082295633E-10,

  rm33=1.0000012584691986E+0, rm34=3.8549267688034727E-1, rm36=-5.7944101871862386E-7,

  rm43=4.7888988738147932E-7, rm44=9.9999892614069752E-1, rm46=-5.7783682621756483E-9,

  rm51=7.8780379754294900E-10, rm52=-7.3720127149961345E-8, rm53=5.7780980456299266E-9, rm54=-5.7721287783110912E-7,

  rm55=1, rm66=1;



MAP_0587: matrix, l=3.8550000000000750E-1,

  rm11=9.9999999770509729E-1, rm12=3.8557790218190041E-1, rm16=-5.3327248838996866E-8,

  rm21=-1.8653016997159655E-9, rm22=1.0000000015756836E+0, rm26=-8.4822179662047414E-10,

  rm33=9.9999741609097859E-1, rm34=3.8551537401911545E-1, rm36=3.8190752277983409E-7,

  rm43=-5.4784001938583174E-7, rm44=1.0000023727144025E+0, rm46=5.4798485193963131E-10,

  rm51=8.4822189414529563E-10, rm52=-5.3000193342097850E-8, rm53=-5.4819266022131208E-10, rm54=3.8169717235216151E-7,

  rm55=1, rm66=1;



MAP_0588: matrix, l=0.0000000000000000E+0,

  rm11=1.0000000000000000E+0, rm12=0.0000000000000000E+0, rm16=0.0000000000000000E+0,

  rm21=0.0000000000000000E+0, rm22=1.0000000000000000E+0, rm26=0.0000000000000000E+0,

  rm33=1.0000000000000000E+0, rm34=0.0000000000000000E+0, rm36=0.0000000000000000E+0,

  rm43=0.0000000000000000E+0, rm44=1.0000000000000000E+0, rm46=0.0000000000000000E+0,

  rm51=0.0000000000000000E+0, rm52=0.0000000000000000E+0, rm53=0.0000000000000000E+0, rm54=0.0000000000000000E+0,

  rm55=1, rm66=1;



MAP_0589: matrix, l=2.1144999999998504E-1,

  rm11=9.9475665394238377E-1, rm12=2.1135133954488072E-1, rm16=9.1370007110347373E-7,

  rm21=-4.9550726194400735E-2, rm22=9.9474317032385007E-1, rm26=-5.9917636251183293E-7,

  rm33=1.0052546429697242E+0, rm34=2.1180720740928574E-1, rm36=-3.8934867208073598E-7,

  rm43=4.9724977320910080E-2, rm44=1.0052498793733666E+0, rm46=3.9435136835706819E-7,

  rm51=5.5076017144658693E-7, rm52=1.0355336322951015E-6, rm53=-4.1578389789154785E-7, rm54=-4.7491916771308153E-7,

  rm55=1, rm66=1;



MAP_0590: matrix, l=2.1145000000001346E-1,

  rm11=9.9477914391654487E-1, rm12=2.1153196820909356E-1, rm16=9.5839506858430568E-7,

  rm21=-4.9552991442962997E-2, rm22=9.9471120222081688E-1, rm26=3.2288683090436754E-7,

  rm33=1.0052545742844208E+0, rm34=2.1181005915105791E-1, rm36=-9.8831622115380657E-8,

  rm43=4.9725093412459488E-2, rm44=1.0052501135807526E+0, rm46=-7.2912055787757724E-7,

  rm51=-3.6869242786150897E-7, rm52=8.8502542402399930E-7, rm53=7.2803736436945107E-7, rm54=5.5084569135445563E-8,

  rm55=1, rm66=1;



MAP_0591: matrix, l=0.0000000000000000E+0,

  rm11=1.0000000000000000E+0, rm12=0.0000000000000000E+0, rm16=0.0000000000000000E+0,

  rm21=0.0000000000000000E+0, rm22=1.0000000000000000E+0, rm26=0.0000000000000000E+0,

  rm33=1.0000000000000000E+0, rm34=0.0000000000000000E+0, rm36=0.0000000000000000E+0,

  rm43=0.0000000000000000E+0, rm44=1.0000000000000000E+0, rm46=0.0000000000000000E+0,

  rm51=0.0000000000000000E+0, rm52=0.0000000000000000E+0, rm53=0.0000000000000000E+0, rm54=0.0000000000000000E+0,

  rm55=1, rm66=1;



MAP_0592: matrix, l=3.1934999999998581E-1,

  rm11=1.0000438378654497E+0, rm12=3.1978558968337711E-1, rm16=6.7832415057145212E-7,

  rm21=-4.5675111705925914E-6, rm22=9.9995470349599902E-1, rm26=-1.2251551280428874E-7,

  rm33=1.0000019818331258E+0, rm34=3.1934214253746956E-1, rm36=3.3551279985527538E-7,

  rm43=5.1806523127505801E-7, rm44=9.9999818361053505E-1, rm46=-3.7700653016115027E-10,

  rm51=1.2251778536971953E-7, rm52=7.1747212036633264E-7, rm53=3.7718109484143315E-10, rm54=3.3563258450645264E-7,

  rm55=1, rm66=1;



MAP_0593: matrix, l=3.1935000000001423E-1,

  rm11=9.9989694839906273E-1, rm12=3.1835889671692774E-1, rm16=-2.1388931577548398E-6,

  rm21=1.1103666023151617E-5, rm22=1.0001065975368488E+0, rm26=2.9668116281050816E-7,

  rm33=9.9999712760398796E-1, rm34=3.1936238805456019E-1, rm36=3.1642699151179787E-7,

  rm43=-6.9398253417177490E-7, rm44=1.0000026507717068E+0, rm46=5.4468628912784922E-10,

  rm51=-2.9667433889699549E-7, rm52=-2.2335722461660879E-6, rm53=-5.4490431937857422E-10, rm54=3.1625387797347779E-7,

  rm55=1, rm66=1;



MAP_0594: matrix, l=0.0000000000000000E+0,

  rm11=1.0000000000000000E+0, rm12=0.0000000000000000E+0, rm16=0.0000000000000000E+0,

  rm21=0.0000000000000000E+0, rm22=1.0000000000000000E+0, rm26=0.0000000000000000E+0,

  rm33=1.0000000000000000E+0, rm34=0.0000000000000000E+0, rm36=0.0000000000000000E+0,

  rm43=0.0000000000000000E+0, rm44=1.0000000000000000E+0, rm46=0.0000000000000000E+0,

  rm51=0.0000000000000000E+0, rm52=0.0000000000000000E+0, rm53=0.0000000000000000E+0, rm54=0.0000000000000000E+0,

  rm55=1, rm66=1;



MAP_0595: matrix, l=2.3335000000000150E-1,

  rm11=1.0001112348312002E+0, rm12=2.3438434231101027E-1, rm16=2.1438117729921657E-6,

  rm21=-1.2294790097831271E-5, rm22=9.9988589615483092E-1, rm26=-3.2860240427312615E-7,

  rm33=9.9999574189221085E-1, rm34=2.3336950783925495E-1, rm36=-1.4505941570847058E-7,

  rm43=-9.3021959154533339E-7, rm44=1.0000040410401081E+0, rm46=-1.1394431231881441E-9,

  rm51=3.2861259859033927E-7, rm52=2.2205864142329218E-6, rm53=1.1395732084269362E-9, rm54=-1.4479409061851828E-7,

  rm55=1, rm66=1;



MAP_0596: matrix, l=2.3335000000000150E-1,

  rm11=9.9989589268321599E-1, rm12=2.3240617446061759E-1, rm16=-2.4436988149689753E-6,

  rm21=1.1813382529673351E-5, rm22=1.0001068639451436E+0, rm26=3.1640360066004236E-7,

  rm33=1.0000088469278101E+0, rm34=2.3330751965818208E-1, rm36=-9.9681929210948539E-8,

  rm43=1.9620878389214562E-6, rm44=9.9999161091625444E-1, rm46=-3.4003801666765421E-9,

  rm51=-3.1639952907904537E-7, rm52=-2.5174941086800513E-6, rm53=3.4002146648933386E-9, rm54=-9.8887758708314296E-8,

  rm55=1, rm66=1;



MAP_0597: matrix, l=0.0000000000000000E+0,

  rm11=1.0000000000000000E+0, rm12=0.0000000000000000E+0, rm16=0.0000000000000000E+0,

  rm21=0.0000000000000000E+0, rm22=1.0000000000000000E+0, rm26=0.0000000000000000E+0,

  rm33=1.0000000000000000E+0, rm34=0.0000000000000000E+0, rm36=0.0000000000000000E+0,

  rm43=0.0000000000000000E+0, rm44=1.0000000000000000E+0, rm46=0.0000000000000000E+0,

  rm51=0.0000000000000000E+0, rm52=0.0000000000000000E+0, rm53=0.0000000000000000E+0, rm54=0.0000000000000000E+0,

  rm55=1, rm66=1;



MAP_0598: matrix, l=2.1115000000000350E-1,

  rm11=1.0000628904914048E+0, rm12=2.1170551195217668E-1, rm16=1.8949330124473640E-6,

  rm21=-7.3106600068543167E-6, rm22=9.9993556585387089E-1, rm26=-1.9547053297513939E-7,

  rm33=9.9998473034347857E-1, rm34=2.1122665193541149E-1, rm36=3.1347511069562684E-7,

  rm43=-3.1723194106369976E-6, rm44=1.0000145998010472E+0, rm46=2.5974163236908154E-9,

  rm51=1.9546897300202358E-7, rm52=1.9361931033118020E-6, rm53=-2.5983711052141209E-9, rm54=3.1293104381614066E-7,

  rm55=1, rm66=1;



MAP_0599: matrix, l=2.1114999999997508E-1,

  rm11=9.9991821119808710E-1, rm12=2.1044481200580170E-1, rm16=-1.8538637828746651E-6,

  rm21=9.7471763445355622E-6, rm22=1.0000838469023439E+0, rm26=2.6078160307585474E-7,

  rm33=1.0000135381219077E+0, rm34=2.1107942396296300E-1, rm36=4.0537849820693195E-7,

  rm43=2.7085961460439597E-6, rm44=9.9998703378254450E-1, rm46=-2.9175762916722192E-9,

  rm51=-2.6077834399818863E-7, rm52=-1.9088993590440965E-6, rm53=2.9187137968136632E-9, rm54=4.0598908230418658E-7,

  rm55=1, rm66=1;



MAP_0600: matrix, l=0.0000000000000000E+0,

  rm11=1.0000000000000000E+0, rm12=0.0000000000000000E+0, rm16=0.0000000000000000E+0,

  rm21=0.0000000000000000E+0, rm22=1.0000000000000000E+0, rm26=0.0000000000000000E+0,

  rm33=1.0000000000000000E+0, rm34=0.0000000000000000E+0, rm36=0.0000000000000000E+0,

  rm43=0.0000000000000000E+0, rm44=1.0000000000000000E+0, rm46=0.0000000000000000E+0,

  rm51=0.0000000000000000E+0, rm52=0.0000000000000000E+0, rm53=0.0000000000000000E+0, rm54=0.0000000000000000E+0,

  rm55=1, rm66=1;



MAP_0601: matrix, l=2.3335000000000150E-1,

  rm11=1.0001084889993657E+0, rm12=2.3426258661334107E-1, rm16=2.0629973709329619E-6,

  rm21=-1.3297865350361941E-5, rm22=9.9988840791481470E-1, rm26=-3.5537538331520402E-7,

  rm33=1.0000041833642239E+0, rm34=2.3332745545622582E-1, rm36=-1.1843756722584864E-7,

  rm43=7.7131776496141214E-7, rm44=9.9999599662213512E-1, rm46=6.2049539464870129E-10,

  rm51=3.5538650417368228E-7, rm52=2.1460183132687349E-6, rm53=-6.2058934340657645E-10, rm54=-1.1858187168706932E-7,

  rm55=1, rm66=1;



MAP_0602: matrix, l=2.3335000000000150E-1,

  rm11=9.9997822367712841E-1, rm12=2.3317188972808073E-1, rm16=-3.0631318670426566E-7,

  rm21=2.7428022437335382E-6, rm22=1.0000224163553995E+0, rm26=7.1616665764384635E-8,

  rm33=9.9998609544809591E-1, rm34=2.3342805890576762E-1, rm36=-1.6705399411703903E-7,

  rm43=-2.5096166483433951E-6, rm44=1.0000133189221549E+0, rm46=8.4526847327071053E-10,

  rm51=-7.1615946373243732E-8, rm52=-3.2301904642182831E-7, rm53=-8.4483747870654274E-10, rm54=-1.6725352847515216E-7,

  rm55=1, rm66=1;



MAP_0603: matrix, l=0.0000000000000000E+0,

  rm11=1.0000000000000000E+0, rm12=0.0000000000000000E+0, rm16=0.0000000000000000E+0,

  rm21=0.0000000000000000E+0, rm22=1.0000000000000000E+0, rm26=0.0000000000000000E+0,

  rm33=1.0000000000000000E+0, rm34=0.0000000000000000E+0, rm36=0.0000000000000000E+0,

  rm43=0.0000000000000000E+0, rm44=1.0000000000000000E+0, rm46=0.0000000000000000E+0,

  rm51=0.0000000000000000E+0, rm52=0.0000000000000000E+0, rm53=0.0000000000000000E+0, rm54=0.0000000000000000E+0,

  rm55=1, rm66=1;



MAP_0604: matrix, l=2.2225000000000250E-1,

  rm11=9.9997574628432773E-1, rm12=2.2205725724944286E-1, rm16=-3.6478178777610282E-7,

  rm21=3.1498480710477336E-6, rm22=1.0000249537675174E+0, rm26=8.4556836706106697E-8,

  rm33=1.0000122896710499E+0, rm34=2.2217833189362712E-1, rm36=6.4765747440076460E-7,

  rm43=2.1444329582579449E-6, rm44=9.9998818692066627E-1, rm46=-1.3897566483039858E-9,

  rm51=-8.4555934895841664E-8, rm52=-3.8356734969667666E-7, rm53=1.3911625859898000E-9, rm54=6.4795859738549669E-7,

  rm55=1, rm66=1;



MAP_0605: matrix, l=2.2225000000000250E-1,

  rm11=9.9997013782058641E-1, rm12=2.2201931629818508E-1, rm16=-1.5090942057649492E-6,

  rm21=3.9931869814948970E-6, rm22=1.0000307496623086E+0, rm26=1.0709827055060961E-7,

  rm33=1.0000038046480859E+0, rm34=2.2222697401675617E-1, rm36=-3.7374943020335172E-7,

  rm43=6.7444782271445725E-7, rm44=9.9999634524631775E-1, rm46=-2.4996422657436179E-9,

  rm51=-1.0710109845817584E-7, rm52=-1.5329184947065328E-6, rm53=2.4993997015133383E-9, rm54=-3.7319257630440484E-7,

  rm55=1, rm66=1;



MAP_0606: matrix, l=0.0000000000000000E+0,

  rm11=1.0000000000000000E+0, rm12=0.0000000000000000E+0, rm16=0.0000000000000000E+0,

  rm21=0.0000000000000000E+0, rm22=1.0000000000000000E+0, rm26=0.0000000000000000E+0,

  rm33=1.0000000000000000E+0, rm34=0.0000000000000000E+0, rm36=0.0000000000000000E+0,

  rm43=0.0000000000000000E+0, rm44=1.0000000000000000E+0, rm46=0.0000000000000000E+0,

  rm51=0.0000000000000000E+0, rm52=0.0000000000000000E+0, rm53=0.0000000000000000E+0, rm54=0.0000000000000000E+0,

  rm55=1, rm66=1;



MAP_0607: matrix, l=2.0320000000000960E-1,

  rm11=9.9998728208641030E-1, rm12=2.0310459670302905E-1, rm16=-2.9012942609485393E-7,

  rm21=1.7478965494354517E-6, rm22=1.0000130730856756E+0, rm26=4.6802622666319849E-8,

  rm33=9.9998780617790817E-1, rm34=2.0327624484308598E-1, rm36=2.2172334869507981E-7,

  rm43=-2.0025677295614366E-6, rm44=1.0000117868913712E+0, rm46=2.6192493850912824E-9,

  rm51=-4.6802534550831768E-8, rm52=-2.9963904678298522E-7, rm53=-2.6196614624532534E-9, rm54=2.2119353094479641E-7,

  rm55=1, rm66=1;



MAP_0608: matrix, l=2.0320000000000960E-1,

  rm11=9.9999605600408281E-1, rm12=2.0317119208960610E-1, rm16=-6.2480435103484666E-8,

  rm21=5.5840966369508903E-7, rm22=1.0000040574646767E+0, rm26=1.5190618395111155E-8,

  rm33=1.0000028791249860E+0, rm34=2.0318146444723781E-1, rm36=2.5567271388915458E-7,

  rm43=4.7458165478235184E-7, rm44=9.9999721730922131E-1, rm46=-1.6698998624858907E-9,

  rm51=-1.5190593373052980E-8, rm52=-6.5566984663556110E-8, rm53=1.6700260079159489E-9, rm54=2.5601129513059142E-7,

  rm55=1, rm66=1;



MAP_0609: matrix, l=0.0000000000000000E+0,

  rm11=1.0000000000000000E+0, rm12=0.0000000000000000E+0, rm16=0.0000000000000000E+0,

  rm21=0.0000000000000000E+0, rm22=1.0000000000000000E+0, rm26=0.0000000000000000E+0,

  rm33=1.0000000000000000E+0, rm34=0.0000000000000000E+0, rm36=0.0000000000000000E+0,

  rm43=0.0000000000000000E+0, rm44=1.0000000000000000E+0, rm46=0.0000000000000000E+0,

  rm51=0.0000000000000000E+0, rm52=0.0000000000000000E+0, rm53=0.0000000000000000E+0, rm54=0.0000000000000000E+0,

  rm55=1, rm66=1;



MAP_0610: matrix, l=8.5369999999997503E-1,

  rm11=1.0000327421926822E+0, rm12=8.5393247158193397E-1, rm16=1.1207575625338251E-6,

  rm21=-5.2614829010920937E-6, rm22=9.9996276607533996E-1, rm26=-1.4003791952432731E-7,

  rm33=1.0000096979509130E+0, rm34=8.5363583040192692E-1, rm36=3.1924475056566148E-7,

  rm43=1.3455243350822422E-6, rm44=9.9999145071978068E-1, rm46=-9.4884068137235378E-10,

  rm51=1.4003660782611965E-7, rm52=1.2402987590657802E-6, rm53=9.4927943476343929E-10, rm54=3.2005198565579277E-7,

  rm55=1, rm66=1;



MAP_0611: matrix, l=8.5370000000000346E-1,

  rm11=9.9996963153116247E-1, rm12=8.5351017733950962E-1, rm16=-1.4905847014468065E-6,

  rm21=5.6628602488075225E-6, rm22=1.0000352028467492E+0, rm26=1.5230106063801596E-7,

  rm33=9.9997024316192817E-1, rm34=8.5392140273386907E-1, rm36=2.5421559388116854E-7,

  rm43=-3.7044203996599895E-6, rm44=1.0000265943455715E+0, rm46=3.6470505001412468E-9,

  rm51=-1.5230487646085537E-7, rm52=-1.6206276795457665E-6, rm53=-3.6478836968819596E-9, rm54=2.5110806009959999E-7,

  rm55=1, rm66=1;



MAP_0612: matrix, l=0.0000000000000000E+0,

  rm11=1.0000000000000000E+0, rm12=0.0000000000000000E+0, rm16=0.0000000000000000E+0,

  rm21=0.0000000000000000E+0, rm22=1.0000000000000000E+0, rm26=0.0000000000000000E+0,

  rm33=1.0000000000000000E+0, rm34=0.0000000000000000E+0, rm36=0.0000000000000000E+0,

  rm43=0.0000000000000000E+0, rm44=1.0000000000000000E+0, rm46=0.0000000000000000E+0,

  rm51=0.0000000000000000E+0, rm52=0.0000000000000000E+0, rm53=0.0000000000000000E+0, rm54=0.0000000000000000E+0,

  rm55=1, rm66=1;



MAP_0613: matrix, l=2.1145000000001346E-1,

  rm11=1.0064577278726385E+0, rm12=2.1226705745535460E-1, rm16=2.0838184285332240E-6,

  rm21=6.0492980435179318E-2, rm22=1.0063419842724370E+0, rm26=-2.5489900873018612E-7,

  rm33=9.9362886315803089E-1, rm34=2.1095855109964959E-1, rm36=-9.5999281496395028E-8,

  rm43=-6.0244679839343611E-2, rm44=9.9362136732999351E-1, rm46=-9.1956773367804501E-8,

  rm51=3.8260146459129746E-7, rm52=2.1511406347650392E-6, rm53=9.7154350159689623E-8, rm54=-7.5987869669674088E-8,

  rm55=1, rm66=1;



MAP_0614: matrix, l=2.1144999999998504E-1,

  rm11=1.0063898518368926E+0, rm12=2.1190084964335382E-1, rm16=-5.3054830417842425E-8,

  rm21=6.0501894989833889E-2, rm22=1.0063897217412805E+0, rm26=-6.0285142820977466E-7,

  rm33=9.9362019651719669E-1, rm34=2.1106209840543055E-1, rm36=-7.8778785966848730E-8,

  rm43=-6.0245019615824666E-2, rm44=9.9362368357849773E-1, rm46=8.2638383290328022E-7,

  rm51=6.0349364173705052E-7, rm52=7.4350893825117304E-8, rm53=-8.1636563694210784E-7, rm54=-2.5269477336111135E-7,

  rm55=1, rm66=1;



MAP_0615: matrix, l=0.0000000000000000E+0,

  rm11=1.0000000000000000E+0, rm12=0.0000000000000000E+0, rm16=0.0000000000000000E+0,

  rm21=0.0000000000000000E+0, rm22=1.0000000000000000E+0, rm26=0.0000000000000000E+0,

  rm33=1.0000000000000000E+0, rm34=0.0000000000000000E+0, rm36=0.0000000000000000E+0,

  rm43=0.0000000000000000E+0, rm44=1.0000000000000000E+0, rm46=0.0000000000000000E+0,

  rm51=0.0000000000000000E+0, rm52=0.0000000000000000E+0, rm53=0.0000000000000000E+0, rm54=0.0000000000000000E+0,

  rm55=1, rm66=1;



MAP_0616: matrix, l=6.6006000000000142E+0,

  rm11=1.0000005341149005E+0, rm12=6.6006048958617036E+0, rm16=1.9079201864780071E-6,

  rm21=8.5432534190291840E-8, rm22=1.0000000297914873E+0, rm26=2.0452365842582587E-8,

  rm33=1.0000003648200970E+0, rm34=6.6003437797786528E+0, rm36=-2.4329231684133701E-6,

  rm43=1.5179182719894628E-7, rm44=1.0000006370579131E+0, rm46=-1.2416840480311065E-8,

  rm51=-2.0452213768039371E-8, rm52=1.7729222572052818E-6, rm53=1.2416475712370845E-8, rm54=-2.3509693024976016E-6,

  rm55=1, rm66=1;



MAP_0617: matrix, l=6.6005999999999858E+0,

  rm11=1.0000062003874748E+0, rm12=6.6006404368003952E+0, rm16=3.3257373128897649E-6,

  rm21=2.1244740272347383E-6, rm22=1.0000078224531939E+0, rm26=2.4265378766215318E-7,

  rm33=9.9999970814397143E-1, rm34=6.6007150305345794E+0, rm36=-2.3825553226997087E-6,

  rm43=-6.4266985962133104E-9, rm44=1.0000002494352955E+0, rm46=5.2359398818057658E-10,

  rm51=-2.4264822676711628E-7, rm52=1.7240929253286450E-6, rm53=-5.2357852340156685E-10, rm54=-2.3860120117007806E-6,

  rm55=1, rm66=1;



MAP_0618: matrix, l=0.0000000000000000E+0,

  rm11=1.0000000000000000E+0, rm12=0.0000000000000000E+0, rm16=0.0000000000000000E+0,

  rm21=0.0000000000000000E+0, rm22=1.0000000000000000E+0, rm26=0.0000000000000000E+0,

  rm33=1.0000000000000000E+0, rm34=0.0000000000000000E+0, rm36=0.0000000000000000E+0,

  rm43=0.0000000000000000E+0, rm44=1.0000000000000000E+0, rm46=0.0000000000000000E+0,

  rm51=0.0000000000000000E+0, rm52=0.0000000000000000E+0, rm53=0.0000000000000000E+0, rm54=0.0000000000000000E+0,

  rm55=1, rm66=1;



MAP_0619: matrix, l=5.3340000000000032E-1,

  rm11=1.0000003439838707E+0, rm12=5.3339956261942467E-1, rm16=-3.4125080040914302E-7,

  rm21=1.1504143803929590E-6, rm22=1.0000002696465637E+0, rm26=8.5689122854629152E-8,

  rm33=1.0000000977359973E+0, rm34=5.3337241331724272E-1, rm36=1.9164585214614949E-7,

  rm43=1.2928459013497136E-9, rm44=9.9999990295358054E-1, rm46=-1.0498221893586249E-10,

  rm51=-8.5689544910133416E-8, rm52=-3.8695743307815004E-7, rm53=1.0498247696495880E-10, rm54=1.9170182816707496E-7,

  rm55=1, rm66=1;



MAP_0620: matrix, l=5.3340000000000032E-1,

  rm11=9.9999892770024568E-1, rm12=5.3341065478528138E-1, rm16=4.1650815665872365E-7,

  rm21=-5.2279856473342145E-7, rm22=1.0000007934342803E+0, rm26=-4.6969334265706264E-8,

  rm33=9.9999929637807727E-1, rm34=5.3358082718095290E-1, rm36=2.5538722926710111E-7,

  rm43=-6.4018183592130796E-8, rm44=1.0000006694635184E+0, rm46=5.2359757554078283E-9,

  rm51=4.6969066150634165E-8, rm52=4.4156243047607229E-7, rm53=-5.2359884206870296E-9, rm54=2.5259358396486422E-7,

  rm55=1, rm66=1;



MAP_0621: matrix, l=0.0000000000000000E+0,

  rm11=1.0000000000000000E+0, rm12=0.0000000000000000E+0, rm16=0.0000000000000000E+0,

  rm21=0.0000000000000000E+0, rm22=1.0000000000000000E+0, rm26=0.0000000000000000E+0,

  rm33=1.0000000000000000E+0, rm34=0.0000000000000000E+0, rm36=0.0000000000000000E+0,

  rm43=0.0000000000000000E+0, rm44=1.0000000000000000E+0, rm46=0.0000000000000000E+0,

  rm51=0.0000000000000000E+0, rm52=0.0000000000000000E+0, rm53=0.0000000000000000E+0, rm54=0.0000000000000000E+0,

  rm55=1, rm66=1;



MAP_0622: matrix, l=7.4290000000002010E-1,

  rm11=1.0000010661441623E+0, rm12=7.4289588093001635E-1, rm16=8.3723336267299553E-7,

  rm21=1.4587857619316194E-6, rm22=1.0000000175817529E+0, rm26=9.3134905950614799E-8,

  rm33=1.0000008966847094E+0, rm34=7.4268523951421295E-1, rm36=-7.5759487311310991E-7,

  rm43=8.6020695277733612E-8, rm44=9.9999916720233795E-1, rm46=-7.0365675159441560E-9,

  rm51=-9.3133783901742209E-8, rm52=7.6804383939150942E-7, rm53=7.0365086566889300E-9, rm54=-7.5236828735893396E-7,

  rm55=1, rm66=1;



MAP_0623: matrix, l=7.4289999999999168E-1,

  rm11=1.0000010337921055E+0, rm12=7.4289549739982708E-1, rm16=-1.6968253732652094E-7,

  rm21=8.2079581425993048E-7, rm22=9.9999957597384737E-1, rm26=5.0186512065911182E-8,

  rm33=1.0000003372309716E+0, rm34=7.4282729129810521E-1, rm36=-7.1306281486382961E-7,

  rm43=2.8101824916425714E-8, rm44=9.9999968364393776E-1, rm46=-2.2985236451458237E-9,

  rm51=-5.0186703223047551E-8, rm52=-2.0696579922065498E-7, rm53=2.2985043819128080E-9, rm54=-7.1135518318877710E-7,

  rm55=1, rm66=1;



MAP_0624: matrix, l=0.0000000000000000E+0,

  rm11=1.0000000000000000E+0, rm12=0.0000000000000000E+0, rm16=0.0000000000000000E+0,

  rm21=0.0000000000000000E+0, rm22=1.0000000000000000E+0, rm26=0.0000000000000000E+0,

  rm33=1.0000000000000000E+0, rm34=0.0000000000000000E+0, rm36=0.0000000000000000E+0,

  rm43=0.0000000000000000E+0, rm44=1.0000000000000000E+0, rm46=0.0000000000000000E+0,

  rm51=0.0000000000000000E+0, rm52=0.0000000000000000E+0, rm53=0.0000000000000000E+0, rm54=0.0000000000000000E+0,

  rm55=1, rm66=1;



MAP_0625: matrix, l=2.1144999999998504E-1,

  rm11=1.0037601637488069E+0, rm12=2.1172177728982236E-1, rm16=3.2777777068254688E-7,

  rm21=3.5598288123979700E-2, rm22=1.0037626210101547E+0, rm26=2.2851088797397334E-7,

  rm33=9.9624278972281066E-1, rm34=2.1132024411961456E-1, rm36=8.1363950472923552E-7,

  rm43=-3.5509524858092660E-2, rm44=9.9623919869428923E-1, rm46=-7.3606691045969078E-7,

  rm51=-2.1770179880974770E-7, rm52=2.8063034287725356E-7, rm53=7.0440940008030369E-7, rm54=9.6612540742418425E-7,

  rm55=1, rm66=1;



MAP_0626: matrix, l=2.1145000000001346E-1,

  rm11=1.0037581998588088E+0, rm12=2.1172939000489571E-1, rm16=-1.0027852349187016E-7,

  rm21=3.5597565496951249E-2, rm22=1.0037647024652467E+0, rm26=1.3484302316228713E-7,

  rm33=9.9624020023783411E-1, rm34=2.1108163055017834E-1, rm36=-8.2409810558958796E-8,

  rm43=-3.5509224209997865E-2, rm44=9.9625035690914654E-1, rm46=5.0118445130056116E-7,

  rm51=-1.3891946150083640E-7, rm52=-1.2920627333703839E-7, rm53=-4.9637378967951855E-7, rm54=-1.8789163436909675E-7,

  rm55=1, rm66=1;



MAP_0627: matrix, l=0.0000000000000000E+0,

  rm11=1.0000000000000000E+0, rm12=0.0000000000000000E+0, rm16=0.0000000000000000E+0,

  rm21=0.0000000000000000E+0, rm22=1.0000000000000000E+0, rm26=0.0000000000000000E+0,

  rm33=1.0000000000000000E+0, rm34=0.0000000000000000E+0, rm36=0.0000000000000000E+0,

  rm43=0.0000000000000000E+0, rm44=1.0000000000000000E+0, rm46=0.0000000000000000E+0,

  rm51=0.0000000000000000E+0, rm52=0.0000000000000000E+0, rm53=0.0000000000000000E+0, rm54=0.0000000000000000E+0,

  rm55=1, rm66=1;



MAP_0628: matrix, l=1.9069499999999948E+0,

  rm11=1.0000015640724242E+0, rm12=1.9069457873772233E+0, rm16=-7.1044440038900425E-7,

  rm21=6.0856580646381876E-7, rm22=9.9999959643020808E-1, rm26=2.8563676108400715E-8,

  rm33=1.0000055181190215E+0, rm34=1.9070332958412122E+0, rm36=-3.5053003291651841E-7,

  rm43=-4.6563190017712579E-7, rm44=9.9999359394079079E-1, rm46=4.9986059475620737E-10,

  rm51=-2.8564153136228321E-8, rm52=-7.6491349550202765E-7, rm53=-4.9970013508116733E-10, rm54=-3.5148103819785205E-7,

  rm55=1, rm66=1;



MAP_0629: matrix, l=1.9069499999999948E+0,

  rm11=9.9997992936646540E-1, rm12=1.9070571681857416E+0, rm16=-1.2874197495519463E-6,

  rm21=-2.9470315963264246E-6, rm22=1.0000144507658402E+0, rm26=-2.0403724440044846E-7,

  rm33=9.9999700982133377E-1, rm34=1.9069092837967703E+0, rm36=-4.1464192921530918E-7,

  rm43=3.4766370097224375E-7, rm44=1.0000036531527290E+0, rm46=-3.0748537735089676E-9,

  rm51=2.0403694331036838E-7, rm52=-8.9832766424254378E-7, rm53=3.0747004231991230E-9, rm54=-4.0877997675858265E-7,

  rm55=1, rm66=1;



MAP_0630: matrix, l=0.0000000000000000E+0,

  rm11=1.0000000000000000E+0, rm12=0.0000000000000000E+0, rm16=0.0000000000000000E+0,

  rm21=0.0000000000000000E+0, rm22=1.0000000000000000E+0, rm26=0.0000000000000000E+0,

  rm33=1.0000000000000000E+0, rm34=0.0000000000000000E+0, rm36=0.0000000000000000E+0,

  rm43=0.0000000000000000E+0, rm44=1.0000000000000000E+0, rm46=0.0000000000000000E+0,

  rm51=0.0000000000000000E+0, rm52=0.0000000000000000E+0, rm53=0.0000000000000000E+0, rm54=0.0000000000000000E+0,

  rm55=1, rm66=1;



MAP_0631: matrix, l=2.0320000000000960E-1,

  rm11=1.0000027226568253E+0, rm12=2.0318027135488292E-1, rm16=4.2063684919067812E-7,

  rm21=3.6648268662024865E-7, rm22=9.9999735181243643E-1, rm26=2.6828449437715784E-8,

  rm33=1.0000029914342017E+0, rm34=2.0323486041612798E-1, rm36=-2.5841960798328456E-7,

  rm43=-3.3173109310581915E-7, rm44=9.9999694115562632E-1, rm46=1.7436223584757493E-9,

  rm51=-2.6828368326254174E-8, rm52=4.1518472362861944E-7, rm53=-1.7435418485882710E-9, rm54=-2.5877318236456386E-7,

  rm55=1, rm66=1;



MAP_0632: matrix, l=2.0320000000000960E-1,

  rm11=9.9999947574900405E-1, rm12=2.0320396614492647E-1, rm16=-8.1826012412046338E-7,

  rm21=-6.8436532317774855E-8, rm22=1.0000005103446885E+0, rm26=-5.0282354512737326E-9,

  rm33=1.0000044808157076E+0, rm34=2.0325110492072268E-1, rm36=7.5355086359002454E-7,

  rm43=-4.5614874600964339E-7, rm44=9.9999542649204864E-1, rm46=-2.6478222652642769E-10,

  rm51=5.0282888141017178E-9, rm52=-8.1723878432876225E-7, rm53=2.6443968168530635E-10, rm54=7.5360123449926303E-7,

  rm55=1, rm66=1;



MAP_0633: matrix, l=0.0000000000000000E+0,

  rm11=1.0000000000000000E+0, rm12=0.0000000000000000E+0, rm16=0.0000000000000000E+0,

  rm21=0.0000000000000000E+0, rm22=1.0000000000000000E+0, rm26=0.0000000000000000E+0,

  rm33=1.0000000000000000E+0, rm34=0.0000000000000000E+0, rm36=0.0000000000000000E+0,

  rm43=0.0000000000000000E+0, rm44=1.0000000000000000E+0, rm46=0.0000000000000000E+0,

  rm51=0.0000000000000000E+0, rm52=0.0000000000000000E+0, rm53=0.0000000000000000E+0, rm54=0.0000000000000000E+0,

  rm55=1, rm66=1;



MAP_0634: matrix, l=1.2570499999999925E+0,

  rm11=9.9999563974598549E-1, rm12=1.2570830099093913E+0, rm16=3.1357567701999212E-7,

  rm21=-4.9761451651923389E-7, rm22=1.0000037347275446E+0, rm26=-3.5823909949606048E-8,

  rm33=1.0000030430510076E+0, rm34=1.2570847647645467E+0, rm36=-6.7874399287126685E-7,

  rm43=-3.2352643980623252E-7, rm44=9.9999655025933143E-1, rm46=-1.7595725839911203E-9,

  rm51=3.5823597708449964E-8, rm52=3.5861047668588412E-7, rm53=1.7597975300877986E-9, rm54=-6.7652971949267843E-7,

  rm55=1, rm66=1;



MAP_0635: matrix, l=1.2570499999999925E+0,

  rm11=1.0000090453046959E+0, rm12=1.2569712773120245E+0, rm16=2.7626403855188220E-7,

  rm21=9.6160903028492131E-7, rm22=9.9999216348111897E-1, rm26=6.3594561193480725E-8,

  rm33=1.0000015318684385E+0, rm34=1.2570661270846184E+0, rm36=3.0957579987000994E-7,

  rm43=-2.0879255054574909E-7, rm44=9.9999820566826736E-1, rm46=-1.5471790168475330E-10,

  rm51=-6.3594870767669507E-8, rm52=1.9632533679006078E-7, rm53=1.5465350157138168E-10, rm54=3.0976973502179007E-7,

  rm55=1, rm66=1;



MAP_0636: matrix, l=0.0000000000000000E+0,

  rm11=1.0000000000000000E+0, rm12=0.0000000000000000E+0, rm16=0.0000000000000000E+0,

  rm21=0.0000000000000000E+0, rm22=1.0000000000000000E+0, rm26=0.0000000000000000E+0,

  rm33=1.0000000000000000E+0, rm34=0.0000000000000000E+0, rm36=0.0000000000000000E+0,

  rm43=0.0000000000000000E+0, rm44=1.0000000000000000E+0, rm46=0.0000000000000000E+0,

  rm51=0.0000000000000000E+0, rm52=0.0000000000000000E+0, rm53=0.0000000000000000E+0, rm54=0.0000000000000000E+0,

  rm55=1, rm66=1;



MAP_0637: matrix, l=3.0289999999999395E-1,

  rm11=9.8485371489171902E-1, rm12=3.0147977755479222E-1, rm16=-1.1558978514902840E-6,

  rm21=-9.9683093858451477E-2, rm22=9.8486460310932855E-1, rm26=-4.9393579908824092E-7,

  rm33=1.0152083876238087E+0, rm34=3.0439974590976460E-1, rm36=-8.4917955160690450E-8,

  rm43=1.0069679743355710E-1, rm44=1.0152123368139623E+0, rm46=-4.4840148080487960E-8,

  rm51=6.0167798067095222E-7, rm52=-9.8949122390743279E-7, rm53=3.6971128304317076E-8, rm54=-7.2560426013891068E-8,

  rm55=1, rm66=1;



MAP_0638: matrix, l=3.0290000000002237E-1,

  rm11=9.8486468209864431E-1, rm12=3.0133170078566607E-1, rm16=3.8617390677592178E-7,

  rm21=-9.9683034291541572E-2, rm22=9.8486864172097721E-1, rm26=6.4219933512080912E-7,

  rm33=1.0152121871909026E+0, rm34=3.0446512960184646E-1, rm36=-6.8156581491118917E-7,

  rm43=1.0069641161747295E-1, rm44=1.0152149068121339E+0, rm46=-9.2718668392739040E-8,

  rm51=-6.7097443081935922E-7, rm52=1.8681555313910803E-7, rm53=2.5497890289725124E-8, rm54=-6.6370617388269319E-7,

  rm55=1, rm66=1;



MAP_0639: matrix, l=0.0000000000000000E+0,

  rm11=1.0000000000000000E+0, rm12=0.0000000000000000E+0, rm16=0.0000000000000000E+0,

  rm21=0.0000000000000000E+0, rm22=1.0000000000000000E+0, rm26=0.0000000000000000E+0,

  rm33=1.0000000000000000E+0, rm34=0.0000000000000000E+0, rm36=0.0000000000000000E+0,

  rm43=0.0000000000000000E+0, rm44=1.0000000000000000E+0, rm46=0.0000000000000000E+0,

  rm51=0.0000000000000000E+0, rm52=0.0000000000000000E+0, rm53=0.0000000000000000E+0, rm54=0.0000000000000000E+0,

  rm55=1, rm66=1;



MAP_0640: matrix, l=1.9344999999998436E-1,

  rm11=9.9999606343839875E-1, rm12=1.9341139188476458E-1, rm16=-4.0170370141368039E-8,

  rm21=4.1222200796318864E-7, rm22=1.0000040163058441E+0, rm26=-2.8884212636276496E-8,

  rm33=1.0000038497884691E+0, rm34=1.9340966127608161E-1, rm36=1.7449064118602031E-7,

  rm43=5.1838029716923886E-7, rm44=9.9999625048572338E-1, rm46=-1.2142803713487832E-8,

  rm51=2.8884082372683507E-8, rm52=-3.4583995708382656E-8, rm53=1.2142940913223984E-8, rm54=1.7683852248403767E-7,

  rm55=1, rm66=1;



MAP_0641: matrix, l=1.9345000000001278E-1,

  rm11=1.0000024480974921E+0, rm12=1.9347355164364743E-1, rm16=5.1061555964362904E-7,

  rm21=-2.6309392575138462E-7, rm22=9.9999750100690932E-1, rm26=1.8376702420191959E-8,

  rm33=9.9999488514752599E-1, rm34=1.9350436057610598E-1, rm36=3.1557771384277400E-7,

  rm43=-6.5501218497006376E-7, rm44=1.0000049881302735E+0, rm46=1.5048394473235471E-8,

  rm51=-1.8376881748003203E-8, rm52=5.0705887773414049E-7, rm53=-1.5048524210165641E-8, rm54=3.1266735803528163E-7,

  rm55=1, rm66=1;



MAP_0642: matrix, l=0.0000000000000000E+0,

  rm11=1.0000000000000000E+0, rm12=0.0000000000000000E+0, rm16=0.0000000000000000E+0,

  rm21=0.0000000000000000E+0, rm22=1.0000000000000000E+0, rm26=0.0000000000000000E+0,

  rm33=1.0000000000000000E+0, rm34=0.0000000000000000E+0, rm36=0.0000000000000000E+0,

  rm43=0.0000000000000000E+0, rm44=1.0000000000000000E+0, rm46=0.0000000000000000E+0,

  rm51=0.0000000000000000E+0, rm52=0.0000000000000000E+0, rm53=0.0000000000000000E+0, rm54=0.0000000000000000E+0,

  rm55=1, rm66=1;



MAP_0643: matrix, l=8.2549999999997681E-2,

  rm11=1.0000089226364837E+0, rm12=8.2634258596233148E-2, rm16=-1.0794632430005668E-6,

  rm21=-9.8778408810395167E-7, rm22=9.9999099581905160E-1, rm26=6.8187607229000524E-8,

  rm33=1.0000057997699177E+0, rm34=8.2487471747363969E-2, rm36=-1.3894668630942686E-7,

  rm43=7.6021104713656393E-7, rm44=9.9999426297124305E-1, rm46=-1.7941134872884179E-8,

  rm51=-6.8187149365617389E-8, rm52=-1.0850881556870192E-6, rm53=1.7941133298532608E-8, rm54=-1.3746597031234914E-7,

  rm55=1, rm66=1;



MAP_0644: matrix, l=8.2549999999997681E-2,

  rm11=9.9999974000477132E-1, rm12=8.2547618777177617E-2, rm16=5.6718873688021976E-7,

  rm21=1.4465513673447083E-8, rm22=1.0000002611893901E+0, rm26=-1.5621573002180811E-9,

  rm33=1.0000000442609283E+0, rm34=8.2549405591982247E-2, rm36=-4.7281741737126293E-8,

  rm43=2.3426769213670878E-8, rm44=9.9999995767293970E-1, rm46=-8.7846195465438037E-10,

  rm51=1.5621650987410653E-9, rm52=5.6731783738918841E-7, rm53=8.7846088587747019E-10, rm54=-4.7209223223637269E-8,

  rm55=1, rm66=1;



MAP_0645: matrix, l=0.0000000000000000E+0,

  rm11=1.0000000000000000E+0, rm12=0.0000000000000000E+0, rm16=0.0000000000000000E+0,

  rm21=0.0000000000000000E+0, rm22=1.0000000000000000E+0, rm26=0.0000000000000000E+0,

  rm33=1.0000000000000000E+0, rm34=0.0000000000000000E+0, rm36=0.0000000000000000E+0,

  rm43=0.0000000000000000E+0, rm44=1.0000000000000000E+0, rm46=0.0000000000000000E+0,

  rm51=0.0000000000000000E+0, rm52=0.0000000000000000E+0, rm53=0.0000000000000000E+0, rm54=0.0000000000000000E+0,

  rm55=1, rm66=1;



MAP_0646: matrix, l=3.9265000000000327E-1,

  rm11=9.9999295686885070E-1, rm12=3.9258440171888143E-1, rm16=3.4544831578608992E-8,

  rm21=8.3620181867043247E-7, rm22=1.0000073714628581E+0, rm26=-5.7236296478399562E-8,

  rm33=9.9999493951638252E-1, rm34=3.9270477060053155E-1, rm36=-1.7370662766524880E-7,

  rm43=-6.1905694268978108E-7, rm44=1.0000048174013816E+0, rm46=1.4506206950492401E-8,

  rm51=5.7235922242107955E-8, rm52=5.7015163434128923E-8, rm53=-1.4506026007775929E-8, rm54=-1.7940412115257387E-7,

  rm55=1, rm66=1;



MAP_0647: matrix, l=3.9265000000000327E-1,

  rm11=1.0000087458237672E+0, rm12=3.9272815023217122E-1, rm16=-1.0807012373256764E-6,

  rm21=-1.0773149380532371E-6, rm22=9.9999083116451892E-1, rm26=7.4149140190729601E-8,

  rm33=1.0000033418857446E+0, rm34=3.9261302427252348E-1, rm36=-3.1080622181489659E-7,

  rm43=4.3251103541326478E-7, rm44=9.9999682793432176E-1, rm46=-1.1002465642121623E-8,

  rm51=-7.4148624430455656E-8, rm52=-1.1098117832222384E-6, rm53=1.1002367983983897E-8, rm54=-3.0648552460693987E-7,

  rm55=1, rm66=1;



MAP_0648: matrix, l=0.0000000000000000E+0,

  rm11=1.0000000000000000E+0, rm12=0.0000000000000000E+0, rm16=0.0000000000000000E+0,

  rm21=0.0000000000000000E+0, rm22=1.0000000000000000E+0, rm26=0.0000000000000000E+0,

  rm33=1.0000000000000000E+0, rm34=0.0000000000000000E+0, rm36=0.0000000000000000E+0,

  rm43=0.0000000000000000E+0, rm44=1.0000000000000000E+0, rm46=0.0000000000000000E+0,

  rm51=0.0000000000000000E+0, rm52=0.0000000000000000E+0, rm53=0.0000000000000000E+0, rm54=0.0000000000000000E+0,

  rm55=1, rm66=1;



MAP_0649: matrix, l=1.0159999999999059E-1,

  rm11=9.9998142479363938E-1, rm12=1.0144123323614743E-1, rm16=1.6040953307386308E-6,

  rm21=2.3392947432520434E-6, rm22=1.0000188128567571E+0, rm26=-1.6023891684108921E-7,

  rm33=9.9999705695905239E-1, rm34=1.0163355631966359E-1, rm36=5.2984758782542718E-7,

  rm43=-3.5726030288717526E-7, rm44=1.0000029067398672E+0, rm46=8.7389085481892614E-9,

  rm51=1.6023969282191676E-7, rm52=1.6203803416910973E-6, rm53=-8.7390721227332769E-9, rm54=5.2896096160042945E-7,

  rm55=1, rm66=1;



MAP_0650: matrix, l=1.0159999999999059E-1,

  rm11=1.0000048435933677E+0, rm12=1.0164088984638137E-1, rm16=-5.1071372964006656E-8,

  rm21=-6.3136458894894888E-7, rm22=9.9999509225794503E-1, rm26=4.2791875510921062E-8,

  rm33=9.9999751746569066E-1, rm34=1.0162849966929506E-1, rm36=5.2231311579303830E-7,

  rm43=-2.5281478379905402E-7, rm44=1.0000024568472214E+0, rm46=5.2909580176320470E-9,

  rm51=-4.2792050532709079E-8, rm52=-5.5420526624007344E-8, rm53=-5.2910769311246836E-9, rm54=5.2177668691142042E-7,

  rm55=1, rm66=1;



MAP_0651: matrix, l=0.0000000000000000E+0,

  rm11=1.0000000000000000E+0, rm12=0.0000000000000000E+0, rm16=0.0000000000000000E+0,

  rm21=0.0000000000000000E+0, rm22=1.0000000000000000E+0, rm26=0.0000000000000000E+0,

  rm33=1.0000000000000000E+0, rm34=0.0000000000000000E+0, rm36=0.0000000000000000E+0,

  rm43=0.0000000000000000E+0, rm44=1.0000000000000000E+0, rm46=0.0000000000000000E+0,

  rm51=0.0000000000000000E+0, rm52=0.0000000000000000E+0, rm53=0.0000000000000000E+0, rm54=0.0000000000000000E+0,

  rm55=1, rm66=1;



MAP_0652: matrix, l=5.9499999999999886E-1,

  rm11=9.9999833173774555E-1, rm12=5.9498593638034092E-1, rm16=-9.1466334929679594E-8,

  rm21=2.3711261788965768E-7, rm22=1.0000018093439460E+0, rm26=-1.6028936481067568E-8,

  rm33=1.0000034031637608E+0, rm34=5.9496110723767892E-1, rm36=-3.2315454607384497E-7,

  rm43=3.7075691510446404E-7, rm44=9.9999681743301472E-1, rm46=-8.8529554151915713E-9,

  rm51=1.6028888052775736E-8, rm52=-8.1929508642369970E-8, rm53=8.8528657314660118E-9, rm54=-3.1788635345670730E-7,

  rm55=1, rm66=1;



MAP_0653: matrix, l=5.9499999999999886E-1,

  rm11=1.0000102868369982E+0, rm12=5.9508048141691117E-1, rm16=-9.4039483130442525E-7,

  rm21=-1.5255726193934385E-6, rm22=9.9998880543966973E-1, rm26=1.0511992439964785E-7,

  rm33=9.9999667378002255E-1, rm34=5.9503945902035427E-1, rm36=-2.0688772126020716E-7,

  rm43=-3.2318924806722731E-7, rm44=1.0000031339200464E+0, rm46=7.3175221398762147E-9,

  rm51=-1.0511957111056936E-7, rm52=-1.0029391192160037E-6, rm53=-7.3174309363008190E-9, rm54=-2.1124258404526558E-7,

  rm55=1, rm66=1;



MAP_0654: matrix, l=0.0000000000000000E+0,

  rm11=1.0000000000000000E+0, rm12=0.0000000000000000E+0, rm16=0.0000000000000000E+0,

  rm21=2.5020291119234954E-3, rm22=1.0000000000000000E+0, rm26=-5.5323633432399766E-7,

  rm33=1.0000000000000000E+0, rm34=0.0000000000000000E+0, rm36=0.0000000000000000E+0,

  rm43=-2.5020227314684726E-3, rm44=1.0000000000000000E+0, rm46=1.1548910716424263E-7,

  rm51=5.5323633432399766E-7, rm52=0.0000000000000000E+0, rm53=-1.1548910716424263E-7, rm54=0.0000000000000000E+0,

  rm55=1, rm66=1;



MAP_0655: matrix, l=7.6200000000000045E-1,

  rm11=9.9904467228479010E-1, rm12=7.6173719605769652E-1, rm16=-1.6627581660526355E-2,

  rm21=-2.4991761952025517E-3, rm22=9.9905070536034302E-1, rm26=-4.3636367243945720E-2,

  rm33=1.0000018908772037E+0, rm34=7.6197611746528870E-1, rm36=-1.3075059770994990E-8,

  rm43=1.6789180528510410E-7, rm44=9.9999823705567570E-1, rm46=-3.9257156722420639E-9,

  rm51=4.3636235469196274E-2, rm52=1.6627646844161570E-2, rm53=3.9257209000929472E-9, rm54=-1.0083735134184934E-8,

  rm55=1, rm66=1;



MAP_0656: matrix, l=7.6200000000000045E-1,

  rm11=9.9905344005200913E-1, rm12=7.6179744577248598E-1, rm16=-1.6626766559986152E-2,

  rm21=-2.5006057949701187E-3, rm22=9.9904069680251406E-1, rm26=-4.3635486633337578E-2,

  rm33=9.9999525320246407E-1, rm34=7.6206322767993118E-1, rm36=1.1083042525394937E-7,

  rm43=-3.7635378479419431E-7, rm44=1.0000044600133264E+0, rm46=8.2978549287814063E-9,

  rm51=4.3635760018190882E-2, rm52=1.6630585812654714E-2, rm53=-8.2978572519940918E-9, rm54=1.0450742944927599E-7,

  rm55=1, rm66=1;



MAP_0657: matrix, l=0.0000000000000000E+0,

  rm11=1.0000000000000000E+0, rm12=0.0000000000000000E+0, rm16=0.0000000000000000E+0,

  rm21=2.5020151380547358E-3, rm22=1.0000000000000000E+0, rm26=-6.5945542233880605E-7,

  rm33=1.0000000000000000E+0, rm34=0.0000000000000000E+0, rm36=0.0000000000000000E+0,

  rm43=-2.5020157608371825E-3, rm44=1.0000000000000000E+0, rm46=-2.3286946142361473E-7,

  rm51=6.5945542233880605E-7, rm52=0.0000000000000000E+0, rm53=2.3286946142361473E-7, rm54=0.0000000000000000E+0,

  rm55=1, rm66=1;



MAP_0658: matrix, l=4.1125000000000114E+0,

  rm11=1.0000318358605640E+0, rm12=4.1126492059051323E+0, rm16=1.3805297464919430E-5,

  rm21=9.7654333722766622E-6, rm22=1.0000083256761847E+0, rm26=8.8782801847819837E-7,

  rm33=1.0000037980393370E+0, rm34=4.1124483077353480E+0, rm36=-5.6706630169323091E-8,

  rm43=2.5879462230849272E-7, rm44=9.9999726625055263E-1, rm46=-7.2563970175514025E-9,

  rm51=-8.8772146853462130E-7, rm52=1.0154087208181067E-5, rm53=7.2564099022617837E-9, rm54=-2.6864917512519108E-8,

  rm55=1, rm66=1;



MAP_0659: matrix, l=4.1125000000000114E+0,

  rm11=9.9998186613786322E-1, rm12=4.1127813818707475E+0, rm16=1.7582947494210188E-5,

  rm21=4.4290129037882872E-6, rm22=1.0000363500831146E+0, rm26=4.6200268448565174E-6,

  rm33=9.9999653712784742E-1, rm34=4.1125620880012645E+0, rm36=9.7961822570491464E-8,

  rm43=-1.4961689976002576E-7, rm44=1.0000028475732239E+0, rm46=2.7989632677555276E-9,

  rm51=-4.6198651908253054E-6, rm52=-1.4175737554559337E-6, rm53=-2.7989682320477593E-9, rm54=8.6451191303274868E-8,

  rm55=1, rm66=1;



MAP_0660: matrix, l=0.0000000000000000E+0,

  rm11=1.0000000000000000E+0, rm12=0.0000000000000000E+0, rm16=0.0000000000000000E+0,

  rm21=0.0000000000000000E+0, rm22=1.0000000000000000E+0, rm26=0.0000000000000000E+0,

  rm33=1.0000000000000000E+0, rm34=0.0000000000000000E+0, rm36=0.0000000000000000E+0,

  rm43=0.0000000000000000E+0, rm44=1.0000000000000000E+0, rm46=0.0000000000000000E+0,

  rm51=0.0000000000000000E+0, rm52=0.0000000000000000E+0, rm53=0.0000000000000000E+0, rm54=0.0000000000000000E+0,

  rm55=1, rm66=1;



MAP_0661: matrix, l=1.5240000000000009E+0,

  rm11=1.0782485999219180E+0, rm12=1.5636560396825840E+0, rm16=-7.0696801375280671E-6,

  rm21=1.0403308908307589E-1, rm22=1.0782967565696664E+0, rm26=-1.1047951228859709E-6,

  rm33=9.2371631551590083E-1, rm34=1.4851029997042933E+0, rm36=8.6448594563415249E-7,

  rm43=-9.8813818232125483E-2, rm44=9.2371574237561227E-1, rm46=-1.9635600610485443E-7,

  rm51=4.5576313091605186E-7, rm52=-5.8956935957689965E-6, rm53=9.5954089392473621E-8, rm54=1.0901481707210082E-6,

  rm55=1, rm66=1;



MAP_0662: matrix, l=1.5239999999999725E+0,

  rm11=1.0782443889565105E+0, rm12=1.5636631782650434E+0, rm16=-6.4237227153096654E-6,

  rm21=1.0403108971091249E-1, rm22=1.0782987570201359E+0, rm26=-2.0112927970328265E-6,

  rm33=9.2370457913929693E-1, rm34=1.4847949761141976E+0, rm36=9.2941056219209006E-8,

  rm43=-9.8811323819404828E-2, rm44=9.2376443949735687E-1, rm46=3.7449426519911566E-7,

  rm51=1.5003982988748847E-6, rm52=-3.7817077319304859E-6, rm53=-3.5510569642802318E-7, rm54=-4.7019156084659503E-7,

  rm55=1, rm66=1;



MAP_0663: matrix, l=0.0000000000000000E+0,

  rm11=1.0000000000000000E+0, rm12=0.0000000000000000E+0, rm16=0.0000000000000000E+0,

  rm21=0.0000000000000000E+0, rm22=1.0000000000000000E+0, rm26=0.0000000000000000E+0,

  rm33=1.0000000000000000E+0, rm34=0.0000000000000000E+0, rm36=0.0000000000000000E+0,

  rm43=0.0000000000000000E+0, rm44=1.0000000000000000E+0, rm46=0.0000000000000000E+0,

  rm51=0.0000000000000000E+0, rm52=0.0000000000000000E+0, rm53=0.0000000000000000E+0, rm54=0.0000000000000000E+0,

  rm55=1, rm66=1;



MAP_0664: matrix, l=1.2467000000000041E+0,

  rm11=9.9996469308929470E-1, rm12=1.2468355427079232E+0, rm16=-6.2408591581242234E-6,

  rm21=-6.9236673781013927E-6, rm22=1.0000266751779505E+0, rm26=-1.2466992616588790E-6,

  rm33=9.9999972395595804E-1, rm34=1.2466984013988684E+0, rm36=-1.4416809999973079E-7,

  rm43=9.0446397255342898E-8, rm44=1.0000003888035280E+0, rm46=-6.3687322776617705E-10,

  rm51=1.2466984541923355E-6, rm52=-4.6865966836488155E-6, rm53=6.3686001247587291E-10, rm54=-1.4337416721784689E-7,

  rm55=1, rm66=1;



MAP_0665: matrix, l=1.2467000000000041E+0,

  rm11=9.9995291608448889E-1, rm12=1.2469387855836844E+0, rm16=-8.5838741790134065E-6,

  rm21=-7.4617306932281139E-6, rm22=1.0000377813729973E+0, rm26=-1.4157211677967574E-6,

  rm33=1.0000220462369094E+0, rm34=1.2467963378937095E+0, rm36=2.1347542889654791E-8,

  rm43=-7.2802886892545160E-6, rm44=9.9996887741195029E-1, rm46=-4.6243141932009180E-8,

  rm51=1.4157185606583340E-6, rm52=-6.8188808558679214E-6, rm53=4.6244006002996606E-8, rm54=7.9002658512399651E-8,

  rm55=1, rm66=1;



MAP_0666: matrix, l=0.0000000000000000E+0,

  rm11=1.0000000000000000E+0, rm12=0.0000000000000000E+0, rm16=0.0000000000000000E+0,

  rm21=0.0000000000000000E+0, rm22=1.0000000000000000E+0, rm26=0.0000000000000000E+0,

  rm33=1.0000000000000000E+0, rm34=0.0000000000000000E+0, rm36=0.0000000000000000E+0,

  rm43=0.0000000000000000E+0, rm44=1.0000000000000000E+0, rm46=0.0000000000000000E+0,

  rm51=0.0000000000000000E+0, rm52=0.0000000000000000E+0, rm53=0.0000000000000000E+0, rm54=0.0000000000000000E+0,

  rm55=1, rm66=1;



MAP_0667: matrix, l=1.5240000000000009E+0,

  rm11=8.7160107934454845E-1, rm12=1.4581650648477826E+0, rm16=1.3665495570691633E-6,

  rm21=-1.6480646599632834E-1, rm22=8.7159709507750904E-1, rm26=-6.7358969541020386E-8,

  rm33=1.1341407729266775E+0, rm34=1.5915382163879379E+0, rm36=-1.8999860230788090E-7,

  rm43=1.7988084478645083E-1, rm44=1.1341513060627284E+0, rm46=8.0012739895468643E-8,

  rm51=-1.6650605255392667E-7, rm52=1.2893011204098012E-6, rm53=-1.2492281976041453E-7, rm54=-3.4283049629912223E-7,

  rm55=1, rm66=1;



MAP_0668: matrix, l=1.5240000000000009E+0,

  rm11=8.7159687709908429E-1, rm12=1.4582160601252949E+0, rm16=6.5320189501782977E-7,

  rm21=-1.6480646251291101E-1, rm22=8.7159166067649285E-1, rm26=6.6467969589423248E-7,

  rm33=1.1341555905825902E+0, rm34=1.5915958530726901E+0, rm36=-2.6011852513694450E-7,

  rm43=1.7987666150877132E-1, rm44=1.1341397593086688E+0, rm46=-4.2529849507769169E-7,

  rm51=-6.8698464083720051E-7, rm52=-3.9992128295654445E-7, rm53=4.3556541396050726E-7, rm54=3.8189255959316987E-7,

  rm55=1, rm66=1;



MAP_0669: matrix, l=0.0000000000000000E+0,

  rm11=1.0000000000000000E+0, rm12=0.0000000000000000E+0, rm16=0.0000000000000000E+0,

  rm21=0.0000000000000000E+0, rm22=1.0000000000000000E+0, rm26=0.0000000000000000E+0,

  rm33=1.0000000000000000E+0, rm34=0.0000000000000000E+0, rm36=0.0000000000000000E+0,

  rm43=0.0000000000000000E+0, rm44=1.0000000000000000E+0, rm46=0.0000000000000000E+0,

  rm51=0.0000000000000000E+0, rm52=0.0000000000000000E+0, rm53=0.0000000000000000E+0, rm54=0.0000000000000000E+0,

  rm55=1, rm66=1;



MAP_0670: matrix, l=3.2099999999999795E-1,

  rm11=9.9996535610470461E-1, rm12=3.2084391096181225E-1, rm16=4.5948802591677662E-6,

  rm21=8.3200295231392671E-6, rm22=1.0000373146188308E+0, rm26=-1.1737950172396872E-6,

  rm33=1.0000005753627343E+0, rm34=3.2100983659707821E-1, rm36=-9.6708138460732500E-8,

  rm43=-5.8773180390551651E-7, rm44=9.9999923597001472E-1, rm46=-3.2564289485434439E-9,

  rm51=1.1737925819474233E-6, rm52=4.9716566993718787E-6, rm53=3.2564876606199778E-9, rm54=-9.5662718848152973E-8,

  rm55=1, rm66=1;



MAP_0671: matrix, l=3.2099999999999795E-1,

  rm11=1.0000559161391116E+0, rm12=3.2123408124276887E-1, rm16=-7.9692707863898704E-6,

  rm21=-1.4528111191621500E-5, rm22=9.9993942032381922E-1, rm26=2.0840507629071858E-6,

  rm33=9.9999959126733462E-1, rm34=3.2098793311406659E-1, rm36=-2.3256691739363851E-7,

  rm43=1.3003045411952639E-6, rm44=1.0000008261150701E+0, rm46=4.3972952154525125E-9,

  rm51=-2.0840515165274592E-6, rm52=-8.6382561426320148E-6, rm53=-4.3975958259531368E-9, rm54=-2.3397858822317428E-7,

  rm55=1, rm66=1;



MAP_0672: matrix, l=0.0000000000000000E+0,

  rm11=1.0000000000000000E+0, rm12=0.0000000000000000E+0, rm16=0.0000000000000000E+0,

  rm21=0.0000000000000000E+0, rm22=1.0000000000000000E+0, rm26=0.0000000000000000E+0,

  rm33=1.0000000000000000E+0, rm34=0.0000000000000000E+0, rm36=0.0000000000000000E+0,

  rm43=0.0000000000000000E+0, rm44=1.0000000000000000E+0, rm46=0.0000000000000000E+0,

  rm51=0.0000000000000000E+0, rm52=0.0000000000000000E+0, rm53=0.0000000000000000E+0, rm54=0.0000000000000000E+0,

  rm55=1, rm66=1;



MAP_0673: matrix, l=2.0320000000000960E-1,

  rm11=9.9993567489683344E-1, rm12=2.0295130056407074E-1, rm16=9.0010002788964982E-6,

  rm21=1.7662432453468219E-5, rm22=1.0000679140853845E+0, rm26=-2.5074082006804055E-6,

  rm33=1.0000004124368433E+0, rm34=2.0321535871307278E-1, rm36=8.0267909287464953E-7,

  rm43=-9.3497292267864055E-7, rm44=9.9999939756254719E-1, rm46=-5.1006214182858223E-9,

  rm51=2.5074058909486560E-6, rm52=9.5104933289710904E-6, rm53=5.0998730387525814E-9, rm54=8.0371513392187792E-7,

  rm55=1, rm66=1;



MAP_0674: matrix, l=2.0320000000000960E-1,

  rm11=1.0000679217277877E+0, rm12=2.0344888871268499E-1, rm16=-9.9299009075348721E-6,

  rm21=-1.9738065282788747E-5, rm22=9.9992806747054663E-1, rm26=2.8213695135170802E-6,

  rm33=9.9999984216286630E-1, rm34=2.0318554750775203E-1, rm36=-3.8562848582359560E-7,

  rm43=1.4424741066322580E-6, rm44=1.0000004509270961E+0, rm46=6.7033329729029867E-9,

  rm51=-2.8213651487768012E-6, rm52=-1.0503191116818271E-5, rm53=-6.7038881739737041E-9, rm54=-3.8699068009415494E-7,

  rm55=1, rm66=1;



MAP_0675: matrix, l=0.0000000000000000E+0,

  rm11=1.0000000000000000E+0, rm12=0.0000000000000000E+0, rm16=0.0000000000000000E+0,

  rm21=0.0000000000000000E+0, rm22=1.0000000000000000E+0, rm26=0.0000000000000000E+0,

  rm33=1.0000000000000000E+0, rm34=0.0000000000000000E+0, rm36=0.0000000000000000E+0,

  rm43=0.0000000000000000E+0, rm44=1.0000000000000000E+0, rm46=0.0000000000000000E+0,

  rm51=0.0000000000000000E+0, rm52=0.0000000000000000E+0, rm53=0.0000000000000000E+0, rm54=0.0000000000000000E+0,

  rm55=1, rm66=1;



MAP_0676: matrix, l=5.0000000000000000E-1,

  rm11=9.9995259592829733E-1, rm12=4.9983565966036730E-1, rm16=7.7632916899439408E-6,

  rm21=1.6191696433815244E-5, rm22=1.0000554998898914E+0, rm26=-2.2269556720910799E-6,

  rm33=9.9999991592278070E-1, rm34=5.0000918667475758E-1, rm36=-4.4261306828604491E-7,

  rm43=-1.5263314351052749E-7, rm44=1.0000000077592459E+0, rm46=-5.5567590633021080E-10,

  rm51=2.2269758061870924E-6, rm52=8.8768344091719698E-6, rm53=5.5574341703449714E-10, rm54=-4.4233522866240960E-7,

  rm55=1, rm66=1;



MAP_0677: matrix, l=5.0000000000000000E-1,

  rm11=1.0000057272715506E+0, rm12=5.0001699593303206E-1, rm16=-1.3792542302715205E-6,

  rm21=-2.2761677336582052E-6, rm22=9.9999313464521655E-1, rm26=3.9382852756730813E-7,

  rm33=9.9999880336822056E-1, rm34=5.0001641863755386E-1, rm36=5.9465982085379898E-7,

  rm43=-1.0826099854097231E-6, rm44=1.0000006553097960E+0, rm46=-3.5713846680343608E-9,

  rm51=-3.9382764371625445E-7, rm52=-1.5761657184688279E-6, rm53=3.5707366097419920E-9, rm54=5.9644596151149248E-7,

  rm55=1, rm66=1;



MAP_0678: matrix, l=0.0000000000000000E+0,

  rm11=1.0000000000000000E+0, rm12=0.0000000000000000E+0, rm16=0.0000000000000000E+0,

  rm21=0.0000000000000000E+0, rm22=1.0000000000000000E+0, rm26=0.0000000000000000E+0,

  rm33=1.0000000000000000E+0, rm34=0.0000000000000000E+0, rm36=0.0000000000000000E+0,

  rm43=0.0000000000000000E+0, rm44=1.0000000000000000E+0, rm46=0.0000000000000000E+0,

  rm51=0.0000000000000000E+0, rm52=0.0000000000000000E+0, rm53=0.0000000000000000E+0, rm54=0.0000000000000000E+0,

  rm55=1, rm66=1;



MAP_0679: matrix, l=1.0159999999999059E-1,

  rm11=1.0000303292601820E+0, rm12=1.0167492508837275E-1, rm16=-5.0291450013340011E-6,

  rm21=-1.2894303840401976E-5, rm22=9.9996836067203820E-1, rm26=1.9081989122704535E-6,

  rm33=9.9999987059106699E-1, rm34=1.0160074913948081E-1, rm36=3.5618130765809053E-7,

  rm43=1.3507676848114075E-7, rm44=1.0000001431328525E+0, rm46=2.2828950518166691E-9,

  rm51=-1.9081919392080384E-6, rm52=-5.2230018640247492E-6, rm53=-2.2828466445696246E-9, rm54=3.5594941479186569E-7,

  rm55=1, rm66=1;



MAP_0680: matrix, l=1.0159999999999059E-1,

  rm11=1.0000180069665441E+0, rm12=1.0164271528115870E-1, rm16=-2.1476452030100290E-6,

  rm21=-8.0227124838311603E-6, rm22=9.9998117792210373E-1, rm26=1.1678161225825434E-6,

  rm33=1.0000001852233127E+0, rm34=1.0159793824069389E-1, rm36=-6.5813861885657965E-7,

  rm43=3.5992201002041232E-7, rm44=9.9999985134404912E-1, rm46=2.9823060514189148E-9,

  rm51=-1.1678199214684114E-6, rm52=-2.2663047815131288E-6, rm53=-2.9825434823860923E-9, rm54=-6.5844151716638433E-7,

  rm55=1, rm66=1;



MAP_0681: matrix, l=0.0000000000000000E+0,

  rm11=1.0000000000000000E+0, rm12=0.0000000000000000E+0, rm16=0.0000000000000000E+0,

  rm21=0.0000000000000000E+0, rm22=1.0000000000000000E+0, rm26=0.0000000000000000E+0,

  rm33=1.0000000000000000E+0, rm34=0.0000000000000000E+0, rm36=0.0000000000000000E+0,

  rm43=0.0000000000000000E+0, rm44=1.0000000000000000E+0, rm46=0.0000000000000000E+0,

  rm51=0.0000000000000000E+0, rm52=0.0000000000000000E+0, rm53=0.0000000000000000E+0, rm54=0.0000000000000000E+0,

  rm55=1, rm66=1;



MAP_0682: matrix, l=9.4114999999999327E-1,

  rm11=1.0000063491741049E+0, rm12=9.4116392158990625E-1, rm16=-8.8611785575842816E-7,

  rm21=-3.4596141511546001E-6, rm22=9.9999039482285834E-1, rm26=1.2412815585394199E-6,

  rm33=9.9999913970236742E-1, rm34=9.4115750043264168E-1, rm36=2.8266458956122120E-7,

  rm43=7.8492333888785388E-8, rm44=1.0000009341720848E+0, rm46=6.7736348951727421E-9,

  rm51=-1.2412863740262750E-6, rm52=-2.0543587638716467E-6, rm53=-6.7736068808273360E-9, rm54=2.7628979633180604E-7,

  rm55=1, rm66=1;



MAP_0683: matrix, l=9.4115000000002169E-1,

  rm11=1.0000203475805767E+0, rm12=9.4117393805529370E-1, rm16=-2.0206329736076486E-6,

  rm21=3.0664395792922891E-6, rm22=9.9998253882773058E-1, rm26=8.1560517017353895E-6,

  rm33=1.0000003640349044E+0, rm34=9.4114940642991096E-1, rm36=2.4806681962405430E-7,

  rm43=4.2694943391753669E-7, rm44=1.0000000377882881E+0, rm46=7.6804332954302779E-9,

  rm51=-8.1562238538035030E-6, rm52=-9.6968609900920780E-6, rm53=-7.6803301793878661E-9, rm54=2.4083839376095600E-7,

  rm55=1, rm66=1;



MAP_0684: matrix, l=0.0000000000000000E+0,

  rm11=1.0000000000000000E+0, rm12=0.0000000000000000E+0, rm16=0.0000000000000000E+0,

  rm21=0.0000000000000000E+0, rm22=1.0000000000000000E+0, rm26=0.0000000000000000E+0,

  rm33=1.0000000000000000E+0, rm34=0.0000000000000000E+0, rm36=0.0000000000000000E+0,

  rm43=0.0000000000000000E+0, rm44=1.0000000000000000E+0, rm46=0.0000000000000000E+0,

  rm51=0.0000000000000000E+0, rm52=0.0000000000000000E+0, rm53=0.0000000000000000E+0, rm54=0.0000000000000000E+0,

  rm55=1, rm66=1;



MAP_0685: matrix, l=7.6200000000000045E-1,

  rm11=1.0000707720366555E+0, rm12=7.6204672641829363E-1, rm16=-1.9795981528680784E-5,

  rm21=1.8373066227267700E-4, rm22=1.0000692344132114E+0, rm26=-2.7821966329777403E-5,

  rm33=1.0000021382209747E+0, rm34=7.6198816854639484E-1, rm36=-3.7841811612732146E-7,

  rm43=7.7419044797289040E-7, rm44=9.9999845170629742E-1, rm46=8.3463208644732334E-9,

  rm51=2.7820298218201718E-5, rm52=1.4042862722809918E-6, rm53=-8.3466316784424129E-9, rm54=-3.8477732797455585E-7,

  rm55=1, rm66=1;



MAP_0686: matrix, l=7.6200000000000045E-1,

  rm11=9.9988032645201308E-1, rm12=7.6206637534706279E-1, rm16=9.9535066747646894E-6,

  rm21=-8.8003355567908766E-5, rm22=1.0000526154464682E+0, rm26=5.8217304033103545E-6,

  rm33=1.0000008828484261E+0, rm34=7.6199516243152476E-1, rm36=6.4044361489101753E-7,

  rm43=3.2867442836959765E-7, rm44=9.9999936760045671E-1, rm46=5.2735600374401170E-9,

  rm51=-5.8219096381646138E-6, rm52=5.5174853962637907E-6, rm53=-5.2733541957552688E-9, rm54=6.3642478263744636E-7,

  rm55=1, rm66=1;



MAP_0687: matrix, l=0.0000000000000000E+0,

  rm11=1.0000000000000000E+0, rm12=0.0000000000000000E+0, rm16=0.0000000000000000E+0,

  rm21=0.0000000000000000E+0, rm22=1.0000000000000000E+0, rm26=0.0000000000000000E+0,

  rm33=1.0000000000000000E+0, rm34=0.0000000000000000E+0, rm36=0.0000000000000000E+0,

  rm43=0.0000000000000000E+0, rm44=1.0000000000000000E+0, rm46=0.0000000000000000E+0,

  rm51=0.0000000000000000E+0, rm52=0.0000000000000000E+0, rm53=0.0000000000000000E+0, rm54=0.0000000000000000E+0,

  rm55=1, rm66=1;



MAP_0688: matrix, l=4.9999999998817657E-4,

  rm11=1.0000001084363728E+0, rm12=4.9978052394466751E-4, rm16=5.7219754023840608E-7,

  rm21=2.4952727687260413E-7, rm22=9.9999989168834780E-1, rm26=-1.0912097803128518E-7,

  rm33=9.9999521328117513E-1, rm34=5.3320683031715937E-4, rm36=1.9255494444064825E-7,

  rm43=-9.8303243876624325E-7, rm44=1.0000047862175758E+0, rm46=-2.2906058881264069E-9,

  rm51=1.0912113264286226E-7, rm52=5.7225201480231893E-7, rm53=2.2904056358834519E-9, rm54=1.9255708741721274E-7,

  rm55=1, rm66=1;



MAP_0689: matrix, l=5.0000000001659828E-4,

  rm11=9.9999988931290607E-1, rm12=5.0018583651106798E-4, rm16=-4.5631330358730793E-7,

  rm21=-2.1977499299927279E-7, rm22=1.0000001105771779E+0, rm26=9.0068501712448068E-8,

  rm33=1.0000037583101975E+0, rm34=4.7402971161347387E-4, rm36=1.0206728301431767E-7,

  rm43=7.9720060817129023E-7, rm44=9.9999624208182269E-1, rm46=2.6360329153859996E-9,

  rm51=-9.0068391456774268E-8, rm52=-4.5635840503401756E-7, rm53=-2.6359614543152930E-9, rm54=1.0206564989589683E-7,

  rm55=1, rm66=1;



MAP_0690: matrix, l=0.0000000000000000E+0,

  rm11=1.0000000000000000E+0, rm12=0.0000000000000000E+0, rm16=0.0000000000000000E+0,

  rm21=0.0000000000000000E+0, rm22=1.0000000000000000E+0, rm26=0.0000000000000000E+0,

  rm33=1.0000000000000000E+0, rm34=0.0000000000000000E+0, rm36=0.0000000000000000E+0,

  rm43=0.0000000000000000E+0, rm44=1.0000000000000000E+0, rm46=0.0000000000000000E+0,

  rm51=0.0000000000000000E+0, rm52=0.0000000000000000E+0, rm53=0.0000000000000000E+0, rm54=0.0000000000000000E+0,

  rm55=1, rm66=1;



MAP_0691: matrix, l=0.0000000000000000E+0,

  rm11=1.0000000000000000E+0, rm12=0.0000000000000000E+0, rm16=0.0000000000000000E+0,

  rm21=0.0000000000000000E+0, rm22=1.0000000000000000E+0, rm26=0.0000000000000000E+0,

  rm33=1.0000000000000000E+0, rm34=0.0000000000000000E+0, rm36=0.0000000000000000E+0,

  rm43=0.0000000000000000E+0, rm44=1.0000000000000000E+0, rm46=0.0000000000000000E+0,

  rm51=0.0000000000000000E+0, rm52=0.0000000000000000E+0, rm53=0.0000000000000000E+0, rm54=0.0000000000000000E+0,

  rm55=1, rm66=1;



MAP_0692: matrix, l=0.0000000000000000E+0,

  rm11=1.0000000000000000E+0, rm12=0.0000000000000000E+0, rm16=0.0000000000000000E+0,

  rm21=0.0000000000000000E+0, rm22=1.0000000000000000E+0, rm26=0.0000000000000000E+0,

  rm33=1.0000000000000000E+0, rm34=0.0000000000000000E+0, rm36=0.0000000000000000E+0,

  rm43=0.0000000000000000E+0, rm44=1.0000000000000000E+0, rm46=0.0000000000000000E+0,

  rm51=0.0000000000000000E+0, rm52=0.0000000000000000E+0, rm53=0.0000000000000000E+0, rm54=0.0000000000000000E+0,

  rm55=1, rm66=1;



call, file="mace_transport_reconstructed.seq";

! Generated 2026-08-15 by reconstruct_from_csv.mjs.

! Marker names and coordinates follow the received CSV exactly.

MACE_DABS: sequence, l=2.2472130000000001E+2, refer=centre;

  W_FIRST_BEG: CSV_POINT, at=0.0000000000000000E+0;

  E_0001: MAP_0001, at=0.0000000000000000E+0;

  W_FIRST_MID: CSV_POINT, at=0.0000000000000000E+0;

  E_0002: MAP_0002, at=0.0000000000000000E+0;

  W_FIRST_END: CSV_POINT, at=0.0000000000000000E+0;

  E_0003: MAP_0003, at=0.0000000000000000E+0;

  O_DQ303_BEG: CSV_POINT, at=0.0000000000000000E+0;

  E_0004: MAP_0004, at=2.5000000000000001E-4;

  O_DQ303_MID: CSV_POINT, at=5.0000000000000001E-4;

  E_0005: MAP_0005, at=7.5000000000000002E-4;

  O_DQ303_END: CSV_POINT, at=1.0000000000000000E-3;

  E_0006: MAP_0006, at=1.0000000000000000E-3;

  Q_DQ303_BEG: CSV_POINT, at=1.0000000000000000E-3;

  E_0007: MAP_0007, at=1.9150000000000000E-1;

  Q_DQ303_MID: CSV_POINT, at=3.8200000000000001E-1;

  E_0008: MAP_0008, at=5.7250000000000001E-1;

  Q_DQ303_END: CSV_POINT, at=7.6300000000000001E-1;

  E_0009: MAP_0009, at=7.6300000000000001E-1;

  O_DISEP_BEG: CSV_POINT, at=7.6300000000000001E-1;

  E_0010: MAP_0010, at=9.0129999999999999E-1;

  O_DISEP_MID: CSV_POINT, at=1.0396000000000001E+0;

  E_0011: MAP_0011, at=1.1779000000000002E+0;

  O_DISEP_END: CSV_POINT, at=1.3162000000000000E+0;

  E_0012: MAP_0012, at=1.3162000000000000E+0;

  D_DISEP_BEG: CSV_POINT, at=1.3162000000000000E+0;

  E_0013: MAP_0013, at=1.7860999999999998E+0;

  D_DISEP_MID: CSV_POINT, at=2.2559999999999998E+0;

  E_0014: MAP_0014, at=2.7259000000000002E+0;

  D_DISEP_END: CSV_POINT, at=3.1958000000000002E+0;

  E_0015: MAP_0015, at=3.1958000000000002E+0;

  O_DVP302_BEG: CSV_POINT, at=3.1958000000000002E+0;

  E_0016: MAP_0016, at=3.4787249999999998E+0;

  O_DVP302_MID: CSV_POINT, at=3.7616499999999999E+0;

  E_0017: MAP_0017, at=4.0445750000000000E+0;

  O_DVP302_END: CSV_POINT, at=4.3274999999999997E+0;

  E_0018: MAP_0018, at=4.3274999999999997E+0;

  P_DVP302_BEG: CSV_POINT, at=4.3274999999999997E+0;

  E_0019: MAP_0019, at=4.3655999999999997E+0;

  P_DVP302_MID: CSV_POINT, at=4.4036999999999997E+0;

  E_0020: MAP_0020, at=4.4417999999999997E+0;

  P_DVP302_END: CSV_POINT, at=4.4798999999999998E+0;

  E_0021: MAP_0021, at=4.4798999999999998E+0;

  O_DQ302_BEG: CSV_POINT, at=4.4798999999999998E+0;

  E_0022: MAP_0022, at=4.4801500000000001E+0;

  O_DQ302_MID: CSV_POINT, at=4.4804000000000004E+0;

  E_0023: MAP_0023, at=4.4806500000000007E+0;

  O_DQ302_END: CSV_POINT, at=4.4809000000000001E+0;

  E_0024: MAP_0024, at=4.4809000000000001E+0;

  Q_DQ302_BEG: CSV_POINT, at=4.4809000000000001E+0;

  E_0025: MAP_0025, at=4.6476000000000006E+0;

  Q_DQ302_MID: CSV_POINT, at=4.8143000000000002E+0;

  E_0026: MAP_0026, at=4.9809999999999999E+0;

  Q_DQ302_END: CSV_POINT, at=5.1477000000000004E+0;

  E_0027: MAP_0027, at=5.1477000000000004E+0;

  O_DHT301_BEG: CSV_POINT, at=5.1477000000000004E+0;

  E_0028: MAP_0028, at=5.2969249999999999E+0;

  O_DHT301_MID: CSV_POINT, at=5.4461500000000003E+0;

  E_0029: MAP_0029, at=5.5953750000000007E+0;

  O_DHT301_END: CSV_POINT, at=5.7446000000000002E+0;

  E_0030: MAP_0030, at=5.7446000000000002E+0;

  C_DHT301_BEG: CSV_POINT, at=5.7446000000000002E+0;

  E_0031: MAP_0031, at=5.8612750000000000E+0;

  C_DHT301_MID: CSV_POINT, at=5.9779499999999999E+0;

  E_0032: MAP_0032, at=6.0946249999999997E+0;

  C_DHT301_END: CSV_POINT, at=6.2112999999999996E+0;

  E_0033: MAP_0033, at=6.2112999999999996E+0;

  O_DPWC301_BEG: CSV_POINT, at=6.2112999999999996E+0;

  E_0034: MAP_0034, at=6.4251249999999995E+0;

  O_DPWC301_MID: CSV_POINT, at=6.6389500000000004E+0;

  E_0035: MAP_0035, at=6.8527750000000003E+0;

  O_DPWC301_END: CSV_POINT, at=7.0666000000000002E+0;

  E_0036: MAP_0036, at=7.0666000000000002E+0;

  P_DPWC301_BEG: CSV_POINT, at=7.0666000000000002E+0;

  E_0037: MAP_0037, at=7.1173999999999999E+0;

  P_DPWC301_MID: CSV_POINT, at=7.1681999999999997E+0;

  E_0038: MAP_0038, at=7.2189999999999994E+0;

  P_DPWC301_END: CSV_POINT, at=7.2698000000000000E+0;

  E_0039: MAP_0039, at=7.2698000000000000E+0;

  O_DQX301_BEG: CSV_POINT, at=7.2698000000000000E+0;

  E_0040: MAP_0040, at=7.3695000000000004E+0;

  O_DQX301_MID: CSV_POINT, at=7.4691999999999998E+0;

  E_0041: MAP_0041, at=7.5688999999999993E+0;

  O_DQX301_END: CSV_POINT, at=7.6685999999999996E+0;

  E_0042: MAP_0042, at=7.6685999999999996E+0;

  Q_DQX301_BEG: CSV_POINT, at=7.6685999999999996E+0;

  E_0043: MAP_0043, at=7.8209999999999997E+0;

  Q_DQX301_MID: CSV_POINT, at=7.9733999999999998E+0;

  E_0044: MAP_0044, at=8.1257999999999999E+0;

  Q_DQX301_END: CSV_POINT, at=8.2782000000000000E+0;

  E_0045: MAP_0045, at=8.2782000000000000E+0;

  O_DHP301_BEG: CSV_POINT, at=8.2782000000000000E+0;

  E_0046: MAP_0046, at=8.3986000000000001E+0;

  O_DHP301_MID: CSV_POINT, at=8.5190000000000001E+0;

  E_0047: MAP_0047, at=8.6394000000000002E+0;

  O_DHP301_END: CSV_POINT, at=8.7598000000000003E+0;

  E_0048: MAP_0048, at=8.7598000000000003E+0;

  P_DHP301_BEG: CSV_POINT, at=8.7598000000000003E+0;

  E_0049: MAP_0049, at=8.7979000000000003E+0;

  P_DHP301_MID: CSV_POINT, at=8.8360000000000003E+0;

  E_0050: MAP_0050, at=8.8741000000000003E+0;

  P_DHP301_END: CSV_POINT, at=8.9122000000000003E+0;

  E_0051: MAP_0051, at=8.9122000000000003E+0;

  O_DQ301_BEG: CSV_POINT, at=8.9122000000000003E+0;

  E_0052: MAP_0052, at=8.9124499999999998E+0;

  O_DQ301_MID: CSV_POINT, at=8.9126999999999992E+0;

  E_0053: MAP_0053, at=8.9129499999999986E+0;

  O_DQ301_END: CSV_POINT, at=8.9131999999999998E+0;

  E_0054: MAP_0054, at=8.9131999999999998E+0;

  Q_DQ301_BEG: CSV_POINT, at=8.9131999999999998E+0;

  E_0055: MAP_0055, at=9.0799000000000003E+0;

  Q_DQ301_MID: CSV_POINT, at=9.2466000000000008E+0;

  E_0056: MAP_0056, at=9.4132999999999996E+0;

  Q_DQ301_END: CSV_POINT, at=9.5800000000000001E+0;

  E_0057: MAP_0057, at=9.5800000000000001E+0;

  O_DKK3IA_BEG: CSV_POINT, at=9.5800000000000001E+0;

  E_0058: MAP_0058, at=9.9316250000000004E+0;

  O_DKK3IA_MID: CSV_POINT, at=1.0283250000000001E+1;

  E_0059: MAP_0059, at=1.0634875000000001E+1;

  O_DKK3IA_END: CSV_POINT, at=1.0986499999999999E+1;

  E_0060: MAP_0060, at=1.0986499999999999E+1;

  D_DKK3IA_BEG: CSV_POINT, at=1.0986499999999999E+1;

  E_0061: MAP_0061, at=1.1224625000000000E+1;

  D_DKK3IA_MID: CSV_POINT, at=1.1462750000000000E+1;

  E_0062: MAP_0062, at=1.1700875000000000E+1;

  D_DKK3IA_END: CSV_POINT, at=1.1939000000000000E+1;

  E_0063: MAP_0063, at=1.1939000000000000E+1;

  O_DKK3IB_BEG: CSV_POINT, at=1.1939000000000000E+1;

  E_0064: MAP_0064, at=1.1977100000000000E+1;

  O_DKK3IB_MID: CSV_POINT, at=1.2015200000000000E+1;

  E_0065: MAP_0065, at=1.2053300000000000E+1;

  O_DKK3IB_END: CSV_POINT, at=1.2091400000000000E+1;

  E_0066: MAP_0066, at=1.2091400000000000E+1;

  D_DKK3IB_BEG: CSV_POINT, at=1.2091400000000000E+1;

  E_0067: MAP_0067, at=1.2329525000000000E+1;

  D_DKK3IB_MID: CSV_POINT, at=1.2567650000000000E+1;

  E_0068: MAP_0068, at=1.2805775000000001E+1;

  D_DKK3IB_END: CSV_POINT, at=1.3043900000000001E+1;

  E_0069: MAP_0069, at=1.3043900000000001E+1;

  O_DQ202_BEG: CSV_POINT, at=1.3043900000000001E+1;

  E_0070: MAP_0070, at=1.3119299999999999E+1;

  O_DQ202_MID: CSV_POINT, at=1.3194699999999999E+1;

  E_0071: MAP_0071, at=1.3270099999999999E+1;

  O_DQ202_END: CSV_POINT, at=1.3345499999999999E+1;

  E_0072: MAP_0072, at=1.3345499999999999E+1;

  Q_DQ202_BEG: CSV_POINT, at=1.3345499999999999E+1;

  E_0073: MAP_0073, at=1.3512200000000000E+1;

  Q_DQ202_MID: CSV_POINT, at=1.3678900000000001E+1;

  E_0074: MAP_0074, at=1.3845600000000001E+1;

  Q_DQ202_END: CSV_POINT, at=1.4012300000000000E+1;

  E_0075: MAP_0075, at=1.4012300000000000E+1;

  O_DVP202_BEG: CSV_POINT, at=1.4012300000000000E+1;

  E_0076: MAP_0076, at=1.4012550000000001E+1;

  O_DVP202_MID: CSV_POINT, at=1.4012800000000000E+1;

  E_0077: MAP_0077, at=1.4013050000000000E+1;

  O_DVP202_END: CSV_POINT, at=1.4013299999999999E+1;

  E_0078: MAP_0078, at=1.4013299999999999E+1;

  P_DVP202_BEG: CSV_POINT, at=1.4013299999999999E+1;

  E_0079: MAP_0079, at=1.4051399999999999E+1;

  P_DVP202_MID: CSV_POINT, at=1.4089499999999999E+1;

  E_0080: MAP_0080, at=1.4127599999999999E+1;

  P_DVP202_END: CSV_POINT, at=1.4165699999999999E+1;

  E_0081: MAP_0081, at=1.4165699999999999E+1;

  O_DESSA_BEG: CSV_POINT, at=1.4165699999999999E+1;

  E_0082: MAP_0082, at=1.4655424999999999E+1;

  O_DESSA_MID: CSV_POINT, at=1.5145149999999999E+1;

  E_0083: MAP_0083, at=1.5634875000000001E+1;

  O_DESSA_END: CSV_POINT, at=1.6124600000000001E+1;

  E_0084: MAP_0084, at=1.6124600000000001E+1;

  D_DESSA_BEG: CSV_POINT, at=1.6124600000000001E+1;

  E_0085: MAP_0085, at=1.6437100000000001E+1;

  D_DESSA_MID: CSV_POINT, at=1.6749600000000001E+1;

  E_0086: MAP_0086, at=1.7062100000000001E+1;

  D_DESSA_END: CSV_POINT, at=1.7374600000000001E+1;

  E_0087: MAP_0087, at=1.7374600000000001E+1;

  O_DQ203_BEG: CSV_POINT, at=1.7374600000000001E+1;

  E_0088: MAP_0088, at=1.7475400000000000E+1;

  O_DQ203_MID: CSV_POINT, at=1.7576200000000000E+1;

  E_0089: MAP_0089, at=1.7677000000000000E+1;

  O_DQ203_END: CSV_POINT, at=1.7777799999999999E+1;

  E_0090: MAP_0090, at=1.7777799999999999E+1;

  Q_DQ203_BEG: CSV_POINT, at=1.7777799999999999E+1;

  E_0091: MAP_0091, at=1.7944499999999998E+1;

  Q_DQ203_MID: CSV_POINT, at=1.8111200000000000E+1;

  E_0092: MAP_0092, at=1.8277900000000002E+1;

  Q_DQ203_END: CSV_POINT, at=1.8444600000000001E+1;

  E_0093: MAP_0093, at=1.8444600000000001E+1;

  O_DHP203_BEG: CSV_POINT, at=1.8444600000000001E+1;

  E_0094: MAP_0094, at=1.8444850000000002E+1;

  O_DHP203_MID: CSV_POINT, at=1.8445100000000000E+1;

  E_0095: MAP_0095, at=1.8445349999999998E+1;

  O_DHP203_END: CSV_POINT, at=1.8445599999999999E+1;

  E_0096: MAP_0096, at=1.8445599999999999E+1;

  P_DHP203_BEG: CSV_POINT, at=1.8445599999999999E+1;

  E_0097: MAP_0097, at=1.8483699999999999E+1;

  P_DHP203_MID: CSV_POINT, at=1.8521799999999999E+1;

  E_0098: MAP_0098, at=1.8559899999999999E+1;

  P_DHP203_END: CSV_POINT, at=1.8597999999999999E+1;

  E_0099: MAP_0099, at=1.8597999999999999E+1;

  O_DESSB_BEG: CSV_POINT, at=1.8597999999999999E+1;

  E_0100: MAP_0100, at=1.8672374999999999E+1;

  O_DESSB_MID: CSV_POINT, at=1.8746749999999999E+1;

  E_0101: MAP_0101, at=1.8821124999999999E+1;

  O_DESSB_END: CSV_POINT, at=1.8895499999999998E+1;

  E_0102: MAP_0102, at=1.8895499999999998E+1;

  D_DESSB_BEG: CSV_POINT, at=1.8895499999999998E+1;

  E_0103: MAP_0103, at=1.9332999999999998E+1;

  D_DESSB_MID: CSV_POINT, at=1.9770499999999998E+1;

  E_0104: MAP_0104, at=2.0207999999999998E+1;

  D_DESSB_END: CSV_POINT, at=2.0645499999999998E+1;

  E_0105: MAP_0105, at=2.0645499999999998E+1;

  O_DQ204_BEG: CSV_POINT, at=2.0645499999999998E+1;

  E_0106: MAP_0106, at=2.1036650000000002E+1;

  O_DQ204_MID: CSV_POINT, at=2.1427800000000001E+1;

  E_0107: MAP_0107, at=2.1818950000000001E+1;

  O_DQ204_END: CSV_POINT, at=2.2210100000000001E+1;

  E_0108: MAP_0108, at=2.2210100000000001E+1;

  Q_DQ204_BEG: CSV_POINT, at=2.2210100000000001E+1;

  E_0109: MAP_0109, at=2.2376800000000003E+1;

  Q_DQ204_MID: CSV_POINT, at=2.2543500000000002E+1;

  E_0110: MAP_0110, at=2.2710200000000000E+1;

  Q_DQ204_END: CSV_POINT, at=2.2876899999999999E+1;

  E_0111: MAP_0111, at=2.2876899999999999E+1;

  O_DVP204_BEG: CSV_POINT, at=2.2876899999999999E+1;

  E_0112: MAP_0112, at=2.2877150000000000E+1;

  O_DVP204_MID: CSV_POINT, at=2.2877400000000002E+1;

  E_0113: MAP_0113, at=2.2877650000000003E+1;

  O_DVP204_END: CSV_POINT, at=2.2877900000000000E+1;

  E_0114: MAP_0114, at=2.2877900000000000E+1;

  P_DVP204_BEG: CSV_POINT, at=2.2877900000000000E+1;

  E_0115: MAP_0115, at=2.2916000000000000E+1;

  P_DVP204_MID: CSV_POINT, at=2.2954100000000000E+1;

  E_0116: MAP_0116, at=2.2992200000000000E+1;

  P_DVP204_END: CSV_POINT, at=2.3030300000000000E+1;

  E_0117: MAP_0117, at=2.3030300000000000E+1;

  O_DPWC204_BEG: CSV_POINT, at=2.3030300000000000E+1;

  E_0118: MAP_0118, at=2.3220575000000000E+1;

  O_DPWC204_MID: CSV_POINT, at=2.3410850000000000E+1;

  E_0119: MAP_0119, at=2.3601125000000000E+1;

  O_DPWC204_END: CSV_POINT, at=2.3791399999999999E+1;

  E_0120: MAP_0120, at=2.3791399999999999E+1;

  P_DPWC204_BEG: CSV_POINT, at=2.3791399999999999E+1;

  E_0121: MAP_0121, at=2.3842199999999998E+1;

  P_DPWC204_MID: CSV_POINT, at=2.3893000000000001E+1;

  E_0122: MAP_0122, at=2.3943800000000000E+1;

  P_DPWC204_END: CSV_POINT, at=2.3994599999999998E+1;

  E_0123: MAP_0123, at=2.3994599999999998E+1;

  O_DELAM_BEG: CSV_POINT, at=2.3994599999999998E+1;

  E_0124: MAP_0124, at=2.4192999999999998E+1;

  O_DELAM_MID: CSV_POINT, at=2.4391400000000001E+1;

  E_0125: MAP_0125, at=2.4589800000000000E+1;

  O_DELAM_END: CSV_POINT, at=2.4788200000000000E+1;

  E_0126: MAP_0126, at=2.4788200000000000E+1;

  D_DELAM_BEG: CSV_POINT, at=2.4788200000000000E+1;

  E_0127: MAP_0127, at=2.5158099999999997E+1;

  D_DELAM_MID: CSV_POINT, at=2.5527999999999999E+1;

  E_0128: MAP_0128, at=2.5897900000000000E+1;

  D_DELAM_END: CSV_POINT, at=2.6267800000000001E+1;

  E_0129: MAP_0129, at=2.6267800000000001E+1;

  O_DQ205_BEG: CSV_POINT, at=2.6267800000000001E+1;

  E_0130: MAP_0130, at=2.6368600000000001E+1;

  O_DQ205_MID: CSV_POINT, at=2.6469400000000000E+1;

  E_0131: MAP_0131, at=2.6570200000000000E+1;

  O_DQ205_END: CSV_POINT, at=2.6670999999999999E+1;

  E_0132: MAP_0132, at=2.6670999999999999E+1;

  Q_DQ205_BEG: CSV_POINT, at=2.6670999999999999E+1;

  E_0133: MAP_0133, at=2.6823399999999999E+1;

  Q_DQ205_MID: CSV_POINT, at=2.6975800000000000E+1;

  E_0134: MAP_0134, at=2.7128200000000000E+1;

  Q_DQ205_END: CSV_POINT, at=2.7280600000000000E+1;

  E_0135: MAP_0135, at=2.7280600000000000E+1;

  O_DECMAG_BEG: CSV_POINT, at=2.7280600000000000E+1;

  E_0136: MAP_0136, at=2.7430624999999999E+1;

  O_DECMAG_MID: CSV_POINT, at=2.7580649999999999E+1;

  E_0137: MAP_0137, at=2.7730674999999998E+1;

  O_DECMAG_END: CSV_POINT, at=2.7880700000000001E+1;

  E_0138: MAP_0138, at=2.7880700000000001E+1;

  D_DECMAG_BEG: CSV_POINT, at=2.7880700000000001E+1;

  E_0139: MAP_0139, at=2.8423200000000001E+1;

  D_DECMAG_MID: CSV_POINT, at=2.8965699999999998E+1;

  E_0140: MAP_0140, at=2.9508199999999999E+1;

  D_DECMAG_END: CSV_POINT, at=3.0050699999999999E+1;

  E_0141: MAP_0141, at=3.0050699999999999E+1;

  O_DPWC900_BEG: CSV_POINT, at=3.0050699999999999E+1;

  E_0142: MAP_0142, at=3.0096200000000000E+1;

  O_DPWC900_MID: CSV_POINT, at=3.0141700000000000E+1;

  E_0143: MAP_0143, at=3.0187200000000001E+1;

  O_DPWC900_END: CSV_POINT, at=3.0232700000000001E+1;

  E_0144: MAP_0144, at=3.0232700000000001E+1;

  P_DPWC900_BEG: CSV_POINT, at=3.0232700000000001E+1;

  E_0145: MAP_0145, at=3.0283500000000000E+1;

  P_DPWC900_MID: CSV_POINT, at=3.0334299999999999E+1;

  E_0146: MAP_0146, at=3.0385100000000001E+1;

  P_DPWC900_END: CSV_POINT, at=3.0435900000000000E+1;

  E_0147: MAP_0147, at=3.0435900000000000E+1;

  O_DHT900_BEG: CSV_POINT, at=3.0435900000000000E+1;

  E_0148: MAP_0148, at=3.0479550000000000E+1;

  O_DHT900_MID: CSV_POINT, at=3.0523199999999999E+1;

  E_0149: MAP_0149, at=3.0566849999999999E+1;

  O_DHT900_END: CSV_POINT, at=3.0610499999999998E+1;

  E_0150: MAP_0150, at=3.0610499999999998E+1;

  C_DHT900_BEG: CSV_POINT, at=3.0610499999999998E+1;

  E_0151: MAP_0151, at=3.0651775000000001E+1;

  C_DHT900_MID: CSV_POINT, at=3.0693049999999999E+1;

  E_0152: MAP_0152, at=3.0734324999999998E+1;

  C_DHT900_END: CSV_POINT, at=3.0775600000000001E+1;

  E_0153: MAP_0153, at=3.0775600000000001E+1;

  O_DQ901_BEG: CSV_POINT, at=3.0775600000000001E+1;

  E_0154: MAP_0154, at=3.1125824999999999E+1;

  O_DQ901_MID: CSV_POINT, at=3.1476050000000001E+1;

  E_0155: MAP_0155, at=3.1826274999999999E+1;

  O_DQ901_END: CSV_POINT, at=3.2176499999999997E+1;

  E_0156: MAP_0156, at=3.2176499999999997E+1;

  Q_DQ901_BEG: CSV_POINT, at=3.2176499999999997E+1;

  E_0157: MAP_0157, at=3.2282224999999997E+1;

  Q_DQ901_MID: CSV_POINT, at=3.2387949999999996E+1;

  E_0158: MAP_0158, at=3.2493674999999996E+1;

  Q_DQ901_END: CSV_POINT, at=3.2599400000000003E+1;

  E_0159: MAP_0159, at=3.2599400000000003E+1;

  O_DV901_BEG: CSV_POINT, at=3.2599400000000003E+1;

  E_0160: MAP_0160, at=3.2738275000000002E+1;

  O_DV901_MID: CSV_POINT, at=3.2877150000000000E+1;

  E_0161: MAP_0161, at=3.3016024999999999E+1;

  O_DV901_END: CSV_POINT, at=3.3154899999999998E+1;

  E_0162: MAP_0162, at=3.3154899999999998E+1;

  D_DV901_BEG: CSV_POINT, at=3.3154899999999998E+1;

  E_0163: MAP_0163, at=3.3916899999999998E+1;

  D_DV901_MID: CSV_POINT, at=3.4678899999999999E+1;

  E_0164: MAP_0164, at=3.5440899999999999E+1;

  D_DV901_END: CSV_POINT, at=3.6202900000000000E+1;

  E_0165: MAP_0165, at=3.6202900000000000E+1;

  O_DHT901_BEG: CSV_POINT, at=3.6202900000000000E+1;

  E_0166: MAP_0166, at=3.6341374999999999E+1;

  O_DHT901_MID: CSV_POINT, at=3.6479849999999999E+1;

  E_0167: MAP_0167, at=3.6618324999999999E+1;

  O_DHT901_END: CSV_POINT, at=3.6756799999999998E+1;

  E_0168: MAP_0168, at=3.6756799999999998E+1;

  C_DHT901_BEG: CSV_POINT, at=3.6756799999999998E+1;

  E_0169: MAP_0169, at=3.6873474999999999E+1;

  C_DHT901_MID: CSV_POINT, at=3.6990150000000000E+1;

  E_0170: MAP_0170, at=3.7106825000000001E+1;

  C_DHT901_END: CSV_POINT, at=3.7223500000000001E+1;

  E_0171: MAP_0171, at=3.7223500000000001E+1;

  O_DQ902_BEG: CSV_POINT, at=3.7223500000000001E+1;

  E_0172: MAP_0172, at=3.7334949999999999E+1;

  O_DQ902_MID: CSV_POINT, at=3.7446399999999997E+1;

  E_0173: MAP_0173, at=3.7557850000000002E+1;

  O_DQ902_END: CSV_POINT, at=3.7669300000000000E+1;

  E_0174: MAP_0174, at=3.7669300000000000E+1;

  Q_DQ902_BEG: CSV_POINT, at=3.7669300000000000E+1;

  E_0175: MAP_0175, at=3.7867750000000001E+1;

  Q_DQ902_MID: CSV_POINT, at=3.8066200000000002E+1;

  E_0176: MAP_0176, at=3.8264650000000003E+1;

  Q_DQ902_END: CSV_POINT, at=3.8463099999999997E+1;

  E_0177: MAP_0177, at=3.8463099999999997E+1;

  O_DIC902_BEG: CSV_POINT, at=3.8463099999999997E+1;

  E_0178: MAP_0178, at=3.8512625000000000E+1;

  O_DIC902_MID: CSV_POINT, at=3.8562150000000003E+1;

  E_0179: MAP_0179, at=3.8611675000000005E+1;

  O_DIC902_END: CSV_POINT, at=3.8661200000000001E+1;

  E_0180: MAP_0180, at=3.8661200000000001E+1;

  W_DIC902_BEG: CSV_POINT, at=3.8661200000000001E+1;

  E_0181: MAP_0181, at=3.8712000000000003E+1;

  W_DIC902_MID: CSV_POINT, at=3.8762799999999999E+1;

  E_0182: MAP_0182, at=3.8813600000000001E+1;

  W_DIC902_END: CSV_POINT, at=3.8864400000000003E+1;

  E_0183: MAP_0183, at=3.8864400000000003E+1;

  O_DQ903_BEG: CSV_POINT, at=3.8864400000000003E+1;

  E_0184: MAP_0184, at=3.9115575000000007E+1;

  O_DQ903_MID: CSV_POINT, at=3.9366750000000003E+1;

  E_0185: MAP_0185, at=3.9617925000000000E+1;

  O_DQ903_END: CSV_POINT, at=3.9869100000000003E+1;

  E_0186: MAP_0186, at=3.9869100000000003E+1;

  Q_DQ903_BEG: CSV_POINT, at=3.9869100000000003E+1;

  E_0187: MAP_0187, at=4.0067549999999997E+1;

  Q_DQ903_MID: CSV_POINT, at=4.0265999999999998E+1;

  E_0188: MAP_0188, at=4.0464449999999999E+1;

  Q_DQ903_END: CSV_POINT, at=4.0662900000000000E+1;

  E_0189: MAP_0189, at=4.0662900000000000E+1;

  O_DMW903_BEG: CSV_POINT, at=4.0662900000000000E+1;

  E_0190: MAP_0190, at=4.0798349999999999E+1;

  O_DMW903_MID: CSV_POINT, at=4.0933799999999998E+1;

  E_0191: MAP_0191, at=4.1069249999999997E+1;

  O_DMW903_END: CSV_POINT, at=4.1204700000000003E+1;

  E_0192: MAP_0192, at=4.1204700000000003E+1;

  P_DMW903_BEG: CSV_POINT, at=4.1204700000000003E+1;

  E_0193: MAP_0193, at=4.1306300000000000E+1;

  P_DMW903_MID: CSV_POINT, at=4.1407899999999998E+1;

  E_0194: MAP_0194, at=4.1509500000000003E+1;

  P_DMW903_END: CSV_POINT, at=4.1611100000000000E+1;

  E_0195: MAP_0195, at=4.1611100000000000E+1;

  O_DQ904_BEG: CSV_POINT, at=4.1611100000000000E+1;

  E_0196: MAP_0196, at=4.1662975000000003E+1;

  O_DQ904_MID: CSV_POINT, at=4.1714849999999998E+1;

  E_0197: MAP_0197, at=4.1766725000000001E+1;

  O_DQ904_END: CSV_POINT, at=4.1818600000000004E+1;

  E_0198: MAP_0198, at=4.1818600000000004E+1;

  Q_DQ904_BEG: CSV_POINT, at=4.1818600000000004E+1;

  E_0199: MAP_0199, at=4.2017049999999998E+1;

  Q_DQ904_MID: CSV_POINT, at=4.2215499999999999E+1;

  E_0200: MAP_0200, at=4.2413950000000000E+1;

  Q_DQ904_END: CSV_POINT, at=4.2612400000000001E+1;

  E_0201: MAP_0201, at=4.2612400000000001E+1;

  O_DPWC904_BEG: CSV_POINT, at=4.2612400000000001E+1;

  E_0202: MAP_0202, at=4.3020925000000005E+1;

  O_DPWC904_MID: CSV_POINT, at=4.3429450000000003E+1;

  E_0203: MAP_0203, at=4.3837975000000000E+1;

  O_DPWC904_END: CSV_POINT, at=4.4246499999999997E+1;

  E_0204: MAP_0204, at=4.4246499999999997E+1;

  P_DPWC904_BEG: CSV_POINT, at=4.4246499999999997E+1;

  E_0205: MAP_0205, at=4.4297300000000000E+1;

  P_DPWC904_MID: CSV_POINT, at=4.4348100000000002E+1;

  E_0206: MAP_0206, at=4.4398899999999998E+1;

  P_DPWC904_END: CSV_POINT, at=4.4449700000000000E+1;

  E_0207: MAP_0207, at=4.4449700000000000E+1;

  O_DQ905_BEG: CSV_POINT, at=4.4449700000000000E+1;

  E_0208: MAP_0208, at=4.4858249999999998E+1;

  O_DQ905_MID: CSV_POINT, at=4.5266800000000003E+1;

  E_0209: MAP_0209, at=4.5675350000000002E+1;

  O_DQ905_END: CSV_POINT, at=4.6083900000000000E+1;

  E_0210: MAP_0210, at=4.6083900000000000E+1;

  Q_DQ905_BEG: CSV_POINT, at=4.6083900000000000E+1;

  E_0211: MAP_0211, at=4.6189624999999999E+1;

  Q_DQ905_MID: CSV_POINT, at=4.6295349999999999E+1;

  E_0212: MAP_0212, at=4.6401074999999999E+1;

  Q_DQ905_END: CSV_POINT, at=4.6506799999999998E+1;

  E_0213: MAP_0213, at=4.6506799999999998E+1;

  O_DHT905_BEG: CSV_POINT, at=4.6506799999999998E+1;

  E_0214: MAP_0214, at=4.6780850000000001E+1;

  O_DHT905_MID: CSV_POINT, at=4.7054900000000004E+1;

  E_0215: MAP_0215, at=4.7328950000000006E+1;

  O_DHT905_END: CSV_POINT, at=4.7603000000000002E+1;

  E_0216: MAP_0216, at=4.7603000000000002E+1;

  C_DHT905_BEG: CSV_POINT, at=4.7603000000000002E+1;

  E_0217: MAP_0217, at=4.7719675000000002E+1;

  C_DHT905_MID: CSV_POINT, at=4.7836350000000003E+1;

  E_0218: MAP_0218, at=4.7953024999999997E+1;

  C_DHT905_END: CSV_POINT, at=4.8069699999999997E+1;

  E_0219: MAP_0219, at=4.8069699999999997E+1;

  O_DQ906_BEG: CSV_POINT, at=4.8069699999999997E+1;

  E_0220: MAP_0220, at=4.8164850000000001E+1;

  O_DQ906_MID: CSV_POINT, at=4.8259999999999998E+1;

  E_0221: MAP_0221, at=4.8355149999999995E+1;

  O_DQ906_END: CSV_POINT, at=4.8450299999999999E+1;

  E_0222: MAP_0222, at=4.8450299999999999E+1;

  Q_DQ906_BEG: CSV_POINT, at=4.8450299999999999E+1;

  E_0223: MAP_0223, at=4.8617000000000004E+1;

  Q_DQ906_MID: CSV_POINT, at=4.8783700000000003E+1;

  E_0224: MAP_0224, at=4.8950400000000002E+1;

  Q_DQ906_END: CSV_POINT, at=4.9117100000000001E+1;

  E_0225: MAP_0225, at=4.9117100000000001E+1;

  O_DV906_BEG: CSV_POINT, at=4.9117100000000001E+1;

  E_0226: MAP_0226, at=4.9271599999999999E+1;

  O_DV906_MID: CSV_POINT, at=4.9426099999999998E+1;

  E_0227: MAP_0227, at=4.9580600000000004E+1;

  O_DV906_END: CSV_POINT, at=4.9735100000000003E+1;

  E_0228: MAP_0228, at=4.9735100000000003E+1;

  D_DV906_BEG: CSV_POINT, at=4.9735100000000003E+1;

  E_0229: MAP_0229, at=5.0111725000000000E+1;

  D_DV906_MID: CSV_POINT, at=5.0488349999999997E+1;

  E_0230: MAP_0230, at=5.0864975000000001E+1;

  D_DV906_END: CSV_POINT, at=5.1241599999999998E+1;

  E_0231: MAP_0231, at=5.1241599999999998E+1;

  O_DMW906_BEG: CSV_POINT, at=5.1241599999999998E+1;

  E_0232: MAP_0232, at=5.1565249999999999E+1;

  O_DMW906_MID: CSV_POINT, at=5.1888900000000000E+1;

  E_0233: MAP_0233, at=5.2212550000000000E+1;

  O_DMW906_END: CSV_POINT, at=5.2536200000000001E+1;

  E_0234: MAP_0234, at=5.2536200000000001E+1;

  P_DMW906_BEG: CSV_POINT, at=5.2536200000000001E+1;

  E_0235: MAP_0235, at=5.2637799999999999E+1;

  P_DMW906_MID: CSV_POINT, at=5.2739400000000003E+1;

  E_0236: MAP_0236, at=5.2841000000000001E+1;

  P_DMW906_END: CSV_POINT, at=5.2942599999999999E+1;

  E_0237: MAP_0237, at=5.2942599999999999E+1;

  O_DHT906_BEG: CSV_POINT, at=5.2942599999999999E+1;

  E_0238: MAP_0238, at=5.3037849999999999E+1;

  O_DHT906_MID: CSV_POINT, at=5.3133099999999999E+1;

  E_0239: MAP_0239, at=5.3228349999999999E+1;

  O_DHT906_END: CSV_POINT, at=5.3323599999999999E+1;

  E_0240: MAP_0240, at=5.3323599999999999E+1;

  C_DHT906_BEG: CSV_POINT, at=5.3323599999999999E+1;

  E_0241: MAP_0241, at=5.3440275000000000E+1;

  C_DHT906_MID: CSV_POINT, at=5.3556950000000001E+1;

  E_0242: MAP_0242, at=5.3673625000000001E+1;

  C_DHT906_END: CSV_POINT, at=5.3790300000000002E+1;

  E_0243: MAP_0243, at=5.3790300000000002E+1;

  O_DQ907_BEG: CSV_POINT, at=5.3790300000000002E+1;

  E_0244: MAP_0244, at=5.3885475000000000E+1;

  O_DQ907_MID: CSV_POINT, at=5.3980649999999997E+1;

  E_0245: MAP_0245, at=5.4075824999999995E+1;

  O_DQ907_END: CSV_POINT, at=5.4170999999999999E+1;

  E_0246: MAP_0246, at=5.4170999999999999E+1;

  Q_DQ907_BEG: CSV_POINT, at=5.4170999999999999E+1;

  E_0247: MAP_0247, at=5.4369450000000001E+1;

  Q_DQ907_MID: CSV_POINT, at=5.4567900000000002E+1;

  E_0248: MAP_0248, at=5.4766350000000003E+1;

  Q_DQ907_END: CSV_POINT, at=5.4964799999999997E+1;

  E_0249: MAP_0249, at=5.4964799999999997E+1;

  O_DV907_BEG: CSV_POINT, at=5.4964799999999997E+1;

  E_0250: MAP_0250, at=5.5188874999999996E+1;

  O_DV907_MID: CSV_POINT, at=5.5412950000000002E+1;

  E_0251: MAP_0251, at=5.5637025000000001E+1;

  O_DV907_END: CSV_POINT, at=5.5861100000000000E+1;

  E_0252: MAP_0252, at=5.5861100000000000E+1;

  D_DV907_BEG: CSV_POINT, at=5.5861100000000000E+1;

  E_0253: MAP_0253, at=5.6237724999999998E+1;

  D_DV907_MID: CSV_POINT, at=5.6614350000000002E+1;

  E_0254: MAP_0254, at=5.6990975000000006E+1;

  D_DV907_END: CSV_POINT, at=5.7367600000000003E+1;

  E_0255: MAP_0255, at=5.7367600000000003E+1;

  O_DWCM907_BEG: CSV_POINT, at=5.7367600000000003E+1;

  E_0256: MAP_0256, at=5.7842399999999998E+1;

  O_DWCM907_MID: CSV_POINT, at=5.8317200000000000E+1;

  E_0257: MAP_0257, at=5.8792000000000002E+1;

  O_DWCM907_END: CSV_POINT, at=5.9266800000000003E+1;

  E_0258: MAP_0258, at=5.9266800000000003E+1;

  W_DWCM907_BEG: CSV_POINT, at=5.9266800000000003E+1;

  E_0259: MAP_0259, at=5.9343000000000004E+1;

  W_DWCM907_MID: CSV_POINT, at=5.9419199999999996E+1;

  E_0260: MAP_0260, at=5.9495399999999997E+1;

  W_DWCM907_END: CSV_POINT, at=5.9571599999999997E+1;

  E_0261: MAP_0261, at=5.9571599999999997E+1;

  O_DQ908_BEG: CSV_POINT, at=5.9571599999999997E+1;

  E_0262: MAP_0262, at=6.0439974999999997E+1;

  O_DQ908_MID: CSV_POINT, at=6.1308349999999997E+1;

  E_0263: MAP_0263, at=6.2176724999999998E+1;

  O_DQ908_END: CSV_POINT, at=6.3045099999999998E+1;

  E_0264: MAP_0264, at=6.3045099999999998E+1;

  Q_DQ908_BEG: CSV_POINT, at=6.3045099999999998E+1;

  E_0265: MAP_0265, at=6.3150824999999998E+1;

  Q_DQ908_MID: CSV_POINT, at=6.3256549999999997E+1;

  E_0266: MAP_0266, at=6.3362274999999997E+1;

  Q_DQ908_END: CSV_POINT, at=6.3468000000000004E+1;

  E_0267: MAP_0267, at=6.3468000000000004E+1;

  O_DMW908_BEG: CSV_POINT, at=6.3468000000000004E+1;

  E_0268: MAP_0268, at=6.3773425000000003E+1;

  O_DMW908_MID: CSV_POINT, at=6.4078850000000003E+1;

  E_0269: MAP_0269, at=6.4384275000000002E+1;

  O_DMW908_END: CSV_POINT, at=6.4689700000000002E+1;

  E_0270: MAP_0270, at=6.4689700000000002E+1;

  P_DMW908_BEG: CSV_POINT, at=6.4689700000000002E+1;

  E_0271: MAP_0271, at=6.4740499999999997E+1;

  P_DMW908_MID: CSV_POINT, at=6.4791300000000007E+1;

  E_0272: MAP_0272, at=6.4842100000000002E+1;

  P_DMW908_END: CSV_POINT, at=6.4892899999999997E+1;

  E_0273: MAP_0273, at=6.4892899999999997E+1;

  O_DQ909_BEG: CSV_POINT, at=6.4892899999999997E+1;

  E_0274: MAP_0274, at=6.5038250000000005E+1;

  O_DQ909_MID: CSV_POINT, at=6.5183599999999998E+1;

  E_0275: MAP_0275, at=6.5328949999999992E+1;

  O_DQ909_END: CSV_POINT, at=6.5474299999999999E+1;

  E_0276: MAP_0276, at=6.5474299999999999E+1;

  Q_DQ909_BEG: CSV_POINT, at=6.5474299999999999E+1;

  E_0277: MAP_0277, at=6.5580025000000006E+1;

  Q_DQ909_MID: CSV_POINT, at=6.5685749999999999E+1;

  E_0278: MAP_0278, at=6.5791474999999991E+1;

  Q_DQ909_END: CSV_POINT, at=6.5897199999999998E+1;

  E_0279: MAP_0279, at=6.5897199999999998E+1;

  O_DVT909_BEG: CSV_POINT, at=6.5897199999999998E+1;

  E_0280: MAP_0280, at=6.6144100000000009E+1;

  O_DVT909_MID: CSV_POINT, at=6.6391000000000005E+1;

  E_0281: MAP_0281, at=6.6637900000000002E+1;

  O_DVT909_END: CSV_POINT, at=6.6884799999999998E+1;

  E_0282: MAP_0282, at=6.6884799999999998E+1;

  C_DVT909_BEG: CSV_POINT, at=6.6884799999999998E+1;

  E_0283: MAP_0283, at=6.6926074999999997E+1;

  C_DVT909_MID: CSV_POINT, at=6.6967349999999996E+1;

  E_0284: MAP_0284, at=6.7008624999999995E+1;

  C_DVT909_END: CSV_POINT, at=6.7049899999999994E+1;

  E_0285: MAP_0285, at=6.7049899999999994E+1;

  O_DHT909_BEG: CSV_POINT, at=6.7049899999999994E+1;

  E_0286: MAP_0286, at=6.7230874999999997E+1;

  O_DHT909_MID: CSV_POINT, at=6.7411850000000001E+1;

  E_0287: MAP_0287, at=6.7592825000000005E+1;

  O_DHT909_END: CSV_POINT, at=6.7773799999999994E+1;

  E_0288: MAP_0288, at=6.7773799999999994E+1;

  C_DHT909_BEG: CSV_POINT, at=6.7773799999999994E+1;

  E_0289: MAP_0289, at=6.7815075000000007E+1;

  C_DHT909_MID: CSV_POINT, at=6.7856350000000006E+1;

  E_0290: MAP_0290, at=6.7897625000000005E+1;

  C_DHT909_END: CSV_POINT, at=6.7938900000000004E+1;

  E_0291: MAP_0291, at=6.7938900000000004E+1;

  O_DMW909_BEG: CSV_POINT, at=6.7938900000000004E+1;

  E_0292: MAP_0292, at=6.8100825000000000E+1;

  O_DMW909_MID: CSV_POINT, at=6.8262749999999997E+1;

  E_0293: MAP_0293, at=6.8424675000000008E+1;

  O_DMW909_END: CSV_POINT, at=6.8586600000000004E+1;

  E_0294: MAP_0294, at=6.8586600000000004E+1;

  P_DMW909_BEG: CSV_POINT, at=6.8586600000000004E+1;

  E_0295: MAP_0295, at=6.8637400000000000E+1;

  P_DMW909_MID: CSV_POINT, at=6.8688199999999995E+1;

  E_0296: MAP_0296, at=6.8739000000000004E+1;

  P_DMW909_END: CSV_POINT, at=6.8789800000000000E+1;

  E_0297: MAP_0297, at=6.8789800000000000E+1;

  O_DQ910_BEG: CSV_POINT, at=6.8789800000000000E+1;

  E_0298: MAP_0298, at=6.8852900000000005E+1;

  O_DQ910_MID: CSV_POINT, at=6.8915999999999997E+1;

  E_0299: MAP_0299, at=6.8979099999999988E+1;

  O_DQ910_END: CSV_POINT, at=6.9042199999999994E+1;

  E_0300: MAP_0300, at=6.9042199999999994E+1;

  Q_DQ910_BEG: CSV_POINT, at=6.9042199999999994E+1;

  E_0301: MAP_0301, at=6.9208900000000000E+1;

  Q_DQ910_MID: CSV_POINT, at=6.9375600000000006E+1;

  E_0302: MAP_0302, at=6.9542300000000012E+1;

  Q_DQ910_END: CSV_POINT, at=6.9709000000000003E+1;

  E_0303: MAP_0303, at=6.9709000000000003E+1;

  O_DH910_BEG: CSV_POINT, at=6.9709000000000003E+1;

  E_0304: MAP_0304, at=6.9983975000000001E+1;

  O_DH910_MID: CSV_POINT, at=7.0258949999999999E+1;

  E_0305: MAP_0305, at=7.0533924999999996E+1;

  O_DH910_END: CSV_POINT, at=7.0808899999999994E+1;

  E_0306: MAP_0306, at=7.0808899999999994E+1;

  D_DH910_BEG: CSV_POINT, at=7.0808899999999994E+1;

  E_0307: MAP_0307, at=7.1570899999999995E+1;

  D_DH910_MID: CSV_POINT, at=7.2332899999999995E+1;

  E_0308: MAP_0308, at=7.3094899999999996E+1;

  D_DH910_END: CSV_POINT, at=7.3856899999999996E+1;

  E_0309: MAP_0309, at=7.3856899999999996E+1;

  O_DQ911_BEG: CSV_POINT, at=7.3856899999999996E+1;

  E_0310: MAP_0310, at=7.3961375000000004E+1;

  O_DQ911_MID: CSV_POINT, at=7.4065849999999998E+1;

  E_0311: MAP_0311, at=7.4170324999999991E+1;

  O_DQ911_END: CSV_POINT, at=7.4274799999999999E+1;

  E_0312: MAP_0312, at=7.4274799999999999E+1;

  Q_DQ911_BEG: CSV_POINT, at=7.4274799999999999E+1;

  E_0313: MAP_0313, at=7.4441499999999991E+1;

  Q_DQ911_MID: CSV_POINT, at=7.4608199999999997E+1;

  E_0314: MAP_0314, at=7.4774900000000002E+1;

  Q_DQ911_END: CSV_POINT, at=7.4941599999999994E+1;

  E_0315: MAP_0315, at=7.4941599999999994E+1;

  O_DVT911_BEG: CSV_POINT, at=7.4941599999999994E+1;

  E_0316: MAP_0316, at=7.5018124999999998E+1;

  O_DVT911_MID: CSV_POINT, at=7.5094650000000001E+1;

  E_0317: MAP_0317, at=7.5171175000000005E+1;

  O_DVT911_END: CSV_POINT, at=7.5247699999999995E+1;

  E_0318: MAP_0318, at=7.5247699999999995E+1;

  C_DVT911_BEG: CSV_POINT, at=7.5247699999999995E+1;

  E_0319: MAP_0319, at=7.5288974999999994E+1;

  C_DVT911_MID: CSV_POINT, at=7.5330250000000007E+1;

  E_0320: MAP_0320, at=7.5371525000000005E+1;

  C_DVT911_END: CSV_POINT, at=7.5412800000000004E+1;

  E_0321: MAP_0321, at=7.5412800000000004E+1;

  O_DH911_BEG: CSV_POINT, at=7.5412800000000004E+1;

  E_0322: MAP_0322, at=7.5485225000000000E+1;

  O_DH911_MID: CSV_POINT, at=7.5557649999999995E+1;

  E_0323: MAP_0323, at=7.5630075000000005E+1;

  O_DH911_END: CSV_POINT, at=7.5702500000000001E+1;

  E_0324: MAP_0324, at=7.5702500000000001E+1;

  D_DH911_BEG: CSV_POINT, at=7.5702500000000001E+1;

  E_0325: MAP_0325, at=7.6464500000000001E+1;

  D_DH911_MID: CSV_POINT, at=7.7226500000000001E+1;

  E_0326: MAP_0326, at=7.7988500000000002E+1;

  D_DH911_END: CSV_POINT, at=7.8750500000000002E+1;

  E_0327: MAP_0327, at=7.8750500000000002E+1;

  O_DQ912_BEG: CSV_POINT, at=7.8750500000000002E+1;

  E_0328: MAP_0328, at=7.8897850000000005E+1;

  O_DQ912_MID: CSV_POINT, at=7.9045199999999994E+1;

  E_0329: MAP_0329, at=7.9192549999999997E+1;

  O_DQ912_END: CSV_POINT, at=7.9339900000000000E+1;

  E_0330: MAP_0330, at=7.9339900000000000E+1;

  Q_DQ912_BEG: CSV_POINT, at=7.9339900000000000E+1;

  E_0331: MAP_0331, at=7.9445625000000007E+1;

  Q_DQ912_MID: CSV_POINT, at=7.9551349999999999E+1;

  E_0332: MAP_0332, at=7.9657074999999992E+1;

  Q_DQ912_END: CSV_POINT, at=7.9762799999999999E+1;

  E_0333: MAP_0333, at=7.9762799999999999E+1;

  O_DH912_BEG: CSV_POINT, at=7.9762799999999999E+1;

  E_0334: MAP_0334, at=7.9910274999999999E+1;

  O_DH912_MID: CSV_POINT, at=8.0057749999999999E+1;

  E_0335: MAP_0335, at=8.0205224999999999E+1;

  O_DH912_END: CSV_POINT, at=8.0352699999999999E+1;

  E_0336: MAP_0336, at=8.0352699999999999E+1;

  D_DH912_BEG: CSV_POINT, at=8.0352699999999999E+1;

  E_0337: MAP_0337, at=8.1114699999999999E+1;

  D_DH912_MID: CSV_POINT, at=8.1876700000000000E+1;

  E_0338: MAP_0338, at=8.2638700000000000E+1;

  D_DH912_END: CSV_POINT, at=8.3400700000000001E+1;

  E_0339: MAP_0339, at=8.3400700000000001E+1;

  O_DQ913_BEG: CSV_POINT, at=8.3400700000000001E+1;

  E_0340: MAP_0340, at=8.3548149999999993E+1;

  O_DQ913_MID: CSV_POINT, at=8.3695599999999999E+1;

  E_0341: MAP_0341, at=8.3843050000000005E+1;

  O_DQ913_END: CSV_POINT, at=8.3990499999999997E+1;

  E_0342: MAP_0342, at=8.3990499999999997E+1;

  Q_DQ913_BEG: CSV_POINT, at=8.3990499999999997E+1;

  E_0343: MAP_0343, at=8.4188950000000006E+1;

  Q_DQ913_MID: CSV_POINT, at=8.4387400000000000E+1;

  E_0344: MAP_0344, at=8.4585849999999994E+1;

  Q_DQ913_END: CSV_POINT, at=8.4784300000000002E+1;

  E_0345: MAP_0345, at=8.4784300000000002E+1;

  O_DQ914_BEG: CSV_POINT, at=8.4784300000000002E+1;

  E_0346: MAP_0346, at=8.4909275000000008E+1;

  O_DQ914_MID: CSV_POINT, at=8.5034250000000000E+1;

  E_0347: MAP_0347, at=8.5159224999999992E+1;

  O_DQ914_END: CSV_POINT, at=8.5284199999999998E+1;

  E_0348: MAP_0348, at=8.5284199999999998E+1;

  Q_DQ914_BEG: CSV_POINT, at=8.5284199999999998E+1;

  E_0349: MAP_0349, at=8.5482650000000007E+1;

  Q_DQ914_MID: CSV_POINT, at=8.5681100000000001E+1;

  E_0350: MAP_0350, at=8.5879549999999995E+1;

  Q_DQ914_END: CSV_POINT, at=8.6078000000000003E+1;

  E_0351: MAP_0351, at=8.6078000000000003E+1;

  O_DHT914_BEG: CSV_POINT, at=8.6078000000000003E+1;

  E_0352: MAP_0352, at=8.6240049999999997E+1;

  O_DHT914_MID: CSV_POINT, at=8.6402100000000004E+1;

  E_0353: MAP_0353, at=8.6564150000000012E+1;

  O_DHT914_END: CSV_POINT, at=8.6726200000000006E+1;

  E_0354: MAP_0354, at=8.6726200000000006E+1;

  C_DHT914_BEG: CSV_POINT, at=8.6726200000000006E+1;

  E_0355: MAP_0355, at=8.6767475000000005E+1;

  C_DHT914_MID: CSV_POINT, at=8.6808750000000003E+1;

  E_0356: MAP_0356, at=8.6850025000000002E+1;

  C_DHT914_END: CSV_POINT, at=8.6891300000000001E+1;

  E_0357: MAP_0357, at=8.6891300000000001E+1;

  O_DMW914_BEG: CSV_POINT, at=8.6891300000000001E+1;

  E_0358: MAP_0358, at=8.7053049999999999E+1;

  O_DMW914_MID: CSV_POINT, at=8.7214799999999997E+1;

  E_0359: MAP_0359, at=8.7376550000000009E+1;

  O_DMW914_END: CSV_POINT, at=8.7538300000000007E+1;

  E_0360: MAP_0360, at=8.7538300000000007E+1;

  P_DMW914_BEG: CSV_POINT, at=8.7538300000000007E+1;

  E_0361: MAP_0361, at=8.7589100000000002E+1;

  P_DMW914_MID: CSV_POINT, at=8.7639899999999997E+1;

  E_0362: MAP_0362, at=8.7690699999999993E+1;

  P_DMW914_END: CSV_POINT, at=8.7741500000000002E+1;

  E_0363: MAP_0363, at=8.7741500000000002E+1;

  O_DVT914_BEG: CSV_POINT, at=8.7741500000000002E+1;

  E_0364: MAP_0364, at=8.7825025000000011E+1;

  O_DVT914_MID: CSV_POINT, at=8.7908550000000005E+1;

  E_0365: MAP_0365, at=8.7992075000000000E+1;

  O_DVT914_END: CSV_POINT, at=8.8075599999999994E+1;

  E_0366: MAP_0366, at=8.8075599999999994E+1;

  C_DVT914_BEG: CSV_POINT, at=8.8075599999999994E+1;

  E_0367: MAP_0367, at=8.8116874999999993E+1;

  C_DVT914_MID: CSV_POINT, at=8.8158150000000006E+1;

  E_0368: MAP_0368, at=8.8199425000000005E+1;

  C_DVT914_END: CSV_POINT, at=8.8240700000000004E+1;

  E_0369: MAP_0369, at=8.8240700000000004E+1;

  O_DQ915_BEG: CSV_POINT, at=8.8240700000000004E+1;

  E_0370: MAP_0370, at=8.8312425000000005E+1;

  O_DQ915_MID: CSV_POINT, at=8.8384150000000005E+1;

  E_0371: MAP_0371, at=8.8455875000000006E+1;

  O_DQ915_END: CSV_POINT, at=8.8527600000000007E+1;

  E_0372: MAP_0372, at=8.8527600000000007E+1;

  Q_DQ915_BEG: CSV_POINT, at=8.8527600000000007E+1;

  E_0373: MAP_0373, at=8.8726050000000001E+1;

  Q_DQ915_MID: CSV_POINT, at=8.8924499999999995E+1;

  E_0374: MAP_0374, at=8.9122950000000003E+1;

  Q_DQ915_END: CSV_POINT, at=8.9321399999999997E+1;

  E_0375: MAP_0375, at=8.9321399999999997E+1;

  O_DQ916_BEG: CSV_POINT, at=8.9321399999999997E+1;

  E_0376: MAP_0376, at=8.9446399999999997E+1;

  O_DQ916_MID: CSV_POINT, at=8.9571399999999997E+1;

  E_0377: MAP_0377, at=8.9696399999999997E+1;

  O_DQ916_END: CSV_POINT, at=8.9821399999999997E+1;

  E_0378: MAP_0378, at=8.9821399999999997E+1;

  Q_DQ916_BEG: CSV_POINT, at=8.9821399999999997E+1;

  E_0379: MAP_0379, at=9.0019849999999991E+1;

  Q_DQ916_MID: CSV_POINT, at=9.0218299999999999E+1;

  E_0380: MAP_0380, at=9.0416750000000008E+1;

  Q_DQ916_END: CSV_POINT, at=9.0615200000000002E+1;

  E_0381: MAP_0381, at=9.0615200000000002E+1;

  O_DH916_BEG: CSV_POINT, at=9.0615200000000002E+1;

  E_0382: MAP_0382, at=9.0762650000000008E+1;

  O_DH916_MID: CSV_POINT, at=9.0910100000000000E+1;

  E_0383: MAP_0383, at=9.1057549999999992E+1;

  O_DH916_END: CSV_POINT, at=9.1204999999999998E+1;

  E_0384: MAP_0384, at=9.1204999999999998E+1;

  D_DH916_BEG: CSV_POINT, at=9.1204999999999998E+1;

  E_0385: MAP_0385, at=9.1966999999999999E+1;

  D_DH916_MID: CSV_POINT, at=9.2728999999999999E+1;

  E_0386: MAP_0386, at=9.3491000000000000E+1;

  D_DH916_END: CSV_POINT, at=9.4253000000000000E+1;

  E_0387: MAP_0387, at=9.4253000000000000E+1;

  O_DQ917_BEG: CSV_POINT, at=9.4253000000000000E+1;

  E_0388: MAP_0388, at=9.4400450000000006E+1;

  O_DQ917_MID: CSV_POINT, at=9.4547899999999998E+1;

  E_0389: MAP_0389, at=9.4695349999999991E+1;

  O_DQ917_END: CSV_POINT, at=9.4842799999999997E+1;

  E_0390: MAP_0390, at=9.4842799999999997E+1;

  Q_DQ917_BEG: CSV_POINT, at=9.4842799999999997E+1;

  E_0391: MAP_0391, at=9.4948524999999989E+1;

  Q_DQ917_MID: CSV_POINT, at=9.5054249999999996E+1;

  E_0392: MAP_0392, at=9.5159975000000003E+1;

  Q_DQ917_END: CSV_POINT, at=9.5265699999999995E+1;

  E_0393: MAP_0393, at=9.5265699999999995E+1;

  O_DH917_BEG: CSV_POINT, at=9.5265699999999995E+1;

  E_0394: MAP_0394, at=9.5413049999999998E+1;

  O_DH917_MID: CSV_POINT, at=9.5560400000000001E+1;

  E_0395: MAP_0395, at=9.5707750000000004E+1;

  O_DH917_END: CSV_POINT, at=9.5855099999999993E+1;

  E_0396: MAP_0396, at=9.5855099999999993E+1;

  D_DH917_BEG: CSV_POINT, at=9.5855099999999993E+1;

  E_0397: MAP_0397, at=9.6617099999999994E+1;

  D_DH917_MID: CSV_POINT, at=9.7379099999999994E+1;

  E_0398: MAP_0398, at=9.8141099999999994E+1;

  D_DH917_END: CSV_POINT, at=9.8903099999999995E+1;

  E_0399: MAP_0399, at=9.8903099999999995E+1;

  O_DQ918_BEG: CSV_POINT, at=9.8903099999999995E+1;

  E_0400: MAP_0400, at=9.9093324999999993E+1;

  O_DQ918_MID: CSV_POINT, at=9.9283550000000005E+1;

  E_0401: MAP_0401, at=9.9473775000000003E+1;

  O_DQ918_END: CSV_POINT, at=9.9664000000000001E+1;

  E_0402: MAP_0402, at=9.9664000000000001E+1;

  Q_DQ918_BEG: CSV_POINT, at=9.9664000000000001E+1;

  E_0403: MAP_0403, at=9.9830700000000007E+1;

  Q_DQ918_MID: CSV_POINT, at=9.9997399999999999E+1;

  E_0404: MAP_0404, at=1.0016409999999999E+2;

  Q_DQ918_END: CSV_POINT, at=1.0033080000000000E+2;

  E_0405: MAP_0405, at=1.0033080000000000E+2;

  O_DH918_BEG: CSV_POINT, at=1.0033080000000000E+2;

  E_0406: MAP_0406, at=1.0043527499999999E+2;

  O_DH918_MID: CSV_POINT, at=1.0053975000000000E+2;

  E_0407: MAP_0407, at=1.0064422500000001E+2;

  O_DH918_END: CSV_POINT, at=1.0074870000000000E+2;

  E_0408: MAP_0408, at=1.0074870000000000E+2;

  D_DH918_BEG: CSV_POINT, at=1.0074870000000000E+2;

  E_0409: MAP_0409, at=1.0151070000000000E+2;

  D_DH918_MID: CSV_POINT, at=1.0227270000000000E+2;

  E_0410: MAP_0410, at=1.0303470000000000E+2;

  D_DH918_END: CSV_POINT, at=1.0379670000000000E+2;

  E_0411: MAP_0411, at=1.0379670000000000E+2;

  O_DQ919_BEG: CSV_POINT, at=1.0379670000000000E+2;

  E_0412: MAP_0412, at=1.0423687500000000E+2;

  O_DQ919_MID: CSV_POINT, at=1.0467704999999999E+2;

  E_0413: MAP_0413, at=1.0511722499999999E+2;

  O_DQ919_END: CSV_POINT, at=1.0555740000000000E+2;

  E_0414: MAP_0414, at=1.0555740000000000E+2;

  Q_DQ919_BEG: CSV_POINT, at=1.0555740000000000E+2;

  E_0415: MAP_0415, at=1.0566312500000001E+2;

  Q_DQ919_MID: CSV_POINT, at=1.0576885000000000E+2;

  E_0416: MAP_0416, at=1.0587457499999999E+2;

  Q_DQ919_END: CSV_POINT, at=1.0598030000000000E+2;

  E_0417: MAP_0417, at=1.0598030000000000E+2;

  O_DHT919_BEG: CSV_POINT, at=1.0598030000000000E+2;

  E_0418: MAP_0418, at=1.0626089999999999E+2;

  O_DHT919_MID: CSV_POINT, at=1.0654150000000000E+2;

  E_0419: MAP_0419, at=1.0682210000000001E+2;

  O_DHT919_END: CSV_POINT, at=1.0710270000000000E+2;

  E_0420: MAP_0420, at=1.0710270000000000E+2;

  C_DHT919_BEG: CSV_POINT, at=1.0710270000000000E+2;

  E_0421: MAP_0421, at=1.0714397500000000E+2;

  C_DHT919_MID: CSV_POINT, at=1.0718525000000000E+2;

  E_0422: MAP_0422, at=1.0722652500000000E+2;

  C_DHT919_END: CSV_POINT, at=1.0726779999999999E+2;

  E_0423: MAP_0423, at=1.0726779999999999E+2;

  O_DVT919_BEG: CSV_POINT, at=1.0726779999999999E+2;

  E_0424: MAP_0424, at=1.0744877500000000E+2;

  O_DVT919_MID: CSV_POINT, at=1.0762975000000000E+2;

  E_0425: MAP_0425, at=1.0781072499999999E+2;

  O_DVT919_END: CSV_POINT, at=1.0799169999999999E+2;

  E_0426: MAP_0426, at=1.0799169999999999E+2;

  C_DVT919_BEG: CSV_POINT, at=1.0799169999999999E+2;

  E_0427: MAP_0427, at=1.0803297499999999E+2;

  C_DVT919_MID: CSV_POINT, at=1.0807425000000001E+2;

  E_0428: MAP_0428, at=1.0811552500000001E+2;

  C_DVT919_END: CSV_POINT, at=1.0815680000000000E+2;

  E_0429: MAP_0429, at=1.0815680000000000E+2;

  O_DMW919_BEG: CSV_POINT, at=1.0815680000000000E+2;

  E_0430: MAP_0430, at=1.0832490000000000E+2;

  O_DMW919_MID: CSV_POINT, at=1.0849299999999999E+2;

  E_0431: MAP_0431, at=1.0866110000000000E+2;

  O_DMW919_END: CSV_POINT, at=1.0882920000000000E+2;

  E_0432: MAP_0432, at=1.0882920000000000E+2;

  P_DMW919_BEG: CSV_POINT, at=1.0882920000000000E+2;

  E_0433: MAP_0433, at=1.0888000000000000E+2;

  P_DMW919_MID: CSV_POINT, at=1.0893080000000000E+2;

  E_0434: MAP_0434, at=1.0898160000000000E+2;

  P_DMW919_END: CSV_POINT, at=1.0903240000000000E+2;

  E_0435: MAP_0435, at=1.0903240000000000E+2;

  O_DQ920_BEG: CSV_POINT, at=1.0903240000000000E+2;

  E_0436: MAP_0436, at=1.0942734999999999E+2;

  O_DQ920_MID: CSV_POINT, at=1.0982230000000000E+2;

  E_0437: MAP_0437, at=1.1021725000000001E+2;

  O_DQ920_END: CSV_POINT, at=1.1061220000000000E+2;

  E_0438: MAP_0438, at=1.1061220000000000E+2;

  Q_DQ920_BEG: CSV_POINT, at=1.1061220000000000E+2;

  E_0439: MAP_0439, at=1.1071792500000001E+2;

  Q_DQ920_MID: CSV_POINT, at=1.1082365000000000E+2;

  E_0440: MAP_0440, at=1.1092937499999999E+2;

  Q_DQ920_END: CSV_POINT, at=1.1103510000000000E+2;

  E_0441: MAP_0441, at=1.1103510000000000E+2;

  O_DQ921_BEG: CSV_POINT, at=1.1103510000000000E+2;

  E_0442: MAP_0442, at=1.1224299999999999E+2;

  O_DQ921_MID: CSV_POINT, at=1.1345090000000000E+2;

  E_0443: MAP_0443, at=1.1465880000000000E+2;

  O_DQ921_END: CSV_POINT, at=1.1586669999999999E+2;

  E_0444: MAP_0444, at=1.1586669999999999E+2;

  Q_DQ921_BEG: CSV_POINT, at=1.1586669999999999E+2;

  E_0445: MAP_0445, at=1.1597242499999999E+2;

  Q_DQ921_MID: CSV_POINT, at=1.1607814999999999E+2;

  E_0446: MAP_0446, at=1.1618387500000000E+2;

  Q_DQ921_END: CSV_POINT, at=1.1628959999999999E+2;

  E_0447: MAP_0447, at=1.1628959999999999E+2;

  O_DVT921_BEG: CSV_POINT, at=1.1628959999999999E+2;

  E_0448: MAP_0448, at=1.1740362500000001E+2;

  O_DVT921_MID: CSV_POINT, at=1.1851765000000000E+2;

  E_0449: MAP_0449, at=1.1963167500000000E+2;

  O_DVT921_END: CSV_POINT, at=1.2074570000000000E+2;

  E_0450: MAP_0450, at=1.2074570000000000E+2;

  C_DVT921_BEG: CSV_POINT, at=1.2074570000000000E+2;

  E_0451: MAP_0451, at=1.2078697500000000E+2;

  C_DVT921_MID: CSV_POINT, at=1.2082825000000000E+2;

  E_0452: MAP_0452, at=1.2086952500000000E+2;

  C_DVT921_END: CSV_POINT, at=1.2091079999999999E+2;

  E_0453: MAP_0453, at=1.2091079999999999E+2;

  O_DQ922_BEG: CSV_POINT, at=1.2091079999999999E+2;

  E_0454: MAP_0454, at=1.2098255000000000E+2;

  O_DQ922_MID: CSV_POINT, at=1.2105430000000000E+2;

  E_0455: MAP_0455, at=1.2112604999999999E+2;

  O_DQ922_END: CSV_POINT, at=1.2119780000000000E+2;

  E_0456: MAP_0456, at=1.2119780000000000E+2;

  Q_DQ922_BEG: CSV_POINT, at=1.2119780000000000E+2;

  E_0457: MAP_0457, at=1.2130352500000001E+2;

  Q_DQ922_MID: CSV_POINT, at=1.2140925000000000E+2;

  E_0458: MAP_0458, at=1.2151497499999999E+2;

  Q_DQ922_END: CSV_POINT, at=1.2162070000000000E+2;

  E_0459: MAP_0459, at=1.2162070000000000E+2;

  O_DMW922_BEG: CSV_POINT, at=1.2162070000000000E+2;

  E_0460: MAP_0460, at=1.2184517500000000E+2;

  O_DMW922_MID: CSV_POINT, at=1.2206965000000000E+2;

  E_0461: MAP_0461, at=1.2229412500000001E+2;

  O_DMW922_END: CSV_POINT, at=1.2251860000000001E+2;

  E_0462: MAP_0462, at=1.2251860000000001E+2;

  P_DMW922_BEG: CSV_POINT, at=1.2251860000000001E+2;

  E_0463: MAP_0463, at=1.2256940000000000E+2;

  P_DMW922_MID: CSV_POINT, at=1.2262020000000000E+2;

  E_0464: MAP_0464, at=1.2267099999999999E+2;

  P_DMW922_END: CSV_POINT, at=1.2272180000000000E+2;

  E_0465: MAP_0465, at=1.2272180000000000E+2;

  O_DQ923_BEG: CSV_POINT, at=1.2272180000000000E+2;

  E_0466: MAP_0466, at=1.2367234999999999E+2;

  O_DQ923_MID: CSV_POINT, at=1.2462290000000000E+2;

  E_0467: MAP_0467, at=1.2557345000000001E+2;

  O_DQ923_END: CSV_POINT, at=1.2652400000000000E+2;

  E_0468: MAP_0468, at=1.2652400000000000E+2;

  Q_DQ923_BEG: CSV_POINT, at=1.2652400000000000E+2;

  E_0469: MAP_0469, at=1.2662972500000001E+2;

  Q_DQ923_MID: CSV_POINT, at=1.2673545000000000E+2;

  E_0470: MAP_0470, at=1.2684117499999999E+2;

  Q_DQ923_END: CSV_POINT, at=1.2694690000000000E+2;

  E_0471: MAP_0471, at=1.2694690000000000E+2;

  O_DQ924_BEG: CSV_POINT, at=1.2694690000000000E+2;

  E_0472: MAP_0472, at=1.2843712499999998E+2;

  O_DQ924_MID: CSV_POINT, at=1.2992734999999999E+2;

  E_0473: MAP_0473, at=1.3141757500000000E+2;

  O_DQ924_END: CSV_POINT, at=1.3290780000000001E+2;

  E_0474: MAP_0474, at=1.3290780000000001E+2;

  Q_DQ924_BEG: CSV_POINT, at=1.3290780000000001E+2;

  E_0475: MAP_0475, at=1.3301352500000002E+2;

  Q_DQ924_MID: CSV_POINT, at=1.3311924999999999E+2;

  E_0476: MAP_0476, at=1.3322497500000000E+2;

  Q_DQ924_END: CSV_POINT, at=1.3333070000000001E+2;

  E_0477: MAP_0477, at=1.3333070000000001E+2;

  O_DCOL924_BEG: CSV_POINT, at=1.3333070000000001E+2;

  E_0478: MAP_0478, at=1.3340165000000002E+2;

  O_DCOL924_MID: CSV_POINT, at=1.3347260000000000E+2;

  E_0479: MAP_0479, at=1.3354354999999998E+2;

  O_DCOL924_END: CSV_POINT, at=1.3361449999999999E+2;

  E_0480: MAP_0480, at=1.3361449999999999E+2;

  W_DCOL924_BEG: CSV_POINT, at=1.3361449999999999E+2;

  E_0481: MAP_0481, at=1.3388119999999998E+2;

  W_DCOL924_MID: CSV_POINT, at=1.3414789999999999E+2;

  E_0482: MAP_0482, at=1.3441460000000001E+2;

  W_DCOL924_END: CSV_POINT, at=1.3468129999999999E+2;

  E_0483: MAP_0483, at=1.3468129999999999E+2;

  O_DMW924_BEG: CSV_POINT, at=1.3468129999999999E+2;

  E_0484: MAP_0484, at=1.3471940000000001E+2;

  O_DMW924_MID: CSV_POINT, at=1.3475749999999999E+2;

  E_0485: MAP_0485, at=1.3479559999999998E+2;

  O_DMW924_END: CSV_POINT, at=1.3483369999999999E+2;

  E_0486: MAP_0486, at=1.3483369999999999E+2;

  P_DMW924_BEG: CSV_POINT, at=1.3483369999999999E+2;

  E_0487: MAP_0487, at=1.3488450000000000E+2;

  P_DMW924_MID: CSV_POINT, at=1.3493530000000001E+2;

  E_0488: MAP_0488, at=1.3498610000000002E+2;

  P_DMW924_END: CSV_POINT, at=1.3503690000000000E+2;

  E_0489: MAP_0489, at=1.3503690000000000E+2;

  O_DQ925_BEG: CSV_POINT, at=1.3503690000000000E+2;

  E_0490: MAP_0490, at=1.3583617500000000E+2;

  O_DQ925_MID: CSV_POINT, at=1.3663544999999999E+2;

  E_0491: MAP_0491, at=1.3743472500000001E+2;

  O_DQ925_END: CSV_POINT, at=1.3823400000000001E+2;

  E_0492: MAP_0492, at=1.3823400000000001E+2;

  Q_DQ925_BEG: CSV_POINT, at=1.3823400000000001E+2;

  E_0493: MAP_0493, at=1.3833972499999999E+2;

  Q_DQ925_MID: CSV_POINT, at=1.3844544999999999E+2;

  E_0494: MAP_0494, at=1.3855117500000000E+2;

  Q_DQ925_END: CSV_POINT, at=1.3865690000000001E+2;

  E_0495: MAP_0495, at=1.3865690000000001E+2;

  O_DQ926_BEG: CSV_POINT, at=1.3865690000000001E+2;

  E_0496: MAP_0496, at=1.3929149999999998E+2;

  O_DQ926_MID: CSV_POINT, at=1.3992609999999999E+2;

  E_0497: MAP_0497, at=1.4056070000000000E+2;

  O_DQ926_END: CSV_POINT, at=1.4119530000000000E+2;

  E_0498: MAP_0498, at=1.4119530000000000E+2;

  Q_DQ926_BEG: CSV_POINT, at=1.4119530000000000E+2;

  E_0499: MAP_0499, at=1.4130102499999998E+2;

  Q_DQ926_MID: CSV_POINT, at=1.4140674999999999E+2;

  E_0500: MAP_0500, at=1.4151247499999999E+2;

  Q_DQ926_END: CSV_POINT, at=1.4161820000000000E+2;

  E_0501: MAP_0501, at=1.4161820000000000E+2;

  O_DMW926_BEG: CSV_POINT, at=1.4161820000000000E+2;

  E_0502: MAP_0502, at=1.4170772499999998E+2;

  O_DMW926_MID: CSV_POINT, at=1.4179724999999999E+2;

  E_0503: MAP_0503, at=1.4188677500000000E+2;

  O_DMW926_END: CSV_POINT, at=1.4197630000000001E+2;

  E_0504: MAP_0504, at=1.4197630000000001E+2;

  P_DMW926_BEG: CSV_POINT, at=1.4197630000000001E+2;

  E_0505: MAP_0505, at=1.4207790000000000E+2;

  P_DMW926_MID: CSV_POINT, at=1.4217949999999999E+2;

  E_0506: MAP_0506, at=1.4228109999999998E+2;

  P_DMW926_END: CSV_POINT, at=1.4238270000000000E+2;

  E_0507: MAP_0507, at=1.4238270000000000E+2;

  O_DQ927_BEG: CSV_POINT, at=1.4238270000000000E+2;

  E_0508: MAP_0508, at=1.4321707499999999E+2;

  O_DQ927_MID: CSV_POINT, at=1.4405144999999999E+2;

  E_0509: MAP_0509, at=1.4488582500000001E+2;

  O_DQ927_END: CSV_POINT, at=1.4572020000000001E+2;

  E_0510: MAP_0510, at=1.4572020000000001E+2;

  Q_DQ927_BEG: CSV_POINT, at=1.4572020000000001E+2;

  E_0511: MAP_0511, at=1.4582592499999998E+2;

  Q_DQ927_MID: CSV_POINT, at=1.4593164999999999E+2;

  E_0512: MAP_0512, at=1.4603737500000000E+2;

  Q_DQ927_END: CSV_POINT, at=1.4614310000000000E+2;

  E_0513: MAP_0513, at=1.4614310000000000E+2;

  O_DHT927_BEG: CSV_POINT, at=1.4614310000000000E+2;

  E_0514: MAP_0514, at=1.4646815000000001E+2;

  O_DHT927_MID: CSV_POINT, at=1.4679320000000001E+2;

  E_0515: MAP_0515, at=1.4711824999999999E+2;

  O_DHT927_END: CSV_POINT, at=1.4744329999999999E+2;

  E_0516: MAP_0516, at=1.4744329999999999E+2;

  C_DHT927_BEG: CSV_POINT, at=1.4744329999999999E+2;

  E_0517: MAP_0517, at=1.4748457500000001E+2;

  C_DHT927_MID: CSV_POINT, at=1.4752584999999999E+2;

  E_0518: MAP_0518, at=1.4756712499999998E+2;

  C_DHT927_END: CSV_POINT, at=1.4760839999999999E+2;

  E_0519: MAP_0519, at=1.4760839999999999E+2;

  O_DMW927_BEG: CSV_POINT, at=1.4760839999999999E+2;

  E_0520: MAP_0520, at=1.4772507500000000E+2;

  O_DMW927_MID: CSV_POINT, at=1.4784174999999999E+2;

  E_0521: MAP_0521, at=1.4795842499999998E+2;

  O_DMW927_END: CSV_POINT, at=1.4807509999999999E+2;

  E_0522: MAP_0522, at=1.4807509999999999E+2;

  P_DMW927_BEG: CSV_POINT, at=1.4807509999999999E+2;

  E_0523: MAP_0523, at=1.4817669999999998E+2;

  P_DMW927_MID: CSV_POINT, at=1.4827830000000000E+2;

  E_0524: MAP_0524, at=1.4837990000000002E+2;

  P_DMW927_END: CSV_POINT, at=1.4848150000000001E+2;

  E_0525: MAP_0525, at=1.4848150000000001E+2;

  O_DVT927_BEG: CSV_POINT, at=1.4848150000000001E+2;

  E_0526: MAP_0526, at=1.4976350000000002E+2;

  O_DVT927_MID: CSV_POINT, at=1.5104550000000000E+2;

  E_0527: MAP_0527, at=1.5232749999999999E+2;

  O_DVT927_END: CSV_POINT, at=1.5360950000000000E+2;

  E_0528: MAP_0528, at=1.5360950000000000E+2;

  C_DVT927_BEG: CSV_POINT, at=1.5360950000000000E+2;

  E_0529: MAP_0529, at=1.5365077500000001E+2;

  C_DVT927_MID: CSV_POINT, at=1.5369204999999999E+2;

  E_0530: MAP_0530, at=1.5373332499999998E+2;

  C_DVT927_END: CSV_POINT, at=1.5377459999999999E+2;

  E_0531: MAP_0531, at=1.5377459999999999E+2;

  O_DQ928_BEG: CSV_POINT, at=1.5377459999999999E+2;

  E_0532: MAP_0532, at=1.5394977499999999E+2;

  O_DQ928_MID: CSV_POINT, at=1.5412495000000001E+2;

  E_0533: MAP_0533, at=1.5430012500000001E+2;

  O_DQ928_END: CSV_POINT, at=1.5447530000000000E+2;

  E_0534: MAP_0534, at=1.5447530000000000E+2;

  Q_DQ928_BEG: CSV_POINT, at=1.5447530000000000E+2;

  E_0535: MAP_0535, at=1.5462675000000002E+2;

  Q_DQ928_MID: CSV_POINT, at=1.5477820000000000E+2;

  E_0536: MAP_0536, at=1.5492964999999998E+2;

  Q_DQ928_END: CSV_POINT, at=1.5508109999999999E+2;

  E_0537: MAP_0537, at=1.5508109999999999E+2;

  O_DHT928_BEG: CSV_POINT, at=1.5508109999999999E+2;

  E_0538: MAP_0538, at=1.5618867499999999E+2;

  O_DHT928_MID: CSV_POINT, at=1.5729624999999999E+2;

  E_0539: MAP_0539, at=1.5840382499999998E+2;

  O_DHT928_END: CSV_POINT, at=1.5951140000000001E+2;

  E_0540: MAP_0540, at=1.5951140000000001E+2;

  C_DHT928_BEG: CSV_POINT, at=1.5951140000000001E+2;

  E_0541: MAP_0541, at=1.5962807500000002E+2;

  C_DHT928_MID: CSV_POINT, at=1.5974475000000001E+2;

  E_0542: MAP_0542, at=1.5986142500000000E+2;

  C_DHT928_END: CSV_POINT, at=1.5997810000000001E+2;

  E_0543: MAP_0543, at=1.5997810000000001E+2;

  O_DQ929_BEG: CSV_POINT, at=1.5997810000000001E+2;

  E_0544: MAP_0544, at=1.6013777500000000E+2;

  O_DQ929_MID: CSV_POINT, at=1.6029745000000000E+2;

  E_0545: MAP_0545, at=1.6045712500000002E+2;

  O_DQ929_END: CSV_POINT, at=1.6061680000000001E+2;

  E_0546: MAP_0546, at=1.6061680000000001E+2;

  Q_DQ929_BEG: CSV_POINT, at=1.6061680000000001E+2;

  E_0547: MAP_0547, at=1.6072252500000002E+2;

  Q_DQ929_MID: CSV_POINT, at=1.6082825000000000E+2;

  E_0548: MAP_0548, at=1.6093397500000000E+2;

  Q_DQ929_END: CSV_POINT, at=1.6103970000000001E+2;

  E_0549: MAP_0549, at=1.6103970000000001E+2;

  O_DAC929A_BEG: CSV_POINT, at=1.6103970000000001E+2;

  E_0550: MAP_0550, at=1.6123245000000000E+2;

  O_DAC929A_MID: CSV_POINT, at=1.6142519999999999E+2;

  E_0551: MAP_0551, at=1.6161795000000001E+2;

  O_DAC929A_END: CSV_POINT, at=1.6181070000000000E+2;

  E_0552: MAP_0552, at=1.6181070000000000E+2;

  D_DAC929A_BEG: CSV_POINT, at=1.6181070000000000E+2;

  E_0553: MAP_0553, at=1.6207080000000002E+2;

  D_DAC929A_MID: CSV_POINT, at=1.6233090000000001E+2;

  E_0554: MAP_0554, at=1.6259100000000001E+2;

  D_DAC929A_END: CSV_POINT, at=1.6285110000000000E+2;

  E_0555: MAP_0555, at=1.6285110000000000E+2;

  O_DAC929B_BEG: CSV_POINT, at=1.6285110000000000E+2;

  E_0556: MAP_0556, at=1.6285745000000000E+2;

  O_DAC929B_MID: CSV_POINT, at=1.6286380000000000E+2;

  E_0557: MAP_0557, at=1.6287015000000000E+2;

  O_DAC929B_END: CSV_POINT, at=1.6287649999999999E+2;

  E_0558: MAP_0558, at=1.6287649999999999E+2;

  D_DAC929B_BEG: CSV_POINT, at=1.6287649999999999E+2;

  E_0559: MAP_0559, at=1.6313659999999999E+2;

  D_DAC929B_MID: CSV_POINT, at=1.6339670000000001E+2;

  E_0560: MAP_0560, at=1.6365680000000000E+2;

  D_DAC929B_END: CSV_POINT, at=1.6391690000000000E+2;

  E_0561: MAP_0561, at=1.6391690000000000E+2;

  O_DAC929C_BEG: CSV_POINT, at=1.6391690000000000E+2;

  E_0562: MAP_0562, at=1.6392325000000000E+2;

  O_DAC929C_MID: CSV_POINT, at=1.6392959999999999E+2;

  E_0563: MAP_0563, at=1.6393594999999999E+2;

  O_DAC929C_END: CSV_POINT, at=1.6394229999999999E+2;

  E_0564: MAP_0564, at=1.6394229999999999E+2;

  D_DAC929C_BEG: CSV_POINT, at=1.6394229999999999E+2;

  E_0565: MAP_0565, at=1.6420240000000001E+2;

  D_DAC929C_MID: CSV_POINT, at=1.6446250000000001E+2;

  E_0566: MAP_0566, at=1.6472260000000000E+2;

  D_DAC929C_END: CSV_POINT, at=1.6498269999999999E+2;

  E_0567: MAP_0567, at=1.6498269999999999E+2;

  O_DAC929D_BEG: CSV_POINT, at=1.6498269999999999E+2;

  E_0568: MAP_0568, at=1.6502080000000001E+2;

  O_DAC929D_MID: CSV_POINT, at=1.6505889999999999E+2;

  E_0569: MAP_0569, at=1.6509699999999998E+2;

  O_DAC929D_END: CSV_POINT, at=1.6513509999999999E+2;

  E_0570: MAP_0570, at=1.6513509999999999E+2;

  D_DAC929D_BEG: CSV_POINT, at=1.6513509999999999E+2;

  E_0571: MAP_0571, at=1.6539519999999999E+2;

  D_DAC929D_MID: CSV_POINT, at=1.6565530000000001E+2;

  E_0572: MAP_0572, at=1.6591540000000001E+2;

  D_DAC929D_END: CSV_POINT, at=1.6617550000000000E+2;

  E_0573: MAP_0573, at=1.6617550000000000E+2;

  O_DAC929E_BEG: CSV_POINT, at=1.6617550000000000E+2;

  E_0574: MAP_0574, at=1.6618185000000000E+2;

  O_DAC929E_MID: CSV_POINT, at=1.6618819999999999E+2;

  E_0575: MAP_0575, at=1.6619454999999999E+2;

  O_DAC929E_END: CSV_POINT, at=1.6620089999999999E+2;

  E_0576: MAP_0576, at=1.6620089999999999E+2;

  D_DAC929E_BEG: CSV_POINT, at=1.6620089999999999E+2;

  E_0577: MAP_0577, at=1.6646100000000001E+2;

  D_DAC929E_MID: CSV_POINT, at=1.6672110000000001E+2;

  E_0578: MAP_0578, at=1.6698120000000000E+2;

  D_DAC929E_END: CSV_POINT, at=1.6724130000000000E+2;

  E_0579: MAP_0579, at=1.6724130000000000E+2;

  O_DAC929F_BEG: CSV_POINT, at=1.6724130000000000E+2;

  E_0580: MAP_0580, at=1.6724764999999999E+2;

  O_DAC929F_MID: CSV_POINT, at=1.6725399999999999E+2;

  E_0581: MAP_0581, at=1.6726034999999999E+2;

  O_DAC929F_END: CSV_POINT, at=1.6726669999999999E+2;

  E_0582: MAP_0582, at=1.6726669999999999E+2;

  D_DAC929F_BEG: CSV_POINT, at=1.6726669999999999E+2;

  E_0583: MAP_0583, at=1.6752679999999998E+2;

  D_DAC929F_MID: CSV_POINT, at=1.6778690000000000E+2;

  E_0584: MAP_0584, at=1.6804700000000000E+2;

  D_DAC929F_END: CSV_POINT, at=1.6830709999999999E+2;

  E_0585: MAP_0585, at=1.6830709999999999E+2;

  O_DQ930_BEG: CSV_POINT, at=1.6830709999999999E+2;

  E_0586: MAP_0586, at=1.6849984999999998E+2;

  O_DQ930_MID: CSV_POINT, at=1.6869260000000000E+2;

  E_0587: MAP_0587, at=1.6888535000000002E+2;

  O_DQ930_END: CSV_POINT, at=1.6907810000000001E+2;

  E_0588: MAP_0588, at=1.6907810000000001E+2;

  Q_DQ930_BEG: CSV_POINT, at=1.6907810000000001E+2;

  E_0589: MAP_0589, at=1.6918382500000001E+2;

  Q_DQ930_MID: CSV_POINT, at=1.6928954999999999E+2;

  E_0590: MAP_0590, at=1.6939527500000000E+2;

  Q_DQ930_END: CSV_POINT, at=1.6950100000000000E+2;

  E_0591: MAP_0591, at=1.6950100000000000E+2;

  O_DHT930_BEG: CSV_POINT, at=1.6950100000000000E+2;

  E_0592: MAP_0592, at=1.6966067500000000E+2;

  O_DHT930_MID: CSV_POINT, at=1.6982034999999999E+2;

  E_0593: MAP_0593, at=1.6998002500000001E+2;

  O_DHT930_END: CSV_POINT, at=1.7013970000000000E+2;

  E_0594: MAP_0594, at=1.7013970000000000E+2;

  C_DHT930_BEG: CSV_POINT, at=1.7013970000000000E+2;

  E_0595: MAP_0595, at=1.7025637499999999E+2;

  C_DHT930_MID: CSV_POINT, at=1.7037305000000001E+2;

  E_0596: MAP_0596, at=1.7048972500000002E+2;

  C_DHT930_END: CSV_POINT, at=1.7060640000000001E+2;

  E_0597: MAP_0597, at=1.7060640000000001E+2;

  O_DVT930_BEG: CSV_POINT, at=1.7060640000000001E+2;

  E_0598: MAP_0598, at=1.7071197500000000E+2;

  O_DVT930_MID: CSV_POINT, at=1.7081755000000001E+2;

  E_0599: MAP_0599, at=1.7092312500000000E+2;

  O_DVT930_END: CSV_POINT, at=1.7102869999999999E+2;

  E_0600: MAP_0600, at=1.7102869999999999E+2;

  C_DVT930_BEG: CSV_POINT, at=1.7102869999999999E+2;

  E_0601: MAP_0601, at=1.7114537500000000E+2;

  C_DVT930_MID: CSV_POINT, at=1.7126204999999999E+2;

  E_0602: MAP_0602, at=1.7137872499999997E+2;

  C_DVT930_END: CSV_POINT, at=1.7149539999999999E+2;

  E_0603: MAP_0603, at=1.7149539999999999E+2;

  O_DMW930_BEG: CSV_POINT, at=1.7149539999999999E+2;

  E_0604: MAP_0604, at=1.7160652499999998E+2;

  O_DMW930_MID: CSV_POINT, at=1.7171764999999999E+2;

  E_0605: MAP_0605, at=1.7182877500000001E+2;

  O_DMW930_END: CSV_POINT, at=1.7193989999999999E+2;

  E_0606: MAP_0606, at=1.7193989999999999E+2;

  P_DMW930_BEG: CSV_POINT, at=1.7193989999999999E+2;

  E_0607: MAP_0607, at=1.7204149999999998E+2;

  P_DMW930_MID: CSV_POINT, at=1.7214310000000000E+2;

  E_0608: MAP_0608, at=1.7224470000000002E+2;

  P_DMW930_END: CSV_POINT, at=1.7234630000000001E+2;

  E_0609: MAP_0609, at=1.7234630000000001E+2;

  O_DQ931_BEG: CSV_POINT, at=1.7234630000000001E+2;

  E_0610: MAP_0610, at=1.7277314999999999E+2;

  O_DQ931_MID: CSV_POINT, at=1.7319999999999999E+2;

  E_0611: MAP_0611, at=1.7362684999999999E+2;

  O_DQ931_END: CSV_POINT, at=1.7405369999999999E+2;

  E_0612: MAP_0612, at=1.7405369999999999E+2;

  Q_DQ931_BEG: CSV_POINT, at=1.7405369999999999E+2;

  E_0613: MAP_0613, at=1.7415942500000000E+2;

  Q_DQ931_MID: CSV_POINT, at=1.7426515000000001E+2;

  E_0614: MAP_0614, at=1.7437087500000001E+2;

  Q_DQ931_END: CSV_POINT, at=1.7447659999999999E+2;

  E_0615: MAP_0615, at=1.7447659999999999E+2;

  O_DCOL931_BEG: CSV_POINT, at=1.7447659999999999E+2;

  E_0616: MAP_0616, at=1.7777690000000001E+2;

  O_DCOL931_MID: CSV_POINT, at=1.8107720000000000E+2;

  E_0617: MAP_0617, at=1.8437750000000000E+2;

  O_DCOL931_END: CSV_POINT, at=1.8767779999999999E+2;

  E_0618: MAP_0618, at=1.8767779999999999E+2;

  W_DCOL931_BEG: CSV_POINT, at=1.8767779999999999E+2;

  E_0619: MAP_0619, at=1.8794450000000001E+2;

  W_DCOL931_MID: CSV_POINT, at=1.8821119999999999E+2;

  E_0620: MAP_0620, at=1.8847789999999998E+2;

  W_DCOL931_END: CSV_POINT, at=1.8874459999999999E+2;

  E_0621: MAP_0621, at=1.8874459999999999E+2;

  O_DQ932_BEG: CSV_POINT, at=1.8874459999999999E+2;

  E_0622: MAP_0622, at=1.8911605000000000E+2;

  O_DQ932_MID: CSV_POINT, at=1.8948750000000001E+2;

  E_0623: MAP_0623, at=1.8985894999999999E+2;

  O_DQ932_END: CSV_POINT, at=1.9023040000000000E+2;

  E_0624: MAP_0624, at=1.9023040000000000E+2;

  Q_DQ932_BEG: CSV_POINT, at=1.9023040000000000E+2;

  E_0625: MAP_0625, at=1.9033612499999998E+2;

  Q_DQ932_MID: CSV_POINT, at=1.9044184999999999E+2;

  E_0626: MAP_0626, at=1.9054757499999999E+2;

  Q_DQ932_END: CSV_POINT, at=1.9065330000000000E+2;

  E_0627: MAP_0627, at=1.9065330000000000E+2;

  O_DMW932_BEG: CSV_POINT, at=1.9065330000000000E+2;

  E_0628: MAP_0628, at=1.9160677500000000E+2;

  O_DMW932_MID: CSV_POINT, at=1.9256025000000000E+2;

  E_0629: MAP_0629, at=1.9351372499999999E+2;

  O_DMW932_END: CSV_POINT, at=1.9446719999999999E+2;

  E_0630: MAP_0630, at=1.9446719999999999E+2;

  P_DMW932_BEG: CSV_POINT, at=1.9446719999999999E+2;

  E_0631: MAP_0631, at=1.9456880000000001E+2;

  P_DMW932_MID: CSV_POINT, at=1.9467040000000000E+2;

  E_0632: MAP_0632, at=1.9477199999999999E+2;

  P_DMW932_END: CSV_POINT, at=1.9487360000000001E+2;

  E_0633: MAP_0633, at=1.9487360000000001E+2;

  O_DQ933_BEG: CSV_POINT, at=1.9487360000000001E+2;

  E_0634: MAP_0634, at=1.9550212500000001E+2;

  O_DQ933_MID: CSV_POINT, at=1.9613065000000000E+2;

  E_0635: MAP_0635, at=1.9675917500000000E+2;

  O_DQ933_END: CSV_POINT, at=1.9738770000000000E+2;

  E_0636: MAP_0636, at=1.9738770000000000E+2;

  Q_DQ933_BEG: CSV_POINT, at=1.9738770000000000E+2;

  E_0637: MAP_0637, at=1.9753915000000001E+2;

  Q_DQ933_MID: CSV_POINT, at=1.9769059999999999E+2;

  E_0638: MAP_0638, at=1.9784205000000000E+2;

  Q_DQ933_END: CSV_POINT, at=1.9799350000000001E+2;

  E_0639: MAP_0639, at=1.9799350000000001E+2;

  O_DVT933_BEG: CSV_POINT, at=1.9799350000000001E+2;

  E_0640: MAP_0640, at=1.9809022500000000E+2;

  O_DVT933_MID: CSV_POINT, at=1.9818695000000000E+2;

  E_0641: MAP_0641, at=1.9828367500000002E+2;

  O_DVT933_END: CSV_POINT, at=1.9838040000000001E+2;

  E_0642: MAP_0642, at=1.9838040000000001E+2;

  C_DVT933_BEG: CSV_POINT, at=1.9838040000000001E+2;

  E_0643: MAP_0643, at=1.9842167499999999E+2;

  C_DVT933_MID: CSV_POINT, at=1.9846295000000001E+2;

  E_0644: MAP_0644, at=1.9850422500000002E+2;

  C_DVT933_END: CSV_POINT, at=1.9854550000000000E+2;

  E_0645: MAP_0645, at=1.9854550000000000E+2;

  O_DIC933_BEG: CSV_POINT, at=1.9854550000000000E+2;

  E_0646: MAP_0646, at=1.9874182500000001E+2;

  O_DIC933_MID: CSV_POINT, at=1.9893815000000001E+2;

  E_0647: MAP_0647, at=1.9913447500000001E+2;

  O_DIC933_END: CSV_POINT, at=1.9933080000000001E+2;

  E_0648: MAP_0648, at=1.9933080000000001E+2;

  W_DIC933_BEG: CSV_POINT, at=1.9933080000000001E+2;

  E_0649: MAP_0649, at=1.9938159999999999E+2;

  W_DIC933_MID: CSV_POINT, at=1.9943240000000000E+2;

  E_0650: MAP_0650, at=1.9948320000000001E+2;

  W_DIC933_END: CSV_POINT, at=1.9953399999999999E+2;

  E_0651: MAP_0651, at=1.9953399999999999E+2;

  O_DHDA01_BEG: CSV_POINT, at=1.9953399999999999E+2;

  E_0652: MAP_0652, at=1.9983150000000001E+2;

  O_DHDA01_MID: CSV_POINT, at=2.0012899999999999E+2;

  E_0653: MAP_0653, at=2.0042649999999998E+2;

  O_DHDA01_END: CSV_POINT, at=2.0072399999999999E+2;

  E_0654: MAP_0654, at=2.0072399999999999E+2;

  D_DHDA01_BEG: CSV_POINT, at=2.0072399999999999E+2;

  E_0655: MAP_0655, at=2.0110499999999999E+2;

  D_DHDA01_MID: CSV_POINT, at=2.0148599999999999E+2;

  E_0656: MAP_0656, at=2.0186699999999999E+2;

  D_DHDA01_END: CSV_POINT, at=2.0224799999999999E+2;

  E_0657: MAP_0657, at=2.0224799999999999E+2;

  O_DQDA01_BEG: CSV_POINT, at=2.0224799999999999E+2;

  E_0658: MAP_0658, at=2.0430425000000000E+2;

  O_DQDA01_MID: CSV_POINT, at=2.0636050000000000E+2;

  E_0659: MAP_0659, at=2.0841675000000001E+2;

  O_DQDA01_END: CSV_POINT, at=2.1047300000000001E+2;

  E_0660: MAP_0660, at=2.1047300000000001E+2;

  Q_DQDA01_BEG: CSV_POINT, at=2.1047300000000001E+2;

  E_0661: MAP_0661, at=2.1123500000000001E+2;

  Q_DQDA01_MID: CSV_POINT, at=2.1199700000000001E+2;

  E_0662: MAP_0662, at=2.1275900000000001E+2;

  Q_DQDA01_END: CSV_POINT, at=2.1352099999999999E+2;

  E_0663: MAP_0663, at=2.1352099999999999E+2;

  O_DQDA02_BEG: CSV_POINT, at=2.1352099999999999E+2;

  E_0664: MAP_0664, at=2.1414434999999997E+2;

  O_DQDA02_MID: CSV_POINT, at=2.1476769999999999E+2;

  E_0665: MAP_0665, at=2.1539105000000001E+2;

  O_DQDA02_END: CSV_POINT, at=2.1601439999999999E+2;

  E_0666: MAP_0666, at=2.1601439999999999E+2;

  Q_DQDA02_BEG: CSV_POINT, at=2.1601439999999999E+2;

  E_0667: MAP_0667, at=2.1677640000000000E+2;

  Q_DQDA02_MID: CSV_POINT, at=2.1753840000000000E+2;

  E_0668: MAP_0668, at=2.1830040000000000E+2;

  Q_DQDA02_END: CSV_POINT, at=2.1906240000000000E+2;

  E_0669: MAP_0669, at=2.1906240000000000E+2;

  O_DMWDA1_BEG: CSV_POINT, at=2.1906240000000000E+2;

  E_0670: MAP_0670, at=2.1922289999999998E+2;

  O_DMWDA1_MID: CSV_POINT, at=2.1938339999999999E+2;

  E_0671: MAP_0671, at=2.1954390000000001E+2;

  O_DMWDA1_END: CSV_POINT, at=2.1970439999999999E+2;

  E_0672: MAP_0672, at=2.1970439999999999E+2;

  P_DMWDA1_BEG: CSV_POINT, at=2.1970439999999999E+2;

  E_0673: MAP_0673, at=2.1980599999999998E+2;

  P_DMWDA1_MID: CSV_POINT, at=2.1990760000000000E+2;

  E_0674: MAP_0674, at=2.2000920000000002E+2;

  P_DMWDA1_END: CSV_POINT, at=2.2011080000000001E+2;

  E_0675: MAP_0675, at=2.2011080000000001E+2;

  O_DPWCDA1_BEG: CSV_POINT, at=2.2011080000000001E+2;

  E_0676: MAP_0676, at=2.2036080000000001E+2;

  O_DPWCDA1_MID: CSV_POINT, at=2.2061080000000001E+2;

  E_0677: MAP_0677, at=2.2086080000000001E+2;

  O_DPWCDA1_END: CSV_POINT, at=2.2111080000000001E+2;

  E_0678: MAP_0678, at=2.2111080000000001E+2;

  P_DPWCDA1_BEG: CSV_POINT, at=2.2111080000000001E+2;

  E_0679: MAP_0679, at=2.2116160000000002E+2;

  P_DPWCDA1_MID: CSV_POINT, at=2.2121240000000000E+2;

  E_0680: MAP_0680, at=2.2126319999999998E+2;

  P_DPWCDA1_END: CSV_POINT, at=2.2131399999999999E+2;

  E_0681: MAP_0681, at=2.2131399999999999E+2;

  O_M4DABS_BEG: CSV_POINT, at=2.2131399999999999E+2;

  E_0682: MAP_0682, at=2.2178457499999999E+2;

  O_M4DABS_MID: CSV_POINT, at=2.2225514999999999E+2;

  E_0683: MAP_0683, at=2.2272572500000001E+2;

  O_M4DABS_END: CSV_POINT, at=2.2319630000000001E+2;

  E_0684: MAP_0684, at=2.2319630000000001E+2;

  W_M4DABS_BEG: CSV_POINT, at=2.2319630000000001E+2;

  E_0685: MAP_0685, at=2.2357730000000001E+2;

  W_M4DABS_MID: CSV_POINT, at=2.2395830000000001E+2;

  E_0686: MAP_0686, at=2.2433930000000001E+2;

  W_M4DABS_END: CSV_POINT, at=2.2472030000000001E+2;

  E_0687: MAP_0687, at=2.2472030000000001E+2;

  O_LAST_BEG: CSV_POINT, at=2.2472030000000001E+2;

  E_0688: MAP_0688, at=2.2472055000000000E+2;

  O_LAST_MID: CSV_POINT, at=2.2472080000000000E+2;

  E_0689: MAP_0689, at=2.2472104999999999E+2;

  O_LAST_END: CSV_POINT, at=2.2472130000000001E+2;

  E_0690: MAP_0690, at=2.2472130000000001E+2;

  W_LAST_BEG: CSV_POINT, at=2.2472130000000001E+2;

  E_0691: MAP_0691, at=2.2472130000000001E+2;

  W_LAST_MID: CSV_POINT, at=2.2472130000000001E+2;

  E_0692: MAP_0692, at=2.2472130000000001E+2;

  W_LAST_END: CSV_POINT, at=2.2472130000000001E+2;

endsequence;





csv_start: beta0,

  betx=1.1885908000000001E+1, alfx=-1.6017999999999999E+0,

  bety=5.9413000000000000E+0, alfy=8.6219999999999997E-1,

  dx=9.0399999999999994E-2, dpx=5.4999999999999997E-3,

  dy=0.0000000000000000E+0, dpy=0.0000000000000000E+0;



use, sequence=MACE_DABS;

set, format="20.12g";

select, flag=twiss, clear;

select, flag=twiss,

  column=name,s,betx,alfx,bety,alfy,dx,dpx,dy,dpy,mux,muy,keyword,l;

twiss, beta0=csv_start, sequence=MACE_DABS,

  file="twiss_mace_transport_reconstructed.tfs";

enter Twiss module
 Found 6 initial orbit vector values from twiss command. 
  
open line - error with deltap:   0.000000E+00
initial orbit vector:   0.000000E+00  0.000000E+00  0.000000E+00  0.000000E+00  0.000000E+00  0.000000E+00
final orbit vector:     0.000000E+00  0.000000E+00  0.000000E+00  0.000000E+00  0.000000E+00  0.000000E+00

++++++ table: summ

              length               orbit5                 alfa              gammatr 
            224.7213                   -0                    0                    0 

                  q1                  dq1              betxmax                dxmax 
            3.596458                    0           250.604123             2.285841 

               dxrms               xcomax               xcorms                   q2 
      0.635644902506                    0                    0             3.019995 

                 dq2              betymax                dymax                dyrms 
                   0            80.001788             0.624825       0.147038281489 

              ycomax               ycorms               deltap              synch_1 
                   0                    0                    0                    0 

             synch_2              synch_3              synch_4              synch_5 
                   0                    0                    0                    0 

             synch_6              synch_8               nflips                dqmin 
                   0                    0                    0                    0 

         dqmin_phase 
                   0 
stop;


  Number of warnings: 0

  ++++++++++++++++++++++++++++++++++++++++++++
  +          MAD-X finished normally         +
  ++++++++++++++++++++++++++++++++++++++++++++
