#BLTrackFile ... user comment...
#x y z Px Py Pz t PDGid EventID TrackID ParentID Weight Bx By Bz Ex Ey Ez ProperTime PathLength PolX PolY PolZ InitX InitY InitZ InitT InitKE
1.739301 1.019542 0.000000 -1.124130 -0.500944 8909.140832 0.000000 2212 1 1 0 1 
-2.041026 -1.649558 0.000000 4.193410 -3.638303 8928.474539 0.000000 2212 2 1 0 1 
2.807503 -1.121389 0.000000 -2.639148 -0.795806 8890.190026 0.000000 2212 3 1 0 1 
1.545386 1.765593 0.000000 -1.849796 -3.726272 8887.629117 0.000000 2212 4 1 0 1 
3.287943 0.302992 0.000000 -4.798415 0.566199 8855.228263 0.000000 2212 5 1 0 1 
-0.313566 -0.502524 0.000000 1.138212 0.424731 8895.794660 0.000000 2212 6 1 0 1 
0.607199 0.131891 0.000000 -1.529517 5.111586 8872.571539 0.000000 2212 7 1 0 1 
2.009666 -0.023701 0.000000 -5.378264 -2.299753 8871.429468 0.000000 2212 8 1 0 1 
0.649709 0.484417 0.000000 -1.050260 3.408612 8884.278503 0.000000 2212 9 1 0 1 
1.005422 -0.960666 0.000000 -1.963608 -1.471383 8897.436592 0.000000 2212 10 1 0 1 
-2.921876 1.056216 0.000000 3.350949 3.027680 8911.668562 0.000000 2212 11 1 0 1 
-1.740805 -0.023323 0.000000 0.579448 4.472330 8903.758960 0.000000 2212 12 1 0 1 
-3.065724 1.155428 0.000000 3.915853 2.811451 8877.821752 0.000000 2212 13 1 0 1 
1.945791 -0.369744 0.000000 -1.150024 0.220798 8919.092519 0.000000 2212 14 1 0 1 
-0.738615 -0.601983 0.000000 1.025154 0.709096 8871.492967 0.000000 2212 15 1 0 1 
1.004518 -3.143191 0.000000 -2.272625 -7.273496 8921.024287 0.000000 2212 16 1 0 1 
-1.306114 -0.521872 0.000000 3.054556 0.242572 8905.971424 0.000000 2212 17 1 0 1 
-1.901653 0.341181 0.000000 1.422435 -0.808112 8904.923059 0.000000 2212 18 1 0 1 
-2.920959 -0.947164 0.000000 6.913148 -2.956497 8914.456450 0.000000 2212 19 1 0 1 
-0.376440 -1.124509 0.000000 2.091565 -2.250490 8922.924715 0.000000 2212 20 1 0 1 
2.993480 1.706239 0.000000 -4.083352 1.921624 8856.660078 0.000000 2212 21 1 0 1 
-2.694617 -2.064701 0.000000 1.671252 -0.189572 8890.066797 0.000000 2212 22 1 0 1 
-0.860188 -1.794373 0.000000 3.444454 -3.998180 8940.167906 0.000000 2212 23 1 0 1 
2.116308 1.434314 0.000000 -3.607148 1.764464 8871.249133 0.000000 2212 24 1 0 1 
-2.752818 -0.723973 0.000000 5.317383 -5.375004 8932.627011 0.000000 2212 25 1 0 1 
-2.820975 -0.950602 0.000000 4.543158 -0.672361 8909.555579 0.000000 2212 26 1 0 1 
0.508850 -1.166305 0.000000 -1.718726 -1.580690 8882.874680 0.000000 2212 27 1 0 1 
0.842904 -0.016954 0.000000 -0.925270 0.116500 8908.904080 0.000000 2212 28 1 0 1 
-3.668585 -0.713044 0.000000 5.997620 1.463013 8883.144995 0.000000 2212 29 1 0 1 
1.387680 -0.973458 0.000000 -2.153084 -1.102631 8897.607160 0.000000 2212 30 1 0 1 
1.215313 0.796690 0.000000 0.042255 1.651570 8931.818000 0.000000 2212 31 1 0 1 
-2.619195 -0.128327 0.000000 4.408369 0.405793 8862.624784 0.000000 2212 32 1 0 1 
0.865619 0.190729 0.000000 -1.731815 0.357378 8883.706263 0.000000 2212 33 1 0 1 
0.033141 1.663991 0.000000 -2.291670 3.029960 8885.404153 0.000000 2212 34 1 0 1 
-0.077862 -0.107544 0.000000 1.300080 -1.856644 8900.384453 0.000000 2212 35 1 0 1 
2.901477 0.765108 0.000000 -4.077799 1.483277 8873.159748 0.000000 2212 36 1 0 1 
1.600329 -0.337268 0.000000 -3.843653 0.864546 8861.893990 0.000000 2212 37 1 0 1 
-0.552783 2.892983 0.000000 2.329533 -2.174744 8938.195631 0.000000 2212 38 1 0 1 
-1.456106 0.390907 0.000000 2.079233 -0.230382 8860.767080 0.000000 2212 39 1 0 1 
0.975596 2.151436 0.000000 -1.591192 6.321367 8829.822722 0.000000 2212 40 1 0 1 
2.658479 -0.159194 0.000000 -4.322670 1.288239 8856.580352 0.000000 2212 41 1 0 1 
-0.988233 -0.006774 0.000000 1.370062 -4.218915 8914.638491 0.000000 2212 42 1 0 1 
-0.164067 -1.984846 0.000000 -0.590328 -5.919230 8920.954482 0.000000 2212 43 1 0 1 
-0.614679 0.427170 0.000000 0.329420 -0.214452 8893.858787 0.000000 2212 44 1 0 1 
-0.832151 -0.164917 0.000000 0.023197 3.896722 8838.750180 0.000000 2212 45 1 0 1 
0.338090 -1.062266 0.000000 -0.774046 -5.186402 8921.804982 0.000000 2212 46 1 0 1 
1.169491 -0.665694 0.000000 -0.539214 -3.057043 8913.096061 0.000000 2212 47 1 0 1 
-1.255777 -0.262897 0.000000 -0.335256 1.667895 8871.085857 0.000000 2212 48 1 0 1 
1.083781 0.971923 0.000000 0.067345 1.306530 8900.370173 0.000000 2212 49 1 0 1 
0.324102 -0.097828 0.000000 -0.971004 -2.790895 8898.453860 0.000000 2212 50 1 0 1 
-1.872478 -1.162757 0.000000 0.374027 2.629535 8913.210067 0.000000 2212 51 1 0 1 
-2.906123 0.379528 0.000000 1.590191 1.935848 8831.451215 0.000000 2212 52 1 0 1 
-0.882781 2.084155 0.000000 2.064644 3.279731 8895.502620 0.000000 2212 53 1 0 1 
-4.442373 0.325192 0.000000 6.040254 1.170522 8891.860505 0.000000 2212 54 1 0 1 
1.513441 -0.762639 0.000000 -0.571673 -5.178193 8920.744699 0.000000 2212 55 1 0 1 
2.226283 -1.841943 0.000000 -2.391764 -0.169569 8865.517899 0.000000 2212 56 1 0 1 
-1.390723 0.370185 0.000000 1.601799 -1.757567 8914.272775 0.000000 2212 57 1 0 1 
0.026905 1.299497 0.000000 -0.042168 2.332276 8840.393450 0.000000 2212 58 1 0 1 
0.228372 -0.814081 0.000000 0.833812 0.603873 8890.402970 0.000000 2212 59 1 0 1 
-1.398471 1.174400 0.000000 3.723506 1.049952 8906.783880 0.000000 2212 60 1 0 1 
1.741073 1.596252 0.000000 -3.394065 2.285792 8894.517635 0.000000 2212 61 1 0 1 
-0.486114 1.522033 0.000000 -0.028698 1.258606 8883.357716 0.000000 2212 62 1 0 1 
-0.397147 -1.240072 0.000000 0.995291 -0.590357 8847.216099 0.000000 2212 63 1 0 1 
-0.010229 -0.175301 0.000000 -0.418067 -0.816248 8902.518849 0.000000 2212 64 1 0 1 
1.484604 -0.483075 0.000000 -4.280724 1.880424 8857.919992 0.000000 2212 65 1 0 1 
0.023365 1.014632 0.000000 1.384786 0.743763 8901.497477 0.000000 2212 66 1 0 1 
-1.381671 -0.869702 0.000000 1.606777 -0.733568 8878.051091 0.000000 2212 67 1 0 1 
1.343217 1.011440 0.000000 -0.753363 -1.126457 8926.009051 0.000000 2212 68 1 0 1 
-0.654645 2.768791 0.000000 0.698568 6.022643 8824.032664 0.000000 2212 69 1 0 1 
-0.530615 0.027030 0.000000 -0.465247 0.942418 8868.686872 0.000000 2212 70 1 0 1 
1.800251 1.195808 0.000000 -2.967970 2.947617 8896.482130 0.000000 2212 71 1 0 1 
-1.314694 1.140252 0.000000 0.946766 5.882751 8845.415930 0.000000 2212 72 1 0 1 
-0.314229 1.211298 0.000000 2.418384 -1.830970 8953.163002 0.000000 2212 73 1 0 1 
0.994686 -0.261608 0.000000 -2.132777 -3.628597 8895.303168 0.000000 2212 74 1 0 1 
0.309252 0.369526 0.000000 0.443986 -4.803179 8896.647662 0.000000 2212 75 1 0 1 
0.737037 -0.820215 0.000000 -1.380224 -1.836100 8887.769635 0.000000 2212 76 1 0 1 
-0.362263 -0.285378 0.000000 1.907318 0.754465 8857.785586 0.000000 2212 77 1 0 1 
-2.643604 -0.482189 0.000000 2.888429 0.403929 8913.582851 0.000000 2212 78 1 0 1 
1.485323 -0.814700 0.000000 -3.154628 0.837954 8883.398730 0.000000 2212 79 1 0 1 
-1.490927 -2.419540 0.000000 4.280486 -2.721853 8896.328051 0.000000 2212 80 1 0 1 
-3.633165 -0.766444 0.000000 5.549058 -0.073488 8897.264249 0.000000 2212 81 1 0 1 
-0.315286 -0.525437 0.000000 2.019734 -0.986082 8900.768836 0.000000 2212 82 1 0 1 
-1.434106 0.787249 0.000000 2.857469 -1.115705 8866.924162 0.000000 2212 83 1 0 1 
2.945202 0.098918 0.000000 -4.489904 -0.943777 8904.340079 0.000000 2212 84 1 0 1 
-1.013466 -1.001321 0.000000 -0.433577 -0.630653 8882.282791 0.000000 2212 85 1 0 1 
1.678692 2.264550 0.000000 -2.597624 1.614672 8876.468669 0.000000 2212 86 1 0 1 
0.484095 0.668435 0.000000 -1.567648 5.190738 8847.573147 0.000000 2212 87 1 0 1 
-1.903165 0.700101 0.000000 4.769355 0.864584 8893.419852 0.000000 2212 88 1 0 1 
-2.574142 -1.535861 0.000000 3.517983 -0.040157 8884.338088 0.000000 2212 89 1 0 1 
2.023649 -0.938624 0.000000 -2.527370 -0.626493 8843.646451 0.000000 2212 90 1 0 1 
-0.597928 0.094514 0.000000 2.394892 1.745017 8847.072310 0.000000 2212 91 1 0 1 
-4.880561 -0.256671 0.000000 4.946094 5.539210 8797.889394 0.000000 2212 92 1 0 1 
-1.757869 0.657275 0.000000 2.803031 0.160148 8856.441397 0.000000 2212 93 1 0 1 
0.194910 0.767591 0.000000 -1.594030 -1.061670 8869.945564 0.000000 2212 94 1 0 1 
0.183971 0.458475 0.000000 -0.013003 3.371102 8858.902321 0.000000 2212 95 1 0 1 
1.317499 -1.473783 0.000000 -1.396560 -5.749174 8941.528994 0.000000 2212 96 1 0 1 
3.719690 -1.741593 0.000000 -5.524523 -3.846228 8916.835492 0.000000 2212 97 1 0 1 
-1.517877 -0.758800 0.000000 1.033139 1.012019 8901.430116 0.000000 2212 98 1 0 1 
-2.375726 1.081919 0.000000 3.154906 3.250592 8889.346837 0.000000 2212 99 1 0 1 
2.578909 -0.509268 0.000000 -4.570740 -0.964550 8894.049649 0.000000 2212 100 1 0 1 
-1.428642 2.218808 0.000000 1.419324 5.269035 8851.611270 0.000000 2212 101 1 0 1 
0.936268 -1.051481 0.000000 -1.374505 -0.934426 8927.402738 0.000000 2212 102 1 0 1 
-1.940731 0.394481 0.000000 0.071767 5.302450 8820.449997 0.000000 2212 103 1 0 1 
-1.247753 1.488674 0.000000 2.024262 0.382846 8860.680656 0.000000 2212 104 1 0 1 
-4.019506 0.166433 0.000000 6.115615 4.686081 8855.347668 0.000000 2212 105 1 0 1 
0.786906 -0.081511 0.000000 -3.189269 0.490522 8856.406077 0.000000 2212 106 1 0 1 
-1.410414 3.240057 0.000000 4.425442 6.152980 8874.149618 0.000000 2212 107 1 0 1 
-1.296547 -0.402211 0.000000 3.934013 0.646474 8903.905592 0.000000 2212 108 1 0 1 
-1.530265 -0.202453 0.000000 2.815611 -1.299003 8896.331213 0.000000 2212 109 1 0 1 
-0.983099 -1.517376 0.000000 -0.117001 -3.501456 8894.670296 0.000000 2212 110 1 0 1 
-3.988981 1.014155 0.000000 9.825325 0.099387 8914.565241 0.000000 2212 111 1 0 1 
-1.394015 -0.190506 0.000000 1.789947 -2.477102 8928.939464 0.000000 2212 112 1 0 1 
0.496326 0.356831 0.000000 -0.412869 -2.355707 8933.524992 0.000000 2212 113 1 0 1 
1.463584 -0.228956 0.000000 -2.084397 -3.039911 8930.723105 0.000000 2212 114 1 0 1 
-0.792144 -0.456084 0.000000 2.227827 -3.275082 8929.902753 0.000000 2212 115 1 0 1 
0.754181 1.226242 0.000000 0.236320 4.162456 8875.108247 0.000000 2212 116 1 0 1 
4.960332 -0.341491 0.000000 -7.207793 0.466814 8886.533049 0.000000 2212 117 1 0 1 
0.521102 -0.033430 0.000000 -1.415794 1.821610 8896.379021 0.000000 2212 118 1 0 1 
-0.749962 0.174659 0.000000 -1.423330 4.016720 8820.809918 0.000000 2212 119 1 0 1 
-5.168228 -0.553123 0.000000 8.711688 -1.623781 8884.817990 0.000000 2212 120 1 0 1 
2.415753 0.838472 0.000000 -2.213915 -1.400406 8917.575808 0.000000 2212 121 1 0 1 
0.464601 -1.595690 0.000000 -0.570051 -2.304919 8883.559334 0.000000 2212 122 1 0 1 
-0.942614 -1.627472 0.000000 0.865831 -2.347443 8918.573638 0.000000 2212 123 1 0 1 
-1.516436 0.089166 0.000000 3.227463 -1.614972 8912.592180 0.000000 2212 124 1 0 1 
2.681700 -0.030737 0.000000 -4.505262 -0.747205 8898.276935 0.000000 2212 125 1 0 1 
0.418017 0.870530 0.000000 -1.054780 0.926848 8854.978997 0.000000 2212 126 1 0 1 
-0.065764 1.891362 0.000000 0.829918 -1.484196 8917.826033 0.000000 2212 127 1 0 1 
-1.321700 0.716841 0.000000 -0.013503 1.683127 8887.237636 0.000000 2212 128 1 0 1 
-2.110045 -2.860574 0.000000 2.416050 -9.262474 8933.162876 0.000000 2212 129 1 0 1 
0.334165 -1.159052 0.000000 1.524447 -3.514715 8926.189280 0.000000 2212 130 1 0 1 
1.081479 1.035168 0.000000 0.772966 2.549328 8876.501965 0.000000 2212 131 1 0 1 
2.732796 -1.348791 0.000000 -2.960547 -0.386116 8879.571387 0.000000 2212 132 1 0 1 
0.961312 0.810425 0.000000 -2.395712 1.335182 8906.569223 0.000000 2212 133 1 0 1 
-0.245325 -2.148986 0.000000 0.176382 -2.448398 8892.648102 0.000000 2212 134 1 0 1 
1.681846 -0.631862 0.000000 -3.659444 -1.699805 8875.179262 0.000000 2212 135 1 0 1 
-2.018704 -0.782485 0.000000 1.791370 -2.624394 8870.642133 0.000000 2212 136 1 0 1 
0.845610 -0.508138 0.000000 -0.135776 -2.272665 8930.651453 0.000000 2212 137 1 0 1 
1.505581 -1.347921 0.000000 -3.205528 0.143083 8882.684679 0.000000 2212 138 1 0 1 
-3.751946 1.449270 0.000000 6.556327 -5.650590 8910.221986 0.000000 2212 139 1 0 1 
-0.772040 -2.172544 0.000000 2.204191 -3.988437 8917.704332 0.000000 2212 140 1 0 1 
-1.576849 0.929087 0.000000 0.838873 3.040862 8851.034165 0.000000 2212 141 1 0 1 
-0.967373 0.429240 0.000000 3.884824 -2.769224 8925.688236 0.000000 2212 142 1 0 1 
-1.385138 -0.402203 0.000000 1.521784 -0.454172 8885.505617 0.000000 2212 143 1 0 1 
-1.762829 1.398333 0.000000 1.122407 3.946352 8858.715163 0.000000 2212 144 1 0 1 
-3.155660 -0.640331 0.000000 5.997688 1.114712 8887.716136 0.000000 2212 145 1 0 1 
1.020558 -0.236705 0.000000 -0.959286 -2.444181 8921.745525 0.000000 2212 146 1 0 1 
-2.593768 0.118363 0.000000 5.595516 2.279603 8843.660882 0.000000 2212 147 1 0 1 
0.503003 -1.121860 0.000000 1.180558 -1.422232 8874.097383 0.000000 2212 148 1 0 1 
-0.817819 0.435291 0.000000 1.042635 2.873711 8883.637586 0.000000 2212 149 1 0 1 
0.058292 -1.815409 0.000000 0.264802 -1.262426 8890.856761 0.000000 2212 150 1 0 1 
-1.343784 0.697311 0.000000 -1.059879 3.105130 8915.789175 0.000000 2212 151 1 0 1 
-0.771828 0.480925 0.000000 1.271100 -1.219954 8924.185029 0.000000 2212 152 1 0 1 
-0.036558 1.681869 0.000000 0.483777 1.697395 8870.763608 0.000000 2212 153 1 0 1 
-1.515636 2.050850 0.000000 0.227501 2.834788 8864.185111 0.000000 2212 154 1 0 1 
-3.449706 0.820512 0.000000 3.594766 0.951731 8883.347708 0.000000 2212 155 1 0 1 
4.642644 1.699834 0.000000 -7.943297 2.997099 8868.329836 0.000000 2212 156 1 0 1 
-0.786042 -1.060291 0.000000 0.883993 -2.953195 8926.597828 0.000000 2212 157 1 0 1 
-2.104676 0.055073 0.000000 2.508434 0.152476 8878.434144 0.000000 2212 158 1 0 1 
1.269786 -0.957790 0.000000 -1.038895 -2.354326 8905.362831 0.000000 2212 159 1 0 1 
3.857051 -1.288478 0.000000 -6.656155 -6.093036 8937.539827 0.000000 2212 160 1 0 1 
0.960803 0.296584 0.000000 0.591658 1.242814 8847.852557 0.000000 2212 161 1 0 1 
2.230929 0.626303 0.000000 -3.441606 1.411243 8890.709919 0.000000 2212 162 1 0 1 
-2.838232 2.588113 0.000000 5.193601 1.630436 8898.278563 0.000000 2212 163 1 0 1 
4.050737 -0.358985 0.000000 -5.630244 0.077300 8880.875860 0.000000 2212 164 1 0 1 
0.416086 0.133390 0.000000 0.210862 2.372027 8859.876564 0.000000 2212 165 1 0 1 
2.650738 0.964287 0.000000 -2.669688 4.809804 8870.588801 0.000000 2212 166 1 0 1 
0.048460 0.554222 0.000000 -1.412232 2.617283 8867.182331 0.000000 2212 167 1 0 1 
-3.099928 0.104357 0.000000 5.880667 1.345558 8942.830525 0.000000 2212 168 1 0 1 
2.141023 -0.471163 0.000000 -5.077600 -0.290556 8855.216264 0.000000 2212 169 1 0 1 
-2.828733 0.087430 0.000000 5.975501 0.582628 8861.731024 0.000000 2212 170 1 0 1 
1.665761 1.090512 0.000000 -0.866852 -2.827235 8929.007704 0.000000 2212 171 1 0 1 
-1.062005 -1.895987 0.000000 2.020083 -5.344035 8919.712359 0.000000 2212 172 1 0 1 
-2.914226 -1.414704 0.000000 3.547405 0.025366 8899.671513 0.000000 2212 173 1 0 1 
-1.147743 0.849839 0.000000 0.539808 0.391265 8910.072373 0.000000 2212 174 1 0 1 
1.606829 0.249536 0.000000 -2.170276 -0.374065 8901.611172 0.000000 2212 175 1 0 1 
-0.604347 -0.195024 0.000000 -0.343125 0.851293 8888.165115 0.000000 2212 176 1 0 1 
0.461452 2.022188 0.000000 -0.686200 4.663894 8881.678095 0.000000 2212 177 1 0 1 
3.390433 -0.949006 0.000000 -3.897473 -2.979904 8908.873444 0.000000 2212 178 1 0 1 
-2.031711 0.684452 0.000000 7.408162 1.623419 8895.129248 0.000000 2212 179 1 0 1 
-0.903844 2.509619 0.000000 2.043690 3.282040 8875.540906 0.000000 2212 180 1 0 1 
-0.790380 1.146401 0.000000 -2.088635 0.054280 8873.281796 0.000000 2212 181 1 0 1 
0.022340 1.161104 0.000000 -2.044842 0.986815 8833.276959 0.000000 2212 182 1 0 1 
1.715619 0.283336 0.000000 -2.349522 0.980114 8920.785051 0.000000 2212 183 1 0 1 
-1.101628 -0.656097 0.000000 3.645421 -3.578322 8909.682308 0.000000 2212 184 1 0 1 
-0.355894 1.694426 0.000000 0.795893 5.367600 8863.637007 0.000000 2212 185 1 0 1 
-0.957543 0.103211 0.000000 1.419006 0.482220 8868.592228 0.000000 2212 186 1 0 1 
-0.731789 0.824658 0.000000 -0.010442 2.329626 8887.279348 0.000000 2212 187 1 0 1 
-0.877098 0.279331 0.000000 2.919435 -3.064101 8905.868700 0.000000 2212 188 1 0 1 
2.841348 -1.141038 0.000000 -1.509823 -1.783758 8944.448860 0.000000 2212 189 1 0 1 
-1.963514 -1.345563 0.000000 2.002752 -3.266571 8928.296150 0.000000 2212 190 1 0 1 
2.084577 2.419778 0.000000 -3.561266 9.451921 8782.066793 0.000000 2212 191 1 0 1 
1.295550 1.144369 0.000000 -4.614142 -1.316102 8895.550633 0.000000 2212 192 1 0 1 
1.220975 -1.028083 0.000000 -0.266058 0.915744 8900.716424 0.000000 2212 193 1 0 1 
-1.328974 1.171335 0.000000 4.369886 4.855570 8835.874819 0.000000 2212 194 1 0 1 
-2.087200 2.069666 0.000000 3.829871 -0.466754 8924.543993 0.000000 2212 195 1 0 1 
1.318032 -1.192023 0.000000 -0.307868 1.814576 8852.018697 0.000000 2212 196 1 0 1 
-1.526580 0.027404 0.000000 1.384722 0.795731 8849.288275 0.000000 2212 197 1 0 1 
-0.152878 0.629033 0.000000 -0.065134 1.898311 8885.381965 0.000000 2212 198 1 0 1 
-0.592912 2.099396 0.000000 -0.132972 3.685021 8880.521176 0.000000 2212 199 1 0 1 
-3.870759 -1.769087 0.000000 6.093264 -6.415719 8915.879414 0.000000 2212 200 1 0 1 
1.156203 1.139304 0.000000 -0.926137 3.513477 8849.197779 0.000000 2212 201 1 0 1 
-3.383022 1.107086 0.000000 5.370265 3.687624 8891.898078 0.000000 2212 202 1 0 1 
2.190540 -0.659998 0.000000 -3.383041 0.614285 8843.930940 0.000000 2212 203 1 0 1 
2.111090 -1.484087 0.000000 -3.908962 -0.571959 8909.277210 0.000000 2212 204 1 0 1 
0.896849 0.324038 0.000000 -1.100945 -3.950789 8932.494680 0.000000 2212 205 1 0 1 
-3.182052 -1.060861 0.000000 5.357912 -6.303590 8922.659995 0.000000 2212 206 1 0 1 
1.189788 -0.419209 0.000000 -2.273572 1.689975 8845.663703 0.000000 2212 207 1 0 1 
-1.630198 -0.536714 0.000000 -0.086584 -1.467461 8896.713640 0.000000 2212 208 1 0 1 
1.466595 1.436277 0.000000 -0.890281 2.032531 8846.384265 0.000000 2212 209 1 0 1 
-3.523736 0.572712 0.000000 3.809352 5.157335 8865.873019 0.000000 2212 210 1 0 1 
0.873299 -1.756584 0.000000 0.684264 -3.698614 8916.082271 0.000000 2212 211 1 0 1 
0.478245 1.660850 0.000000 -2.470667 -0.882669 8890.230777 0.000000 2212 212 1 0 1 
0.002857 -1.952429 0.000000 2.049611 -3.327392 8923.230542 0.000000 2212 213 1 0 1 
-0.963558 0.416752 0.000000 1.691474 -3.219729 8882.541797 0.000000 2212 214 1 0 1 
-0.394554 0.227919 0.000000 2.280550 0.398802 8884.984739 0.000000 2212 215 1 0 1 
1.863867 -1.159733 0.000000 -1.072472 -0.018879 8872.279221 0.000000 2212 216 1 0 1 
1.935215 -0.027436 0.000000 -1.437062 -0.254487 8906.310192 0.000000 2212 217 1 0 1 
2.357653 -1.112219 0.000000 -2.597952 -2.571938 8950.111453 0.000000 2212 218 1 0 1 
0.523696 -1.450435 0.000000 -0.874192 -3.771223 8902.686696 0.000000 2212 219 1 0 1 
-1.182720 0.579855 0.000000 1.020749 0.614596 8865.388879 0.000000 2212 220 1 0 1 
2.082168 0.485614 0.000000 -1.116431 0.014588 8912.584266 0.000000 2212 221 1 0 1 
-1.306080 1.866638 0.000000 2.277371 4.692467 8867.416504 0.000000 2212 222 1 0 1 
-1.550004 -0.623757 0.000000 0.804380 -3.236816 8899.005763 0.000000 2212 223 1 0 1 
1.258888 0.067104 0.000000 -2.234555 5.246915 8840.276851 0.000000 2212 224 1 0 1 
0.801196 -0.708959 0.000000 -1.918608 -1.531628 8851.331525 0.000000 2212 225 1 0 1 
-1.918721 4.225690 0.000000 1.765274 6.732919 8868.850015 0.000000 2212 226 1 0 1 
-1.303595 0.953764 0.000000 1.377925 -0.661144 8918.948702 0.000000 2212 227 1 0 1 
-3.301632 -0.309438 0.000000 5.368677 7.377431 8847.151207 0.000000 2212 228 1 0 1 
-0.058726 -0.093518 0.000000 -1.420168 -0.848307 8882.626042 0.000000 2212 229 1 0 1 
0.254590 2.126637 0.000000 0.340994 4.691211 8864.111492 0.000000 2212 230 1 0 1 
-1.264020 -0.357927 0.000000 1.065835 1.571394 8854.239897 0.000000 2212 231 1 0 1 
0.574656 -1.678327 0.000000 -1.216471 0.821257 8877.098097 0.000000 2212 232 1 0 1 
-1.426631 0.228650 0.000000 0.684750 -0.281772 8891.789208 0.000000 2212 233 1 0 1 
-1.288956 -0.225899 0.000000 1.216484 -2.012459 8951.096640 0.000000 2212 234 1 0 1 
1.194916 0.799476 0.000000 -4.878601 3.780149 8855.668269 0.000000 2212 235 1 0 1 
-0.016998 0.665007 0.000000 -2.140955 2.896015 8881.274265 0.000000 2212 236 1 0 1 
1.489957 0.271864 0.000000 -2.505296 3.346720 8857.960871 0.000000 2212 237 1 0 1 
2.368436 -2.458752 0.000000 -1.649176 -4.493885 8915.111052 0.000000 2212 238 1 0 1 
-1.104893 -0.963003 0.000000 2.806720 -1.264370 8894.724919 0.000000 2212 239 1 0 1 
-2.653352 -1.224783 0.000000 3.834390 5.896810 8874.414433 0.000000 2212 240 1 0 1 
0.387973 0.076661 0.000000 -0.010455 -0.790469 8904.399579 0.000000 2212 241 1 0 1 
2.011358 -0.386609 0.000000 -3.157234 -3.611167 8917.050362 0.000000 2212 242 1 0 1 
3.362853 0.507942 0.000000 -4.069029 2.075561 8844.487982 0.000000 2212 243 1 0 1 
-0.651422 -1.347399 0.000000 0.884274 -2.796845 8903.589359 0.000000 2212 244 1 0 1 
-1.709575 -0.195142 0.000000 2.350818 -1.169880 8916.000823 0.000000 2212 245 1 0 1 
-0.323027 0.258768 0.000000 0.850438 0.933768 8911.509218 0.000000 2212 246 1 0 1 
-0.531715 -1.245421 0.000000 1.394939 -1.754222 8892.371872 0.000000 2212 247 1 0 1 
-2.790297 0.589910 0.000000 3.042803 2.263572 8887.500351 0.000000 2212 248 1 0 1 
-0.778888 1.843280 0.000000 2.649795 -0.278420 8882.726311 0.000000 2212 249 1 0 1 
3.164212 -1.997529 0.000000 -2.269721 -4.579937 8958.481916 0.000000 2212 250 1 0 1 
-1.172076 4.374573 0.000000 2.693177 6.349084 8879.179976 0.000000 2212 251 1 0 1 
2.015369 1.176930 0.000000 -4.366090 -1.503107 8885.963064 0.000000 2212 252 1 0 1 
-1.102907 -2.030118 0.000000 2.588334 -3.679762 8926.037464 0.000000 2212 253 1 0 1 
-2.549667 -2.621172 0.000000 4.527251 -6.965692 8928.476813 0.000000 2212 254 1 0 1 
-0.241496 0.028948 0.000000 -0.436102 3.779020 8866.728253 0.000000 2212 255 1 0 1 
2.578236 1.600567 0.000000 -3.995470 7.218253 8843.803504 0.000000 2212 256 1 0 1 
-0.440067 -1.255541 0.000000 2.913422 -3.535322 8941.073886 0.000000 2212 257 1 0 1 
2.571486 -1.219502 0.000000 -3.498309 -0.634467 8902.410962 0.000000 2212 258 1 0 1 
-1.407215 -1.776517 0.000000 3.713656 -1.480742 8900.498508 0.000000 2212 259 1 0 1 
1.906398 -0.088178 0.000000 -3.550062 -4.947069 8942.777202 0.000000 2212 260 1 0 1 
0.538404 -0.048152 0.000000 -0.090453 -3.386939 8923.584221 0.000000 2212 261 1 0 1 
1.858045 1.670462 0.000000 -3.689383 3.506832 8870.267428 0.000000 2212 262 1 0 1 
-0.142356 -0.101088 0.000000 0.475556 3.952764 8869.918815 0.000000 2212 263 1 0 1 
-0.781454 -1.534276 0.000000 2.428012 -5.001140 8926.598153 0.000000 2212 264 1 0 1 
2.796809 0.005275 0.000000 -4.623092 1.679007 8855.960364 0.000000 2212 265 1 0 1 
-0.868375 -0.121647 0.000000 0.392063 0.246186 8859.338717 0.000000 2212 266 1 0 1 
1.354206 -1.047016 0.000000 -1.948270 -1.789118 8916.140691 0.000000 2212 267 1 0 1 
2.628080 -1.752537 0.000000 -2.988427 -4.023246 8893.262914 0.000000 2212 268 1 0 1 
3.948904 -0.983820 0.000000 -4.811757 3.084960 8842.030711 0.000000 2212 269 1 0 1 
0.064303 -1.112946 0.000000 -1.274783 -3.448373 8903.866716 0.000000 2212 270 1 0 1 
-2.273937 -0.234455 0.000000 4.162946 -2.351897 8902.960941 0.000000 2212 271 1 0 1 
2.249180 -2.446608 0.000000 -3.129744 -2.618891 8911.319139 0.000000 2212 272 1 0 1 
-1.880024 -0.971631 0.000000 2.956020 0.580400 8844.346467 0.000000 2212 273 1 0 1 
1.917680 -1.546240 0.000000 -0.511639 -0.122635 8876.402637 0.000000 2212 274 1 0 1 
0.297415 0.899236 0.000000 1.154079 1.225204 8896.850782 0.000000 2212 275 1 0 1 
-1.349272 0.795319 0.000000 0.754199 -0.516134 8893.446723 0.000000 2212 276 1 0 1 
0.086220 -1.101870 0.000000 1.964557 0.310994 8905.804197 0.000000 2212 277 1 0 1 
-0.053219 1.597483 0.000000 -1.287566 5.448012 8883.076696 0.000000 2212 278 1 0 1 
-1.897982 0.248389 0.000000 0.686713 -0.990722 8947.040738 0.000000 2212 279 1 0 1 
0.543803 -0.591324 0.000000 0.171736 -6.011918 8937.115516 0.000000 2212 280 1 0 1 
-3.632513 0.639768 0.000000 4.913114 -1.329251 8889.179213 0.000000 2212 281 1 0 1 
0.365332 -2.481926 0.000000 -0.906669 -3.473814 8934.982572 0.000000 2212 282 1 0 1 
-0.992637 -1.217705 0.000000 1.191843 -1.873617 8887.436239 0.000000 2212 283 1 0 1 
-1.537566 0.432100 0.000000 3.626570 3.353482 8898.967682 0.000000 2212 284 1 0 1 
-0.145955 0.889720 0.000000 0.054966 1.557639 8885.943585 0.000000 2212 285 1 0 1 
-3.510253 1.249940 0.000000 4.038775 -0.192985 8877.475150 0.000000 2212 286 1 0 1 
-1.893461 0.616220 0.000000 1.436593 2.651217 8848.203779 0.000000 2212 287 1 0 1 
-3.405564 0.585770 0.000000 4.281090 -1.418829 8859.811598 0.000000 2212 288 1 0 1 
1.583099 -0.704404 0.000000 -2.847463 -3.597384 8886.206224 0.000000 2212 289 1 0 1 
-0.098523 1.988501 0.000000 1.769270 2.586431 8853.349544 0.000000 2212 290 1 0 1 
-0.594860 0.456649 0.000000 -1.765770 -1.234041 8871.630337 0.000000 2212 291 1 0 1 
1.288096 -0.159278 0.000000 -1.278203 3.795452 8881.540190 0.000000 2212 292 1 0 1 
-2.387978 -0.106289 0.000000 0.194334 -0.080477 8879.387946 0.000000 2212 293 1 0 1 
0.729372 -1.623999 0.000000 -1.989420 -5.302152 8876.942138 0.000000 2212 294 1 0 1 
-0.208180 1.703484 0.000000 1.387942 3.918371 8862.677596 0.000000 2212 295 1 0 1 
1.059158 0.958938 0.000000 1.195123 -0.991613 8960.805755 0.000000 2212 296 1 0 1 
-0.876192 1.841015 0.000000 1.147779 0.086911 8888.354847 0.000000 2212 297 1 0 1 
-0.808748 -0.207378 0.000000 1.521492 0.670446 8915.579044 0.000000 2212 298 1 0 1 
-1.308490 -0.240753 0.000000 0.843727 -1.559662 8913.845014 0.000000 2212 299 1 0 1 
-0.999784 -0.911538 0.000000 0.223771 3.399135 8882.965066 0.000000 2212 300 1 0 1 
0.436174 -0.069192 0.000000 0.539796 -1.806147 8944.141555 0.000000 2212 301 1 0 1 
-0.934054 -0.317026 0.000000 0.400370 -0.603574 8907.115760 0.000000 2212 302 1 0 1 
-1.127324 -3.562791 0.000000 -0.607466 -2.562431 8871.294481 0.000000 2212 303 1 0 1 
-1.743555 2.222760 0.000000 2.316294 1.162043 8946.342063 0.000000 2212 304 1 0 1 
1.218261 -0.130102 0.000000 -2.911966 3.245511 8878.513501 0.000000 2212 305 1 0 1 
3.697633 -0.409185 0.000000 -2.842080 -0.545512 8879.632626 0.000000 2212 306 1 0 1 
0.804778 -0.973895 0.000000 -0.704510 1.289403 8855.733607 0.000000 2212 307 1 0 1 
3.324654 2.129596 0.000000 -5.141582 2.982193 8927.021868 0.000000 2212 308 1 0 1 
-0.771215 -0.729561 0.000000 1.024695 0.553365 8862.298078 0.000000 2212 309 1 0 1 
-1.220663 1.051687 0.000000 1.687675 3.872418 8876.653237 0.000000 2212 310 1 0 1 
1.620586 2.820321 0.000000 -3.248211 3.717076 8838.860668 0.000000 2212 311 1 0 1 
1.853580 1.075185 0.000000 -3.108688 1.698662 8907.175064 0.000000 2212 312 1 0 1 
2.422727 0.142190 0.000000 -4.156622 -2.467138 8903.734909 0.000000 2212 313 1 0 1 
-0.392252 -1.653633 0.000000 -0.502857 -9.445205 8915.224587 0.000000 2212 314 1 0 1 
-0.269753 0.297267 0.000000 2.358526 0.978311 8882.174463 0.000000 2212 315 1 0 1 
-1.450127 -0.704577 0.000000 2.725161 -3.414489 8957.027622 0.000000 2212 316 1 0 1 
-0.175276 -1.211024 0.000000 3.125691 -4.447603 8904.833291 0.000000 2212 317 1 0 1 
1.456682 -0.684685 0.000000 -2.430742 -2.757055 8916.302216 0.000000 2212 318 1 0 1 
0.927406 0.470919 0.000000 -2.552045 -1.555044 8885.485672 0.000000 2212 319 1 0 1 
0.473144 -1.264661 0.000000 2.002960 8.628392 8836.062354 0.000000 2212 320 1 0 1 
-1.103233 -0.924620 0.000000 1.388454 2.396785 8821.020618 0.000000 2212 321 1 0 1 
-0.353863 2.096163 0.000000 0.610169 2.947353 8880.079230 0.000000 2212 322 1 0 1 
-0.315404 -1.054308 0.000000 -0.076139 -0.717058 8903.140716 0.000000 2212 323 1 0 1 
0.537204 -1.464327 0.000000 -0.030269 2.009200 8885.931020 0.000000 2212 324 1 0 1 
-0.613009 2.169842 0.000000 -0.912969 3.138102 8873.782692 0.000000 2212 325 1 0 1 
-2.033418 1.692255 0.000000 3.484047 0.026910 8906.548093 0.000000 2212 326 1 0 1 
-2.665154 2.366938 0.000000 4.587495 0.823878 8937.640203 0.000000 2212 327 1 0 1 
-1.433178 0.502893 0.000000 3.792642 -3.881393 8914.258530 0.000000 2212 328 1 0 1 
-0.283951 -1.043785 0.000000 0.561878 -0.808886 8872.576856 0.000000 2212 329 1 0 1 
-0.476834 -1.855200 0.000000 3.122016 -6.962710 8922.763572 0.000000 2212 330 1 0 1 
2.492457 -1.250750 0.000000 -0.909158 0.351899 8902.491228 0.000000 2212 331 1 0 1 
-1.387762 -0.939855 0.000000 -2.334856 -5.324722 8976.487053 0.000000 2212 332 1 0 1 
-0.925671 1.206533 0.000000 4.152683 0.300635 8909.985289 0.000000 2212 333 1 0 1 
-1.340160 0.449177 0.000000 3.091965 -0.927665 8885.781730 0.000000 2212 334 1 0 1 
-4.373869 3.517693 0.000000 7.312742 2.761913 8879.978344 0.000000 2212 335 1 0 1 
1.048308 -0.110623 0.000000 0.029171 -2.065279 8895.657272 0.000000 2212 336 1 0 1 
0.494536 0.131790 0.000000 -0.322022 -2.004949 8868.216354 0.000000 2212 337 1 0 1 
-2.174756 0.226799 0.000000 1.522638 8.595501 8817.330458 0.000000 2212 338 1 0 1 
3.655059 -0.714809 0.000000 -5.374811 0.205880 8868.098337 0.000000 2212 339 1 0 1 
-0.231767 -0.416683 0.000000 1.803278 -3.149886 8925.367289 0.000000 2212 340 1 0 1 
-2.544989 -0.059221 0.000000 4.241489 -1.369420 8906.689490 0.000000 2212 341 1 0 1 
3.287679 0.066336 0.000000 -4.803319 1.305018 8910.433389 0.000000 2212 342 1 0 1 
-1.186901 0.906593 0.000000 0.771167 4.941283 8865.178772 0.000000 2212 343 1 0 1 
-1.125772 0.143146 0.000000 -0.375520 -2.120079 8909.829598 0.000000 2212 344 1 0 1 
1.277382 -1.264712 0.000000 0.188907 -1.076506 8922.130619 0.000000 2212 345 1 0 1 
1.174338 0.593659 0.000000 -1.027001 -2.095048 8907.967042 0.000000 2212 346 1 0 1 
-4.233733 -0.034908 0.000000 6.972670 4.068663 8880.102526 0.000000 2212 347 1 0 1 
0.737458 -0.453936 0.000000 -0.786723 2.041434 8885.579086 0.000000 2212 348 1 0 1 
-0.021023 0.170221 0.000000 1.455866 -0.312074 8918.837241 0.000000 2212 349 1 0 1 
1.865072 0.050186 0.000000 -3.407549 -1.833571 8957.867223 0.000000 2212 350 1 0 1 
0.581428 1.857714 0.000000 1.932699 -1.743354 8916.930673 0.000000 2212 351 1 0 1 
1.019414 0.156735 0.000000 -0.873954 -2.797439 8951.456763 0.000000 2212 352 1 0 1 
-0.145703 -0.648802 0.000000 -0.374789 3.351171 8905.107806 0.000000 2212 353 1 0 1 
-1.365725 -2.226886 0.000000 0.671381 0.481921 8904.153747 0.000000 2212 354 1 0 1 
-1.156922 -2.375007 0.000000 2.771538 -3.178446 8894.816181 0.000000 2212 355 1 0 1 
0.049598 -0.168897 0.000000 -1.077296 1.622537 8876.113260 0.000000 2212 356 1 0 1 
-0.247456 1.065371 0.000000 0.092540 5.681530 8843.791551 0.000000 2212 357 1 0 1 
2.132683 -0.455298 0.000000 -3.892555 7.091346 8860.911579 0.000000 2212 358 1 0 1 
-2.343152 0.876574 0.000000 1.184906 -1.969952 8893.807230 0.000000 2212 359 1 0 1 
-2.215420 -1.370630 0.000000 5.638085 -6.198690 8900.347097 0.000000 2212 360 1 0 1 
0.053681 -1.732103 0.000000 -0.124967 -1.874377 8922.471711 0.000000 2212 361 1 0 1 
-1.175326 0.490335 0.000000 1.537192 2.074991 8876.078292 0.000000 2212 362 1 0 1 
0.787147 0.598260 0.000000 -3.008118 3.641924 8859.039624 0.000000 2212 363 1 0 1 
-0.570127 1.898277 0.000000 0.026744 3.229683 8845.512926 0.000000 2212 364 1 0 1 
-0.758609 -0.408132 0.000000 1.080214 -2.570059 8909.446919 0.000000 2212 365 1 0 1 
0.299293 0.303106 0.000000 -2.689713 0.829078 8853.799415 0.000000 2212 366 1 0 1 
3.049410 1.179815 0.000000 -6.676264 2.113098 8869.209605 0.000000 2212 367 1 0 1 
0.525620 0.702527 0.000000 1.090060 0.392127 8884.323620 0.000000 2212 368 1 0 1 
0.287730 0.589754 0.000000 -1.056636 -6.300154 8923.544370 0.000000 2212 369 1 0 1 
-0.353203 0.150918 0.000000 0.442687 -0.296824 8902.269268 0.000000 2212 370 1 0 1 
2.529579 0.002493 0.000000 -2.917721 2.057949 8892.574549 0.000000 2212 371 1 0 1 
1.236826 -0.400321 0.000000 -3.064510 -3.334210 8902.656819 0.000000 2212 372 1 0 1 
1.383166 -1.265413 0.000000 -0.166316 -1.862049 8924.580180 0.000000 2212 373 1 0 1 
-2.860382 -3.166231 0.000000 4.238050 -4.218395 8903.135504 0.000000 2212 374 1 0 1 
1.064410 -1.766744 0.000000 -0.070431 -3.253536 8860.666173 0.000000 2212 375 1 0 1 
2.951778 -0.405058 0.000000 -3.688355 1.486461 8864.656053 0.000000 2212 376 1 0 1 
-1.827415 1.824871 0.000000 0.793890 4.508912 8864.878259 0.000000 2212 377 1 0 1 
3.178633 -1.119112 0.000000 -5.807432 -2.968751 8918.878833 0.000000 2212 378 1 0 1 
2.466722 1.924675 0.000000 -4.861664 3.926403 8859.655891 0.000000 2212 379 1 0 1 
-1.616100 0.038855 0.000000 3.576183 1.364756 8910.605554 0.000000 2212 380 1 0 1 
-1.546902 0.950122 0.000000 2.093239 -0.954978 8924.348076 0.000000 2212 381 1 0 1 
-3.844355 -2.226508 0.000000 4.688124 1.052455 8862.886223 0.000000 2212 382 1 0 1 
0.040757 -1.832157 0.000000 -1.082528 -6.526249 8939.130059 0.000000 2212 383 1 0 1 
1.826493 -0.935110 0.000000 -1.788720 -6.204377 8912.935710 0.000000 2212 384 1 0 1 
1.421149 -1.424752 0.000000 -1.657741 -2.251080 8936.465206 0.000000 2212 385 1 0 1 
-4.129351 2.340526 0.000000 3.957359 5.071294 8863.737011 0.000000 2212 386 1 0 1 
0.497377 0.552557 0.000000 1.789120 2.389127 8881.979404 0.000000 2212 387 1 0 1 
-0.174878 0.881115 0.000000 1.120641 2.147450 8863.789327 0.000000 2212 388 1 0 1 
-0.771764 -1.568213 0.000000 1.341598 -0.925868 8883.789045 0.000000 2212 389 1 0 1 
0.140577 -0.824020 0.000000 1.199144 -1.239834 8913.829263 0.000000 2212 390 1 0 1 
0.861115 -1.391734 0.000000 -0.301524 -3.244908 8932.407055 0.000000 2212 391 1 0 1 
0.451793 0.310678 0.000000 0.091685 0.631570 8871.208322 0.000000 2212 392 1 0 1 
2.886132 1.196091 0.000000 -1.626138 2.935787 8858.187468 0.000000 2212 393 1 0 1 
0.755402 1.245250 0.000000 -4.008363 3.240882 8912.023016 0.000000 2212 394 1 0 1 
2.677418 -2.125068 0.000000 -3.412784 -2.407837 8888.349133 0.000000 2212 395 1 0 1 
1.554029 1.452873 0.000000 -1.065358 5.204619 8857.967474 0.000000 2212 396 1 0 1 
-0.722398 1.086551 0.000000 -0.046852 4.423129 8891.678306 0.000000 2212 397 1 0 1 
-0.883079 0.322073 0.000000 1.834085 2.570346 8866.013174 0.000000 2212 398 1 0 1 
1.797230 -1.530257 0.000000 -2.044949 -5.018154 8934.500576 0.000000 2212 399 1 0 1 
1.960205 -1.750090 0.000000 -1.777955 -3.586972 8908.118861 0.000000 2212 400 1 0 1 
-0.606035 -1.000743 0.000000 1.460945 -3.760750 8934.028136 0.000000 2212 401 1 0 1 
-0.887032 1.137678 0.000000 1.780822 0.346384 8910.996269 0.000000 2212 402 1 0 1 
-0.461732 0.840670 0.000000 0.640105 2.820892 8861.396732 0.000000 2212 403 1 0 1 
1.206508 0.495462 0.000000 -4.560982 -0.063697 8899.815119 0.000000 2212 404 1 0 1 
0.659576 0.678830 0.000000 -2.485680 1.798066 8846.128099 0.000000 2212 405 1 0 1 
2.075780 1.188915 0.000000 -2.959716 -3.936297 8916.366342 0.000000 2212 406 1 0 1 
-0.203379 0.552825 0.000000 -0.457728 -0.799360 8903.134073 0.000000 2212 407 1 0 1 
1.754081 -0.267887 0.000000 -1.288292 -0.614003 8878.176602 0.000000 2212 408 1 0 1 
2.013286 -1.554610 0.000000 -1.820453 0.159844 8891.361590 0.000000 2212 409 1 0 1 
-1.676006 1.390358 0.000000 0.242335 4.923031 8863.418401 0.000000 2212 410 1 0 1 
-4.105398 0.222781 0.000000 7.639981 -1.728374 8916.358503 0.000000 2212 411 1 0 1 
2.673249 -1.091008 0.000000 -2.668009 0.099788 8898.227396 0.000000 2212 412 1 0 1 
-1.168467 -0.392628 0.000000 1.034718 1.189209 8889.448781 0.000000 2212 413 1 0 1 
2.203983 -0.694377 0.000000 -0.721389 1.633211 8846.944211 0.000000 2212 414 1 0 1 
1.199429 0.927344 0.000000 -2.188342 2.349142 8874.469408 0.000000 2212 415 1 0 1 
-0.234345 0.069240 0.000000 0.630977 0.756231 8911.914580 0.000000 2212 416 1 0 1 
-3.921885 -1.340704 0.000000 7.139573 -3.382628 8903.418153 0.000000 2212 417 1 0 1 
2.203828 -1.592121 0.000000 -3.394545 -5.035298 8930.742055 0.000000 2212 418 1 0 1 
-0.553423 1.042667 0.000000 0.297646 2.606435 8895.509198 0.000000 2212 419 1 0 1 
0.491153 1.738299 0.000000 1.760873 6.594688 8845.662440 0.000000 2212 420 1 0 1 
3.994648 -1.921485 0.000000 -1.719388 2.392540 8887.488754 0.000000 2212 421 1 0 1 
0.337731 -0.234040 0.000000 -2.060893 2.067654 8838.507763 0.000000 2212 422 1 0 1 
0.218361 -1.565451 0.000000 -0.972034 -1.246343 8885.770444 0.000000 2212 423 1 0 1 
-0.818334 0.887248 0.000000 -1.477026 3.942592 8856.866514 0.000000 2212 424 1 0 1 
0.307714 1.239318 0.000000 0.002648 6.786368 8843.155800 0.000000 2212 425 1 0 1 
3.247926 -0.770893 0.000000 -4.131965 -3.113058 8872.457449 0.000000 2212 426 1 0 1 
0.343349 1.042517 0.000000 0.795911 3.121167 8910.183183 0.000000 2212 427 1 0 1 
3.365261 -1.256477 0.000000 -5.922363 -1.365957 8916.628954 0.000000 2212 428 1 0 1 
2.907064 -2.130835 0.000000 -5.392043 -9.197761 8958.410552 0.000000 2212 429 1 0 1 
0.941595 -0.681330 0.000000 -2.549493 0.292370 8883.506546 0.000000 2212 430 1 0 1 
-0.546155 0.406569 0.000000 2.002032 -3.918533 8930.108633 0.000000 2212 431 1 0 1 
-1.206917 -1.409806 0.000000 1.188917 0.338884 8877.864397 0.000000 2212 432 1 0 1 
-2.570887 -2.865470 0.000000 2.166057 0.031006 8872.491244 0.000000 2212 433 1 0 1 
-2.495259 -0.415198 0.000000 4.659760 -1.811853 8880.468213 0.000000 2212 434 1 0 1 
0.791040 4.181114 0.000000 -0.619583 5.101953 8893.284144 0.000000 2212 435 1 0 1 
0.710619 -0.615394 0.000000 0.269564 -1.970663 8873.491376 0.000000 2212 436 1 0 1 
1.089004 -0.462185 0.000000 -1.142667 -1.043428 8877.311089 0.000000 2212 437 1 0 1 
1.091268 -0.313128 0.000000 -2.242184 5.717952 8912.176687 0.000000 2212 438 1 0 1 
1.927398 -2.634371 0.000000 -3.145937 -3.757467 8915.115877 0.000000 2212 439 1 0 1 
2.705442 -0.630198 0.000000 -2.276326 -0.733445 8899.165956 0.000000 2212 440 1 0 1 
-2.126348 -1.266485 0.000000 2.232194 -2.824428 8905.989744 0.000000 2212 441 1 0 1 
-2.400902 -0.401653 0.000000 5.666865 -4.337339 8949.263227 0.000000 2212 442 1 0 1 
-2.069238 0.543047 0.000000 2.375344 0.069663 8896.740729 0.000000 2212 443 1 0 1 
0.755064 -1.254931 0.000000 0.701478 -4.772229 8947.067262 0.000000 2212 444 1 0 1 
-0.109969 -0.395510 0.000000 2.823111 -1.567028 8904.953947 0.000000 2212 445 1 0 1 
-1.610231 0.040505 0.000000 2.194309 -0.776129 8913.280498 0.000000 2212 446 1 0 1 
-0.162539 -1.440949 0.000000 -0.636736 -0.866471 8872.919213 0.000000 2212 447 1 0 1 
-1.048569 2.339314 0.000000 2.916331 3.657322 8853.191854 0.000000 2212 448 1 0 1 
0.513454 0.995254 0.000000 0.263902 -0.591821 8899.822608 0.000000 2212 449 1 0 1 
-1.391599 0.312527 0.000000 0.209931 0.523765 8894.240812 0.000000 2212 450 1 0 1 
1.312131 -0.584493 0.000000 -2.267688 1.323802 8920.386441 0.000000 2212 451 1 0 1 
1.732957 0.039432 0.000000 -3.886066 1.789551 8878.051882 0.000000 2212 452 1 0 1 
0.617675 1.723710 0.000000 -0.606612 1.346431 8923.953738 0.000000 2212 453 1 0 1 
-3.482980 -2.072746 0.000000 6.058019 -3.936284 8905.424418 0.000000 2212 454 1 0 1 
-0.387996 -1.478451 0.000000 1.610332 -3.562020 8891.044121 0.000000 2212 455 1 0 1 
-0.728832 0.749529 0.000000 1.341994 0.980681 8903.235069 0.000000 2212 456 1 0 1 
2.965469 -2.713220 0.000000 -4.502700 -0.504093 8900.027599 0.000000 2212 457 1 0 1 
-2.551828 0.559497 0.000000 3.484454 0.302662 8908.190795 0.000000 2212 458 1 0 1 
4.110599 -1.560722 0.000000 -5.036021 1.071489 8873.765121 0.000000 2212 459 1 0 1 
0.196762 -0.746718 0.000000 -1.400586 -3.205441 8932.802157 0.000000 2212 460 1 0 1 
1.164329 0.223932 0.000000 -1.004717 -1.822926 8876.996700 0.000000 2212 461 1 0 1 
-0.545583 2.862975 0.000000 -0.276160 5.129806 8856.303088 0.000000 2212 462 1 0 1 
0.907325 0.822503 0.000000 0.668350 3.589115 8856.851104 0.000000 2212 463 1 0 1 
0.004119 1.259443 0.000000 -0.224069 2.147789 8834.989787 0.000000 2212 464 1 0 1 
-0.715303 -0.440148 0.000000 2.266173 1.106334 8908.673586 0.000000 2212 465 1 0 1 
2.536797 -0.795358 0.000000 -2.660005 -2.003336 8878.212112 0.000000 2212 466 1 0 1 
0.888923 0.925780 0.000000 0.316985 4.109127 8872.137892 0.000000 2212 467 1 0 1 
1.124641 -2.337497 0.000000 -1.037781 -5.151117 8955.532587 0.000000 2212 468 1 0 1 
-1.158448 -0.743852 0.000000 2.931529 -8.128287 8975.668757 0.000000 2212 469 1 0 1 
-1.182221 -0.588400 0.000000 0.940505 -1.714329 8886.973701 0.000000 2212 470 1 0 1 
-1.079531 -0.568213 0.000000 1.345855 -1.585977 8921.566554 0.000000 2212 471 1 0 1 
0.463927 1.568685 0.000000 0.788979 -3.016751 8935.496942 0.000000 2212 472 1 0 1 
-1.309630 -1.371086 0.000000 1.088029 -2.463699 8925.971356 0.000000 2212 473 1 0 1 
1.093039 0.947477 0.000000 -2.143542 -0.246645 8909.348944 0.000000 2212 474 1 0 1 
-0.403144 -1.099919 0.000000 1.381818 -3.780133 8909.067314 0.000000 2212 475 1 0 1 
1.486851 0.338769 0.000000 -3.166556 2.389210 8847.539416 0.000000 2212 476 1 0 1 
0.839206 1.196048 0.000000 0.773658 0.985975 8829.859053 0.000000 2212 477 1 0 1 
-2.004073 -1.027696 0.000000 3.037196 -3.078525 8923.869625 0.000000 2212 478 1 0 1 
1.928244 0.085133 0.000000 -2.275475 -0.539017 8936.162914 0.000000 2212 479 1 0 1 
-1.232097 -0.875547 0.000000 2.537440 -4.070165 8925.991790 0.000000 2212 480 1 0 1 
-0.244840 1.365443 0.000000 -0.247566 1.978033 8871.431762 0.000000 2212 481 1 0 1 
-0.185197 -1.241557 0.000000 2.416727 -4.551734 8922.590422 0.000000 2212 482 1 0 1 
-1.414795 1.217318 0.000000 2.214576 -1.105390 8908.429004 0.000000 2212 483 1 0 1 
0.646816 2.889918 0.000000 -1.402015 4.481965 8875.877944 0.000000 2212 484 1 0 1 
0.651912 -2.331774 0.000000 -2.961434 -0.325627 8892.286697 0.000000 2212 485 1 0 1 
0.059049 0.102258 0.000000 1.362095 -1.561756 8899.302152 0.000000 2212 486 1 0 1 
-2.333862 -1.919311 0.000000 2.657827 -2.158371 8928.100394 0.000000 2212 487 1 0 1 
1.061314 2.253634 0.000000 -0.171093 3.736192 8881.308367 0.000000 2212 488 1 0 1 
-1.525902 0.368308 0.000000 1.448996 0.299758 8886.355003 0.000000 2212 489 1 0 1 
0.115566 -0.467676 0.000000 -0.897397 0.587821 8907.114377 0.000000 2212 490 1 0 1 
1.192898 -1.310824 0.000000 -5.181073 1.196555 8858.111349 0.000000 2212 491 1 0 1 
2.569862 1.183923 0.000000 -2.838208 4.710991 8900.794749 0.000000 2212 492 1 0 1 
-2.633291 0.807739 0.000000 4.344921 0.059457 8910.173578 0.000000 2212 493 1 0 1 
-2.220520 0.474803 0.000000 1.133445 -1.877022 8915.231881 0.000000 2212 494 1 0 1 
-0.885201 2.930957 0.000000 0.777117 3.287601 8874.224294 0.000000 2212 495 1 0 1 
-3.336980 4.149115 0.000000 4.308353 7.728517 8842.365498 0.000000 2212 496 1 0 1 
0.393871 0.349861 0.000000 0.130515 5.495919 8872.750690 0.000000 2212 497 1 0 1 
-1.138285 -0.295663 0.000000 1.726726 0.682059 8921.017685 0.000000 2212 498 1 0 1 
-1.936708 0.287263 0.000000 3.680605 -0.770464 8933.030009 0.000000 2212 499 1 0 1 
-2.655515 1.732366 0.000000 3.977638 -0.026493 8937.699362 0.000000 2212 500 1 0 1 
0.062134 0.350310 0.000000 0.825082 2.284331 8889.476698 0.000000 2212 501 1 0 1 
-0.233685 -0.347258 0.000000 0.623926 2.412901 8880.033419 0.000000 2212 502 1 0 1 
-1.584337 1.093520 0.000000 0.114415 8.973887 8834.642471 0.000000 2212 503 1 0 1 
1.167447 0.342204 0.000000 -2.415607 -2.920039 8896.918967 0.000000 2212 504 1 0 1 
-2.224990 -0.768222 0.000000 3.629353 2.043394 8844.323376 0.000000 2212 505 1 0 1 
-2.435995 1.687540 0.000000 4.524969 -0.707963 8904.463807 0.000000 2212 506 1 0 1 
2.030208 -0.359206 0.000000 -3.202404 -1.015358 8909.451189 0.000000 2212 507 1 0 1 
-0.852703 0.164452 0.000000 3.363400 -0.383102 8880.381563 0.000000 2212 508 1 0 1 
-1.150759 -0.973643 0.000000 2.160669 -1.565312 8934.909270 0.000000 2212 509 1 0 1 
-0.687934 -0.608292 0.000000 3.129266 -4.145363 8898.520837 0.000000 2212 510 1 0 1 
3.381736 0.299213 0.000000 -5.139576 -0.075894 8861.764508 0.000000 2212 511 1 0 1 
-0.181973 -1.271905 0.000000 0.948562 1.426463 8879.708207 0.000000 2212 512 1 0 1 
-0.087124 0.228132 0.000000 0.827963 3.516458 8848.742819 0.000000 2212 513 1 0 1 
-1.802008 0.155089 0.000000 2.600648 -0.739721 8878.681133 0.000000 2212 514 1 0 1 
0.592896 -0.861106 0.000000 0.544388 -4.838521 8945.991608 0.000000 2212 515 1 0 1 
0.703913 0.125871 0.000000 -0.660201 6.178899 8853.969161 0.000000 2212 516 1 0 1 
-0.016444 0.417962 0.000000 0.279262 5.068049 8853.627248 0.000000 2212 517 1 0 1 
-2.674200 0.776839 0.000000 2.952398 0.852325 8902.567242 0.000000 2212 518 1 0 1 
-0.028309 -0.622435 0.000000 0.331994 -5.024695 8891.739094 0.000000 2212 519 1 0 1 
-0.307225 -2.808352 0.000000 0.648594 -2.033689 8897.429273 0.000000 2212 520 1 0 1 
2.066233 0.442867 0.000000 -0.653774 -3.211995 8908.393386 0.000000 2212 521 1 0 1 
2.261890 1.877915 0.000000 -2.291654 1.743993 8845.324618 0.000000 2212 522 1 0 1 
-0.156285 -0.483759 0.000000 1.700431 -3.857878 8917.977907 0.000000 2212 523 1 0 1 
-0.613859 0.038165 0.000000 1.018670 -3.458534 8902.908508 0.000000 2212 524 1 0 1 
0.312435 0.118334 0.000000 -0.493007 0.290163 8860.311118 0.000000 2212 525 1 0 1 
3.593159 0.384339 0.000000 -3.820082 0.495518 8917.563101 0.000000 2212 526 1 0 1 
-0.443446 1.284379 0.000000 1.333572 2.897340 8890.029504 0.000000 2212 527 1 0 1 
0.564584 1.693379 0.000000 -1.898102 1.624563 8879.424434 0.000000 2212 528 1 0 1 
1.284489 -1.154394 0.000000 -1.427498 -1.959265 8861.549386 0.000000 2212 529 1 0 1 
1.616014 -1.256024 0.000000 -1.709220 1.195187 8905.838560 0.000000 2212 530 1 0 1 
-1.026303 0.965978 0.000000 1.307639 3.053359 8895.018765 0.000000 2212 531 1 0 1 
-0.104266 0.869544 0.000000 -0.541501 3.868255 8841.659333 0.000000 2212 532 1 0 1 
-0.272185 0.871500 0.000000 -1.022181 2.728017 8862.003220 0.000000 2212 533 1 0 1 
1.219373 0.736469 0.000000 -0.202440 -2.115702 8905.748716 0.000000 2212 534 1 0 1 
0.997483 -0.342368 0.000000 -1.721920 -3.823521 8940.151418 0.000000 2212 535 1 0 1 
2.331390 0.076458 0.000000 -3.724024 -1.741054 8955.157369 0.000000 2212 536 1 0 1 
2.209033 -0.669223 0.000000 -3.504308 1.675459 8861.092082 0.000000 2212 537 1 0 1 
-1.885536 1.175498 0.000000 3.563750 1.721399 8877.874590 0.000000 2212 538 1 0 1 
0.630033 1.309310 0.000000 -0.852162 0.955426 8919.638739 0.000000 2212 539 1 0 1 
-1.482275 1.006255 0.000000 2.365272 3.105074 8862.020588 0.000000 2212 540 1 0 1 
1.259110 -0.686250 0.000000 -0.837150 3.382197 8883.104225 0.000000 2212 541 1 0 1 
-1.398789 0.676114 0.000000 2.550641 1.338326 8852.705105 0.000000 2212 542 1 0 1 
2.748900 -0.038960 0.000000 -2.030507 -2.319103 8922.804777 0.000000 2212 543 1 0 1 
2.332535 1.497493 0.000000 -2.614422 3.696131 8880.902232 0.000000 2212 544 1 0 1 
-0.606775 -1.086534 0.000000 0.576393 -0.688696 8892.554707 0.000000 2212 545 1 0 1 
1.118470 -0.032425 0.000000 -0.059652 -1.266329 8880.342161 0.000000 2212 546 1 0 1 
1.999841 -2.828398 0.000000 -3.932451 -1.854462 8871.698707 0.000000 2212 547 1 0 1 
0.388603 1.134280 0.000000 -0.095260 4.258216 8922.722368 0.000000 2212 548 1 0 1 
-0.067011 0.586847 0.000000 -0.216700 -0.196758 8907.675672 0.000000 2212 549 1 0 1 
1.061089 0.429653 0.000000 0.316524 0.738980 8907.316351 0.000000 2212 550 1 0 1 
1.608867 -1.533217 0.000000 -4.403957 -4.763161 8910.949226 0.000000 2212 551 1 0 1 
1.321475 -1.504335 0.000000 -1.737636 -1.545906 8912.858737 0.000000 2212 552 1 0 1 
-0.472674 0.839475 0.000000 0.314731 6.439446 8809.172696 0.000000 2212 553 1 0 1 
0.878713 -0.621585 0.000000 -1.157574 2.010046 8884.185010 0.000000 2212 554 1 0 1 
3.485238 1.681528 0.000000 -3.863730 0.938192 8906.307321 0.000000 2212 555 1 0 1 
0.071577 -0.889833 0.000000 -0.315254 2.897736 8867.323910 0.000000 2212 556 1 0 1 
-1.486833 0.189835 0.000000 1.399303 4.464476 8874.257604 0.000000 2212 557 1 0 1 
-1.984457 1.801109 0.000000 1.946086 5.474464 8821.112584 0.000000 2212 558 1 0 1 
1.179442 -1.384930 0.000000 -3.062814 1.033146 8885.682952 0.000000 2212 559 1 0 1 
3.950846 -1.097645 0.000000 -5.024320 2.974204 8839.259719 0.000000 2212 560 1 0 1 
0.503489 0.071088 0.000000 -0.966381 0.809791 8857.445898 0.000000 2212 561 1 0 1 
0.412972 0.019904 0.000000 -1.067685 -3.341681 8915.846332 0.000000 2212 562 1 0 1 
2.690093 0.577081 0.000000 -4.017847 0.352380 8867.608919 0.000000 2212 563 1 0 1 
-0.927219 0.124253 0.000000 -1.283957 1.570984 8909.433136 0.000000 2212 564 1 0 1 
-2.160923 -1.199410 0.000000 3.273275 -1.312329 8901.381598 0.000000 2212 565 1 0 1 
-2.839847 1.484923 0.000000 4.668747 0.578714 8899.001447 0.000000 2212 566 1 0 1 
0.186543 0.346732 0.000000 -0.055807 0.314750 8881.696145 0.000000 2212 567 1 0 1 
-0.134364 -1.370292 0.000000 -1.192228 -4.352871 8866.903787 0.000000 2212 568 1 0 1 
-0.878346 -0.631674 0.000000 -0.135337 2.080334 8845.770532 0.000000 2212 569 1 0 1 
2.089051 -0.710559 0.000000 -2.608997 1.356996 8900.826367 0.000000 2212 570 1 0 1 
2.851843 -1.107467 0.000000 -2.709391 -6.371387 8917.810805 0.000000 2212 571 1 0 1 
-2.298522 0.091862 0.000000 3.236265 2.978401 8908.940424 0.000000 2212 572 1 0 1 
-0.755698 0.286041 0.000000 -2.152886 -5.709446 8907.203046 0.000000 2212 573 1 0 1 
1.347530 -3.111139 0.000000 -2.888843 -2.060022 8904.444149 0.000000 2212 574 1 0 1 
-1.482553 0.256486 0.000000 -0.374920 0.145850 8915.206376 0.000000 2212 575 1 0 1 
2.705449 0.419614 0.000000 -3.319994 -3.987802 8958.781287 0.000000 2212 576 1 0 1 
2.663070 -0.626370 0.000000 -3.151482 -1.169999 8914.999020 0.000000 2212 577 1 0 1 
-0.533483 0.187679 0.000000 0.658376 -0.735054 8901.679475 0.000000 2212 578 1 0 1 
-1.455007 0.072490 0.000000 2.613041 -3.474042 8927.788649 0.000000 2212 579 1 0 1 
0.088726 -0.644508 0.000000 1.108058 -0.090964 8908.712463 0.000000 2212 580 1 0 1 
2.197632 -0.262852 0.000000 -3.305086 2.255811 8884.823217 0.000000 2212 581 1 0 1 
1.388228 -0.775932 0.000000 -4.282964 -2.837236 8921.657097 0.000000 2212 582 1 0 1 
-0.341743 0.336579 0.000000 1.742783 -0.181505 8902.152896 0.000000 2212 583 1 0 1 
1.032261 1.244998 0.000000 -3.876349 -3.569808 8938.301152 0.000000 2212 584 1 0 1 
-1.942171 -1.472541 0.000000 2.413739 1.752461 8881.927142 0.000000 2212 585 1 0 1 
-1.980334 -1.263177 0.000000 3.850156 -1.197276 8873.255722 0.000000 2212 586 1 0 1 
0.735189 1.150543 0.000000 -3.745275 -1.492880 8905.704214 0.000000 2212 587 1 0 1 
1.664096 -0.834145 0.000000 -1.007522 -4.076745 8970.550863 0.000000 2212 588 1 0 1 
-0.416606 -0.606957 0.000000 -0.769638 -0.064571 8893.432519 0.000000 2212 589 1 0 1 
-2.364602 -2.092605 0.000000 3.425720 0.153975 8901.025475 0.000000 2212 590 1 0 1 
-0.638900 -0.132155 0.000000 -0.511635 4.321106 8857.112791 0.000000 2212 591 1 0 1 
-0.004556 -1.889270 0.000000 1.205323 -2.350251 8915.350911 0.000000 2212 592 1 0 1 
2.509903 -0.089225 0.000000 -5.717976 0.545173 8850.680794 0.000000 2212 593 1 0 1 
0.646483 -1.457425 0.000000 -2.015929 -0.431630 8885.116477 0.000000 2212 594 1 0 1 
-2.014609 -0.590372 0.000000 5.525901 -2.390784 8895.436845 0.000000 2212 595 1 0 1 
-0.191912 3.634093 0.000000 -2.111058 6.758651 8837.815575 0.000000 2212 596 1 0 1 
-0.073153 0.255262 0.000000 0.679025 -2.620928 8924.226160 0.000000 2212 597 1 0 1 
-3.304763 0.314886 0.000000 6.154248 0.575496 8875.066259 0.000000 2212 598 1 0 1 
-1.521352 0.711805 0.000000 1.096070 -0.525162 8823.803438 0.000000 2212 599 1 0 1 
-3.042740 0.946824 0.000000 3.720409 2.625538 8854.366361 0.000000 2212 600 1 0 1 
0.227039 -0.209668 0.000000 1.164438 0.734008 8882.343927 0.000000 2212 601 1 0 1 
-0.297791 0.805902 0.000000 0.265749 -0.499931 8898.252855 0.000000 2212 602 1 0 1 
1.980118 0.767438 0.000000 -2.800270 0.664445 8907.518585 0.000000 2212 603 1 0 1 
1.641139 -0.631727 0.000000 -2.653921 -0.051891 8905.751179 0.000000 2212 604 1 0 1 
0.314727 0.133891 0.000000 -1.048801 0.804120 8884.267269 0.000000 2212 605 1 0 1 
1.849266 1.405073 0.000000 -2.376020 3.664296 8851.089970 0.000000 2212 606 1 0 1 
-1.624733 -1.009010 0.000000 2.666175 0.969412 8894.037076 0.000000 2212 607 1 0 1 
-3.036949 0.953573 0.000000 2.989344 5.763180 8856.757993 0.000000 2212 608 1 0 1 
-0.693883 0.236002 0.000000 0.783834 -0.751923 8909.615138 0.000000 2212 609 1 0 1 
0.639648 0.030596 0.000000 -1.087939 -2.566183 8892.573780 0.000000 2212 610 1 0 1 
-0.608607 0.178006 0.000000 1.107539 -0.961315 8892.664220 0.000000 2212 611 1 0 1 
2.427794 -0.165154 0.000000 -3.795446 -0.052441 8918.335858 0.000000 2212 612 1 0 1 
-0.926210 -0.103971 0.000000 0.296413 1.873224 8870.114353 0.000000 2212 613 1 0 1 
2.757624 -1.392027 0.000000 -2.689268 -6.413912 8951.662665 0.000000 2212 614 1 0 1 
-2.605778 -1.361402 0.000000 4.053859 0.891836 8882.358678 0.000000 2212 615 1 0 1 
-0.905110 -0.371806 0.000000 1.290633 -0.308176 8879.275748 0.000000 2212 616 1 0 1 
-2.420795 -0.936090 0.000000 2.346170 1.341132 8877.923152 0.000000 2212 617 1 0 1 
0.879813 -0.555376 0.000000 -1.755039 -3.435314 8928.212117 0.000000 2212 618 1 0 1 
2.402849 3.652217 0.000000 -3.616484 2.055415 8908.258690 0.000000 2212 619 1 0 1 
1.694181 -1.550065 0.000000 -2.437414 -1.603436 8885.346731 0.000000 2212 620 1 0 1 
1.130119 0.056963 0.000000 -1.969862 0.224018 8908.199856 0.000000 2212 621 1 0 1 
-0.358296 -0.189817 0.000000 -0.043537 0.933554 8884.701502 0.000000 2212 622 1 0 1 
-1.466516 -1.320107 0.000000 1.278942 -0.191819 8921.599495 0.000000 2212 623 1 0 1 
0.727105 -1.503575 0.000000 -1.940525 -1.530105 8878.105463 0.000000 2212 624 1 0 1 
-1.299606 -0.944559 0.000000 1.568240 -3.712498 8941.003802 0.000000 2212 625 1 0 1 
1.883384 0.049778 0.000000 -5.136931 -0.242692 8860.953511 0.000000 2212 626 1 0 1 
1.331295 -0.091079 0.000000 -0.225749 -2.021528 8913.632887 0.000000 2212 627 1 0 1 
1.013174 -1.592045 0.000000 -3.178657 -0.050273 8879.043832 0.000000 2212 628 1 0 1 
-1.721821 2.718219 0.000000 2.045334 3.514031 8854.003397 0.000000 2212 629 1 0 1 
-0.725140 0.879750 0.000000 -1.547393 0.027040 8885.201935 0.000000 2212 630 1 0 1 
1.461210 -1.068621 0.000000 -3.333240 2.822144 8854.980702 0.000000 2212 631 1 0 1 
1.492381 -0.103348 0.000000 -3.038959 -3.622765 8937.404260 0.000000 2212 632 1 0 1 
1.339356 -1.054383 0.000000 -0.408901 0.958772 8899.686562 0.000000 2212 633 1 0 1 
0.774999 -0.422204 0.000000 0.607441 1.533968 8851.924540 0.000000 2212 634 1 0 1 
-0.324846 1.001079 0.000000 1.892376 2.169002 8848.213723 0.000000 2212 635 1 0 1 
-1.954865 -0.375233 0.000000 1.771078 -2.410471 8915.699262 0.000000 2212 636 1 0 1 
-0.056475 0.376524 0.000000 1.107820 1.810562 8871.487272 0.000000 2212 637 1 0 1 
-3.381077 -0.352409 0.000000 5.803879 -0.888497 8897.091810 0.000000 2212 638 1 0 1 
2.552563 -0.864705 0.000000 -4.712270 -3.499594 8919.417548 0.000000 2212 639 1 0 1 
-2.070283 -0.843702 0.000000 3.059609 2.862296 8883.510566 0.000000 2212 640 1 0 1 
-1.408321 2.583304 0.000000 -0.446881 2.666614 8874.972179 0.000000 2212 641 1 0 1 
-1.582296 0.152467 0.000000 1.345056 -0.465361 8905.996895 0.000000 2212 642 1 0 1 
-0.862823 0.023970 0.000000 1.593580 0.729505 8864.590342 0.000000 2212 643 1 0 1 
-2.093491 1.099912 0.000000 2.497892 3.177051 8875.977423 0.000000 2212 644 1 0 1 
-0.968616 -2.372614 0.000000 -0.317730 -1.922887 8889.656352 0.000000 2212 645 1 0 1 
-2.109487 -0.564829 0.000000 3.523499 -6.679304 8943.408826 0.000000 2212 646 1 0 1 
2.428407 0.877714 0.000000 -5.157930 -0.610774 8901.666671 0.000000 2212 647 1 0 1 
-1.202152 -1.011242 0.000000 2.975523 -4.369383 8921.998192 0.000000 2212 648 1 0 1 
-0.166898 -1.145295 0.000000 -0.567169 -5.355450 8943.732833 0.000000 2212 649 1 0 1 
0.244224 -0.991651 0.000000 1.317030 -0.682642 8871.782545 0.000000 2212 650 1 0 1 
-0.733378 -0.393991 0.000000 -0.557258 0.419933 8874.495519 0.000000 2212 651 1 0 1 
1.494038 -0.298997 0.000000 -3.447785 -4.031964 8926.192104 0.000000 2212 652 1 0 1 
0.217458 -1.461752 0.000000 0.777406 -2.594479 8888.041688 0.000000 2212 653 1 0 1 
-1.675726 -0.063249 0.000000 2.466729 2.567338 8849.649428 0.000000 2212 654 1 0 1 
-0.581387 0.834970 0.000000 0.377919 4.059163 8866.655349 0.000000 2212 655 1 0 1 
-1.850270 -1.117385 0.000000 2.504557 1.123252 8862.520726 0.000000 2212 656 1 0 1 
-1.540407 0.283450 0.000000 1.595352 -1.539217 8907.798031 0.000000 2212 657 1 0 1 
-0.223468 -0.235311 0.000000 0.497632 3.127572 8822.884769 0.000000 2212 658 1 0 1 
-1.020511 1.097900 0.000000 2.645737 -0.610994 8900.650570 0.000000 2212 659 1 0 1 
0.967831 0.399484 0.000000 -2.415120 -1.050431 8895.903559 0.000000 2212 660 1 0 1 
0.848075 -1.645472 0.000000 -0.186010 -2.331087 8902.556607 0.000000 2212 661 1 0 1 
-1.286434 0.587587 0.000000 1.742871 0.180285 8885.798662 0.000000 2212 662 1 0 1 
0.779171 -0.393184 0.000000 -2.533249 0.775674 8867.801860 0.000000 2212 663 1 0 1 
2.828073 2.413583 0.000000 -5.101825 2.750947 8889.812146 0.000000 2212 664 1 0 1 
-0.991100 2.000353 0.000000 1.609557 7.606033 8841.239564 0.000000 2212 665 1 0 1 
-1.690439 -0.718737 0.000000 2.863544 0.209194 8871.408514 0.000000 2212 666 1 0 1 
-0.222857 0.399559 0.000000 -0.220073 -1.560897 8943.840160 0.000000 2212 667 1 0 1 
-0.553832 -2.875958 0.000000 -0.202448 -3.772380 8949.487711 0.000000 2212 668 1 0 1 
-0.855653 -1.102754 0.000000 3.019503 -3.028861 8933.047156 0.000000 2212 669 1 0 1 
-1.237029 0.109165 0.000000 1.506050 -2.678582 8918.593232 0.000000 2212 670 1 0 1 
0.976652 -0.141073 0.000000 0.514439 -0.966662 8923.778030 0.000000 2212 671 1 0 1 
-4.556922 -0.319970 0.000000 8.019728 -3.291615 8878.895859 0.000000 2212 672 1 0 1 
0.052792 1.455235 0.000000 -0.460094 0.932816 8855.829371 0.000000 2212 673 1 0 1 
2.533638 0.714276 0.000000 -5.198917 -0.404383 8898.569688 0.000000 2212 674 1 0 1 
-0.283589 -1.435849 0.000000 -0.220106 -7.693578 8899.399914 0.000000 2212 675 1 0 1 
-2.660491 1.709501 0.000000 4.053919 2.191686 8865.030236 0.000000 2212 676 1 0 1 
1.367541 -1.207989 0.000000 -0.802557 0.393740 8884.926688 0.000000 2212 677 1 0 1 
0.173146 1.580630 0.000000 -1.307371 2.798860 8851.986263 0.000000 2212 678 1 0 1 
-1.579900 -0.266194 0.000000 1.861459 7.012334 8840.585311 0.000000 2212 679 1 0 1 
-0.444785 0.511807 0.000000 -1.012659 -2.079353 8909.946591 0.000000 2212 680 1 0 1 
-0.776638 0.994320 0.000000 -0.232536 0.601996 8913.423866 0.000000 2212 681 1 0 1 
-0.558045 -1.316391 0.000000 0.372307 -2.005713 8868.844636 0.000000 2212 682 1 0 1 
-3.273954 -1.431442 0.000000 3.671091 -2.323362 8923.705885 0.000000 2212 683 1 0 1 
0.419925 1.045897 0.000000 -2.045904 4.169198 8857.309868 0.000000 2212 684 1 0 1 
1.204128 -0.454492 0.000000 -0.808890 -0.655247 8944.536163 0.000000 2212 685 1 0 1 
1.004590 0.352520 0.000000 -1.601787 1.548315 8917.234326 0.000000 2212 686 1 0 1 
0.519950 1.677449 0.000000 -0.026384 4.720828 8838.766449 0.000000 2212 687 1 0 1 
-3.252742 0.713068 0.000000 4.387992 -0.748068 8910.710785 0.000000 2212 688 1 0 1 
0.136604 0.060889 0.000000 -0.963751 -1.560305 8893.685018 0.000000 2212 689 1 0 1 
-3.890628 1.359149 0.000000 2.963286 4.555368 8853.027495 0.000000 2212 690 1 0 1 
0.559240 -1.841021 0.000000 -1.743538 -5.103426 8924.095058 0.000000 2212 691 1 0 1 
-0.173007 0.149778 0.000000 -1.146002 4.334321 8843.968965 0.000000 2212 692 1 0 1 
2.938970 1.737298 0.000000 -5.517609 3.743305 8860.822266 0.000000 2212 693 1 0 1 
-1.250201 -1.436754 0.000000 0.761962 -3.996312 8905.232498 0.000000 2212 694 1 0 1 
0.828811 -0.275725 0.000000 -0.563807 4.134039 8852.849785 0.000000 2212 695 1 0 1 
3.039343 -0.002848 0.000000 -2.441997 1.522285 8856.964365 0.000000 2212 696 1 0 1 
-1.198902 0.362992 0.000000 2.011011 1.373156 8857.291653 0.000000 2212 697 1 0 1 
-1.215449 -1.321919 0.000000 1.447152 -0.353667 8887.930038 0.000000 2212 698 1 0 1 
0.368228 2.028478 0.000000 -1.111473 2.705093 8878.982977 0.000000 2212 699 1 0 1 
-1.951782 -4.001386 0.000000 2.453244 -7.395919 8929.309748 0.000000 2212 700 1 0 1 
1.053747 0.958474 0.000000 -1.647241 -1.854398 8946.323244 0.000000 2212 701 1 0 1 
-0.505856 1.676764 0.000000 1.797725 6.223124 8833.812394 0.000000 2212 702 1 0 1 
2.014216 0.193869 0.000000 -4.542925 4.595036 8801.595463 0.000000 2212 703 1 0 1 
-3.857257 -2.519013 0.000000 7.566696 2.430567 8888.073582 0.000000 2212 704 1 0 1 
-3.346639 1.785046 0.000000 5.235250 -0.513284 8884.659342 0.000000 2212 705 1 0 1 
0.569952 1.497346 0.000000 -0.323711 4.288693 8891.853896 0.000000 2212 706 1 0 1 
-3.979399 -1.656582 0.000000 3.594453 -4.061921 8885.709148 0.000000 2212 707 1 0 1 
1.123927 -4.800223 0.000000 -0.476177 -8.964899 8924.737871 0.000000 2212 708 1 0 1 
-0.049067 -0.860747 0.000000 1.219253 -1.768269 8887.529110 0.000000 2212 709 1 0 1 
-1.069239 -0.662334 0.000000 1.105530 1.244756 8844.997278 0.000000 2212 710 1 0 1 
-0.121224 1.589881 0.000000 0.979916 1.435512 8893.980412 0.000000 2212 711 1 0 1 
-2.346581 1.678753 0.000000 3.132719 0.823325 8896.181453 0.000000 2212 712 1 0 1 
-1.414160 -0.213977 0.000000 -1.620356 1.092350 8893.581648 0.000000 2212 713 1 0 1 
0.029193 -0.365962 0.000000 -0.794045 3.197407 8886.141210 0.000000 2212 714 1 0 1 
0.926849 -0.366913 0.000000 -2.159382 3.428924 8850.630380 0.000000 2212 715 1 0 1 
-1.295224 -1.982583 0.000000 2.291566 -0.166243 8918.265388 0.000000 2212 716 1 0 1 
-0.094721 -0.000854 0.000000 1.520653 -5.512858 8928.849411 0.000000 2212 717 1 0 1 
2.456212 -0.459797 0.000000 -2.642903 -2.943324 8935.514026 0.000000 2212 718 1 0 1 
5.233434 -0.605356 0.000000 -8.026330 1.726260 8832.524669 0.000000 2212 719 1 0 1 
0.558269 0.318823 0.000000 -0.697092 2.049513 8854.920044 0.000000 2212 720 1 0 1 
0.598592 -1.778284 0.000000 1.516639 -1.565269 8926.044930 0.000000 2212 721 1 0 1 
-0.018830 0.075741 0.000000 -0.085356 0.824877 8856.527034 0.000000 2212 722 1 0 1 
-0.484182 0.831322 0.000000 1.581502 -0.335185 8881.099185 0.000000 2212 723 1 0 1 
1.176334 -0.680340 0.000000 -0.101941 -3.295374 8895.553411 0.000000 2212 724 1 0 1 
-3.145876 0.174721 0.000000 4.715706 0.574123 8866.019408 0.000000 2212 725 1 0 1 
1.054071 -0.346659 0.000000 -3.202873 -1.719250 8902.142865 0.000000 2212 726 1 0 1 
2.431407 0.010890 0.000000 -2.837674 -6.606756 8928.153907 0.000000 2212 727 1 0 1 
-0.738558 -1.169412 0.000000 1.429624 1.999623 8857.173780 0.000000 2212 728 1 0 1 
1.104341 -0.329697 0.000000 -1.434786 0.055214 8873.124496 0.000000 2212 729 1 0 1 
-2.628878 -0.758100 0.000000 2.902893 -0.487684 8895.619264 0.000000 2212 730 1 0 1 
1.187179 -1.196143 0.000000 -2.575470 -1.828261 8893.119803 0.000000 2212 731 1 0 1 
0.727413 1.099476 0.000000 0.010611 1.697733 8855.630119 0.000000 2212 732 1 0 1 
-2.079901 -0.264782 0.000000 3.587916 -1.808186 8891.652623 0.000000 2212 733 1 0 1 
0.289945 1.546773 0.000000 -0.390581 2.946441 8880.191089 0.000000 2212 734 1 0 1 
-1.306906 -0.601645 0.000000 1.306516 -4.046697 8924.515823 0.000000 2212 735 1 0 1 
-0.600162 -0.247953 0.000000 -0.854535 -3.397227 8930.387865 0.000000 2212 736 1 0 1 
-1.807430 0.584304 0.000000 1.764701 3.219802 8877.039773 0.000000 2212 737 1 0 1 
1.808616 1.267037 0.000000 -1.862814 4.228699 8877.452272 0.000000 2212 738 1 0 1 
1.294086 2.082545 0.000000 -0.471094 6.163268 8872.397770 0.000000 2212 739 1 0 1 
-1.395258 -1.046692 0.000000 1.883386 -1.118182 8889.248420 0.000000 2212 740 1 0 1 
1.334387 -1.441693 0.000000 -2.901477 -4.412946 8942.697079 0.000000 2212 741 1 0 1 
-0.194220 0.957856 0.000000 1.078475 0.135465 8910.671843 0.000000 2212 742 1 0 1 
-0.076853 1.163921 0.000000 0.778768 -0.527165 8899.856308 0.000000 2212 743 1 0 1 
-1.535565 1.605228 0.000000 0.102074 -1.075269 8934.052814 0.000000 2212 744 1 0 1 
0.772175 -0.395441 0.000000 -0.000604 -3.935737 8941.325946 0.000000 2212 745 1 0 1 
0.302723 2.424063 0.000000 -2.355417 4.160863 8863.547713 0.000000 2212 746 1 0 1 
0.578744 0.316697 0.000000 0.078031 2.843514 8878.685874 0.000000 2212 747 1 0 1 
-1.829750 -0.041336 0.000000 2.899712 -1.369861 8868.238833 0.000000 2212 748 1 0 1 
-0.894447 1.513840 0.000000 -0.890738 -0.217157 8858.323142 0.000000 2212 749 1 0 1 
0.323449 -0.090303 0.000000 -2.687586 -3.576835 8918.244705 0.000000 2212 750 1 0 1 
0.400144 -0.971725 0.000000 -1.776520 -1.803748 8935.751323 0.000000 2212 751 1 0 1 
4.792560 1.183462 0.000000 -7.164886 -0.161723 8902.424243 0.000000 2212 752 1 0 1 
2.042768 0.355211 0.000000 -1.679374 5.339064 8858.860789 0.000000 2212 753 1 0 1 
-0.886448 -2.164666 0.000000 1.623000 -1.038529 8918.115252 0.000000 2212 754 1 0 1 
-2.382658 -0.599724 0.000000 2.406310 -3.777798 8928.437416 0.000000 2212 755 1 0 1 
0.409728 -1.934380 0.000000 1.006610 -7.557972 8965.331671 0.000000 2212 756 1 0 1 
-0.267698 0.047112 0.000000 0.979416 -2.282228 8912.629151 0.000000 2212 757 1 0 1 
0.709619 1.207781 0.000000 1.329933 -1.112078 8953.198780 0.000000 2212 758 1 0 1 
-0.410553 0.212292 0.000000 1.307398 2.491182 8881.953040 0.000000 2212 759 1 0 1 
0.077468 1.580382 0.000000 1.288469 7.587139 8878.469959 0.000000 2212 760 1 0 1 
-0.664827 0.086107 0.000000 1.451222 1.324383 8911.098866 0.000000 2212 761 1 0 1 
0.858299 -0.081096 0.000000 -0.877533 6.616145 8862.954165 0.000000 2212 762 1 0 1 
2.544948 -0.366852 0.000000 -4.047587 -2.345810 8908.453138 0.000000 2212 763 1 0 1 
2.052378 1.077821 0.000000 -2.267689 5.448473 8831.555668 0.000000 2212 764 1 0 1 
-1.576892 -3.337888 0.000000 2.562732 -9.895108 8987.157951 0.000000 2212 765 1 0 1 
1.360503 -0.234616 0.000000 -1.219648 -1.904792 8873.500241 0.000000 2212 766 1 0 1 
-2.979365 0.138798 0.000000 3.019597 0.633604 8890.853648 0.000000 2212 767 1 0 1 
-1.350316 -0.185630 0.000000 0.567523 1.752509 8857.384255 0.000000 2212 768 1 0 1 
0.007255 0.124525 0.000000 0.217044 2.108893 8879.251261 0.000000 2212 769 1 0 1 
1.711605 2.238657 0.000000 -0.379190 -0.424058 8899.453911 0.000000 2212 770 1 0 1 
1.200812 -0.571019 0.000000 -1.027941 -3.118372 8915.178313 0.000000 2212 771 1 0 1 
1.508463 -1.615853 0.000000 -2.558615 -2.970704 8881.278247 0.000000 2212 772 1 0 1 
0.918537 0.986989 0.000000 -2.324690 4.793755 8844.676241 0.000000 2212 773 1 0 1 
-3.096741 -0.273904 0.000000 7.471915 -2.459027 8920.537907 0.000000 2212 774 1 0 1 
-0.397861 0.812391 0.000000 -1.570176 6.129257 8858.013324 0.000000 2212 775 1 0 1 
-0.236422 0.918135 0.000000 2.942684 -2.631524 8937.494573 0.000000 2212 776 1 0 1 
2.923661 -0.309871 0.000000 -3.778614 4.784194 8877.793829 0.000000 2212 777 1 0 1 
0.754897 3.090471 0.000000 -1.459537 7.579700 8832.998198 0.000000 2212 778 1 0 1 
0.248082 -3.525278 0.000000 -1.657094 -5.234545 8936.374789 0.000000 2212 779 1 0 1 
0.520955 -1.281365 0.000000 -0.413318 -1.665940 8911.546431 0.000000 2212 780 1 0 1 
-0.638413 -1.456028 0.000000 0.721368 -1.162620 8923.130068 0.000000 2212 781 1 0 1 
1.996911 0.239277 0.000000 -2.614455 -2.596434 8912.192312 0.000000 2212 782 1 0 1 
1.208275 0.520312 0.000000 -2.447840 4.524765 8859.717250 0.000000 2212 783 1 0 1 
0.684644 -0.631026 0.000000 -0.346239 -2.122962 8880.944745 0.000000 2212 784 1 0 1 
-1.450065 0.094925 0.000000 2.949390 -0.997539 8882.656444 0.000000 2212 785 1 0 1 
-1.368591 0.621806 0.000000 1.140808 3.763731 8860.369449 0.000000 2212 786 1 0 1 
-0.513062 -0.266617 0.000000 -1.395698 -3.038795 8924.902520 0.000000 2212 787 1 0 1 
-1.908577 0.050712 0.000000 1.646716 -0.636520 8898.089653 0.000000 2212 788 1 0 1 
-2.104968 -0.383767 0.000000 2.555577 1.997577 8887.860011 0.000000 2212 789 1 0 1 
3.304155 -0.151476 0.000000 -8.995156 -1.529007 8907.616240 0.000000 2212 790 1 0 1 
-0.378455 0.148027 0.000000 0.680512 -1.503322 8899.794682 0.000000 2212 791 1 0 1 
0.185966 1.873892 0.000000 1.721009 1.737005 8874.977514 0.000000 2212 792 1 0 1 
3.853027 0.393810 0.000000 -3.026536 -2.429239 8903.959312 0.000000 2212 793 1 0 1 
-0.106548 0.288740 0.000000 0.121092 -0.793834 8900.996595 0.000000 2212 794 1 0 1 
-1.166251 -0.344087 0.000000 3.843601 -5.398099 8903.414606 0.000000 2212 795 1 0 1 
5.159737 -0.198344 0.000000 -7.144375 1.856033 8895.072879 0.000000 2212 796 1 0 1 
1.025516 0.861175 0.000000 -2.766788 1.901097 8907.758292 0.000000 2212 797 1 0 1 
1.535381 1.908374 0.000000 -2.282278 -1.170304 8874.928851 0.000000 2212 798 1 0 1 
2.001481 -0.681584 0.000000 -3.000722 5.487750 8843.832093 0.000000 2212 799 1 0 1 
-0.100326 0.832022 0.000000 0.228389 4.104926 8865.532935 0.000000 2212 800 1 0 1 
1.533550 0.549329 0.000000 -3.448024 -0.907797 8905.530034 0.000000 2212 801 1 0 1 
1.238921 -0.143602 0.000000 -3.462319 -1.441733 8871.809387 0.000000 2212 802 1 0 1 
-0.376234 0.575348 0.000000 -0.613022 2.375539 8872.457621 0.000000 2212 803 1 0 1 
-0.824921 1.814102 0.000000 1.032085 -1.974183 8936.560162 0.000000 2212 804 1 0 1 
-0.891955 0.890826 0.000000 0.440473 0.227610 8900.414941 0.000000 2212 805 1 0 1 
-0.063421 1.027498 0.000000 -0.968184 4.286366 8870.671482 0.000000 2212 806 1 0 1 
2.925929 0.116643 0.000000 -2.183831 1.085519 8901.146574 0.000000 2212 807 1 0 1 
-2.296798 1.061524 0.000000 3.484435 5.395414 8847.877124 0.000000 2212 808 1 0 1 
3.070665 -1.160141 0.000000 -4.451406 -2.351468 8911.904315 0.000000 2212 809 1 0 1 
-1.573486 0.037617 0.000000 2.799431 -2.103929 8873.135500 0.000000 2212 810 1 0 1 
1.233169 -0.323991 0.000000 -4.046322 -1.325001 8880.241351 0.000000 2212 811 1 0 1 
-1.578396 -0.132316 0.000000 2.558887 0.021140 8901.127442 0.000000 2212 812 1 0 1 
-0.878496 0.433990 0.000000 2.820906 -0.624380 8875.845121 0.000000 2212 813 1 0 1 
-3.505635 0.997407 0.000000 5.941192 4.017204 8852.568322 0.000000 2212 814 1 0 1 
-0.666526 1.707908 0.000000 1.945082 -0.208911 8880.120385 0.000000 2212 815 1 0 1 
1.199881 -0.064837 0.000000 -0.220460 0.429508 8873.538199 0.000000 2212 816 1 0 1 
-0.763971 -1.990001 0.000000 2.183070 -6.548085 8922.361346 0.000000 2212 817 1 0 1 
1.909478 -0.307006 0.000000 -1.558609 -2.598880 8897.213940 0.000000 2212 818 1 0 1 
-0.260589 -0.462783 0.000000 -0.886936 -6.156415 8927.196793 0.000000 2212 819 1 0 1 
1.757702 1.240047 0.000000 -1.935583 -1.711536 8914.462481 0.000000 2212 820 1 0 1 
0.095452 0.433638 0.000000 -0.039520 0.018475 8891.273940 0.000000 2212 821 1 0 1 
0.103370 -1.279756 0.000000 1.361318 -1.053596 8909.484786 0.000000 2212 822 1 0 1 
2.429783 -2.997720 0.000000 -4.816150 -3.716583 8881.697875 0.000000 2212 823 1 0 1 
-1.652008 0.372014 0.000000 4.437461 -1.722475 8868.010460 0.000000 2212 824 1 0 1 
1.379856 -0.485125 0.000000 -1.748263 4.833619 8865.431958 0.000000 2212 825 1 0 1 
0.935178 -1.035533 0.000000 -1.351700 -2.593830 8865.985124 0.000000 2212 826 1 0 1 
-1.644073 0.170917 0.000000 2.452552 -3.423176 8908.490901 0.000000 2212 827 1 0 1 
-2.706632 2.224496 0.000000 5.917693 2.751103 8870.895291 0.000000 2212 828 1 0 1 
2.010284 1.022368 0.000000 -1.804166 -3.109234 8919.123378 0.000000 2212 829 1 0 1 
-1.198034 1.635482 0.000000 2.136133 3.450595 8868.021640 0.000000 2212 830 1 0 1 
-0.275987 1.691994 0.000000 0.257968 5.276058 8877.719363 0.000000 2212 831 1 0 1 
1.033644 -0.235981 0.000000 -2.926857 -0.270020 8873.537025 0.000000 2212 832 1 0 1 
-0.472711 0.573566 0.000000 -0.161959 5.276924 8852.727251 0.000000 2212 833 1 0 1 
0.858748 1.523613 0.000000 0.013840 3.578958 8850.554229 0.000000 2212 834 1 0 1 
0.928713 -1.076108 0.000000 0.821474 -4.224702 8900.959647 0.000000 2212 835 1 0 1 
-2.058965 -0.210281 0.000000 2.275629 0.018372 8878.112721 0.000000 2212 836 1 0 1 
-0.210731 0.544477 0.000000 -2.074811 -1.200259 8906.653742 0.000000 2212 837 1 0 1 
0.601139 -0.444838 0.000000 -2.284541 -1.469696 8897.161263 0.000000 2212 838 1 0 1 
-1.382198 2.513266 0.000000 2.971263 5.908110 8846.666466 0.000000 2212 839 1 0 1 
1.372180 -0.768537 0.000000 -1.235838 -5.746813 8932.366216 0.000000 2212 840 1 0 1 
-2.300800 -0.344137 0.000000 2.637469 -1.498543 8890.944955 0.000000 2212 841 1 0 1 
0.559445 -0.495387 0.000000 -3.710068 1.066625 8846.423051 0.000000 2212 842 1 0 1 
0.239445 1.113383 0.000000 0.446524 -3.462260 8911.981100 0.000000 2212 843 1 0 1 
-0.670110 -2.007909 0.000000 -0.153407 -1.574358 8889.095193 0.000000 2212 844 1 0 1 
-2.261517 -0.945723 0.000000 4.778378 -3.116093 8948.993124 0.000000 2212 845 1 0 1 
0.251382 -2.973788 0.000000 1.490340 -0.575221 8931.943403 0.000000 2212 846 1 0 1 
-2.572974 0.160468 0.000000 1.899317 6.067717 8861.443274 0.000000 2212 847 1 0 1 
-0.775966 2.744718 0.000000 3.969262 6.233281 8850.187418 0.000000 2212 848 1 0 1 
-3.491858 -0.273826 0.000000 4.403003 -5.274612 8935.126518 0.000000 2212 849 1 0 1 
0.522728 -0.410553 0.000000 -0.393466 -0.786827 8903.849121 0.000000 2212 850 1 0 1 
0.926224 1.619961 0.000000 -1.372972 -0.962834 8889.851505 0.000000 2212 851 1 0 1 
-2.048590 -1.188592 0.000000 2.804990 -3.358261 8866.887345 0.000000 2212 852 1 0 1 
-1.038002 -0.768845 0.000000 1.209408 -3.400429 8896.332016 0.000000 2212 853 1 0 1 
1.191861 -1.467944 0.000000 -0.153461 -0.811077 8900.855845 0.000000 2212 854 1 0 1 
-0.312723 -0.786801 0.000000 -0.041946 1.874759 8889.640953 0.000000 2212 855 1 0 1 
0.190142 -1.279792 0.000000 -0.459925 -1.639364 8898.142031 0.000000 2212 856 1 0 1 
-0.229871 0.048916 0.000000 1.489263 -2.053791 8891.494801 0.000000 2212 857 1 0 1 
0.118654 -0.970218 0.000000 -0.457772 -0.037484 8901.229144 0.000000 2212 858 1 0 1 
1.546175 0.276699 0.000000 -0.532700 -2.870868 8934.771635 0.000000 2212 859 1 0 1 
5.421611 -0.555869 0.000000 -7.126435 -5.844535 8926.858437 0.000000 2212 860 1 0 1 
-1.527672 0.698073 0.000000 2.521422 -3.347052 8906.398408 0.000000 2212 861 1 0 1 
-1.657256 0.461514 0.000000 0.384674 -0.802215 8902.901288 0.000000 2212 862 1 0 1 
0.538042 -0.784764 0.000000 1.512356 -2.144596 8917.970895 0.000000 2212 863 1 0 1 
1.728585 0.371063 0.000000 -3.792575 -0.857206 8886.086065 0.000000 2212 864 1 0 1 
1.470303 -1.860504 0.000000 -3.507784 -3.230214 8930.664966 0.000000 2212 865 1 0 1 
0.052339 -0.910836 0.000000 -1.845249 -2.815442 8885.201024 0.000000 2212 866 1 0 1 
-2.896737 -1.839015 0.000000 2.128916 -0.298192 8873.044572 0.000000 2212 867 1 0 1 
-0.763847 1.431625 0.000000 -1.080800 -0.024013 8884.552070 0.000000 2212 868 1 0 1 
0.090092 -0.851946 0.000000 -0.053838 1.826923 8883.961045 0.000000 2212 869 1 0 1 
0.145365 -0.511808 0.000000 0.071923 -3.312618 8920.160022 0.000000 2212 870 1 0 1 
-0.339327 -0.700173 0.000000 -0.535359 -4.940576 8946.586636 0.000000 2212 871 1 0 1 
-1.382871 -0.121952 0.000000 0.933765 -1.348275 8880.109802 0.000000 2212 872 1 0 1 
2.199476 1.600504 0.000000 -2.124974 2.473916 8890.732081 0.000000 2212 873 1 0 1 
-2.333613 -1.606484 0.000000 1.962468 0.470772 8891.798663 0.000000 2212 874 1 0 1 
-1.200274 0.285395 0.000000 2.657867 0.561003 8871.239135 0.000000 2212 875 1 0 1 
1.170675 -1.327894 0.000000 -2.529807 -4.190434 8905.591500 0.000000 2212 876 1 0 1 
-2.128720 0.286999 0.000000 4.165208 -2.027527 8886.326743 0.000000 2212 877 1 0 1 
-0.611940 0.205333 0.000000 2.352782 -0.170749 8904.062720 0.000000 2212 878 1 0 1 
0.728658 2.076172 0.000000 0.319156 3.365516 8898.684225 0.000000 2212 879 1 0 1 
2.283807 -1.022714 0.000000 -1.710394 0.526400 8861.415539 0.000000 2212 880 1 0 1 
0.854166 -1.267345 0.000000 -2.011228 1.659837 8900.778097 0.000000 2212 881 1 0 1 
-1.368472 0.199824 0.000000 2.654362 -0.485281 8923.156674 0.000000 2212 882 1 0 1 
-2.060197 -0.770349 0.000000 4.287949 -3.461346 8902.413466 0.000000 2212 883 1 0 1 
1.803806 -1.254802 0.000000 -1.693118 -4.583994 8942.388526 0.000000 2212 884 1 0 1 
-1.412640 0.104972 0.000000 0.822801 -1.197175 8927.807359 0.000000 2212 885 1 0 1 
3.324281 2.343340 0.000000 -5.505085 4.618865 8859.382557 0.000000 2212 886 1 0 1 
2.566432 -0.259994 0.000000 -2.375023 -0.630856 8910.018541 0.000000 2212 887 1 0 1 
2.366480 -2.129051 0.000000 -2.622629 -5.559982 8927.986612 0.000000 2212 888 1 0 1 
-1.685788 -0.710677 0.000000 2.810791 -3.450493 8918.498154 0.000000 2212 889 1 0 1 
0.013010 -1.536778 0.000000 -0.908256 3.191087 8855.652919 0.000000 2212 890 1 0 1 
0.513985 0.009884 0.000000 -1.929724 -1.491622 8897.382538 0.000000 2212 891 1 0 1 
-1.187155 1.189962 0.000000 2.622319 2.795922 8839.584500 0.000000 2212 892 1 0 1 
-2.293234 -1.117519 0.000000 4.269113 -5.122473 8945.136928 0.000000 2212 893 1 0 1 
-0.480277 1.079428 0.000000 0.455810 5.574614 8853.061223 0.000000 2212 894 1 0 1 
0.336911 -0.642693 0.000000 0.605093 2.362540 8881.049442 0.000000 2212 895 1 0 1 
2.430607 -1.404114 0.000000 -4.247094 -3.133079 8904.525360 0.000000 2212 896 1 0 1 
-1.048783 -0.827412 0.000000 0.151162 -2.099097 8882.119989 0.000000 2212 897 1 0 1 
-3.300332 -0.096985 0.000000 5.521070 -5.290680 8952.625929 0.000000 2212 898 1 0 1 
1.660231 1.646299 0.000000 -3.875432 5.182374 8812.574013 0.000000 2212 899 1 0 1 
-0.944976 0.735914 0.000000 -1.304948 -3.241493 8949.384557 0.000000 2212 900 1 0 1 
-0.078808 1.638989 0.000000 0.654635 0.546951 8886.861615 0.000000 2212 901 1 0 1 
-4.633485 0.347050 0.000000 6.971568 -0.532744 8897.138804 0.000000 2212 902 1 0 1 
-0.898233 0.345978 0.000000 -0.461994 -0.306526 8891.717225 0.000000 2212 903 1 0 1 
-1.475931 0.899024 0.000000 1.256340 -0.703369 8907.667232 0.000000 2212 904 1 0 1 
1.480433 0.203140 0.000000 -2.684864 0.426306 8891.686772 0.000000 2212 905 1 0 1 
2.175089 3.366567 0.000000 -2.875614 7.046693 8872.033642 0.000000 2212 906 1 0 1 
3.836378 -0.609235 0.000000 -4.649890 -0.098672 8938.704952 0.000000 2212 907 1 0 1 
-4.194422 1.309267 0.000000 6.596295 1.974742 8851.607161 0.000000 2212 908 1 0 1 
-3.156637 -1.324396 0.000000 6.329720 -1.390455 8902.264529 0.000000 2212 909 1 0 1 
1.878001 -0.653466 0.000000 -2.780992 -5.771086 8905.043757 0.000000 2212 910 1 0 1 
-1.694574 -0.142039 0.000000 1.904188 -0.602054 8894.386361 0.000000 2212 911 1 0 1 
0.467201 -1.026780 0.000000 -0.797988 -0.028086 8899.253092 0.000000 2212 912 1 0 1 
-2.925052 -0.388121 0.000000 4.041802 -3.034038 8934.541472 0.000000 2212 913 1 0 1 
0.350211 -1.327054 0.000000 1.058058 -1.605962 8900.385804 0.000000 2212 914 1 0 1 
-1.311889 -1.121291 0.000000 0.854327 -2.263267 8891.171344 0.000000 2212 915 1 0 1 
-0.986054 -0.771983 0.000000 1.779513 -3.243096 8903.851339 0.000000 2212 916 1 0 1 
-0.982455 -0.814314 0.000000 3.617676 -3.109085 8932.062855 0.000000 2212 917 1 0 1 
0.894051 -1.888208 0.000000 -0.129887 -1.643549 8893.756731 0.000000 2212 918 1 0 1 
2.105595 -0.581639 0.000000 -3.763444 -1.273372 8908.088794 0.000000 2212 919 1 0 1 
-0.161828 1.257838 0.000000 -1.002977 2.167675 8902.411875 0.000000 2212 920 1 0 1 
-3.050457 0.193601 0.000000 4.237209 1.739762 8865.205303 0.000000 2212 921 1 0 1 
0.681834 0.051710 0.000000 0.524765 -5.130029 8960.154341 0.000000 2212 922 1 0 1 
2.980027 -0.172830 0.000000 -5.375285 0.512420 8855.883102 0.000000 2212 923 1 0 1 
1.437915 -0.696307 0.000000 -1.071613 -3.349245 8922.383776 0.000000 2212 924 1 0 1 
2.790534 0.615058 0.000000 -4.706221 -0.196509 8841.071134 0.000000 2212 925 1 0 1 
4.128920 0.912136 0.000000 -5.181005 2.208229 8838.971811 0.000000 2212 926 1 0 1 
-3.182517 -0.797152 0.000000 6.446035 -0.257433 8918.631401 0.000000 2212 927 1 0 1 
-0.481849 -0.567852 0.000000 1.638636 -2.350083 8826.840446 0.000000 2212 928 1 0 1 
2.784938 -0.800317 0.000000 -3.029055 -3.459759 8920.105169 0.000000 2212 929 1 0 1 
0.303663 3.122787 0.000000 -3.949351 3.624530 8845.316580 0.000000 2212 930 1 0 1 
-1.116764 -0.611238 0.000000 0.695444 3.080042 8871.238159 0.000000 2212 931 1 0 1 
0.307490 -0.638195 0.000000 -1.265451 -1.389136 8897.921642 0.000000 2212 932 1 0 1 
0.863953 -0.154499 0.000000 0.350927 -3.723657 8924.038475 0.000000 2212 933 1 0 1 
1.914901 -0.156784 0.000000 -0.814785 -2.037371 8899.349710 0.000000 2212 934 1 0 1 
1.310571 -0.235960 0.000000 -2.462773 1.842543 8879.249304 0.000000 2212 935 1 0 1 
0.927743 0.864725 0.000000 -2.575130 3.446847 8811.126456 0.000000 2212 936 1 0 1 
0.318457 1.325484 0.000000 -1.296709 4.582530 8870.477966 0.000000 2212 937 1 0 1 
-1.162375 -1.802600 0.000000 4.897447 -3.282804 8946.308391 0.000000 2212 938 1 0 1 
-2.532090 3.623543 0.000000 1.416581 6.247697 8839.853428 0.000000 2212 939 1 0 1 
0.826001 0.034296 0.000000 -2.137916 2.410208 8863.602487 0.000000 2212 940 1 0 1 
-2.592916 0.121606 0.000000 3.962338 -0.371671 8920.614634 0.000000 2212 941 1 0 1 
0.993224 -1.349672 0.000000 0.395406 -4.603524 8937.394106 0.000000 2212 942 1 0 1 
0.555187 2.494221 0.000000 -1.693079 5.436698 8858.413653 0.000000 2212 943 1 0 1 
1.088241 0.188728 0.000000 -1.409954 -1.869662 8882.442241 0.000000 2212 944 1 0 1 
-0.057405 1.132742 0.000000 0.220375 3.249726 8867.060239 0.000000 2212 945 1 0 1 
-3.469092 -0.403452 0.000000 5.338087 0.314069 8913.708265 0.000000 2212 946 1 0 1 
-2.675681 -0.750060 0.000000 5.767137 1.477159 8894.330689 0.000000 2212 947 1 0 1 
2.689062 -2.201522 0.000000 -4.777663 -3.777193 8907.204373 0.000000 2212 948 1 0 1 
2.382642 2.328136 0.000000 -4.316622 -0.280808 8898.038204 0.000000 2212 949 1 0 1 
-1.408106 -2.369063 0.000000 3.096479 -0.710573 8912.794191 0.000000 2212 950 1 0 1 
-0.093364 -0.526098 0.000000 3.191435 -1.783352 8928.000893 0.000000 2212 951 1 0 1 
-1.578937 -1.037917 0.000000 0.511287 -4.271024 8905.875686 0.000000 2212 952 1 0 1 
-0.210998 -0.921678 0.000000 0.063651 -1.006887 8938.223670 0.000000 2212 953 1 0 1 
-0.588797 1.111860 0.000000 -0.376523 3.433375 8862.049174 0.000000 2212 954 1 0 1 
-0.612679 0.243292 0.000000 -0.304595 -1.474478 8892.647837 0.000000 2212 955 1 0 1 
-0.419399 -0.039732 0.000000 0.477804 -2.189897 8876.097842 0.000000 2212 956 1 0 1 
3.240708 0.212495 0.000000 -4.375736 5.415923 8844.550051 0.000000 2212 957 1 0 1 
-1.718330 0.814929 0.000000 3.124838 -2.206689 8890.959134 0.000000 2212 958 1 0 1 
2.586218 0.320138 0.000000 -4.198529 2.109677 8882.946989 0.000000 2212 959 1 0 1 
0.326836 -0.114660 0.000000 -0.133745 0.290647 8899.802312 0.000000 2212 960 1 0 1 
-4.292955 0.592942 0.000000 3.175472 3.519468 8861.256411 0.000000 2212 961 1 0 1 
0.001078 -0.330373 0.000000 -0.811126 1.467152 8894.257647 0.000000 2212 962 1 0 1 
0.509980 0.476333 0.000000 0.080919 0.241326 8887.061631 0.000000 2212 963 1 0 1 
0.187474 0.334901 0.000000 -0.500917 -0.289136 8910.273815 0.000000 2212 964 1 0 1 
0.284914 3.381464 0.000000 0.439259 3.741926 8839.009112 0.000000 2212 965 1 0 1 
0.291476 0.938446 0.000000 -1.443752 -1.550916 8924.309344 0.000000 2212 966 1 0 1 
-0.634866 -1.372127 0.000000 1.095479 -4.594071 8906.739492 0.000000 2212 967 1 0 1 
0.027203 2.131299 0.000000 -0.183203 4.076155 8856.546107 0.000000 2212 968 1 0 1 
0.327399 2.187205 0.000000 -0.695958 3.877285 8845.353841 0.000000 2212 969 1 0 1 
0.461006 2.134668 0.000000 -0.805724 5.710695 8838.569367 0.000000 2212 970 1 0 1 
-2.400385 -0.798035 0.000000 1.177114 -1.413793 8844.218314 0.000000 2212 971 1 0 1 
-2.183854 1.239154 0.000000 4.103156 3.345308 8897.757392 0.000000 2212 972 1 0 1 
-2.728385 -0.849932 0.000000 3.124527 2.388762 8878.926476 0.000000 2212 973 1 0 1 
-0.356407 0.952506 0.000000 -0.814864 -0.024850 8884.044039 0.000000 2212 974 1 0 1 
1.108561 1.619270 0.000000 -0.067074 0.313304 8920.481090 0.000000 2212 975 1 0 1 
2.102085 -0.462998 0.000000 -2.067603 -4.560852 8918.455379 0.000000 2212 976 1 0 1 
1.172517 0.659030 0.000000 -3.365086 5.063597 8820.954400 0.000000 2212 977 1 0 1 
-0.437210 2.317123 0.000000 0.734684 2.539635 8890.479627 0.000000 2212 978 1 0 1 
1.176634 -0.539177 0.000000 -1.942721 -0.259032 8886.171465 0.000000 2212 979 1 0 1 
1.584108 1.414013 0.000000 -2.029512 3.701168 8844.172259 0.000000 2212 980 1 0 1 
-1.862034 1.490323 0.000000 4.529952 7.273312 8867.946845 0.000000 2212 981 1 0 1 
0.428587 0.132802 0.000000 0.498144 -1.372682 8930.912641 0.000000 2212 982 1 0 1 
1.437319 -0.672886 0.000000 -1.796029 4.021005 8851.420185 0.000000 2212 983 1 0 1 
-3.393688 -3.262199 0.000000 6.109543 -7.129489 8920.233442 0.000000 2212 984 1 0 1 
-2.783741 -0.639918 0.000000 6.104435 3.015515 8863.098033 0.000000 2212 985 1 0 1 
1.472496 -0.084844 0.000000 -2.589997 0.680834 8876.247913 0.000000 2212 986 1 0 1 
1.933505 -1.555614 0.000000 -3.063603 -4.895487 8910.266553 0.000000 2212 987 1 0 1 
2.350683 -0.410956 0.000000 -2.947638 0.570531 8938.609593 0.000000 2212 988 1 0 1 
-0.428174 0.113112 0.000000 1.260177 -5.641174 8948.291845 0.000000 2212 989 1 0 1 
0.393322 -0.443881 0.000000 -1.254054 5.697723 8832.536277 0.000000 2212 990 1 0 1 
-0.224042 -0.801220 0.000000 -3.857185 -1.671447 8898.813196 0.000000 2212 991 1 0 1 
3.095297 -0.555189 0.000000 -4.445544 -4.039783 8906.398062 0.000000 2212 992 1 0 1 
-0.212482 -1.419553 0.000000 1.407740 0.375126 8877.716904 0.000000 2212 993 1 0 1 
0.706511 -0.486561 0.000000 -3.753949 3.183067 8843.785943 0.000000 2212 994 1 0 1 
0.940991 0.082377 0.000000 -2.098607 4.780082 8850.809399 0.000000 2212 995 1 0 1 
3.126332 -0.251553 0.000000 -4.734096 -3.743280 8954.931377 0.000000 2212 996 1 0 1 
0.005973 -0.363658 0.000000 -0.608119 0.478161 8900.851467 0.000000 2212 997 1 0 1 
-0.800633 0.346450 0.000000 2.174778 -1.624785 8884.186292 0.000000 2212 998 1 0 1 
1.161759 -0.830783 0.000000 -1.253136 -3.450275 8915.987592 0.000000 2212 999 1 0 1 
3.515800 0.361058 0.000000 -5.362688 -0.991614 8885.327002 0.000000 2212 1000 1 0 1 
0.203470 2.252119 0.000000 0.935810 6.375354 8814.597331 0.000000 2212 1001 1 0 1 
-2.307199 0.367702 0.000000 3.187988 -0.495331 8886.404472 0.000000 2212 1002 1 0 1 
1.587736 1.038519 0.000000 -1.960195 1.574382 8866.266812 0.000000 2212 1003 1 0 1 
2.823254 -1.768214 0.000000 -3.738727 0.876957 8882.385149 0.000000 2212 1004 1 0 1 
-0.473226 1.438371 0.000000 2.837845 -4.609569 8901.724689 0.000000 2212 1005 1 0 1 
0.435413 -0.757903 0.000000 1.800835 -3.599304 8916.140091 0.000000 2212 1006 1 0 1 
-0.627769 0.594500 0.000000 5.650132 -2.216119 8942.512867 0.000000 2212 1007 1 0 1 
1.848072 1.791374 0.000000 -2.762053 2.550580 8830.452505 0.000000 2212 1008 1 0 1 
-1.694334 -0.606154 0.000000 4.491776 -1.176211 8944.413854 0.000000 2212 1009 1 0 1 
0.367618 -0.104930 0.000000 0.640801 -2.708838 8919.083919 0.000000 2212 1010 1 0 1 
-0.736832 1.889869 0.000000 -0.846468 3.209101 8884.942600 0.000000 2212 1011 1 0 1 
3.738174 0.989766 0.000000 -5.406356 -0.269723 8905.114226 0.000000 2212 1012 1 0 1 
-0.567444 -1.283993 0.000000 0.215291 -4.570806 8887.643614 0.000000 2212 1013 1 0 1 
0.215215 -0.748322 0.000000 -0.061857 -5.517089 8968.167526 0.000000 2212 1014 1 0 1 
-3.268267 -0.233274 0.000000 4.421716 3.339875 8855.151425 0.000000 2212 1015 1 0 1 
-0.188250 0.409595 0.000000 1.679126 -3.437102 8911.188135 0.000000 2212 1016 1 0 1 
-0.436270 -0.121122 0.000000 0.640196 -2.527414 8939.182989 0.000000 2212 1017 1 0 1 
0.456519 0.047625 0.000000 -2.562826 -4.241036 8872.428183 0.000000 2212 1018 1 0 1 
2.650419 -1.534621 0.000000 -5.319121 -3.893649 8903.333883 0.000000 2212 1019 1 0 1 
-1.738336 0.500398 0.000000 0.796281 4.084048 8823.864041 0.000000 2212 1020 1 0 1 
1.293161 -0.694677 0.000000 -1.827080 -5.407567 8956.040129 0.000000 2212 1021 1 0 1 
1.296707 0.941043 0.000000 -3.977675 5.932495 8824.858295 0.000000 2212 1022 1 0 1 
-1.686157 1.941134 0.000000 1.687242 4.284452 8826.734625 0.000000 2212 1023 1 0 1 
1.664892 1.614569 0.000000 -0.601115 -0.839247 8947.003919 0.000000 2212 1024 1 0 1 
1.934688 -1.031689 0.000000 -3.579948 -4.326448 8905.477331 0.000000 2212 1025 1 0 1 
3.078075 -1.662328 0.000000 -5.375038 -2.140153 8910.897770 0.000000 2212 1026 1 0 1 
-0.482851 -0.728762 0.000000 2.805330 -0.300086 8864.759011 0.000000 2212 1027 1 0 1 
0.072054 2.108611 0.000000 0.529562 3.306179 8852.817766 0.000000 2212 1028 1 0 1 
-1.113068 -0.477591 0.000000 1.715550 0.262416 8916.139905 0.000000 2212 1029 1 0 1 
-0.369914 -0.254411 0.000000 2.282662 -4.639572 8957.966549 0.000000 2212 1030 1 0 1 
-0.295682 0.796294 0.000000 0.912441 0.227941 8897.061065 0.000000 2212 1031 1 0 1 
-0.427113 -1.777651 0.000000 0.977053 -2.969477 8888.534863 0.000000 2212 1032 1 0 1 
-0.922354 -0.677014 0.000000 0.768410 -0.100018 8901.383363 0.000000 2212 1033 1 0 1 
0.436216 -1.399549 0.000000 -2.419993 -4.559939 8933.733602 0.000000 2212 1034 1 0 1 
0.814607 -0.806557 0.000000 -1.850088 -1.876314 8920.922115 0.000000 2212 1035 1 0 1 
-0.696759 0.004590 0.000000 1.839171 1.867470 8899.363312 0.000000 2212 1036 1 0 1 
-0.531265 0.825248 0.000000 2.094689 0.178748 8899.438644 0.000000 2212 1037 1 0 1 
1.705304 1.482839 0.000000 -2.593798 5.002454 8858.368617 0.000000 2212 1038 1 0 1 
1.731371 -0.453544 0.000000 -3.595603 -1.464808 8895.707871 0.000000 2212 1039 1 0 1 
1.439490 0.074381 0.000000 -2.378275 2.749527 8834.085955 0.000000 2212 1040 1 0 1 
-1.471442 0.988251 0.000000 3.317333 1.965514 8855.962523 0.000000 2212 1041 1 0 1 
1.779149 -1.372224 0.000000 -2.239352 -0.803387 8859.135872 0.000000 2212 1042 1 0 1 
-1.762646 -2.105213 0.000000 3.455704 -1.717182 8878.810903 0.000000 2212 1043 1 0 1 
-0.892580 -1.095340 0.000000 1.009259 -1.171468 8879.947964 0.000000 2212 1044 1 0 1 
3.611269 -0.511940 0.000000 -4.737359 0.474856 8839.840165 0.000000 2212 1045 1 0 1 
1.691873 0.601959 0.000000 -1.970571 -3.420320 8954.439029 0.000000 2212 1046 1 0 1 
0.840412 -0.232242 0.000000 -2.474581 2.357260 8871.003554 0.000000 2212 1047 1 0 1 
0.964165 -0.582845 0.000000 -1.186018 -0.432026 8894.504802 0.000000 2212 1048 1 0 1 
-2.430771 -0.227118 0.000000 4.317089 -1.132825 8858.738637 0.000000 2212 1049 1 0 1 
3.455025 -1.064281 0.000000 -4.633699 -6.503263 8966.410763 0.000000 2212 1050 1 0 1 
-1.367325 0.199959 0.000000 2.823662 -2.582478 8895.867024 0.000000 2212 1051 1 0 1 
-2.896090 0.195523 0.000000 5.308966 -0.927943 8942.262159 0.000000 2212 1052 1 0 1 
1.117668 1.295806 0.000000 -0.996871 -0.125882 8881.360318 0.000000 2212 1053 1 0 1 
1.551389 1.787137 0.000000 -2.446984 4.401570 8881.326718 0.000000 2212 1054 1 0 1 
-5.030266 2.469438 0.000000 7.082168 2.121347 8888.536157 0.000000 2212 1055 1 0 1 
-0.308587 2.693009 0.000000 1.904465 0.974678 8879.994223 0.000000 2212 1056 1 0 1 
-0.997150 -1.542052 0.000000 3.144861 -5.711913 8959.827072 0.000000 2212 1057 1 0 1 
1.071402 -0.639851 0.000000 0.413484 -1.843222 8928.013467 0.000000 2212 1058 1 0 1 
0.437657 0.887712 0.000000 -2.172913 -2.514547 8911.968381 0.000000 2212 1059 1 0 1 
-0.322327 0.750722 0.000000 0.532273 -0.011873 8891.221212 0.000000 2212 1060 1 0 1 
0.113663 -1.587543 0.000000 -1.192654 -2.413447 8872.415103 0.000000 2212 1061 1 0 1 
0.693342 0.950314 0.000000 -1.394651 3.407687 8853.238999 0.000000 2212 1062 1 0 1 
-1.954750 -1.076630 0.000000 0.978119 -1.258295 8902.042960 0.000000 2212 1063 1 0 1 
2.346184 1.542816 0.000000 -4.849367 1.065296 8916.142340 0.000000 2212 1064 1 0 1 
0.880370 -0.102954 0.000000 1.156300 1.953057 8844.404641 0.000000 2212 1065 1 0 1 
3.440743 -0.536185 0.000000 -5.981818 3.633197 8815.313940 0.000000 2212 1066 1 0 1 
-2.134504 1.426351 0.000000 2.113932 0.144917 8907.298689 0.000000 2212 1067 1 0 1 
-1.401663 1.057274 0.000000 1.960001 4.869727 8868.480954 0.000000 2212 1068 1 0 1 
-1.299564 -1.780597 0.000000 2.032330 -3.217006 8901.032221 0.000000 2212 1069 1 0 1 
0.836591 -2.005489 0.000000 -0.372708 -3.179696 8873.697767 0.000000 2212 1070 1 0 1 
-1.325641 1.663099 0.000000 1.848099 -4.155864 8946.624668 0.000000 2212 1071 1 0 1 
-1.154697 -1.551557 0.000000 1.359872 -3.242056 8868.906340 0.000000 2212 1072 1 0 1 
4.115728 2.088416 0.000000 -6.035569 3.064144 8867.015776 0.000000 2212 1073 1 0 1 
1.433092 -1.821578 0.000000 -1.867143 -1.653649 8888.894463 0.000000 2212 1074 1 0 1 
-1.571556 -1.395585 0.000000 3.428250 -3.011273 8902.537869 0.000000 2212 1075 1 0 1 
2.843050 -1.644085 0.000000 -2.617799 -3.233224 8918.709684 0.000000 2212 1076 1 0 1 
-1.417448 -1.335241 0.000000 2.115409 -4.250263 8949.285881 0.000000 2212 1077 1 0 1 
-0.115868 -2.289793 0.000000 0.359139 -4.368510 8931.175118 0.000000 2212 1078 1 0 1 
-0.545136 0.217249 0.000000 1.139756 -4.914110 8884.627006 0.000000 2212 1079 1 0 1 
-2.718675 -0.863127 0.000000 4.419032 -1.886512 8908.348667 0.000000 2212 1080 1 0 1 
3.150773 0.499412 0.000000 -5.179792 -1.810865 8924.434729 0.000000 2212 1081 1 0 1 
0.729056 -0.398598 0.000000 -1.581099 -3.504081 8882.237251 0.000000 2212 1082 1 0 1 
1.122555 -2.319953 0.000000 -0.468142 -1.534613 8878.684461 0.000000 2212 1083 1 0 1 
-2.484204 0.384198 0.000000 2.749985 -2.372561 8914.531652 0.000000 2212 1084 1 0 1 
-2.189421 2.156893 0.000000 0.751990 6.378237 8859.033355 0.000000 2212 1085 1 0 1 
-1.015463 -1.127064 0.000000 0.556195 -4.251945 8950.241617 0.000000 2212 1086 1 0 1 
-1.139398 1.201336 0.000000 1.870428 4.915290 8821.714960 0.000000 2212 1087 1 0 1 
-1.053498 -2.188605 0.000000 1.417806 -3.318676 8918.065475 0.000000 2212 1088 1 0 1 
-1.927857 -0.447895 0.000000 4.292732 -0.628587 8892.176608 0.000000 2212 1089 1 0 1 
0.129022 -0.202078 0.000000 0.191439 2.821051 8889.050538 0.000000 2212 1090 1 0 1 
-4.057548 -2.616666 0.000000 6.251635 -2.691242 8928.322658 0.000000 2212 1091 1 0 1 
1.615042 -2.829997 0.000000 -1.316872 -4.439221 8926.757654 0.000000 2212 1092 1 0 1 
-0.555108 -0.937139 0.000000 -0.054400 -2.426351 8883.622811 0.000000 2212 1093 1 0 1 
-0.169903 -0.441663 0.000000 1.649274 0.238000 8865.966927 0.000000 2212 1094 1 0 1 
1.041553 0.205197 0.000000 -2.046614 3.690540 8829.058248 0.000000 2212 1095 1 0 1 
-1.643268 -2.031669 0.000000 4.424678 -6.876923 8947.054657 0.000000 2212 1096 1 0 1 
-1.142514 -0.460405 0.000000 0.517989 -2.472358 8901.104025 0.000000 2212 1097 1 0 1 
0.926617 -1.427496 0.000000 -1.108654 -3.856563 8866.783504 0.000000 2212 1098 1 0 1 
-0.771928 0.769236 0.000000 2.120115 0.489802 8884.872784 0.000000 2212 1099 1 0 1 
-0.973292 3.099461 0.000000 0.354787 10.571870 8809.951718 0.000000 2212 1100 1 0 1 
-1.205849 -0.240931 0.000000 3.510715 -3.412205 8917.719703 0.000000 2212 1101 1 0 1 
-2.471209 0.781447 0.000000 0.991090 6.145637 8868.755980 0.000000 2212 1102 1 0 1 
-1.086122 1.006480 0.000000 1.060615 0.916303 8892.068339 0.000000 2212 1103 1 0 1 
1.342834 -0.139799 0.000000 -3.132442 3.243047 8859.412301 0.000000 2212 1104 1 0 1 
0.354331 0.470554 0.000000 1.001185 0.176602 8836.070446 0.000000 2212 1105 1 0 1 
0.266081 2.136434 0.000000 -1.046439 5.965482 8855.348456 0.000000 2212 1106 1 0 1 
-0.943009 1.151297 0.000000 0.606921 6.569243 8861.558879 0.000000 2212 1107 1 0 1 
1.355330 0.804402 0.000000 -1.553477 -0.214792 8872.227423 0.000000 2212 1108 1 0 1 
1.176571 0.379875 0.000000 -2.546360 2.227697 8878.550271 0.000000 2212 1109 1 0 1 
3.134216 -0.509008 0.000000 -6.235256 -0.982172 8915.595150 0.000000 2212 1110 1 0 1 
-1.285735 -2.142558 0.000000 2.897622 -2.404799 8926.507985 0.000000 2212 1111 1 0 1 
-0.931192 0.463409 0.000000 2.954640 1.068126 8908.123539 0.000000 2212 1112 1 0 1 
0.579984 0.816953 0.000000 1.015350 -1.480694 8912.238919 0.000000 2212 1113 1 0 1 
2.009545 -3.335217 0.000000 -0.777844 -3.548255 8921.005905 0.000000 2212 1114 1 0 1 
0.142286 -2.788644 0.000000 1.401386 -5.755327 8925.334493 0.000000 2212 1115 1 0 1 
-0.920829 1.189985 0.000000 3.014668 -0.220062 8935.949520 0.000000 2212 1116 1 0 1 
0.371590 1.010598 0.000000 1.228749 3.410924 8906.449260 0.000000 2212 1117 1 0 1 
0.536098 0.305930 0.000000 -2.411306 4.772349 8825.448634 0.000000 2212 1118 1 0 1 
-1.001057 0.346384 0.000000 -0.392966 4.722874 8859.918693 0.000000 2212 1119 1 0 1 
-3.227713 1.806253 0.000000 4.455084 6.967216 8848.074193 0.000000 2212 1120 1 0 1 
-0.481672 -1.663504 0.000000 2.361860 -7.231865 8944.252288 0.000000 2212 1121 1 0 1 
-2.107987 0.725394 0.000000 1.110410 0.768287 8879.112261 0.000000 2212 1122 1 0 1 
-1.305615 0.627452 0.000000 0.435645 5.246024 8845.076238 0.000000 2212 1123 1 0 1 
0.005039 -0.596473 0.000000 -0.322844 -4.233127 8957.427162 0.000000 2212 1124 1 0 1 
-1.467101 -0.226105 0.000000 -1.971219 -0.234319 8896.585554 0.000000 2212 1125 1 0 1 
-2.901630 1.137446 0.000000 3.388754 3.671389 8840.105246 0.000000 2212 1126 1 0 1 
0.112509 2.493506 0.000000 -0.788217 3.643361 8878.033330 0.000000 2212 1127 1 0 1 
-0.428369 -1.790632 0.000000 0.266115 -2.627301 8860.810950 0.000000 2212 1128 1 0 1 
3.109257 -1.370434 0.000000 -1.949732 -3.917755 8890.584449 0.000000 2212 1129 1 0 1 
0.395467 -2.477266 0.000000 -1.506892 -3.909382 8887.729599 0.000000 2212 1130 1 0 1 
0.946304 2.029458 0.000000 -0.655531 6.359948 8841.460775 0.000000 2212 1131 1 0 1 
0.319841 -1.674733 0.000000 -0.021719 -4.848002 8894.989392 0.000000 2212 1132 1 0 1 
-0.453679 -0.348039 0.000000 2.821304 1.997433 8883.453118 0.000000 2212 1133 1 0 1 
-0.249445 1.729726 0.000000 0.362832 3.759260 8906.731814 0.000000 2212 1134 1 0 1 
-0.313019 -2.261100 0.000000 -0.089835 -6.770702 8933.330115 0.000000 2212 1135 1 0 1 
-1.326440 0.414854 0.000000 2.707265 3.596631 8836.435685 0.000000 2212 1136 1 0 1 
-2.987179 0.748294 0.000000 5.281744 4.059773 8858.454877 0.000000 2212 1137 1 0 1 
0.513725 0.525084 0.000000 -1.287140 -1.647307 8885.516437 0.000000 2212 1138 1 0 1 
-0.434018 1.992155 0.000000 -1.139049 2.502335 8886.713996 0.000000 2212 1139 1 0 1 
-0.853655 2.037843 0.000000 1.010406 2.139552 8884.610614 0.000000 2212 1140 1 0 1 
0.508607 1.270769 0.000000 0.078831 -1.415328 8905.659920 0.000000 2212 1141 1 0 1 
-0.392012 2.046179 0.000000 2.692608 4.390826 8867.053805 0.000000 2212 1142 1 0 1 
0.621676 0.644982 0.000000 -0.331715 -4.814370 8897.465709 0.000000 2212 1143 1 0 1 
-0.492030 1.633517 0.000000 1.287028 0.948995 8861.688558 0.000000 2212 1144 1 0 1 
3.354802 -0.744582 0.000000 -7.469438 0.804927 8903.470442 0.000000 2212 1145 1 0 1 
2.675350 -0.882867 0.000000 -0.526035 -0.672708 8888.861977 0.000000 2212 1146 1 0 1 
-2.749863 0.791951 0.000000 4.014335 4.932792 8862.958583 0.000000 2212 1147 1 0 1 
-1.235957 -0.404349 0.000000 1.529404 -1.270740 8912.604399 0.000000 2212 1148 1 0 1 
-0.112537 1.516454 0.000000 -0.907148 2.107841 8867.093215 0.000000 2212 1149 1 0 1 
1.578159 -1.333983 0.000000 -1.763728 -1.113134 8916.316968 0.000000 2212 1150 1 0 1 
-0.672578 -1.366044 0.000000 0.770458 -0.187069 8887.426234 0.000000 2212 1151 1 0 1 
-2.648005 -1.894080 0.000000 2.873293 -1.497131 8858.247151 0.000000 2212 1152 1 0 1 
-0.983803 0.497714 0.000000 0.366406 -2.262624 8909.863395 0.000000 2212 1153 1 0 1 
-1.648176 -1.245711 0.000000 4.601420 -2.503227 8905.962575 0.000000 2212 1154 1 0 1 
0.157706 -2.783503 0.000000 -1.240440 -2.844206 8900.827038 0.000000 2212 1155 1 0 1 
-0.899907 -0.632869 0.000000 1.330564 -0.029326 8901.072802 0.000000 2212 1156 1 0 1 
-1.401016 -0.819846 0.000000 0.401364 -3.911397 8905.728249 0.000000 2212 1157 1 0 1 
3.086879 -0.081869 0.000000 -5.444903 0.842450 8852.880843 0.000000 2212 1158 1 0 1 
-1.077537 -2.151071 0.000000 2.169459 -4.300712 8934.967589 0.000000 2212 1159 1 0 1 
0.748101 -1.186158 0.000000 -0.475673 -0.969188 8907.578621 0.000000 2212 1160 1 0 1 
-1.342025 1.881643 0.000000 1.371528 2.795570 8840.619050 0.000000 2212 1161 1 0 1 
2.020793 -0.819675 0.000000 -4.379360 0.629806 8878.404071 0.000000 2212 1162 1 0 1 
0.098049 1.134786 0.000000 -1.043358 1.662794 8909.474723 0.000000 2212 1163 1 0 1 
-2.525168 0.155475 0.000000 -0.263800 2.896885 8848.570852 0.000000 2212 1164 1 0 1 
0.919698 0.580575 0.000000 -1.318374 1.730640 8872.313602 0.000000 2212 1165 1 0 1 
-0.796617 1.433173 0.000000 0.527333 0.652701 8882.477149 0.000000 2212 1166 1 0 1 
-0.859794 -0.801098 0.000000 -0.194642 0.550736 8897.107328 0.000000 2212 1167 1 0 1 
3.234989 -0.819381 0.000000 -4.882990 -1.983196 8883.801318 0.000000 2212 1168 1 0 1 
1.649471 0.892579 0.000000 -2.983729 -1.862996 8940.533011 0.000000 2212 1169 1 0 1 
0.711049 0.766480 0.000000 1.365834 0.120439 8866.037282 0.000000 2212 1170 1 0 1 
-1.013279 -1.111741 0.000000 2.929403 1.952280 8853.299489 0.000000 2212 1171 1 0 1 
1.452220 -1.570404 0.000000 -4.510215 -5.709261 8913.564384 0.000000 2212 1172 1 0 1 
-3.543333 3.035182 0.000000 5.240993 2.960628 8911.342058 0.000000 2212 1173 1 0 1 
-0.571539 -1.833898 0.000000 1.772439 -2.792133 8909.485864 0.000000 2212 1174 1 0 1 
-3.276888 1.021984 0.000000 3.042263 -0.031816 8886.167977 0.000000 2212 1175 1 0 1 
-1.094878 1.685258 0.000000 2.241572 2.615194 8854.247432 0.000000 2212 1176 1 0 1 
1.083192 0.497639 0.000000 -3.185613 0.946849 8848.597513 0.000000 2212 1177 1 0 1 
-0.859087 0.717670 0.000000 -0.414616 -2.117863 8898.973845 0.000000 2212 1178 1 0 1 
0.255413 0.285135 0.000000 1.615752 -1.515702 8888.341902 0.000000 2212 1179 1 0 1 
-0.611796 -0.976924 0.000000 1.850028 3.582798 8877.480555 0.000000 2212 1180 1 0 1 
-1.064557 2.743382 0.000000 2.462891 2.891091 8883.590591 0.000000 2212 1181 1 0 1 
0.922524 0.790987 0.000000 -1.759705 0.445397 8868.629216 0.000000 2212 1182 1 0 1 
0.629520 0.106175 0.000000 0.888173 -4.732792 8925.211591 0.000000 2212 1183 1 0 1 
-1.824421 -0.370515 0.000000 1.862906 1.071367 8864.901663 0.000000 2212 1184 1 0 1 
-0.385089 -1.916299 0.000000 1.770922 -4.033455 8930.833246 0.000000 2212 1185 1 0 1 
1.991845 2.155175 0.000000 -2.504223 1.489508 8883.802881 0.000000 2212 1186 1 0 1 
0.491069 -0.708422 0.000000 -0.462592 -1.284536 8897.468902 0.000000 2212 1187 1 0 1 
-2.273434 0.451626 0.000000 3.472403 1.553376 8871.920415 0.000000 2212 1188 1 0 1 
-2.256253 0.194613 0.000000 2.625025 -0.813211 8906.363554 0.000000 2212 1189 1 0 1 
-1.057740 -0.474284 0.000000 -0.285874 -0.243805 8848.813923 0.000000 2212 1190 1 0 1 
-0.329982 -0.034301 0.000000 2.602908 -1.548708 8895.896868 0.000000 2212 1191 1 0 1 
0.671669 -1.274501 0.000000 0.263907 -4.346508 8931.647687 0.000000 2212 1192 1 0 1 
0.238355 -2.240035 0.000000 2.444895 -3.731986 8922.046600 0.000000 2212 1193 1 0 1 
-0.966737 -0.523726 0.000000 2.843129 -1.253070 8884.950029 0.000000 2212 1194 1 0 1 
0.709702 0.836952 0.000000 -1.116277 3.931728 8883.037152 0.000000 2212 1195 1 0 1 
-1.850255 0.528760 0.000000 3.202109 -2.162635 8860.368770 0.000000 2212 1196 1 0 1 
0.135908 -1.439477 0.000000 -0.747723 -4.807630 8904.060424 0.000000 2212 1197 1 0 1 
-0.535621 1.202573 0.000000 1.126443 -0.665960 8873.631737 0.000000 2212 1198 1 0 1 
-1.480011 -0.449788 0.000000 1.484911 2.845831 8910.518258 0.000000 2212 1199 1 0 1 
2.974618 1.355782 0.000000 -4.292429 -2.695837 8942.114524 0.000000 2212 1200 1 0 1 
3.634786 0.286956 0.000000 -5.662807 2.782333 8884.489825 0.000000 2212 1201 1 0 1 
0.200787 0.236657 0.000000 0.084564 -0.292351 8892.266602 0.000000 2212 1202 1 0 1 
0.836291 1.431362 0.000000 -1.645379 0.912600 8863.928507 0.000000 2212 1203 1 0 1 
-1.010192 -1.084154 0.000000 1.306916 0.168850 8883.107899 0.000000 2212 1204 1 0 1 
1.006174 -0.451795 0.000000 -2.862577 -3.731865 8916.026932 0.000000 2212 1205 1 0 1 
-0.628134 1.500554 0.000000 -0.180982 0.723060 8918.103638 0.000000 2212 1206 1 0 1 
-0.334547 -2.157537 0.000000 2.268587 -5.012106 8938.313366 0.000000 2212 1207 1 0 1 
0.335808 0.752294 0.000000 0.322685 -5.535554 8938.650370 0.000000 2212 1208 1 0 1 
1.100992 -0.475598 0.000000 -2.500323 -0.815626 8909.945809 0.000000 2212 1209 1 0 1 
1.886628 -1.158559 0.000000 -2.804295 -3.566059 8958.342493 0.000000 2212 1210 1 0 1 
4.420547 0.820991 0.000000 -6.958032 -0.325212 8906.360400 0.000000 2212 1211 1 0 1 
-1.155410 0.379593 0.000000 0.067667 0.686961 8869.305040 0.000000 2212 1212 1 0 1 
0.217644 -3.491986 0.000000 -2.565419 -3.075677 8916.997552 0.000000 2212 1213 1 0 1 
-0.349183 2.721989 0.000000 -0.056837 5.050091 8871.410212 0.000000 2212 1214 1 0 1 
1.316330 1.118081 0.000000 0.302332 3.336960 8869.510635 0.000000 2212 1215 1 0 1 
2.375550 0.162756 0.000000 -5.624980 4.154560 8874.901474 0.000000 2212 1216 1 0 1 
-1.682277 3.179312 0.000000 3.544198 5.933047 8844.370874 0.000000 2212 1217 1 0 1 
0.312446 -1.440389 0.000000 -0.548895 -7.658097 8926.293893 0.000000 2212 1218 1 0 1 
0.006158 0.294223 0.000000 0.427682 -2.004583 8889.826143 0.000000 2212 1219 1 0 1 
0.918711 2.203027 0.000000 -1.474091 3.809197 8869.140930 0.000000 2212 1220 1 0 1 
-1.703460 -1.808856 0.000000 0.710451 -4.695162 8958.512837 0.000000 2212 1221 1 0 1 
0.362235 0.078866 0.000000 -1.185262 -1.486668 8874.808379 0.000000 2212 1222 1 0 1 
1.949293 -1.178663 0.000000 -2.793291 -4.156503 8939.014665 0.000000 2212 1223 1 0 1 
-3.536620 0.314736 0.000000 4.243717 -0.119074 8852.146354 0.000000 2212 1224 1 0 1 
0.572613 -0.110463 0.000000 -0.730426 0.252163 8877.378523 0.000000 2212 1225 1 0 1 
1.353117 -0.560829 0.000000 -2.071251 -1.570234 8914.519433 0.000000 2212 1226 1 0 1 
-1.020689 2.537114 0.000000 1.862747 3.490982 8904.382626 0.000000 2212 1227 1 0 1 
-0.610511 0.516067 0.000000 0.013100 0.694510 8886.423914 0.000000 2212 1228 1 0 1 
-3.146368 2.455012 0.000000 4.183560 3.295132 8890.763774 0.000000 2212 1229 1 0 1 
-0.631124 -1.462344 0.000000 0.824276 -2.264543 8857.559637 0.000000 2212 1230 1 0 1 
-0.581440 0.841247 0.000000 1.126824 -6.883604 8976.896685 0.000000 2212 1231 1 0 1 
-1.365196 -0.017138 0.000000 3.898048 1.532617 8876.330867 0.000000 2212 1232 1 0 1 
-1.345139 2.460729 0.000000 -2.129592 2.179898 8907.574097 0.000000 2212 1233 1 0 1 
-0.201933 2.158463 0.000000 -1.157917 6.593721 8846.776001 0.000000 2212 1234 1 0 1 
1.815652 -1.163060 0.000000 -4.851337 -2.112256 8911.594811 0.000000 2212 1235 1 0 1 
-1.834442 0.611152 0.000000 3.823579 0.365105 8901.131565 0.000000 2212 1236 1 0 1 
1.722233 -0.646690 0.000000 -2.051865 -0.331154 8893.126288 0.000000 2212 1237 1 0 1 
1.722256 1.301493 0.000000 -0.898279 4.472139 8870.341638 0.000000 2212 1238 1 0 1 
0.144273 1.463642 0.000000 0.468792 2.124869 8864.566376 0.000000 2212 1239 1 0 1 
-2.101707 1.353126 0.000000 2.450620 3.911840 8838.874245 0.000000 2212 1240 1 0 1 
2.034916 -0.968348 0.000000 -1.051542 -2.784012 8891.931850 0.000000 2212 1241 1 0 1 
2.153780 0.682132 0.000000 -1.730037 2.566266 8885.959258 0.000000 2212 1242 1 0 1 
-1.244268 -0.064070 0.000000 3.272321 1.696309 8887.513290 0.000000 2212 1243 1 0 1 
-0.264690 -0.097907 0.000000 -0.493534 -1.693159 8912.556401 0.000000 2212 1244 1 0 1 
-1.053460 -3.028819 0.000000 1.801417 -1.511481 8886.181444 0.000000 2212 1245 1 0 1 
-1.201413 0.378292 0.000000 2.197258 -3.178193 8902.311704 0.000000 2212 1246 1 0 1 
1.925303 2.268716 0.000000 -2.501742 1.453505 8889.895493 0.000000 2212 1247 1 0 1 
-2.994959 0.474855 0.000000 4.710063 0.358208 8893.392365 0.000000 2212 1248 1 0 1 
1.410978 -1.147486 0.000000 -1.905043 -8.277523 8946.504560 0.000000 2212 1249 1 0 1 
2.899094 0.229088 0.000000 -5.347372 2.203054 8831.970303 0.000000 2212 1250 1 0 1 
0.317353 0.282161 0.000000 -1.297074 4.323335 8830.558135 0.000000 2212 1251 1 0 1 
-1.064327 2.422460 0.000000 2.417741 2.149236 8895.881234 0.000000 2212 1252 1 0 1 
-0.357227 0.190552 0.000000 -0.757316 3.530586 8871.846063 0.000000 2212 1253 1 0 1 
0.279216 -0.576235 0.000000 -1.730636 -0.799427 8919.756873 0.000000 2212 1254 1 0 1 
-2.750278 -1.924662 0.000000 2.825621 -2.176440 8896.742983 0.000000 2212 1255 1 0 1 
-1.962503 -1.287462 0.000000 2.724265 -6.136141 8917.877266 0.000000 2212 1256 1 0 1 
-0.142087 -0.288801 0.000000 2.243847 1.597110 8851.579908 0.000000 2212 1257 1 0 1 
1.684067 0.279537 0.000000 0.171432 -2.677435 8900.902802 0.000000 2212 1258 1 0 1 
1.214981 -1.224299 0.000000 -1.633689 -7.032135 8938.162178 0.000000 2212 1259 1 0 1 
0.536027 -2.733480 0.000000 -0.437443 -10.576981 8926.979891 0.000000 2212 1260 1 0 1 
1.434172 0.769346 0.000000 -1.835503 4.888791 8857.298996 0.000000 2212 1261 1 0 1 
1.104185 1.359989 0.000000 -0.088474 4.223118 8845.596601 0.000000 2212 1262 1 0 1 
-0.210650 0.065875 0.000000 -1.272132 3.102587 8825.371605 0.000000 2212 1263 1 0 1 
-1.507012 1.575195 0.000000 2.495070 1.496214 8881.380392 0.000000 2212 1264 1 0 1 
0.229576 -1.733324 0.000000 -0.774831 -0.709078 8891.495098 0.000000 2212 1265 1 0 1 
1.977549 0.548215 0.000000 -2.387415 1.080452 8866.104385 0.000000 2212 1266 1 0 1 
-0.096901 1.875886 0.000000 -2.711848 3.360922 8891.479554 0.000000 2212 1267 1 0 1 
-1.204183 0.121012 0.000000 0.697272 1.458166 8863.260556 0.000000 2212 1268 1 0 1 
-0.163602 -1.426806 0.000000 0.487031 -2.316953 8943.549051 0.000000 2212 1269 1 0 1 
-0.738270 2.459303 0.000000 -1.811219 1.133143 8845.179648 0.000000 2212 1270 1 0 1 
-1.410370 -0.582973 0.000000 0.736424 -0.629588 8889.822158 0.000000 2212 1271 1 0 1 
2.327450 -0.246845 0.000000 -3.072950 0.424368 8866.315689 0.000000 2212 1272 1 0 1 
0.644064 1.360694 0.000000 -0.470706 0.357654 8880.300221 0.000000 2212 1273 1 0 1 
-1.596398 0.480966 0.000000 1.735293 -1.003641 8881.351310 0.000000 2212 1274 1 0 1 
-2.209266 1.472466 0.000000 3.995304 3.252365 8881.708010 0.000000 2212 1275 1 0 1 
-0.048385 -0.779010 0.000000 -0.785885 -0.868329 8918.237503 0.000000 2212 1276 1 0 1 
-0.762691 -0.742662 0.000000 1.628799 -4.162231 8912.596047 0.000000 2212 1277 1 0 1 
-2.558656 2.312749 0.000000 2.770990 6.036884 8837.561316 0.000000 2212 1278 1 0 1 
1.426157 -0.996433 0.000000 -0.496675 -7.446955 8921.838440 0.000000 2212 1279 1 0 1 
-1.308270 -0.956150 0.000000 1.700290 -3.121513 8928.859110 0.000000 2212 1280 1 0 1 
-2.484625 -1.649953 0.000000 4.684036 -7.822100 8932.572998 0.000000 2212 1281 1 0 1 
0.343158 1.211376 0.000000 -1.777572 -2.735964 8905.044304 0.000000 2212 1282 1 0 1 
-1.562389 -1.457253 0.000000 4.114446 -5.815580 8957.394967 0.000000 2212 1283 1 0 1 
1.583721 0.270154 0.000000 -0.860817 0.407170 8909.944001 0.000000 2212 1284 1 0 1 
2.798280 -0.502217 0.000000 -4.706870 -4.082746 8922.741801 0.000000 2212 1285 1 0 1 
0.573426 -1.126430 0.000000 0.944211 -0.136859 8878.624692 0.000000 2212 1286 1 0 1 
-0.077111 0.121725 0.000000 -0.941842 -2.640380 8943.452910 0.000000 2212 1287 1 0 1 
2.756907 0.402872 0.000000 -1.763534 -3.271571 8941.657523 0.000000 2212 1288 1 0 1 
-1.477998 1.144318 0.000000 1.551795 1.497399 8887.169080 0.000000 2212 1289 1 0 1 
-1.202451 2.593042 0.000000 0.093332 4.230978 8879.984455 0.000000 2212 1290 1 0 1 
1.186833 1.018594 0.000000 -3.426258 0.255711 8895.550535 0.000000 2212 1291 1 0 1 
-2.268362 -1.145153 0.000000 1.793277 -3.254536 8885.918372 0.000000 2212 1292 1 0 1 
1.276226 0.022737 0.000000 -1.500044 -2.699642 8940.352939 0.000000 2212 1293 1 0 1 
-1.035939 2.243476 0.000000 2.539305 -1.075505 8886.439199 0.000000 2212 1294 1 0 1 
0.102154 0.393420 0.000000 -0.992167 -3.025146 8905.440756 0.000000 2212 1295 1 0 1 
4.919021 -0.666189 0.000000 -9.153207 0.557360 8877.242152 0.000000 2212 1296 1 0 1 
1.315264 -0.596678 0.000000 -0.564733 -4.658933 8913.586727 0.000000 2212 1297 1 0 1 
-1.524085 1.516443 0.000000 3.334790 3.317687 8832.699833 0.000000 2212 1298 1 0 1 
-4.478897 -0.282765 0.000000 6.668543 -0.127581 8895.847380 0.000000 2212 1299 1 0 1 
1.940312 0.697829 0.000000 -1.436911 0.066240 8897.345662 0.000000 2212 1300 1 0 1 
2.445990 -0.176415 0.000000 -1.891187 -3.817675 8920.965997 0.000000 2212 1301 1 0 1 
1.073541 -0.806251 0.000000 -1.889589 0.086036 8888.244257 0.000000 2212 1302 1 0 1 
-3.051880 2.152550 0.000000 1.932947 7.129696 8849.343445 0.000000 2212 1303 1 0 1 
-2.554533 -0.631621 0.000000 2.519963 2.405269 8851.738951 0.000000 2212 1304 1 0 1 
1.192470 -0.696072 0.000000 -2.553504 -1.189980 8909.104487 0.000000 2212 1305 1 0 1 
2.666453 -1.653182 0.000000 -5.566751 -0.030568 8891.733999 0.000000 2212 1306 1 0 1 
-0.601685 1.151863 0.000000 1.212848 3.853496 8820.423517 0.000000 2212 1307 1 0 1 
0.068509 -0.470891 0.000000 -0.861268 0.483230 8879.122149 0.000000 2212 1308 1 0 1 
0.516165 -0.815916 0.000000 1.187809 2.536057 8888.281157 0.000000 2212 1309 1 0 1 
-0.198383 1.316119 0.000000 -2.009726 0.175363 8910.032878 0.000000 2212 1310 1 0 1 
2.792453 0.157205 0.000000 -4.583718 3.726581 8857.120499 0.000000 2212 1311 1 0 1 
4.273611 1.334666 0.000000 -6.674147 -1.129065 8888.444601 0.000000 2212 1312 1 0 1 
-0.125891 -0.504147 0.000000 -0.271636 -3.217836 8961.447065 0.000000 2212 1313 1 0 1 
3.572455 2.552158 0.000000 -7.764836 11.206738 8809.488468 0.000000 2212 1314 1 0 1 
-0.241296 -0.484913 0.000000 -1.081779 0.007113 8880.968048 0.000000 2212 1315 1 0 1 
0.265042 0.529867 0.000000 -0.876271 0.857022 8857.796888 0.000000 2212 1316 1 0 1 
-3.111046 -1.874786 0.000000 2.800821 0.770147 8873.647486 0.000000 2212 1317 1 0 1 
1.541267 -0.286171 0.000000 -1.953077 -0.765724 8909.779586 0.000000 2212 1318 1 0 1 
-1.902814 -0.466817 0.000000 3.942778 -0.822332 8884.362211 0.000000 2212 1319 1 0 1 
-0.234819 1.901190 0.000000 0.199231 2.051867 8902.251100 0.000000 2212 1320 1 0 1 
-1.145544 -0.155317 0.000000 -0.652608 -0.165869 8905.310522 0.000000 2212 1321 1 0 1 
0.817082 -0.777615 0.000000 -2.810773 1.643163 8884.611822 0.000000 2212 1322 1 0 1 
-0.406874 1.663903 0.000000 -0.508340 0.614907 8840.028129 0.000000 2212 1323 1 0 1 
-0.306559 0.838760 0.000000 -0.519699 1.224854 8888.181979 0.000000 2212 1324 1 0 1 
2.546361 1.492323 0.000000 -2.646896 2.065628 8901.555616 0.000000 2212 1325 1 0 1 
-2.286249 -0.999062 0.000000 1.370252 -0.287184 8872.164409 0.000000 2212 1326 1 0 1 
1.436333 -0.195895 0.000000 -1.942599 -4.520931 8909.363158 0.000000 2212 1327 1 0 1 
1.569875 1.196347 0.000000 -1.980942 -2.043372 8917.736705 0.000000 2212 1328 1 0 1 
-1.732993 0.193858 0.000000 3.682994 -4.691070 8946.819135 0.000000 2212 1329 1 0 1 
-1.171946 0.557559 0.000000 2.207895 2.772183 8904.471124 0.000000 2212 1330 1 0 1 
-2.003483 -1.186001 0.000000 3.122603 -3.393729 8942.872738 0.000000 2212 1331 1 0 1 
0.946076 1.112755 0.000000 -2.609271 2.269558 8866.701951 0.000000 2212 1332 1 0 1 
-0.393550 -1.342031 0.000000 2.563931 2.243524 8898.395699 0.000000 2212 1333 1 0 1 
0.480691 2.251727 0.000000 -0.989386 3.193337 8877.793790 0.000000 2212 1334 1 0 1 
-2.478008 1.694993 0.000000 2.375436 6.525901 8897.895917 0.000000 2212 1335 1 0 1 
-1.737725 1.123194 0.000000 4.970765 -0.242583 8950.785983 0.000000 2212 1336 1 0 1 
-1.814139 0.181778 0.000000 1.125380 3.867116 8860.200545 0.000000 2212 1337 1 0 1 
-3.079092 1.706734 0.000000 3.954402 1.601358 8902.247579 0.000000 2212 1338 1 0 1 
-2.029311 0.410380 0.000000 2.550885 -0.252154 8842.824036 0.000000 2212 1339 1 0 1 
0.997867 -0.205626 0.000000 0.008099 4.919704 8856.025703 0.000000 2212 1340 1 0 1 
-1.185600 -0.291961 0.000000 -1.342006 1.629201 8867.574354 0.000000 2212 1341 1 0 1 
-1.435821 -0.301554 0.000000 2.481709 -0.899380 8908.732543 0.000000 2212 1342 1 0 1 
1.388775 -1.903629 0.000000 -0.905562 -1.137451 8894.350183 0.000000 2212 1343 1 0 1 
-0.709025 0.103797 0.000000 1.211223 -0.009551 8881.509462 0.000000 2212 1344 1 0 1 
1.722488 0.151990 0.000000 -1.089199 3.693733 8881.994194 0.000000 2212 1345 1 0 1 
3.562188 0.101822 0.000000 -2.437753 -2.129109 8919.713566 0.000000 2212 1346 1 0 1 
-1.260142 -1.172216 0.000000 2.980146 -2.428930 8876.632632 0.000000 2212 1347 1 0 1 
0.261875 -0.851066 0.000000 0.279370 0.035176 8869.765440 0.000000 2212 1348 1 0 1 
1.558804 1.962857 0.000000 -2.204935 5.540698 8883.921668 0.000000 2212 1349 1 0 1 
-0.857882 1.958095 0.000000 -1.567242 6.331745 8844.646938 0.000000 2212 1350 1 0 1 
0.751303 -0.687311 0.000000 -1.910316 3.786669 8869.428859 0.000000 2212 1351 1 0 1 
0.910890 0.458914 0.000000 -3.170004 3.514461 8845.182870 0.000000 2212 1352 1 0 1 
2.417353 -1.125441 0.000000 -4.802247 2.209557 8870.926340 0.000000 2212 1353 1 0 1 
3.253514 -0.775004 0.000000 -3.745598 -0.795831 8911.693964 0.000000 2212 1354 1 0 1 
2.568374 -0.364415 0.000000 -4.040404 -0.383498 8857.230013 0.000000 2212 1355 1 0 1 
-3.481071 0.299631 0.000000 4.508530 0.349993 8872.458972 0.000000 2212 1356 1 0 1 
-2.056828 0.109059 0.000000 4.851605 -3.234478 8906.975877 0.000000 2212 1357 1 0 1 
1.581779 -1.595188 0.000000 -1.408888 -3.295182 8915.409548 0.000000 2212 1358 1 0 1 
2.044743 0.017536 0.000000 -4.308648 -1.252350 8904.048924 0.000000 2212 1359 1 0 1 
1.017869 2.243862 0.000000 -1.622534 0.806860 8898.459705 0.000000 2212 1360 1 0 1 
0.633225 0.173257 0.000000 -0.484876 0.390345 8924.917509 0.000000 2212 1361 1 0 1 
-3.238448 -0.329424 0.000000 2.450767 -0.129009 8924.276544 0.000000 2212 1362 1 0 1 
-0.333629 1.787498 0.000000 1.363397 0.485953 8877.336104 0.000000 2212 1363 1 0 1 
-0.662317 -0.922927 0.000000 -0.273164 -0.335944 8912.006209 0.000000 2212 1364 1 0 1 
-0.912928 -1.230422 0.000000 2.413305 -1.310518 8913.450298 0.000000 2212 1365 1 0 1 
0.693111 0.096691 0.000000 -1.002125 -5.512459 8910.221518 0.000000 2212 1366 1 0 1 
1.110222 1.082318 0.000000 -0.634831 6.543198 8838.895823 0.000000 2212 1367 1 0 1 
0.425676 0.917470 0.000000 -0.325154 -1.071756 8867.780250 0.000000 2212 1368 1 0 1 
-3.097829 -1.558094 0.000000 2.490882 -4.956153 8899.238227 0.000000 2212 1369 1 0 1 
-0.728493 0.582837 0.000000 0.269338 -0.191989 8918.224952 0.000000 2212 1370 1 0 1 
-1.646644 -1.010940 0.000000 -0.422550 -0.601644 8882.827930 0.000000 2212 1371 1 0 1 
-0.229876 0.960740 0.000000 0.931950 3.052855 8875.207028 0.000000 2212 1372 1 0 1 
1.663891 0.621365 0.000000 -2.587062 0.028950 8893.798439 0.000000 2212 1373 1 0 1 
0.689418 -0.030084 0.000000 0.465957 -1.395877 8922.452878 0.000000 2212 1374 1 0 1 
-1.894695 0.556029 0.000000 0.705605 1.227324 8873.183278 0.000000 2212 1375 1 0 1 
-1.736657 -0.052101 0.000000 3.454983 5.299635 8846.855566 0.000000 2212 1376 1 0 1 
-0.858425 -0.214514 0.000000 -1.212746 0.358356 8899.662427 0.000000 2212 1377 1 0 1 
0.227119 -0.250075 0.000000 -0.655867 4.861850 8872.004145 0.000000 2212 1378 1 0 1 
-0.442311 -1.535447 0.000000 0.428727 0.233582 8888.380836 0.000000 2212 1379 1 0 1 
1.796541 0.542042 0.000000 -4.409650 -7.278464 8935.621637 0.000000 2212 1380 1 0 1 
-0.143157 1.323005 0.000000 -0.544305 -0.080263 8864.464603 0.000000 2212 1381 1 0 1 
1.100176 0.954522 0.000000 -2.000882 0.203775 8869.138160 0.000000 2212 1382 1 0 1 
1.190846 -1.216111 0.000000 -1.315165 -0.075023 8878.505275 0.000000 2212 1383 1 0 1 
0.518471 0.802092 0.000000 1.355498 -2.096767 8911.927528 0.000000 2212 1384 1 0 1 
0.683711 -2.693821 0.000000 -0.601578 -9.187523 8947.074651 0.000000 2212 1385 1 0 1 
-0.921617 -0.230294 0.000000 1.843679 0.866020 8901.831876 0.000000 2212 1386 1 0 1 
3.537444 0.411923 0.000000 -5.825164 1.774244 8870.669374 0.000000 2212 1387 1 0 1 
-0.060331 -2.329120 0.000000 -1.905050 -0.777917 8880.748135 0.000000 2212 1388 1 0 1 
-3.560729 -0.813508 0.000000 4.789372 0.000298 8891.886376 0.000000 2212 1389 1 0 1 
-2.363226 -0.372548 0.000000 1.353752 -0.052879 8877.705317 0.000000 2212 1390 1 0 1 
-3.563111 -0.663097 0.000000 5.372167 -0.393327 8857.450487 0.000000 2212 1391 1 0 1 
-2.370622 0.771635 0.000000 2.606083 4.845666 8857.830114 0.000000 2212 1392 1 0 1 
0.091295 -0.099179 0.000000 1.096543 -2.612207 8974.080625 0.000000 2212 1393 1 0 1 
-1.726747 -0.484025 0.000000 3.920859 2.013666 8895.965284 0.000000 2212 1394 1 0 1 
-1.155482 -2.315585 0.000000 3.125686 -4.025766 8950.173217 0.000000 2212 1395 1 0 1 
1.165658 2.024305 0.000000 -2.648904 2.705503 8864.032685 0.000000 2212 1396 1 0 1 
1.020811 0.310853 0.000000 -0.178579 0.475567 8894.367844 0.000000 2212 1397 1 0 1 
1.115399 -1.199347 0.000000 -1.546224 -3.486463 8925.669883 0.000000 2212 1398 1 0 1 
-0.066092 -0.054668 0.000000 -0.163324 1.110316 8900.268373 0.000000 2212 1399 1 0 1 
-1.630643 -0.493570 0.000000 2.065170 5.784240 8827.088743 0.000000 2212 1400 1 0 1 
4.594649 1.026003 0.000000 -3.764363 -3.722015 8929.907296 0.000000 2212 1401 1 0 1 
-2.272203 1.926789 0.000000 1.868021 0.493295 8867.105352 0.000000 2212 1402 1 0 1 
-1.306454 -0.896239 0.000000 1.684618 -4.080917 8920.383086 0.000000 2212 1403 1 0 1 
3.827485 -0.117822 0.000000 -7.283705 -2.173227 8882.372761 0.000000 2212 1404 1 0 1 
1.479321 0.866686 0.000000 -1.582242 3.894459 8897.873811 0.000000 2212 1405 1 0 1 
0.656274 0.086019 0.000000 -0.292163 -1.688220 8872.341521 0.000000 2212 1406 1 0 1 
1.872394 1.986267 0.000000 -1.074032 2.879812 8899.979972 0.000000 2212 1407 1 0 1 
-1.666093 -1.086345 0.000000 3.899766 -1.212192 8923.515600 0.000000 2212 1408 1 0 1 
-1.838094 1.873059 0.000000 1.728469 7.398688 8883.322880 0.000000 2212 1409 1 0 1 
-0.563480 0.370676 0.000000 3.500681 -2.257464 8862.174732 0.000000 2212 1410 1 0 1 
-1.770925 2.246053 0.000000 0.855100 4.737652 8856.048654 0.000000 2212 1411 1 0 1 
1.066497 -0.327613 0.000000 0.214339 0.819765 8912.992418 0.000000 2212 1412 1 0 1 
1.544748 0.517826 0.000000 0.175720 -0.947504 8864.454200 0.000000 2212 1413 1 0 1 
-1.279198 -0.163171 0.000000 3.060115 -1.092177 8904.174857 0.000000 2212 1414 1 0 1 
0.286503 0.285609 0.000000 -0.818037 -4.519318 8896.916411 0.000000 2212 1415 1 0 1 
0.001211 -1.880079 0.000000 -1.592552 -3.252889 8927.357801 0.000000 2212 1416 1 0 1 
2.371318 1.056976 0.000000 -3.983732 4.572305 8862.914975 0.000000 2212 1417 1 0 1 
2.543778 -1.848237 0.000000 -5.102571 0.145419 8920.186225 0.000000 2212 1418 1 0 1 
-1.158309 -0.083697 0.000000 4.238657 3.271608 8885.087855 0.000000 2212 1419 1 0 1 
2.678830 1.690822 0.000000 -4.261727 2.413839 8896.730777 0.000000 2212 1420 1 0 1 
1.727450 -1.338602 0.000000 -3.347404 3.197083 8831.843231 0.000000 2212 1421 1 0 1 
-0.950578 -0.414366 0.000000 -1.623620 -2.640370 8940.264858 0.000000 2212 1422 1 0 1 
0.060036 1.149854 0.000000 -0.512025 -0.315581 8873.615409 0.000000 2212 1423 1 0 1 
1.026928 -0.786617 0.000000 -1.881256 -1.156139 8929.603862 0.000000 2212 1424 1 0 1 
-3.512598 -2.098121 0.000000 2.873613 -1.241124 8877.047917 0.000000 2212 1425 1 0 1 
0.575879 1.352638 0.000000 -1.874501 1.152424 8921.546341 0.000000 2212 1426 1 0 1 
-3.511810 -0.640274 0.000000 5.380509 -1.783477 8908.615466 0.000000 2212 1427 1 0 1 
-1.647673 -2.751129 0.000000 1.162404 -6.050655 8938.962478 0.000000 2212 1428 1 0 1 
2.109858 -0.918906 0.000000 -4.540460 1.293123 8867.857533 0.000000 2212 1429 1 0 1 
0.729129 0.604044 0.000000 -1.485732 4.546195 8839.567348 0.000000 2212 1430 1 0 1 
-0.486371 -0.019261 0.000000 2.637491 3.264530 8868.005799 0.000000 2212 1431 1 0 1 
3.725662 1.559257 0.000000 -5.281517 2.844367 8861.010092 0.000000 2212 1432 1 0 1 
-0.079693 -0.372283 0.000000 0.538817 -1.955114 8875.449583 0.000000 2212 1433 1 0 1 
-1.030293 0.307635 0.000000 1.088922 -0.545660 8886.786728 0.000000 2212 1434 1 0 1 
3.202991 -3.415712 0.000000 -5.704018 -4.543179 8859.800431 0.000000 2212 1435 1 0 1 
-1.929573 0.211069 0.000000 -0.468588 -1.513568 8917.949084 0.000000 2212 1436 1 0 1 
-0.984706 1.269290 0.000000 2.887979 4.750733 8858.228373 0.000000 2212 1437 1 0 1 
1.523884 1.145508 0.000000 -3.940964 2.502992 8880.041831 0.000000 2212 1438 1 0 1 
0.414637 0.463930 0.000000 0.591528 4.625402 8878.828318 0.000000 2212 1439 1 0 1 
-2.317613 1.656753 0.000000 4.592838 0.728666 8866.841767 0.000000 2212 1440 1 0 1 
0.385111 -1.769611 0.000000 1.355455 0.411521 8853.020328 0.000000 2212 1441 1 0 1 
1.326180 -0.717243 0.000000 0.240098 0.402895 8853.342336 0.000000 2212 1442 1 0 1 
0.953271 -1.498320 0.000000 -2.284838 -6.715595 8942.559787 0.000000 2212 1443 1 0 1 
-0.910281 -0.121943 0.000000 1.662061 1.682058 8857.956760 0.000000 2212 1444 1 0 1 
0.333213 -1.983855 0.000000 0.461509 -1.799903 8872.755723 0.000000 2212 1445 1 0 1 
-0.351340 -0.029880 0.000000 1.346897 -2.197164 8863.488699 0.000000 2212 1446 1 0 1 
-0.393057 -0.679123 0.000000 1.321416 -1.005671 8913.720901 0.000000 2212 1447 1 0 1 
-1.626433 -0.610651 0.000000 3.872344 -1.092458 8910.284193 0.000000 2212 1448 1 0 1 
-2.311872 -0.956442 0.000000 3.553064 -3.410688 8895.885218 0.000000 2212 1449 1 0 1 
0.359007 0.786571 0.000000 0.093650 3.453469 8877.217262 0.000000 2212 1450 1 0 1 
-1.593598 -0.880073 0.000000 0.974735 -3.013861 8894.999709 0.000000 2212 1451 1 0 1 
0.469077 -2.824912 0.000000 -0.455399 -7.673457 8929.034328 0.000000 2212 1452 1 0 1 
0.943792 1.518047 0.000000 -2.835241 -0.141735 8878.787831 0.000000 2212 1453 1 0 1 
0.330574 -2.820898 0.000000 -1.599709 -5.123886 8909.639834 0.000000 2212 1454 1 0 1 
1.214595 0.302681 0.000000 -1.846460 -2.981231 8931.527915 0.000000 2212 1455 1 0 1 
0.407640 0.966937 0.000000 0.223535 1.735045 8891.035104 0.000000 2212 1456 1 0 1 
2.219877 -0.557082 0.000000 -4.359724 -2.215028 8919.145369 0.000000 2212 1457 1 0 1 
0.374387 0.165708 0.000000 0.216277 4.417202 8843.270322 0.000000 2212 1458 1 0 1 
-0.157214 0.525236 0.000000 -0.229845 1.462033 8905.543097 0.000000 2212 1459 1 0 1 
-2.094109 -0.190617 0.000000 2.127926 -0.699996 8928.452599 0.000000 2212 1460 1 0 1 
-3.835074 -0.633238 0.000000 5.903987 1.739426 8859.088390 0.000000 2212 1461 1 0 1 
-0.477623 -2.427415 0.000000 0.983677 -3.427662 8882.087294 0.000000 2212 1462 1 0 1 
0.243214 0.706620 0.000000 -1.366455 2.339959 8917.336884 0.000000 2212 1463 1 0 1 
0.628525 0.688659 0.000000 -0.656584 -0.164874 8896.937113 0.000000 2212 1464 1 0 1 
1.989180 -2.648661 0.000000 -2.523884 -0.955740 8892.433611 0.000000 2212 1465 1 0 1 
0.867535 -0.780823 0.000000 -1.095345 -1.975115 8905.040575 0.000000 2212 1466 1 0 1 
0.044700 0.053654 0.000000 1.082345 -1.271417 8945.443427 0.000000 2212 1467 1 0 1 
-0.417860 -0.616053 0.000000 1.772144 -1.174584 8933.480310 0.000000 2212 1468 1 0 1 
-2.850850 2.807689 0.000000 4.503815 6.492031 8862.167131 0.000000 2212 1469 1 0 1 
1.244415 -0.865332 0.000000 -3.452834 -3.599192 8934.257778 0.000000 2212 1470 1 0 1 
-0.043133 1.078307 0.000000 -0.159251 3.601482 8857.105195 0.000000 2212 1471 1 0 1 
0.876136 1.759084 0.000000 -2.937920 4.031760 8833.703918 0.000000 2212 1472 1 0 1 
-1.067429 0.832666 0.000000 -1.082563 1.336791 8884.003443 0.000000 2212 1473 1 0 1 
3.307205 0.530231 0.000000 -5.430641 2.535271 8920.208125 0.000000 2212 1474 1 0 1 
-0.944372 -0.095347 0.000000 1.031715 -0.474613 8903.565050 0.000000 2212 1475 1 0 1 
1.335742 -1.424693 0.000000 -1.451655 -4.799706 8910.921053 0.000000 2212 1476 1 0 1 
0.857337 -0.804575 0.000000 -3.236059 -1.157062 8894.300764 0.000000 2212 1477 1 0 1 
1.325890 -0.279940 0.000000 -1.216593 1.437237 8902.304775 0.000000 2212 1478 1 0 1 
2.252314 -0.842440 0.000000 -4.155393 -0.752044 8906.775905 0.000000 2212 1479 1 0 1 
0.850874 2.432944 0.000000 0.552522 -0.956111 8916.230841 0.000000 2212 1480 1 0 1 
-0.478048 -1.529901 0.000000 1.862125 1.434226 8873.435907 0.000000 2212 1481 1 0 1 
1.059376 1.303924 0.000000 -2.136681 2.583745 8853.986253 0.000000 2212 1482 1 0 1 
0.243484 1.197429 0.000000 -1.347632 6.583886 8839.429093 0.000000 2212 1483 1 0 1 
2.406051 -0.946147 0.000000 -1.140144 0.549746 8884.723115 0.000000 2212 1484 1 0 1 
3.252622 -2.022755 0.000000 -2.990216 -3.882482 8870.916025 0.000000 2212 1485 1 0 1 
0.557610 -0.249602 0.000000 -2.278414 3.653756 8870.727497 0.000000 2212 1486 1 0 1 
1.883175 0.913141 0.000000 -1.168584 2.944180 8852.779191 0.000000 2212 1487 1 0 1 
-2.710612 0.955979 0.000000 2.473475 4.266161 8829.504437 0.000000 2212 1488 1 0 1 
0.017510 1.467172 0.000000 0.111592 3.253821 8888.020849 0.000000 2212 1489 1 0 1 
1.016110 -0.636648 0.000000 -0.112728 -3.705060 8942.746289 0.000000 2212 1490 1 0 1 
1.328299 0.918520 0.000000 -0.375491 0.741836 8917.368399 0.000000 2212 1491 1 0 1 
1.971175 -1.806490 0.000000 -2.898248 -2.965784 8910.744996 0.000000 2212 1492 1 0 1 
-0.971470 -0.564322 0.000000 -0.334014 -2.798413 8901.230485 0.000000 2212 1493 1 0 1 
-2.123060 2.203530 0.000000 1.591446 4.367988 8886.444435 0.000000 2212 1494 1 0 1 
1.838715 -1.542728 0.000000 -1.186087 -1.079450 8895.178179 0.000000 2212 1495 1 0 1 
-1.239168 2.709232 0.000000 0.891299 6.271201 8827.799579 0.000000 2212 1496 1 0 1 
-1.160888 1.625766 0.000000 -0.469192 -1.039216 8909.618488 0.000000 2212 1497 1 0 1 
1.648532 0.948667 0.000000 -1.906635 1.552445 8870.184328 0.000000 2212 1498 1 0 1 
-0.585272 -1.516304 0.000000 1.982590 0.526815 8878.655180 0.000000 2212 1499 1 0 1 
0.448294 -1.866308 0.000000 1.054160 -1.151769 8899.698201 0.000000 2212 1500 1 0 1 
0.852241 -2.078047 0.000000 -1.621469 0.027860 8910.593534 0.000000 2212 1501 1 0 1 
0.291638 0.527963 0.000000 -0.850296 2.366339 8864.229055 0.000000 2212 1502 1 0 1 
1.827162 -1.109990 0.000000 -3.346191 -5.636476 8948.130403 0.000000 2212 1503 1 0 1 
-1.102149 -0.992449 0.000000 3.612822 -1.016233 8919.174665 0.000000 2212 1504 1 0 1 
-2.021042 2.867975 0.000000 1.190980 7.421283 8871.339527 0.000000 2212 1505 1 0 1 
2.750920 0.868916 0.000000 -5.547944 -0.853685 8902.945769 0.000000 2212 1506 1 0 1 
-0.542317 -0.742410 0.000000 1.452264 0.796821 8902.336889 0.000000 2212 1507 1 0 1 
-0.820993 -0.484460 0.000000 1.165134 0.107069 8901.161140 0.000000 2212 1508 1 0 1 
-0.788289 0.334019 0.000000 2.100093 -1.871394 8876.246138 0.000000 2212 1509 1 0 1 
-1.670880 -1.015447 0.000000 0.900668 1.552244 8861.489873 0.000000 2212 1510 1 0 1 
1.216585 1.618623 0.000000 -1.916966 1.375883 8903.971761 0.000000 2212 1511 1 0 1 
-1.393155 0.000455 0.000000 2.267625 -5.371516 8949.485323 0.000000 2212 1512 1 0 1 
-2.670416 0.369065 0.000000 3.669555 4.262313 8829.367440 0.000000 2212 1513 1 0 1 
0.185916 -1.979005 0.000000 -1.837059 1.416309 8845.441112 0.000000 2212 1514 1 0 1 
1.072001 -0.173859 0.000000 -1.515769 1.013475 8889.031061 0.000000 2212 1515 1 0 1 
1.545162 -1.218401 0.000000 -3.225507 -1.370501 8867.653228 0.000000 2212 1516 1 0 1 
-1.089754 0.313988 0.000000 1.790313 3.247414 8873.869466 0.000000 2212 1517 1 0 1 
-1.751392 0.431942 0.000000 0.612473 -0.723272 8896.881279 0.000000 2212 1518 1 0 1 
-0.269073 -0.510709 0.000000 1.180712 -2.535636 8927.665106 0.000000 2212 1519 1 0 1 
3.787717 1.824806 0.000000 -2.372146 4.044921 8891.407339 0.000000 2212 1520 1 0 1 
-1.364607 -0.632058 0.000000 1.342994 2.442620 8872.486925 0.000000 2212 1521 1 0 1 
1.877494 0.320692 0.000000 -1.029002 -1.249378 8908.310430 0.000000 2212 1522 1 0 1 
1.814346 1.466478 0.000000 -3.362341 5.415742 8832.025566 0.000000 2212 1523 1 0 1 
-1.293710 -0.195521 0.000000 1.398119 -1.195567 8918.675457 0.000000 2212 1524 1 0 1 
-0.796870 1.510531 0.000000 0.695520 0.193856 8899.195558 0.000000 2212 1525 1 0 1 
0.208865 2.059921 0.000000 0.072218 1.526331 8937.977622 0.000000 2212 1526 1 0 1 
0.817228 -0.489436 0.000000 1.029815 2.165305 8894.121979 0.000000 2212 1527 1 0 1 
-0.016547 0.166796 0.000000 0.989497 -0.996029 8916.217133 0.000000 2212 1528 1 0 1 
-1.819797 -1.178525 0.000000 2.588861 0.713255 8899.692381 0.000000 2212 1529 1 0 1 
0.062013 -0.038661 0.000000 -0.595395 0.729609 8875.319909 0.000000 2212 1530 1 0 1 
1.939002 0.405588 0.000000 -1.928977 4.641356 8862.266257 0.000000 2212 1531 1 0 1 
0.151895 1.958229 0.000000 -0.740013 6.358595 8842.286306 0.000000 2212 1532 1 0 1 
-0.334431 1.044441 0.000000 -1.056747 2.580280 8847.677564 0.000000 2212 1533 1 0 1 
-0.154833 -0.431880 0.000000 1.302806 -2.728783 8920.453871 0.000000 2212 1534 1 0 1 
0.887494 1.992297 0.000000 -2.499396 3.218686 8885.854942 0.000000 2212 1535 1 0 1 
-0.956871 -1.237580 0.000000 1.974385 -2.200618 8928.572256 0.000000 2212 1536 1 0 1 
-3.673620 -0.331869 0.000000 6.607153 -3.684351 8938.374369 0.000000 2212 1537 1 0 1 
1.945822 -2.687544 0.000000 -2.460708 -7.658472 8940.306923 0.000000 2212 1538 1 0 1 
2.443104 -1.603025 0.000000 -2.257061 -1.012431 8893.275191 0.000000 2212 1539 1 0 1 
1.674627 -0.335607 0.000000 -2.012754 0.332957 8901.224293 0.000000 2212 1540 1 0 1 
-3.771442 0.170129 0.000000 7.190490 1.055231 8901.933660 0.000000 2212 1541 1 0 1 
-0.837615 -0.905049 0.000000 0.576871 -2.785281 8897.336618 0.000000 2212 1542 1 0 1 
-2.644066 3.937434 0.000000 4.158841 9.337318 8813.438385 0.000000 2212 1543 1 0 1 
1.726264 -1.153083 0.000000 -3.220467 0.089396 8858.821208 0.000000 2212 1544 1 0 1 
-1.398573 -1.027993 0.000000 1.226286 -0.941360 8870.579348 0.000000 2212 1545 1 0 1 
-0.076832 -1.059360 0.000000 1.816715 1.581374 8805.776167 0.000000 2212 1546 1 0 1 
1.290007 -0.360182 0.000000 -0.776767 -0.154055 8869.653105 0.000000 2212 1547 1 0 1 
0.888034 0.204436 0.000000 -2.137744 1.552975 8851.331296 0.000000 2212 1548 1 0 1 
-0.268004 1.314571 0.000000 1.295511 4.636328 8833.491356 0.000000 2212 1549 1 0 1 
-2.835624 -1.210117 0.000000 3.564198 1.661785 8820.647243 0.000000 2212 1550 1 0 1 
0.595355 0.939700 0.000000 0.248259 2.018221 8880.349707 0.000000 2212 1551 1 0 1 
-0.848293 -0.767457 0.000000 2.094613 -4.229486 8954.954100 0.000000 2212 1552 1 0 1 
-2.271168 1.732377 0.000000 0.831817 3.501343 8861.560885 0.000000 2212 1553 1 0 1 
2.720038 -0.835902 0.000000 -3.558193 -4.279198 8935.792772 0.000000 2212 1554 1 0 1 
1.008222 0.111748 0.000000 -0.589463 -2.410620 8899.088705 0.000000 2212 1555 1 0 1 
1.519681 -0.842334 0.000000 -0.633947 -5.804194 8928.174704 0.000000 2212 1556 1 0 1 
1.136150 -0.503678 0.000000 -1.689765 0.614532 8878.356262 0.000000 2212 1557 1 0 1 
1.960990 -2.094982 0.000000 -1.155639 -6.085531 8964.925255 0.000000 2212 1558 1 0 1 
3.027572 -1.303787 0.000000 -3.345237 -0.691175 8905.567887 0.000000 2212 1559 1 0 1 
0.734936 -1.850432 0.000000 -0.228583 -4.789883 8880.600551 0.000000 2212 1560 1 0 1 
-1.697490 2.487029 0.000000 2.890769 5.817522 8864.104463 0.000000 2212 1561 1 0 1 
0.492090 -1.435100 0.000000 -0.615893 -0.501853 8864.948903 0.000000 2212 1562 1 0 1 
-1.931211 0.202543 0.000000 1.870705 2.472122 8883.302103 0.000000 2212 1563 1 0 1 
-1.956241 -0.694368 0.000000 3.804096 6.731059 8858.908430 0.000000 2212 1564 1 0 1 
1.537011 0.807478 0.000000 -3.697965 3.106517 8845.706072 0.000000 2212 1565 1 0 1 
-3.356036 1.561079 0.000000 6.643645 2.041009 8868.322882 0.000000 2212 1566 1 0 1 
-0.725465 -0.630077 0.000000 2.143525 0.567702 8878.887184 0.000000 2212 1567 1 0 1 
-2.498462 -2.026741 0.000000 2.486602 -2.673766 8877.696848 0.000000 2212 1568 1 0 1 
-1.027936 -1.034671 0.000000 -1.085835 2.663412 8854.291612 0.000000 2212 1569 1 0 1 
1.961797 1.742771 0.000000 -4.468608 1.266172 8868.283824 0.000000 2212 1570 1 0 1 
1.452977 -0.654649 0.000000 -1.633394 0.400153 8894.127524 0.000000 2212 1571 1 0 1 
0.099873 0.679801 0.000000 0.053597 2.892186 8882.856439 0.000000 2212 1572 1 0 1 
1.589910 0.449651 0.000000 -1.003581 -0.627758 8918.694790 0.000000 2212 1573 1 0 1 
1.324277 0.766516 0.000000 -0.839925 -1.813502 8921.780717 0.000000 2212 1574 1 0 1 
2.739656 -0.972147 0.000000 -1.681081 -0.911921 8895.696024 0.000000 2212 1575 1 0 1 
4.096682 -0.446713 0.000000 -4.829603 1.921892 8884.444415 0.000000 2212 1576 1 0 1 
-1.519710 2.000309 0.000000 0.831013 6.703807 8851.548347 0.000000 2212 1577 1 0 1 
-0.942891 -0.480587 0.000000 2.504325 -1.650595 8915.339178 0.000000 2212 1578 1 0 1 
-4.640994 -0.189376 0.000000 6.941508 2.471883 8846.662976 0.000000 2212 1579 1 0 1 
-1.667270 0.648917 0.000000 3.643644 1.158919 8867.263000 0.000000 2212 1580 1 0 1 
1.077147 0.170677 0.000000 -0.024970 1.197743 8871.341281 0.000000 2212 1581 1 0 1 
0.160869 -0.505332 0.000000 0.645986 -4.439919 8921.257413 0.000000 2212 1582 1 0 1 
1.262571 -0.651918 0.000000 -1.431060 -0.736207 8867.872297 0.000000 2212 1583 1 0 1 
-1.571408 -1.784163 0.000000 1.344508 -2.311043 8909.567246 0.000000 2212 1584 1 0 1 
-0.303616 0.969754 0.000000 2.691263 1.647328 8929.054642 0.000000 2212 1585 1 0 1 
-0.707583 -2.340961 0.000000 0.376843 -0.626040 8889.993332 0.000000 2212 1586 1 0 1 
1.094543 -1.823998 0.000000 -3.034959 -3.580852 8890.195756 0.000000 2212 1587 1 0 1 
2.578988 0.050692 0.000000 -3.154827 0.660802 8854.969047 0.000000 2212 1588 1 0 1 
-0.238656 -1.143347 0.000000 -0.088596 -2.246870 8924.197655 0.000000 2212 1589 1 0 1 
3.233797 1.261073 0.000000 -2.862956 1.423223 8867.180933 0.000000 2212 1590 1 0 1 
1.382782 -1.482196 0.000000 -2.095075 1.215272 8885.171871 0.000000 2212 1591 1 0 1 
-0.957674 -1.537032 0.000000 0.895027 -2.927527 8890.017814 0.000000 2212 1592 1 0 1 
-0.657093 1.866126 0.000000 1.377283 4.656931 8863.195670 0.000000 2212 1593 1 0 1 
0.777832 0.061119 0.000000 -0.646638 1.699231 8874.366349 0.000000 2212 1594 1 0 1 
-0.047897 -0.009197 0.000000 -0.741036 -0.719883 8908.781218 0.000000 2212 1595 1 0 1 
-0.540592 -0.232848 0.000000 -0.643150 -0.935878 8882.389995 0.000000 2212 1596 1 0 1 
-2.339426 -0.306211 0.000000 4.154908 3.927467 8835.478695 0.000000 2212 1597 1 0 1 
0.011751 -1.246220 0.000000 1.719084 -3.480957 8892.247936 0.000000 2212 1598 1 0 1 
0.404221 -0.202819 0.000000 -0.196771 3.417558 8869.539975 0.000000 2212 1599 1 0 1 
-1.136932 -0.473309 0.000000 -0.723136 -2.188673 8870.914128 0.000000 2212 1600 1 0 1 
1.021070 1.711084 0.000000 -0.346920 1.489582 8944.396295 0.000000 2212 1601 1 0 1 
0.520358 -0.429680 0.000000 1.714962 1.475467 8882.374801 0.000000 2212 1602 1 0 1 
3.114616 -1.899288 0.000000 -1.319779 -4.620266 8918.371986 0.000000 2212 1603 1 0 1 
-0.453222 -0.065144 0.000000 0.807277 1.305376 8900.278945 0.000000 2212 1604 1 0 1 
-2.936098 0.580950 0.000000 5.590185 -4.898110 8905.380443 0.000000 2212 1605 1 0 1 
-0.193041 -1.765670 0.000000 0.287192 1.571178 8877.562034 0.000000 2212 1606 1 0 1 
2.328790 1.570639 0.000000 -2.747628 2.247503 8885.642207 0.000000 2212 1607 1 0 1 
-2.099919 -0.782302 0.000000 1.245209 -2.660868 8938.167086 0.000000 2212 1608 1 0 1 
-0.519317 0.267216 0.000000 1.236609 0.923574 8929.453181 0.000000 2212 1609 1 0 1 
-1.818583 -1.882144 0.000000 1.721150 -4.623272 8904.575876 0.000000 2212 1610 1 0 1 
1.546027 -0.834232 0.000000 -1.925363 -0.870086 8924.941846 0.000000 2212 1611 1 0 1 
3.531448 0.348675 0.000000 -3.996940 3.870951 8900.065545 0.000000 2212 1612 1 0 1 
-2.256330 -0.477113 0.000000 4.478585 -1.823465 8878.758681 0.000000 2212 1613 1 0 1 
-0.037427 -3.335233 0.000000 0.896536 -4.218946 8892.394338 0.000000 2212 1614 1 0 1 
-0.187961 -1.125572 0.000000 0.302596 -4.433874 8927.966441 0.000000 2212 1615 1 0 1 
-1.565904 2.947444 0.000000 2.799207 6.044306 8882.898778 0.000000 2212 1616 1 0 1 
0.666189 0.244849 0.000000 1.188545 -0.818905 8928.837491 0.000000 2212 1617 1 0 1 
0.890172 -1.862136 0.000000 -1.554686 0.400704 8834.852207 0.000000 2212 1618 1 0 1 
-4.199632 0.419189 0.000000 5.595522 -0.279312 8890.794357 0.000000 2212 1619 1 0 1 
-1.096177 -1.095393 0.000000 3.530642 -3.993421 8896.192065 0.000000 2212 1620 1 0 1 
1.254105 -0.375754 0.000000 -1.734225 -4.637350 8906.094064 0.000000 2212 1621 1 0 1 
-2.404226 1.861332 0.000000 2.982803 -1.015059 8908.193783 0.000000 2212 1622 1 0 1 
3.335406 0.586994 0.000000 -2.831485 0.191177 8914.987340 0.000000 2212 1623 1 0 1 
-2.276361 -0.710519 0.000000 2.246186 0.216548 8911.587317 0.000000 2212 1624 1 0 1 
1.205945 -1.773654 0.000000 -1.505273 -4.601174 8880.389194 0.000000 2212 1625 1 0 1 
3.121287 0.863813 0.000000 -3.708403 1.644726 8872.465630 0.000000 2212 1626 1 0 1 
-1.594505 -1.159729 0.000000 1.790910 -3.001038 8921.212440 0.000000 2212 1627 1 0 1 
0.131706 -1.302792 0.000000 -0.595595 -3.912079 8906.752533 0.000000 2212 1628 1 0 1 
0.508747 1.805742 0.000000 -0.022711 8.968467 8802.072727 0.000000 2212 1629 1 0 1 
-1.121905 0.374034 0.000000 1.157510 2.665957 8853.358593 0.000000 2212 1630 1 0 1 
-0.640096 0.925881 0.000000 -0.865743 2.403929 8895.142925 0.000000 2212 1631 1 0 1 
0.846333 -1.146181 0.000000 -2.130473 -4.403678 8940.881398 0.000000 2212 1632 1 0 1 
-2.043971 -0.283283 0.000000 3.917745 -2.090099 8877.774340 0.000000 2212 1633 1 0 1 
1.271987 -0.131696 0.000000 -1.796030 1.595102 8869.015063 0.000000 2212 1634 1 0 1 
-1.176565 0.440702 0.000000 4.116622 -1.754111 8917.750091 0.000000 2212 1635 1 0 1 
-1.076728 -0.038228 0.000000 1.718303 -1.773022 8891.030637 0.000000 2212 1636 1 0 1 
0.238274 -1.843921 0.000000 -0.932773 -3.228831 8894.045806 0.000000 2212 1637 1 0 1 
-0.277004 -1.359994 0.000000 -1.397038 -1.066795 8906.048047 0.000000 2212 1638 1 0 1 
2.332887 -1.515597 0.000000 -2.520701 -3.227768 8911.945785 0.000000 2212 1639 1 0 1 
-2.038524 0.008099 0.000000 0.920351 -0.163789 8860.210816 0.000000 2212 1640 1 0 1 
-1.041886 -0.564126 0.000000 1.045885 -4.722083 8946.982738 0.000000 2212 1641 1 0 1 
3.711630 -0.218134 0.000000 -4.707922 3.168603 8894.139814 0.000000 2212 1642 1 0 1 
-0.284124 1.041022 0.000000 3.902801 2.651841 8852.349793 0.000000 2212 1643 1 0 1 
-3.355903 0.303826 0.000000 3.686264 -1.815008 8893.048401 0.000000 2212 1644 1 0 1 
0.802789 1.360259 0.000000 -2.141761 4.295904 8880.378155 0.000000 2212 1645 1 0 1 
-1.419050 1.068330 0.000000 1.156007 -0.036662 8891.872546 0.000000 2212 1646 1 0 1 
-0.824327 0.470347 0.000000 1.071758 -0.377350 8917.919844 0.000000 2212 1647 1 0 1 
-1.043313 -1.050044 0.000000 2.012533 0.009423 8897.983438 0.000000 2212 1648 1 0 1 
-0.687444 1.020419 0.000000 3.335940 0.697340 8901.730510 0.000000 2212 1649 1 0 1 
1.362292 -1.568994 0.000000 0.061065 -1.700401 8916.876211 0.000000 2212 1650 1 0 1 
0.851248 0.630917 0.000000 -0.914145 0.625565 8896.927724 0.000000 2212 1651 1 0 1 
-0.792196 0.883443 0.000000 1.615272 -0.803079 8920.090270 0.000000 2212 1652 1 0 1 
4.332259 -1.574078 0.000000 -6.393354 -0.836047 8867.782822 0.000000 2212 1653 1 0 1 
-2.243084 -0.198050 0.000000 3.444780 -3.288693 8858.283101 0.000000 2212 1654 1 0 1 
-1.163948 -1.153633 0.000000 1.306327 2.906240 8847.911197 0.000000 2212 1655 1 0 1 
-0.552576 -1.968197 0.000000 -0.418542 -1.928669 8905.686173 0.000000 2212 1656 1 0 1 
2.029350 -2.172603 0.000000 -5.972142 -3.111331 8904.654883 0.000000 2212 1657 1 0 1 
-0.639412 -1.418328 0.000000 0.675668 -4.085204 8885.700331 0.000000 2212 1658 1 0 1 
-1.346048 -0.071648 0.000000 2.191349 -1.115919 8931.912820 0.000000 2212 1659 1 0 1 
1.324696 0.123266 0.000000 -0.571019 3.828660 8876.405299 0.000000 2212 1660 1 0 1 
0.893739 0.152819 0.000000 -2.824932 1.253232 8943.196653 0.000000 2212 1661 1 0 1 
-0.011037 1.387755 0.000000 0.433800 2.672031 8881.984698 0.000000 2212 1662 1 0 1 
1.973268 -1.291643 0.000000 -2.338203 -1.554134 8905.584410 0.000000 2212 1663 1 0 1 
0.772455 1.768694 0.000000 1.200482 1.744561 8891.346442 0.000000 2212 1664 1 0 1 
1.018688 -0.740637 0.000000 0.830212 -5.059946 8909.181247 0.000000 2212 1665 1 0 1 
2.931668 -0.733889 0.000000 -4.464097 0.712277 8878.057083 0.000000 2212 1666 1 0 1 
-0.276209 2.182276 0.000000 1.847750 4.438215 8857.427817 0.000000 2212 1667 1 0 1 
-2.117861 -0.053099 0.000000 3.444199 1.355194 8902.968307 0.000000 2212 1668 1 0 1 
-0.315494 0.439924 0.000000 1.206582 3.461124 8832.611433 0.000000 2212 1669 1 0 1 
1.248216 0.039198 0.000000 -0.531976 2.452476 8887.799082 0.000000 2212 1670 1 0 1 
2.099444 0.692756 0.000000 -4.475153 0.685515 8874.869748 0.000000 2212 1671 1 0 1 
0.981809 -0.237254 0.000000 -0.783786 2.314630 8888.978645 0.000000 2212 1672 1 0 1 
-0.344481 0.930762 0.000000 0.280355 -1.752506 8873.180943 0.000000 2212 1673 1 0 1 
2.389071 0.645649 0.000000 -6.106575 3.281102 8870.799811 0.000000 2212 1674 1 0 1 
3.616512 -0.818274 0.000000 -4.149313 0.213973 8883.843461 0.000000 2212 1675 1 0 1 
5.699590 -0.488190 0.000000 -8.048549 2.371417 8891.038779 0.000000 2212 1676 1 0 1 
1.645994 -2.013651 0.000000 -3.540422 -3.451907 8898.882804 0.000000 2212 1677 1 0 1 
0.402379 -0.137246 0.000000 -1.212093 -4.404709 8893.061913 0.000000 2212 1678 1 0 1 
-1.448792 -3.266765 0.000000 1.550636 -7.955913 8935.006687 0.000000 2212 1679 1 0 1 
-3.083826 -1.669997 0.000000 5.020479 -1.398610 8874.408544 0.000000 2212 1680 1 0 1 
0.152021 -0.800876 0.000000 -1.706266 0.891652 8846.806705 0.000000 2212 1681 1 0 1 
-2.592498 0.805065 0.000000 5.563234 3.716962 8855.663071 0.000000 2212 1682 1 0 1 
-0.072137 2.907479 0.000000 1.718296 2.217318 8863.481448 0.000000 2212 1683 1 0 1 
0.894149 0.151747 0.000000 -2.023672 -2.661402 8923.098866 0.000000 2212 1684 1 0 1 
1.851107 0.462311 0.000000 -4.657016 0.193896 8890.764936 0.000000 2212 1685 1 0 1 
2.579444 -1.892565 0.000000 -3.171911 -8.709838 8978.500391 0.000000 2212 1686 1 0 1 
0.873677 -1.111416 0.000000 -1.282241 -5.982926 8909.516104 0.000000 2212 1687 1 0 1 
-0.541638 0.332247 0.000000 3.431481 -3.200075 8915.954063 0.000000 2212 1688 1 0 1 
-0.236732 0.419337 0.000000 1.224279 -3.712342 8906.677980 0.000000 2212 1689 1 0 1 
-1.801756 -2.051465 0.000000 3.542611 -0.910581 8899.890903 0.000000 2212 1690 1 0 1 
-0.666519 3.695799 0.000000 1.191525 5.759747 8927.676608 0.000000 2212 1691 1 0 1 
2.150700 0.637004 0.000000 -4.524162 0.863901 8869.302937 0.000000 2212 1692 1 0 1 
0.287569 0.818743 0.000000 2.968975 -0.669171 8843.294337 0.000000 2212 1693 1 0 1 
-2.196868 -1.365815 0.000000 1.482270 0.584532 8872.229810 0.000000 2212 1694 1 0 1 
2.529860 1.278965 0.000000 -2.850207 -0.820997 8901.747428 0.000000 2212 1695 1 0 1 
2.582946 -0.644020 0.000000 -6.315598 -2.567361 8926.492436 0.000000 2212 1696 1 0 1 
0.509347 -0.251928 0.000000 -1.080967 0.822555 8934.091145 0.000000 2212 1697 1 0 1 
3.482002 0.265912 0.000000 -0.366305 -1.096633 8909.445452 0.000000 2212 1698 1 0 1 
1.477874 0.793823 0.000000 -0.596924 0.243769 8849.817658 0.000000 2212 1699 1 0 1 
2.494932 0.530472 0.000000 -5.092117 2.690671 8876.455280 0.000000 2212 1700 1 0 1 
-1.631896 0.747420 0.000000 0.362131 7.545026 8900.423995 0.000000 2212 1701 1 0 1 
0.757617 0.973937 0.000000 -4.017955 -1.055278 8882.830617 0.000000 2212 1702 1 0 1 
-0.376301 -2.494845 0.000000 1.004243 -6.939486 8974.861671 0.000000 2212 1703 1 0 1 
-1.134357 0.354343 0.000000 2.089560 -2.695638 8899.615225 0.000000 2212 1704 1 0 1 
-2.511381 1.527938 0.000000 1.957066 4.915616 8841.114788 0.000000 2212 1705 1 0 1 
-2.693796 -0.152282 0.000000 3.077452 -1.474575 8927.584076 0.000000 2212 1706 1 0 1 
0.788179 -1.298715 0.000000 -4.221821 -0.631139 8871.142781 0.000000 2212 1707 1 0 1 
-1.350560 0.696545 0.000000 1.522190 -0.583556 8931.294366 0.000000 2212 1708 1 0 1 
3.714591 -1.287850 0.000000 -3.138922 0.819967 8896.550384 0.000000 2212 1709 1 0 1 
1.519475 -1.275052 0.000000 -0.816679 -0.693143 8903.050674 0.000000 2212 1710 1 0 1 
1.509759 0.726945 0.000000 -1.930996 0.472910 8912.249847 0.000000 2212 1711 1 0 1 
3.649854 -1.976908 0.000000 -7.195920 -6.785061 8907.758264 0.000000 2212 1712 1 0 1 
2.334180 0.648069 0.000000 -3.364210 -1.812418 8877.116316 0.000000 2212 1713 1 0 1 
-0.915333 -0.140912 0.000000 2.949120 0.883529 8883.404447 0.000000 2212 1714 1 0 1 
0.126324 1.206903 0.000000 -0.200943 6.127772 8881.509874 0.000000 2212 1715 1 0 1 
3.096795 0.952687 0.000000 -4.431788 3.479174 8838.659399 0.000000 2212 1716 1 0 1 
-1.290711 -1.220916 0.000000 2.747454 -3.129116 8922.932525 0.000000 2212 1717 1 0 1 
-1.370199 1.231415 0.000000 1.516659 2.326248 8866.803302 0.000000 2212 1718 1 0 1 
-1.357255 1.943630 0.000000 1.136470 -0.580002 8863.446986 0.000000 2212 1719 1 0 1 
-2.390476 1.217539 0.000000 1.572423 -0.131835 8857.660317 0.000000 2212 1720 1 0 1 
5.018080 -0.948238 0.000000 -4.952555 -5.035468 8921.444457 0.000000 2212 1721 1 0 1 
-1.626711 -1.435583 0.000000 1.654729 -2.788225 8919.869928 0.000000 2212 1722 1 0 1 
1.590850 -0.183690 0.000000 -2.391233 -3.773370 8890.545190 0.000000 2212 1723 1 0 1 
1.909646 -1.878151 0.000000 -2.907261 1.648853 8871.118052 0.000000 2212 1724 1 0 1 
0.744551 -0.926144 0.000000 0.341253 0.275534 8866.214003 0.000000 2212 1725 1 0 1 
-1.950345 -1.064753 0.000000 4.834672 4.665872 8867.659502 0.000000 2212 1726 1 0 1 
1.913347 0.986399 0.000000 -4.312923 4.094766 8813.100121 0.000000 2212 1727 1 0 1 
0.536899 -0.809441 0.000000 1.579750 -0.729827 8907.952077 0.000000 2212 1728 1 0 1 
1.069455 0.609895 0.000000 -1.035225 -0.733707 8874.405690 0.000000 2212 1729 1 0 1 
0.082361 -1.562573 0.000000 -0.898784 -4.202055 8923.450176 0.000000 2212 1730 1 0 1 
0.234974 1.211270 0.000000 -1.355481 -0.836658 8868.078329 0.000000 2212 1731 1 0 1 
-1.369904 -0.145453 0.000000 1.952716 -2.832161 8904.199865 0.000000 2212 1732 1 0 1 
-0.920356 -0.563251 0.000000 0.539657 0.288630 8887.609365 0.000000 2212 1733 1 0 1 
2.871625 0.264493 0.000000 -4.673357 3.051037 8901.382884 0.000000 2212 1734 1 0 1 
-2.476278 -0.501403 0.000000 3.474550 3.214691 8866.631819 0.000000 2212 1735 1 0 1 
-0.171117 -0.041138 0.000000 1.870406 -0.014082 8931.226119 0.000000 2212 1736 1 0 1 
-1.872333 -0.554106 0.000000 0.816730 -4.652479 8974.165167 0.000000 2212 1737 1 0 1 
2.291182 -3.359871 0.000000 -2.727720 -3.191418 8928.679024 0.000000 2212 1738 1 0 1 
-2.501308 3.241478 0.000000 1.669126 1.441694 8869.496728 0.000000 2212 1739 1 0 1 
-2.109526 1.941924 0.000000 3.078945 2.887866 8854.917239 0.000000 2212 1740 1 0 1 
2.381464 -0.693591 0.000000 -4.883977 -0.805152 8868.590341 0.000000 2212 1741 1 0 1 
-1.384165 -0.036068 0.000000 1.287135 -0.276307 8871.783627 0.000000 2212 1742 1 0 1 
-0.112055 -0.012369 0.000000 0.204437 0.934609 8884.479822 0.000000 2212 1743 1 0 1 
3.650044 -0.308317 0.000000 -1.424862 -1.734372 8929.242737 0.000000 2212 1744 1 0 1 
0.851302 1.009129 0.000000 -2.812431 -0.269574 8894.660634 0.000000 2212 1745 1 0 1 
0.379876 -2.604097 0.000000 0.693389 -1.501316 8923.600271 0.000000 2212 1746 1 0 1 
1.468201 2.296117 0.000000 -3.550100 -0.568976 8903.923911 0.000000 2212 1747 1 0 1 
-1.277925 -0.406987 0.000000 1.484381 1.333078 8845.652580 0.000000 2212 1748 1 0 1 
1.185657 -1.292998 0.000000 -2.699188 -3.710763 8881.434590 0.000000 2212 1749 1 0 1 
-2.182059 0.520502 0.000000 4.104216 2.264164 8869.806603 0.000000 2212 1750 1 0 1 
1.045546 -0.041852 0.000000 -1.233302 -4.638463 8912.973499 0.000000 2212 1751 1 0 1 
2.547931 1.923514 0.000000 -2.522224 0.889030 8871.916987 0.000000 2212 1752 1 0 1 
-1.429703 0.213871 0.000000 1.252586 3.592084 8858.233505 0.000000 2212 1753 1 0 1 
3.514971 0.227200 0.000000 -3.995477 -0.026227 8886.175629 0.000000 2212 1754 1 0 1 
1.372034 0.298569 0.000000 -1.347709 2.177464 8887.633728 0.000000 2212 1755 1 0 1 
0.507846 0.815984 0.000000 -3.121392 0.290626 8889.642388 0.000000 2212 1756 1 0 1 
3.400745 0.024096 0.000000 -6.217007 4.073247 8846.490129 0.000000 2212 1757 1 0 1 
-0.866597 0.688332 0.000000 2.380211 -1.791489 8929.030613 0.000000 2212 1758 1 0 1 
2.188140 -0.459998 0.000000 -2.512106 2.886129 8832.642754 0.000000 2212 1759 1 0 1 
-0.304527 -1.042208 0.000000 -0.998644 -4.318364 8919.964849 0.000000 2212 1760 1 0 1 
2.722335 0.838632 0.000000 -5.341667 0.627587 8885.380770 0.000000 2212 1761 1 0 1 
-2.802523 1.487269 0.000000 3.403905 3.308792 8858.765228 0.000000 2212 1762 1 0 1 
-1.410550 -0.259216 0.000000 1.704783 -0.385048 8880.751944 0.000000 2212 1763 1 0 1 
2.037829 0.457574 0.000000 -2.069829 4.897781 8836.233125 0.000000 2212 1764 1 0 1 
1.122945 -0.443329 0.000000 -0.943361 -0.854105 8916.190756 0.000000 2212 1765 1 0 1 
-0.774895 -1.385993 0.000000 0.770058 0.512203 8909.488023 0.000000 2212 1766 1 0 1 
0.517922 0.401846 0.000000 -0.233578 2.771176 8896.171941 0.000000 2212 1767 1 0 1 
0.345170 1.939374 0.000000 -3.160647 5.551672 8841.087947 0.000000 2212 1768 1 0 1 
0.060768 -2.867706 0.000000 0.592585 -6.698850 8901.158490 0.000000 2212 1769 1 0 1 
1.738911 -1.874507 0.000000 -1.850139 -1.142348 8916.040689 0.000000 2212 1770 1 0 1 
0.746896 1.490025 0.000000 0.601808 4.898535 8848.030715 0.000000 2212 1771 1 0 1 
-2.002798 1.209728 0.000000 3.996254 6.084163 8825.982574 0.000000 2212 1772 1 0 1 
-1.137209 0.692975 0.000000 1.974302 -1.094220 8870.308202 0.000000 2212 1773 1 0 1 
0.550477 -2.218672 0.000000 -1.738644 -4.547045 8902.013331 0.000000 2212 1774 1 0 1 
0.704695 0.535497 0.000000 -2.654413 -2.316120 8844.949720 0.000000 2212 1775 1 0 1 
-1.013063 1.328014 0.000000 1.408515 1.986567 8872.917821 0.000000 2212 1776 1 0 1 
1.959074 1.369958 0.000000 -3.756801 -5.414014 8965.092340 0.000000 2212 1777 1 0 1 
-0.798174 0.230957 0.000000 1.175055 -0.089051 8915.955752 0.000000 2212 1778 1 0 1 
-1.537470 0.014299 0.000000 1.005525 -3.236794 8878.034047 0.000000 2212 1779 1 0 1 
-0.069529 1.374766 0.000000 0.374298 3.215502 8871.122226 0.000000 2212 1780 1 0 1 
-0.224687 0.384714 0.000000 -1.485891 -1.634433 8875.091794 0.000000 2212 1781 1 0 1 
-0.637241 1.569937 0.000000 -0.023846 3.824376 8874.110291 0.000000 2212 1782 1 0 1 
1.195595 -0.955114 0.000000 -4.162175 -4.178517 8951.944954 0.000000 2212 1783 1 0 1 
1.751148 -1.034803 0.000000 -2.970273 -1.529532 8919.462374 0.000000 2212 1784 1 0 1 
0.121846 0.677919 0.000000 0.951275 1.576840 8876.391519 0.000000 2212 1785 1 0 1 
2.612116 1.090092 0.000000 -3.385067 1.388088 8884.940372 0.000000 2212 1786 1 0 1 
-1.452552 0.185249 0.000000 2.724634 -0.316204 8874.459184 0.000000 2212 1787 1 0 1 
1.923484 1.343045 0.000000 -1.673880 0.143007 8910.312067 0.000000 2212 1788 1 0 1 
-0.622657 0.613984 0.000000 -0.933882 1.504716 8885.474095 0.000000 2212 1789 1 0 1 
0.827752 1.054623 0.000000 -0.460731 0.477203 8887.848190 0.000000 2212 1790 1 0 1 
1.268110 -1.422898 0.000000 -1.702186 -6.725428 8900.712397 0.000000 2212 1791 1 0 1 
0.865051 0.260326 0.000000 -0.455810 1.459765 8872.762395 0.000000 2212 1792 1 0 1 
-0.392167 1.003942 0.000000 2.472009 1.455639 8902.002220 0.000000 2212 1793 1 0 1 
0.171889 0.772127 0.000000 1.062111 0.984591 8879.253904 0.000000 2212 1794 1 0 1 
1.244128 0.111121 0.000000 -1.607201 2.053655 8905.621644 0.000000 2212 1795 1 0 1 
1.214676 -0.285391 0.000000 -3.407151 -1.404149 8912.672147 0.000000 2212 1796 1 0 1 
-2.271465 1.826451 0.000000 4.683175 0.027828 8899.624515 0.000000 2212 1797 1 0 1 
-0.770637 -2.279502 0.000000 2.858524 -4.166898 8915.310444 0.000000 2212 1798 1 0 1 
0.840712 0.738815 0.000000 -1.576080 -1.738062 8909.613563 0.000000 2212 1799 1 0 1 
-1.092252 -2.994361 0.000000 2.229279 -8.231610 8922.759084 0.000000 2212 1800 1 0 1 
1.726121 1.231423 0.000000 -2.222169 1.008176 8904.849392 0.000000 2212 1801 1 0 1 
-3.915031 1.874718 0.000000 5.038963 3.557010 8898.288032 0.000000 2212 1802 1 0 1 
0.636775 -1.485504 0.000000 -1.097203 -1.911835 8884.227376 0.000000 2212 1803 1 0 1 
-0.389008 1.525981 0.000000 0.499861 1.871119 8897.203831 0.000000 2212 1804 1 0 1 
2.396091 -0.715639 0.000000 -1.551039 -3.708312 8921.595380 0.000000 2212 1805 1 0 1 
-1.984229 2.951879 0.000000 1.924572 5.836207 8872.117297 0.000000 2212 1806 1 0 1 
-0.209989 0.623617 0.000000 1.075216 4.076529 8850.787540 0.000000 2212 1807 1 0 1 
-0.845895 0.755070 0.000000 2.354116 2.672982 8899.829284 0.000000 2212 1808 1 0 1 
-1.257154 -0.241347 0.000000 0.556613 -1.655590 8871.766892 0.000000 2212 1809 1 0 1 
-1.042860 -0.514002 0.000000 3.959645 -1.890608 8903.176193 0.000000 2212 1810 1 0 1 
2.294429 1.147390 0.000000 -3.819355 -0.582391 8852.330409 0.000000 2212 1811 1 0 1 
0.981586 -0.843827 0.000000 1.647265 0.846106 8930.785912 0.000000 2212 1812 1 0 1 
1.200174 1.076123 0.000000 -2.294575 -1.417681 8897.234020 0.000000 2212 1813 1 0 1 
-3.678328 -2.598469 0.000000 4.939338 -2.409324 8884.732145 0.000000 2212 1814 1 0 1 
1.716315 -1.010598 0.000000 -1.886021 -1.766286 8921.996372 0.000000 2212 1815 1 0 1 
-0.512482 0.089585 0.000000 0.320433 0.483012 8941.865197 0.000000 2212 1816 1 0 1 
2.216527 -1.695813 0.000000 -4.099030 -0.956455 8908.744412 0.000000 2212 1817 1 0 1 
-3.016283 0.701064 0.000000 2.172778 2.900875 8922.359772 0.000000 2212 1818 1 0 1 
0.122482 0.486114 0.000000 -1.270121 -1.627595 8895.784039 0.000000 2212 1819 1 0 1 
-0.068165 0.712834 0.000000 1.562388 3.874158 8925.438158 0.000000 2212 1820 1 0 1 
-2.110940 -2.200816 0.000000 2.515136 -4.032428 8951.003667 0.000000 2212 1821 1 0 1 
-0.663916 -0.676811 0.000000 2.514689 -4.593341 8927.894377 0.000000 2212 1822 1 0 1 
-3.332534 0.210390 0.000000 4.267734 -0.585880 8916.866665 0.000000 2212 1823 1 0 1 
-2.082169 0.053239 0.000000 0.089523 -0.265420 8884.337828 0.000000 2212 1824 1 0 1 
-1.560858 0.104079 0.000000 2.640621 -1.689133 8906.277241 0.000000 2212 1825 1 0 1 
2.145363 0.091154 0.000000 -2.021014 2.921471 8868.797350 0.000000 2212 1826 1 0 1 
3.149859 -0.672634 0.000000 -2.981469 -3.581098 8916.687658 0.000000 2212 1827 1 0 1 
2.917172 -1.888367 0.000000 -2.123995 -7.258761 8957.674026 0.000000 2212 1828 1 0 1 
1.424540 -1.447611 0.000000 -1.975507 -3.314730 8888.323594 0.000000 2212 1829 1 0 1 
-1.395445 0.229860 0.000000 2.065761 1.098797 8844.027704 0.000000 2212 1830 1 0 1 
-0.681981 -0.112816 0.000000 0.144918 3.507055 8877.475447 0.000000 2212 1831 1 0 1 
-0.557486 -1.320498 0.000000 -0.282099 -0.287680 8870.561820 0.000000 2212 1832 1 0 1 
1.304989 -0.069745 0.000000 -1.506213 1.729201 8893.288794 0.000000 2212 1833 1 0 1 
1.811740 -0.395056 0.000000 -2.988881 -5.252982 8908.303352 0.000000 2212 1834 1 0 1 
1.671012 -1.325853 0.000000 -1.187828 -1.653773 8897.236316 0.000000 2212 1835 1 0 1 
-2.406929 1.756014 0.000000 3.386028 0.939989 8871.880697 0.000000 2212 1836 1 0 1 
-0.242848 -0.933804 0.000000 -1.055919 4.182959 8899.828828 0.000000 2212 1837 1 0 1 
-2.405581 -1.847375 0.000000 3.844853 -0.716049 8891.672516 0.000000 2212 1838 1 0 1 
-0.398132 -1.023045 0.000000 0.614047 -2.843656 8917.191974 0.000000 2212 1839 1 0 1 
-0.078240 -1.129923 0.000000 -0.999833 -0.675733 8917.157950 0.000000 2212 1840 1 0 1 
2.778401 -0.029325 0.000000 -4.618223 -1.834428 8926.902360 0.000000 2212 1841 1 0 1 
-0.207090 0.251454 0.000000 1.508594 -0.673828 8901.009164 0.000000 2212 1842 1 0 1 
-3.782688 1.494848 0.000000 5.612758 -1.563327 8941.521037 0.000000 2212 1843 1 0 1 
-0.562086 -1.240242 0.000000 2.559501 -2.480570 8915.140948 0.000000 2212 1844 1 0 1 
-0.677119 0.337566 0.000000 1.892338 3.404004 8880.646076 0.000000 2212 1845 1 0 1 
-1.174417 0.126550 0.000000 2.292533 -2.128621 8898.113648 0.000000 2212 1846 1 0 1 
-0.656731 2.480565 0.000000 0.730899 4.088214 8869.404814 0.000000 2212 1847 1 0 1 
-1.311827 -0.647448 0.000000 0.568395 0.962658 8861.364846 0.000000 2212 1848 1 0 1 
3.251140 -1.947081 0.000000 -3.389207 -1.455262 8937.024312 0.000000 2212 1849 1 0 1 
-0.482334 -0.163299 0.000000 0.486753 -3.756554 8909.780308 0.000000 2212 1850 1 0 1 
0.375977 -0.428271 0.000000 -0.673997 -1.318782 8925.617513 0.000000 2212 1851 1 0 1 
0.095743 -0.219844 0.000000 0.444695 0.128314 8917.701276 0.000000 2212 1852 1 0 1 
-0.846431 -1.740322 0.000000 1.763183 -4.248658 8939.687276 0.000000 2212 1853 1 0 1 
-3.228979 0.937729 0.000000 6.958172 -6.139355 8955.576646 0.000000 2212 1854 1 0 1 
-1.168738 -0.633360 0.000000 1.984621 -0.695388 8930.328823 0.000000 2212 1855 1 0 1 
-2.925703 1.851483 0.000000 3.066829 6.067119 8833.474044 0.000000 2212 1856 1 0 1 
-1.072151 1.028828 0.000000 4.090559 4.097104 8878.688056 0.000000 2212 1857 1 0 1 
2.133420 1.003243 0.000000 -3.578307 -3.179835 8899.808576 0.000000 2212 1858 1 0 1 
1.889504 1.028394 0.000000 -5.591452 3.076749 8892.274952 0.000000 2212 1859 1 0 1 
-0.168443 -1.983459 0.000000 1.249658 -2.165495 8881.921346 0.000000 2212 1860 1 0 1 
0.462361 0.012972 0.000000 1.371622 -0.183597 8875.125848 0.000000 2212 1861 1 0 1 
-0.149351 -0.227776 0.000000 0.654504 4.071635 8887.496661 0.000000 2212 1862 1 0 1 
0.390288 0.203713 0.000000 -2.807633 1.725245 8886.596990 0.000000 2212 1863 1 0 1 
-0.739145 0.868457 0.000000 0.477326 4.286231 8896.706953 0.000000 2212 1864 1 0 1 
-0.493333 1.315564 0.000000 -0.325024 0.742903 8873.837212 0.000000 2212 1865 1 0 1 
0.987999 -0.412161 0.000000 -0.340986 -3.797848 8923.799730 0.000000 2212 1866 1 0 1 
-3.053234 0.162629 0.000000 3.909226 1.089124 8890.296468 0.000000 2212 1867 1 0 1 
2.605627 -0.524837 0.000000 -3.951428 0.573151 8865.050720 0.000000 2212 1868 1 0 1 
-0.018413 0.573660 0.000000 -1.152895 1.623198 8878.709167 0.000000 2212 1869 1 0 1 
-0.355995 -0.602937 0.000000 0.823385 -1.778198 8897.849366 0.000000 2212 1870 1 0 1 
0.109229 1.181051 0.000000 -0.521527 1.629847 8852.057947 0.000000 2212 1871 1 0 1 
2.153099 0.197807 0.000000 -4.743003 3.960771 8821.452261 0.000000 2212 1872 1 0 1 
0.370814 0.074936 0.000000 -1.728400 -2.680124 8924.606717 0.000000 2212 1873 1 0 1 
3.257613 0.184464 0.000000 -4.182050 0.065777 8868.049424 0.000000 2212 1874 1 0 1 
0.478629 1.433133 0.000000 -1.327111 4.720329 8886.687788 0.000000 2212 1875 1 0 1 
0.257300 -2.222401 0.000000 -2.685426 -4.212883 8899.932575 0.000000 2212 1876 1 0 1 
1.283937 1.205843 0.000000 -2.602740 0.465264 8889.050057 0.000000 2212 1877 1 0 1 
-1.395802 3.005185 0.000000 2.440691 3.547922 8914.782085 0.000000 2212 1878 1 0 1 
1.936664 -0.451793 0.000000 -1.619858 -1.402644 8884.657466 0.000000 2212 1879 1 0 1 
0.394941 -0.381075 0.000000 0.574972 -3.749669 8947.013384 0.000000 2212 1880 1 0 1 
2.629398 -1.780394 0.000000 -2.186050 -5.296057 8938.553914 0.000000 2212 1881 1 0 1 
-1.162318 1.117236 0.000000 -0.373820 2.640982 8842.304904 0.000000 2212 1882 1 0 1 
-1.292972 -0.324631 0.000000 3.407703 -0.223823 8917.784439 0.000000 2212 1883 1 0 1 
1.647074 -0.639476 0.000000 -1.261302 -1.718685 8877.839416 0.000000 2212 1884 1 0 1 
-1.222616 -0.483619 0.000000 0.805952 -0.278602 8841.568234 0.000000 2212 1885 1 0 1 
0.193525 1.432559 0.000000 -2.519117 4.429125 8858.499193 0.000000 2212 1886 1 0 1 
-1.165226 2.153395 0.000000 -0.366777 3.892079 8871.390068 0.000000 2212 1887 1 0 1 
-1.308227 0.307549 0.000000 0.418705 -1.419809 8875.014100 0.000000 2212 1888 1 0 1 
-0.576982 0.745601 0.000000 1.907400 2.579883 8883.671448 0.000000 2212 1889 1 0 1 
0.808721 1.388850 0.000000 -2.622606 1.294475 8863.229990 0.000000 2212 1890 1 0 1 
-0.313860 0.173849 0.000000 -0.342961 -0.596840 8934.385503 0.000000 2212 1891 1 0 1 
1.202639 -1.159974 0.000000 -3.962887 -0.843319 8875.399147 0.000000 2212 1892 1 0 1 
-1.847526 -2.646535 0.000000 2.562496 -4.600162 8941.644186 0.000000 2212 1893 1 0 1 
-0.943944 -0.406933 0.000000 0.897442 4.326705 8898.833269 0.000000 2212 1894 1 0 1 
0.980564 0.828809 0.000000 -1.403828 1.531688 8872.293666 0.000000 2212 1895 1 0 1 
-2.486390 0.760158 0.000000 2.393438 5.593159 8864.944829 0.000000 2212 1896 1 0 1 
-1.827392 0.277190 0.000000 4.535465 0.806650 8921.403054 0.000000 2212 1897 1 0 1 
0.289399 1.444731 0.000000 -0.345172 4.618854 8861.449142 0.000000 2212 1898 1 0 1 
2.859512 2.658501 0.000000 -3.437703 1.929006 8892.294974 0.000000 2212 1899 1 0 1 
-1.051422 -0.533947 0.000000 3.287382 3.714188 8833.552618 0.000000 2212 1900 1 0 1 
-1.675587 -1.041539 0.000000 2.721920 -2.387676 8929.526226 0.000000 2212 1901 1 0 1 
-0.075277 0.187926 0.000000 -0.889060 -1.120108 8890.388018 0.000000 2212 1902 1 0 1 
0.249390 -0.818134 0.000000 0.721920 -1.491497 8886.657495 0.000000 2212 1903 1 0 1 
-1.607025 -2.212451 0.000000 0.696255 -1.531628 8923.982434 0.000000 2212 1904 1 0 1 
-3.986551 1.602836 0.000000 5.979951 3.884751 8846.807431 0.000000 2212 1905 1 0 1 
2.591849 0.415656 0.000000 -4.285735 -2.297670 8882.232131 0.000000 2212 1906 1 0 1 
0.180156 2.067525 0.000000 -0.778530 3.121813 8857.456310 0.000000 2212 1907 1 0 1 
0.843801 0.019618 0.000000 -1.604010 -2.958407 8926.266014 0.000000 2212 1908 1 0 1 
-3.645584 1.214530 0.000000 3.685731 4.556389 8857.808375 0.000000 2212 1909 1 0 1 
1.322082 -1.120340 0.000000 -2.043653 -3.524644 8952.202485 0.000000 2212 1910 1 0 1 
0.370453 1.053492 0.000000 -1.687171 3.221309 8846.039528 0.000000 2212 1911 1 0 1 
1.247298 -0.145750 0.000000 0.435907 0.718976 8883.558140 0.000000 2212 1912 1 0 1 
-2.847497 0.335495 0.000000 5.760019 0.469644 8841.652896 0.000000 2212 1913 1 0 1 
-1.033933 0.684887 0.000000 2.889309 0.528205 8865.385123 0.000000 2212 1914 1 0 1 
-1.437424 1.771244 0.000000 3.555137 -0.722380 8880.364754 0.000000 2212 1915 1 0 1 
-1.225048 -0.863027 0.000000 2.283284 -0.954673 8854.223164 0.000000 2212 1916 1 0 1 
-3.296633 0.840309 0.000000 4.578361 0.994999 8884.442549 0.000000 2212 1917 1 0 1 
-0.739637 1.838330 0.000000 1.134125 8.541186 8843.094337 0.000000 2212 1918 1 0 1 
1.237030 -2.093698 0.000000 -1.143045 -4.184322 8902.421510 0.000000 2212 1919 1 0 1 
1.619848 -0.586307 0.000000 -1.182242 -2.735444 8926.081346 0.000000 2212 1920 1 0 1 
-1.499034 0.687010 0.000000 -0.487285 1.506549 8898.368859 0.000000 2212 1921 1 0 1 
1.147555 -0.118406 0.000000 -1.902753 2.705898 8913.387903 0.000000 2212 1922 1 0 1 
0.215830 -0.040582 0.000000 -1.022719 -1.063168 8911.243444 0.000000 2212 1923 1 0 1 
-1.862877 -1.116080 0.000000 2.166711 2.721370 8866.859642 0.000000 2212 1924 1 0 1 
-0.067180 -2.439640 0.000000 1.332187 -3.742077 8971.329028 0.000000 2212 1925 1 0 1 
0.992124 -1.276703 0.000000 -0.634863 -2.581562 8923.920081 0.000000 2212 1926 1 0 1 
-0.780653 -0.771740 0.000000 1.998883 0.858490 8852.090501 0.000000 2212 1927 1 0 1 
1.368171 1.198812 0.000000 -1.728464 4.127607 8877.899410 0.000000 2212 1928 1 0 1 
-1.105050 -0.911800 0.000000 -0.827918 -0.579376 8921.780269 0.000000 2212 1929 1 0 1 
0.186348 -0.209271 0.000000 0.394489 5.587167 8805.666022 0.000000 2212 1930 1 0 1 
0.313247 -0.904393 0.000000 2.752623 -4.458239 8902.229633 0.000000 2212 1931 1 0 1 
-0.004885 -0.722443 0.000000 0.715593 1.941879 8867.129302 0.000000 2212 1932 1 0 1 
-0.296416 0.304561 0.000000 2.793740 -0.366079 8892.868813 0.000000 2212 1933 1 0 1 
1.715835 1.237434 0.000000 -2.519062 4.574199 8860.503864 0.000000 2212 1934 1 0 1 
-4.780224 0.189831 0.000000 6.719763 1.207269 8883.734301 0.000000 2212 1935 1 0 1 
0.943881 -0.340342 0.000000 -3.257947 0.506266 8883.930462 0.000000 2212 1936 1 0 1 
-0.587447 -0.098660 0.000000 -0.511305 -0.708856 8891.224420 0.000000 2212 1937 1 0 1 
-2.807049 1.879184 0.000000 4.907111 7.447616 8813.313547 0.000000 2212 1938 1 0 1 
-0.898714 0.965637 0.000000 2.064004 4.827252 8856.985729 0.000000 2212 1939 1 0 1 
2.712708 1.336256 0.000000 -4.001304 3.183937 8878.146583 0.000000 2212 1940 1 0 1 
0.406866 2.059701 0.000000 -0.418176 2.173458 8901.820667 0.000000 2212 1941 1 0 1 
-1.928223 0.404283 0.000000 1.841510 3.599078 8846.663963 0.000000 2212 1942 1 0 1 
-0.285169 0.710683 0.000000 -1.959033 2.081303 8860.735253 0.000000 2212 1943 1 0 1 
-0.542620 0.160492 0.000000 -1.629097 -3.412770 8913.504886 0.000000 2212 1944 1 0 1 
-0.272592 3.059457 0.000000 1.333331 3.390721 8863.418971 0.000000 2212 1945 1 0 1 
-2.190681 -1.010306 0.000000 2.959367 -2.609880 8871.979923 0.000000 2212 1946 1 0 1 
-0.390149 2.104522 0.000000 0.479571 2.072278 8870.599772 0.000000 2212 1947 1 0 1 
2.513971 0.151436 0.000000 -0.995524 -0.653883 8936.239831 0.000000 2212 1948 1 0 1 
-2.601125 -1.814192 0.000000 6.141318 -3.335820 8941.967808 0.000000 2212 1949 1 0 1 
-0.262443 -0.641450 0.000000 -0.382254 -0.394200 8902.402180 0.000000 2212 1950 1 0 1 
-0.784041 0.154954 0.000000 0.968190 -2.507033 8901.849380 0.000000 2212 1951 1 0 1 
-0.364894 0.510727 0.000000 -0.056783 -1.880990 8916.022050 0.000000 2212 1952 1 0 1 
-4.830007 -0.752735 0.000000 6.710737 0.504341 8876.594435 0.000000 2212 1953 1 0 1 
-3.290469 0.680535 0.000000 5.523915 1.217372 8874.473373 0.000000 2212 1954 1 0 1 
-0.116069 1.985428 0.000000 -1.274102 2.296086 8898.013425 0.000000 2212 1955 1 0 1 
-1.371191 -0.743983 0.000000 2.324376 -1.495632 8911.559011 0.000000 2212 1956 1 0 1 
-1.185184 0.486354 0.000000 3.320451 2.210503 8892.536351 0.000000 2212 1957 1 0 1 
-0.017889 -0.048320 0.000000 -0.393405 -0.934290 8896.433422 0.000000 2212 1958 1 0 1 
-0.165767 -0.656979 0.000000 -0.643613 -1.642246 8928.565891 0.000000 2212 1959 1 0 1 
0.441366 1.643152 0.000000 0.095200 8.905203 8800.566586 0.000000 2212 1960 1 0 1 
-1.277173 1.689590 0.000000 2.262247 1.420736 8885.948604 0.000000 2212 1961 1 0 1 
2.151127 0.321105 0.000000 -3.562714 1.414872 8865.566973 0.000000 2212 1962 1 0 1 
1.431625 0.544518 0.000000 -0.835413 -0.329202 8911.129972 0.000000 2212 1963 1 0 1 
1.086632 0.702240 0.000000 -0.628709 -1.813576 8869.160314 0.000000 2212 1964 1 0 1 
0.770066 1.422910 0.000000 -5.621270 1.942818 8870.450339 0.000000 2212 1965 1 0 1 
1.956706 -0.928868 0.000000 -4.509222 -3.329162 8906.311279 0.000000 2212 1966 1 0 1 
2.016718 -0.462468 0.000000 -3.937376 -3.292753 8959.171074 0.000000 2212 1967 1 0 1 
-2.000620 1.790472 0.000000 4.511455 4.371967 8875.867247 0.000000 2212 1968 1 0 1 
3.575770 0.473286 0.000000 -5.848653 -1.168502 8928.526888 0.000000 2212 1969 1 0 1 
1.532267 -0.041775 0.000000 -1.526698 -1.691662 8923.685824 0.000000 2212 1970 1 0 1 
-0.322969 0.882455 0.000000 1.399747 0.609711 8907.236352 0.000000 2212 1971 1 0 1 
0.215535 -2.849918 0.000000 0.711985 -7.068307 8904.383826 0.000000 2212 1972 1 0 1 
0.352730 1.744668 0.000000 1.216535 2.852640 8877.253732 0.000000 2212 1973 1 0 1 
-0.335899 0.816938 0.000000 1.499542 4.145044 8849.517812 0.000000 2212 1974 1 0 1 
-1.369752 0.989752 0.000000 -0.203163 4.684681 8841.384462 0.000000 2212 1975 1 0 1 
-2.108006 0.058482 0.000000 2.872069 1.970742 8907.195067 0.000000 2212 1976 1 0 1 
0.462182 -1.486319 0.000000 0.084923 -1.215971 8896.092380 0.000000 2212 1977 1 0 1 
1.797368 -0.182327 0.000000 -3.126933 4.538124 8839.592383 0.000000 2212 1978 1 0 1 
-0.087094 -0.471986 0.000000 0.136951 -4.900548 8948.455295 0.000000 2212 1979 1 0 1 
-2.943380 -0.499589 0.000000 4.078553 -1.441477 8870.684861 0.000000 2212 1980 1 0 1 
-0.921911 0.274832 0.000000 4.163828 -2.160870 8896.394912 0.000000 2212 1981 1 0 1 
-0.904184 -2.974525 0.000000 -0.800434 -2.436806 8873.840238 0.000000 2212 1982 1 0 1 
0.454077 1.127733 0.000000 -3.155808 -2.485520 8903.522234 0.000000 2212 1983 1 0 1 
0.082221 -0.499528 0.000000 -1.501990 0.711402 8896.032798 0.000000 2212 1984 1 0 1 
1.004622 -1.045301 0.000000 -1.173787 0.476946 8865.519976 0.000000 2212 1985 1 0 1 
-1.530875 2.136348 0.000000 3.806064 1.125557 8903.485106 0.000000 2212 1986 1 0 1 
0.050267 0.475325 0.000000 0.590039 3.364392 8847.523455 0.000000 2212 1987 1 0 1 
1.532541 -1.089246 0.000000 -4.267894 -0.725807 8878.028231 0.000000 2212 1988 1 0 1 
-1.995333 2.996134 0.000000 1.382984 0.433413 8873.235672 0.000000 2212 1989 1 0 1 
-1.288543 0.659850 0.000000 -0.047822 -0.828164 8892.397030 0.000000 2212 1990 1 0 1 
1.922104 -1.245749 0.000000 -1.008697 -5.857437 8956.432583 0.000000 2212 1991 1 0 1 
2.050903 -0.431925 0.000000 -1.990812 2.229561 8849.554171 0.000000 2212 1992 1 0 1 
-1.982429 -2.395387 0.000000 1.868502 -0.754374 8905.283334 0.000000 2212 1993 1 0 1 
0.579622 -1.092670 0.000000 -1.530614 0.503463 8921.685296 0.000000 2212 1994 1 0 1 
-0.410384 0.285172 0.000000 -0.104936 -0.686919 8878.690971 0.000000 2212 1995 1 0 1 
2.391228 0.109339 0.000000 -4.061167 -0.050339 8896.069795 0.000000 2212 1996 1 0 1 
2.503178 0.883329 0.000000 -1.745197 -1.265650 8937.140632 0.000000 2212 1997 1 0 1 
3.365383 -0.116675 0.000000 -4.054610 -4.040055 8951.082049 0.000000 2212 1998 1 0 1 
0.505746 0.895196 0.000000 -0.186712 1.118997 8900.122112 0.000000 2212 1999 1 0 1 
0.478574 -1.720023 0.000000 -0.491596 -6.633368 8992.741291 0.000000 2212 2000 1 0 1 
-0.795411 -0.721253 0.000000 2.612723 4.033022 8880.207875 0.000000 2212 2001 1 0 1 
1.447515 -0.914454 0.000000 -1.060413 -0.790717 8856.102821 0.000000 2212 2002 1 0 1 
3.551294 0.366796 0.000000 -5.990138 -4.536821 8898.947329 0.000000 2212 2003 1 0 1 
-0.701703 -0.836435 0.000000 -0.625870 1.026597 8897.617228 0.000000 2212 2004 1 0 1 
2.025213 -1.488256 0.000000 -1.840694 1.891342 8864.826946 0.000000 2212 2005 1 0 1 
-0.243328 -0.606759 0.000000 -0.424317 -0.049855 8866.659621 0.000000 2212 2006 1 0 1 
1.968935 -0.802248 0.000000 -1.336492 -5.560029 8924.824385 0.000000 2212 2007 1 0 1 
-0.485874 -1.466061 0.000000 0.878334 -3.450931 8900.283371 0.000000 2212 2008 1 0 1 
-0.732869 0.458509 0.000000 0.974510 -0.917391 8884.863316 0.000000 2212 2009 1 0 1 
3.296382 1.006193 0.000000 -4.431471 2.780810 8854.022169 0.000000 2212 2010 1 0 1 
-0.950805 -0.879510 0.000000 3.137219 1.020688 8877.463889 0.000000 2212 2011 1 0 1 
-0.782540 0.993014 0.000000 1.845620 0.592429 8849.898448 0.000000 2212 2012 1 0 1 
-0.910607 -0.674698 0.000000 0.468085 3.727035 8881.099256 0.000000 2212 2013 1 0 1 
-1.109597 0.236000 0.000000 1.904508 0.304826 8897.385939 0.000000 2212 2014 1 0 1 
1.888602 0.727021 0.000000 -2.472555 3.875175 8909.777974 0.000000 2212 2015 1 0 1 
-3.101225 1.249827 0.000000 4.359807 4.211038 8849.511481 0.000000 2212 2016 1 0 1 
-1.041009 1.795077 0.000000 0.999455 4.057634 8855.947748 0.000000 2212 2017 1 0 1 
1.241428 -2.542301 0.000000 1.651783 -5.216219 8911.396944 0.000000 2212 2018 1 0 1 
-2.394524 -0.915895 0.000000 1.493312 -0.932783 8869.934294 0.000000 2212 2019 1 0 1 
1.448203 0.433424 0.000000 0.963083 -2.361146 8890.037897 0.000000 2212 2020 1 0 1 
-1.281296 0.504707 0.000000 -0.450231 -0.032171 8876.182581 0.000000 2212 2021 1 0 1 
-0.168706 -0.331997 0.000000 -2.056935 1.353741 8846.346240 0.000000 2212 2022 1 0 1 
-0.564726 0.167068 0.000000 2.001681 -2.518909 8934.840055 0.000000 2212 2023 1 0 1 
1.872169 1.434031 0.000000 -1.599469 2.191303 8894.711280 0.000000 2212 2024 1 0 1 
0.026415 -1.304991 0.000000 -1.075709 -5.019527 9005.175682 0.000000 2212 2025 1 0 1 
1.522569 0.917663 0.000000 -3.713172 1.118781 8875.685006 0.000000 2212 2026 1 0 1 
1.099690 0.395450 0.000000 -1.343138 -1.810756 8902.650613 0.000000 2212 2027 1 0 1 
-0.260405 0.671118 0.000000 0.200125 2.899651 8839.684339 0.000000 2212 2028 1 0 1 
1.890456 -1.183457 0.000000 -4.318780 -2.231997 8860.452148 0.000000 2212 2029 1 0 1 
-2.139819 -0.930149 0.000000 2.070033 -1.029414 8900.410691 0.000000 2212 2030 1 0 1 
3.006441 0.408247 0.000000 -4.324461 0.799535 8889.473386 0.000000 2212 2031 1 0 1 
1.699035 -1.249324 0.000000 1.113958 -3.012518 8937.485094 0.000000 2212 2032 1 0 1 
-1.419767 1.282712 0.000000 2.452884 3.464435 8884.742892 0.000000 2212 2033 1 0 1 
-1.726841 1.970184 0.000000 3.106520 2.282075 8899.872235 0.000000 2212 2034 1 0 1 
3.242237 1.090956 0.000000 -5.367288 0.994610 8886.006735 0.000000 2212 2035 1 0 1 
0.854536 -1.271117 0.000000 0.513290 -0.231797 8891.008031 0.000000 2212 2036 1 0 1 
0.979143 1.101930 0.000000 -2.609636 1.271482 8842.325108 0.000000 2212 2037 1 0 1 
-2.689748 -0.126636 0.000000 2.152826 -0.002146 8871.027968 0.000000 2212 2038 1 0 1 
1.491923 -0.896778 0.000000 -1.138244 0.284232 8888.157812 0.000000 2212 2039 1 0 1 
0.981750 1.436745 0.000000 -0.312764 3.331814 8880.555259 0.000000 2212 2040 1 0 1 
-0.732023 -1.230847 0.000000 0.664857 0.293399 8890.779239 0.000000 2212 2041 1 0 1 
1.029878 0.327067 0.000000 -1.383898 -3.467084 8913.487908 0.000000 2212 2042 1 0 1 
0.366296 -0.004476 0.000000 -1.794009 -1.032047 8906.107677 0.000000 2212 2043 1 0 1 
1.713955 0.039793 0.000000 -5.368798 0.749942 8889.524714 0.000000 2212 2044 1 0 1 
-1.318456 -0.237734 0.000000 1.131825 0.553570 8881.332962 0.000000 2212 2045 1 0 1 
-1.540483 0.579152 0.000000 0.028861 4.591549 8856.709685 0.000000 2212 2046 1 0 1 
-0.638260 1.494160 0.000000 0.906579 2.388706 8877.586189 0.000000 2212 2047 1 0 1 
-0.331754 -2.972337 0.000000 0.709543 -5.506335 8924.804401 0.000000 2212 2048 1 0 1 
1.395373 -0.296721 0.000000 -2.934671 -1.000736 8936.775959 0.000000 2212 2049 1 0 1 
0.785368 0.162802 0.000000 -1.890499 -2.042466 8910.270063 0.000000 2212 2050 1 0 1 
-1.521720 2.667306 0.000000 -0.096600 3.722192 8880.484752 0.000000 2212 2051 1 0 1 
2.893546 0.322175 0.000000 -4.852057 0.869899 8877.810108 0.000000 2212 2052 1 0 1 
-3.038383 -0.227592 0.000000 2.719623 3.722768 8874.314369 0.000000 2212 2053 1 0 1 
0.088740 1.914711 0.000000 -1.384281 2.626732 8848.542697 0.000000 2212 2054 1 0 1 
-0.649657 -1.338098 0.000000 -0.604598 -4.583337 8907.172858 0.000000 2212 2055 1 0 1 
-1.861443 0.228057 0.000000 3.477759 -10.079603 8942.216767 0.000000 2212 2056 1 0 1 
0.812127 -0.626913 0.000000 -1.649819 -1.430561 8904.650230 0.000000 2212 2057 1 0 1 
-1.681363 1.649499 0.000000 2.126568 3.038756 8859.053459 0.000000 2212 2058 1 0 1 
-0.093688 -0.190292 0.000000 -1.672688 -0.812485 8872.433049 0.000000 2212 2059 1 0 1 
-2.832142 1.382200 0.000000 3.356018 3.088353 8849.176273 0.000000 2212 2060 1 0 1 
1.774161 0.727655 0.000000 -6.772191 5.611047 8812.928062 0.000000 2212 2061 1 0 1 
0.654273 -0.584060 0.000000 -1.103203 -3.666865 8910.897655 0.000000 2212 2062 1 0 1 
-0.824512 -1.145774 0.000000 1.056173 -2.201725 8895.188418 0.000000 2212 2063 1 0 1 
-1.012517 -1.855758 0.000000 0.857165 -0.834815 8882.944131 0.000000 2212 2064 1 0 1 
-1.649461 -1.292473 0.000000 1.098492 -0.742211 8866.493956 0.000000 2212 2065 1 0 1 
-0.295173 -0.624793 0.000000 1.042046 -2.482710 8913.239073 0.000000 2212 2066 1 0 1 
-2.142896 1.441716 0.000000 1.027180 4.783721 8892.833545 0.000000 2212 2067 1 0 1 
-0.930111 0.508649 0.000000 0.573806 -1.082134 8895.530239 0.000000 2212 2068 1 0 1 
-2.238037 2.804723 0.000000 5.928599 4.368092 8862.152492 0.000000 2212 2069 1 0 1 
0.163179 -1.460051 0.000000 -2.461071 -3.615192 8867.447823 0.000000 2212 2070 1 0 1 
-1.622515 1.405930 0.000000 1.755692 1.935763 8905.064052 0.000000 2212 2071 1 0 1 
3.925617 1.731572 0.000000 -5.208660 3.506921 8868.021787 0.000000 2212 2072 1 0 1 
0.605367 -0.931548 0.000000 -1.204435 -0.412729 8895.857365 0.000000 2212 2073 1 0 1 
-0.754471 -0.506578 0.000000 3.530935 -2.436644 8907.859495 0.000000 2212 2074 1 0 1 
0.255453 -0.986254 0.000000 1.219118 1.010834 8909.020306 0.000000 2212 2075 1 0 1 
0.942029 0.099849 0.000000 -0.294039 3.030090 8862.971386 0.000000 2212 2076 1 0 1 
-3.642046 0.514523 0.000000 6.549873 1.629727 8832.070605 0.000000 2212 2077 1 0 1 
1.321097 -0.087520 0.000000 -1.978529 1.140297 8873.258714 0.000000 2212 2078 1 0 1 
5.257609 0.926475 0.000000 -9.039241 2.066506 8856.025025 0.000000 2212 2079 1 0 1 
-0.937897 1.872842 0.000000 0.898669 1.257913 8883.346882 0.000000 2212 2080 1 0 1 
-0.921417 -0.713788 0.000000 0.907740 0.385323 8885.842405 0.000000 2212 2081 1 0 1 
-0.455425 -0.266990 0.000000 1.703526 0.929337 8862.448656 0.000000 2212 2082 1 0 1 
1.000688 0.151446 0.000000 -2.551709 0.424058 8865.239513 0.000000 2212 2083 1 0 1 
0.538126 0.310278 0.000000 -1.432161 -0.111180 8910.800121 0.000000 2212 2084 1 0 1 
0.761198 -0.320225 0.000000 -4.960914 1.061892 8862.751974 0.000000 2212 2085 1 0 1 
-0.984355 1.484600 0.000000 3.040887 1.837145 8915.842147 0.000000 2212 2086 1 0 1 
0.606430 -1.530323 0.000000 0.550641 -4.658883 8975.649252 0.000000 2212 2087 1 0 1 
-3.509816 -2.400856 0.000000 5.844891 -2.066499 8947.922458 0.000000 2212 2088 1 0 1 
-2.234618 0.327728 0.000000 4.855952 1.755081 8908.020940 0.000000 2212 2089 1 0 1 
0.638925 0.855879 0.000000 0.476394 4.417939 8881.031950 0.000000 2212 2090 1 0 1 
2.208300 1.018443 0.000000 -1.708453 3.433353 8849.797440 0.000000 2212 2091 1 0 1 
-1.292108 0.756541 0.000000 0.211486 -2.231952 8935.145518 0.000000 2212 2092 1 0 1 
-0.961417 0.447340 0.000000 -0.917078 0.051433 8908.643660 0.000000 2212 2093 1 0 1 
-1.042414 0.389005 0.000000 3.008175 6.140604 8864.636813 0.000000 2212 2094 1 0 1 
-0.267055 0.524973 0.000000 2.659409 -1.322770 8834.965644 0.000000 2212 2095 1 0 1 
-1.162403 -1.876148 0.000000 0.466072 -6.290888 8926.954410 0.000000 2212 2096 1 0 1 
0.074257 -0.591312 0.000000 0.525798 -3.081839 8897.725016 0.000000 2212 2097 1 0 1 
0.441411 0.390380 0.000000 -1.559723 4.012115 8873.633789 0.000000 2212 2098 1 0 1 
2.274531 0.672122 0.000000 -4.369546 4.819651 8851.467885 0.000000 2212 2099 1 0 1 
0.367270 1.651195 0.000000 -0.593508 5.867551 8904.149363 0.000000 2212 2100 1 0 1 
1.145801 0.166577 0.000000 -3.336023 1.205035 8884.838177 0.000000 2212 2101 1 0 1 
0.167270 -0.755789 0.000000 0.946191 -1.596522 8888.988339 0.000000 2212 2102 1 0 1 
0.050837 0.014395 0.000000 -0.997871 0.709361 8921.710818 0.000000 2212 2103 1 0 1 
-1.262347 -0.402906 0.000000 2.583573 -3.873044 8897.654145 0.000000 2212 2104 1 0 1 
0.382605 -1.912805 0.000000 -0.529730 -3.381644 8906.115431 0.000000 2212 2105 1 0 1 
1.760948 0.728518 0.000000 -3.876684 1.682285 8850.718948 0.000000 2212 2106 1 0 1 
0.535685 1.325866 0.000000 -0.202334 -0.114120 8862.477529 0.000000 2212 2107 1 0 1 
1.345808 0.856508 0.000000 -2.307042 3.436330 8859.999693 0.000000 2212 2108 1 0 1 
-1.233935 -0.463127 0.000000 0.971810 2.518410 8862.017879 0.000000 2212 2109 1 0 1 
0.188924 -0.722893 0.000000 -0.484196 -2.648538 8914.080183 0.000000 2212 2110 1 0 1 
1.305425 1.217948 0.000000 -2.275902 0.386669 8919.188945 0.000000 2212 2111 1 0 1 
-2.307248 -1.379162 0.000000 3.896998 -0.343172 8897.626784 0.000000 2212 2112 1 0 1 
0.575684 0.278540 0.000000 0.002406 -1.907675 8884.319593 0.000000 2212 2113 1 0 1 
3.185122 -0.703081 0.000000 -2.285384 2.598203 8892.179861 0.000000 2212 2114 1 0 1 
-0.108199 1.348531 0.000000 0.339295 5.848981 8841.301056 0.000000 2212 2115 1 0 1 
0.121843 1.780032 0.000000 0.637578 3.314725 8839.182269 0.000000 2212 2116 1 0 1 
-0.005540 1.188061 0.000000 -1.329317 -0.993644 8899.256629 0.000000 2212 2117 1 0 1 
-0.794118 -1.818330 0.000000 0.012388 -5.523553 8898.202398 0.000000 2212 2118 1 0 1 
2.238438 -0.609992 0.000000 -3.384627 -0.975356 8884.173636 0.000000 2212 2119 1 0 1 
-0.169021 0.212161 0.000000 2.584688 -3.915351 8888.428473 0.000000 2212 2120 1 0 1 
-0.117473 0.876613 0.000000 -0.177923 -1.348222 8899.048678 0.000000 2212 2121 1 0 1 
0.205118 -1.005868 0.000000 -0.174725 -3.267682 8951.626779 0.000000 2212 2122 1 0 1 
0.049230 -0.727419 0.000000 -0.651668 0.847140 8838.759166 0.000000 2212 2123 1 0 1 
0.329051 1.392698 0.000000 -4.595603 3.767209 8846.197158 0.000000 2212 2124 1 0 1 
1.137997 0.535836 0.000000 -1.401167 -1.133655 8916.787717 0.000000 2212 2125 1 0 1 
1.780218 0.413865 0.000000 -3.484634 -1.848395 8909.158228 0.000000 2212 2126 1 0 1 
-0.228698 -1.143258 0.000000 -1.394178 0.881464 8865.405739 0.000000 2212 2127 1 0 1 
-2.150843 0.996729 0.000000 2.058400 0.002137 8884.262534 0.000000 2212 2128 1 0 1 
0.079873 0.643753 0.000000 -1.836257 -0.465178 8879.989252 0.000000 2212 2129 1 0 1 
1.314402 -0.674077 0.000000 1.855306 2.899833 8848.724658 0.000000 2212 2130 1 0 1 
0.242097 -0.318537 0.000000 0.827724 0.428696 8876.002003 0.000000 2212 2131 1 0 1 
1.831707 1.976941 0.000000 -4.151017 3.523148 8906.560445 0.000000 2212 2132 1 0 1 
1.653200 -0.447675 0.000000 -4.512134 -0.279753 8901.034285 0.000000 2212 2133 1 0 1 
-2.282639 0.572713 0.000000 3.224782 1.412106 8871.872075 0.000000 2212 2134 1 0 1 
3.212871 -2.097745 0.000000 -5.311646 -3.654544 8926.271168 0.000000 2212 2135 1 0 1 
-0.686229 0.158932 0.000000 -0.687175 -6.540336 8925.575538 0.000000 2212 2136 1 0 1 
-0.637207 2.128083 0.000000 0.257186 2.109489 8871.389202 0.000000 2212 2137 1 0 1 
-2.739933 -0.616442 0.000000 6.334755 3.748041 8856.819817 0.000000 2212 2138 1 0 1 
0.416403 0.616766 0.000000 -0.945005 6.701097 8830.957380 0.000000 2212 2139 1 0 1 
1.105447 -3.835006 0.000000 -1.671561 -8.797282 8933.131341 0.000000 2212 2140 1 0 1 
-0.828832 -1.582129 0.000000 1.313949 -0.984356 8893.755587 0.000000 2212 2141 1 0 1 
1.683704 1.578592 0.000000 -1.544692 6.243796 8885.056998 0.000000 2212 2142 1 0 1 
0.965806 0.712494 0.000000 -2.455988 -0.724425 8914.599671 0.000000 2212 2143 1 0 1 
0.446249 -0.425149 0.000000 -0.085413 -3.358041 8922.042336 0.000000 2212 2144 1 0 1 
-3.342018 0.798470 0.000000 4.451237 -0.708975 8900.308014 0.000000 2212 2145 1 0 1 
2.547047 0.458929 0.000000 -3.032418 -1.551821 8886.117740 0.000000 2212 2146 1 0 1 
-1.687655 -0.522497 0.000000 2.532820 2.200861 8831.688135 0.000000 2212 2147 1 0 1 
0.569930 0.503022 0.000000 -0.087161 -2.170186 8905.137544 0.000000 2212 2148 1 0 1 
0.120332 0.539658 0.000000 0.970668 -2.737551 8936.167271 0.000000 2212 2149 1 0 1 
2.943315 0.734756 0.000000 -3.800569 0.931439 8908.308741 0.000000 2212 2150 1 0 1 
0.281675 1.652474 0.000000 -1.536041 4.733173 8867.799230 0.000000 2212 2151 1 0 1 
2.855931 0.078305 0.000000 -4.507309 -4.287459 8893.288856 0.000000 2212 2152 1 0 1 
-0.333427 -2.408177 0.000000 -0.105699 0.262443 8888.120174 0.000000 2212 2153 1 0 1 
-2.340499 3.227553 0.000000 3.783690 3.777411 8841.751716 0.000000 2212 2154 1 0 1 
1.480000 1.584454 0.000000 -0.088135 -0.850813 8899.128438 0.000000 2212 2155 1 0 1 
-2.881606 0.877473 0.000000 4.324172 5.494207 8850.006681 0.000000 2212 2156 1 0 1 
-0.940502 1.173209 0.000000 3.387581 3.948250 8826.168127 0.000000 2212 2157 1 0 1 
0.491195 -1.558117 0.000000 0.050866 -2.950279 8881.605713 0.000000 2212 2158 1 0 1 
0.544878 0.844198 0.000000 -1.095907 4.552120 8814.879396 0.000000 2212 2159 1 0 1 
-0.484332 2.389088 0.000000 0.858453 6.476641 8888.400072 0.000000 2212 2160 1 0 1 
-0.005766 -0.395656 0.000000 1.057712 -3.756975 8890.140860 0.000000 2212 2161 1 0 1 
0.036808 0.205813 0.000000 -1.116548 -2.609793 8946.637797 0.000000 2212 2162 1 0 1 
0.917723 -0.183608 0.000000 -0.863425 0.677946 8859.952735 0.000000 2212 2163 1 0 1 
-1.193190 -0.108581 0.000000 0.325041 0.427029 8883.803616 0.000000 2212 2164 1 0 1 
-1.373681 -1.285541 0.000000 -1.090237 0.061595 8905.205471 0.000000 2212 2165 1 0 1 
-0.591194 1.202440 0.000000 2.130998 1.659205 8898.070677 0.000000 2212 2166 1 0 1 
1.163006 -0.220019 0.000000 -1.184055 0.580936 8905.422305 0.000000 2212 2167 1 0 1 
-0.495922 2.511186 0.000000 0.492456 2.063029 8852.457902 0.000000 2212 2168 1 0 1 
0.731630 -2.419360 0.000000 -0.213958 -1.319538 8859.026606 0.000000 2212 2169 1 0 1 
-2.810346 -0.154317 0.000000 2.745628 -6.369693 8953.235709 0.000000 2212 2170 1 0 1 
4.322459 1.837714 0.000000 -6.099915 0.578077 8921.612655 0.000000 2212 2171 1 0 1 
-3.767198 0.565124 0.000000 5.007884 3.296662 8838.507329 0.000000 2212 2172 1 0 1 
-2.445875 -1.747011 0.000000 4.735294 -3.517337 8960.191480 0.000000 2212 2173 1 0 1 
1.235997 0.009959 0.000000 -1.446265 4.593085 8874.359544 0.000000 2212 2174 1 0 1 
-1.940486 -0.739151 0.000000 0.757435 -2.892942 8894.919849 0.000000 2212 2175 1 0 1 
-2.488618 -3.037391 0.000000 2.051391 -6.260554 8915.336246 0.000000 2212 2176 1 0 1 
-0.131796 0.096469 0.000000 -1.232140 0.855531 8845.312613 0.000000 2212 2177 1 0 1 
2.348538 -0.599772 0.000000 -1.749690 -0.736398 8898.233315 0.000000 2212 2178 1 0 1 
-1.400257 1.596017 0.000000 1.065126 2.908106 8896.710045 0.000000 2212 2179 1 0 1 
2.073345 -0.973806 0.000000 -1.703304 -3.429965 8907.167930 0.000000 2212 2180 1 0 1 
-0.490161 1.279406 0.000000 1.577205 -1.901464 8942.351635 0.000000 2212 2181 1 0 1 
-0.191907 0.381252 0.000000 0.097721 -1.010482 8885.264917 0.000000 2212 2182 1 0 1 
-0.108023 -0.832799 0.000000 -1.277158 3.651196 8873.979997 0.000000 2212 2183 1 0 1 
1.514070 -3.862310 0.000000 -1.624290 -5.304482 8911.574472 0.000000 2212 2184 1 0 1 
3.013831 -0.962086 0.000000 -5.233701 -0.808770 8905.701895 0.000000 2212 2185 1 0 1 
-0.536081 0.826820 0.000000 0.721263 -1.997570 8889.148781 0.000000 2212 2186 1 0 1 
0.125114 -0.097707 0.000000 -0.238433 1.246650 8906.516354 0.000000 2212 2187 1 0 1 
2.310706 1.223816 0.000000 -3.350851 2.428900 8832.884239 0.000000 2212 2188 1 0 1 
-1.298206 0.914116 0.000000 3.523693 0.296787 8907.835272 0.000000 2212 2189 1 0 1 
0.485099 -2.103316 0.000000 -1.027077 -1.836551 8892.363377 0.000000 2212 2190 1 0 1 
1.385989 -0.953661 0.000000 -1.851573 -2.674029 8900.277092 0.000000 2212 2191 1 0 1 
0.483852 0.564785 0.000000 -0.587608 3.419330 8840.556614 0.000000 2212 2192 1 0 1 
0.799662 0.440116 0.000000 0.947263 -4.685215 8889.066941 0.000000 2212 2193 1 0 1 
-1.377666 -0.057180 0.000000 2.346576 1.609457 8887.709627 0.000000 2212 2194 1 0 1 
0.629638 -1.077161 0.000000 -2.511100 -3.699675 8903.428230 0.000000 2212 2195 1 0 1 
-0.680697 1.551592 0.000000 0.418762 1.924376 8854.854592 0.000000 2212 2196 1 0 1 
1.273449 -1.381629 0.000000 0.124919 -0.248070 8902.100159 0.000000 2212 2197 1 0 1 
-0.846125 -1.317164 0.000000 0.457706 2.462605 8863.371550 0.000000 2212 2198 1 0 1 
0.487813 -0.017002 0.000000 -1.122839 4.175216 8856.191122 0.000000 2212 2199 1 0 1 
-2.130008 -2.104049 0.000000 4.192069 -0.798602 8908.866920 0.000000 2212 2200 1 0 1 
-1.235151 -1.163997 0.000000 2.482816 -2.325303 8870.416252 0.000000 2212 2201 1 0 1 
0.149910 -0.862405 0.000000 -0.973040 5.153781 8855.494870 0.000000 2212 2202 1 0 1 
-3.027354 1.201644 0.000000 1.845025 2.427813 8836.753385 0.000000 2212 2203 1 0 1 
1.991738 1.519219 0.000000 -4.730451 0.169141 8908.393656 0.000000 2212 2204 1 0 1 
0.956566 1.698128 0.000000 -4.004759 5.682283 8850.165965 0.000000 2212 2205 1 0 1 
-1.182871 -0.045375 0.000000 1.709411 -0.045891 8957.825236 0.000000 2212 2206 1 0 1 
-1.080872 0.075258 0.000000 0.514300 5.198766 8856.138743 0.000000 2212 2207 1 0 1 
-1.987465 1.699692 0.000000 4.346698 9.041356 8821.457807 0.000000 2212 2208 1 0 1 
-0.861952 -1.342484 0.000000 0.592386 -1.977574 8872.862863 0.000000 2212 2209 1 0 1 
1.226075 0.365889 0.000000 -2.036608 0.319454 8878.359899 0.000000 2212 2210 1 0 1 
-1.657446 -0.864573 0.000000 2.157475 -0.797299 8916.904753 0.000000 2212 2211 1 0 1 
-0.573908 -0.953993 0.000000 -1.660543 -0.536113 8902.820717 0.000000 2212 2212 1 0 1 
0.268873 0.935861 0.000000 -1.531568 3.298921 8875.843916 0.000000 2212 2213 1 0 1 
-1.518497 0.683901 0.000000 2.935011 -4.448212 8938.244453 0.000000 2212 2214 1 0 1 
-0.880143 0.207625 0.000000 1.112976 0.536574 8907.091255 0.000000 2212 2215 1 0 1 
0.890632 -1.823972 0.000000 -0.056441 -3.522662 8883.357613 0.000000 2212 2216 1 0 1 
0.956029 -0.069762 0.000000 -1.691539 3.033971 8883.458163 0.000000 2212 2217 1 0 1 
1.467904 -0.787687 0.000000 -2.776240 0.396249 8869.849577 0.000000 2212 2218 1 0 1 
0.095781 -1.274227 0.000000 -1.572605 -0.206540 8859.309928 0.000000 2212 2219 1 0 1 
-2.066378 -0.214433 0.000000 1.837347 6.029600 8862.243613 0.000000 2212 2220 1 0 1 
-0.719598 -1.807604 0.000000 1.806534 -4.617231 8935.510203 0.000000 2212 2221 1 0 1 
-0.513001 -0.720379 0.000000 3.433966 -4.390421 8947.211705 0.000000 2212 2222 1 0 1 
-0.338279 -1.634853 0.000000 0.940466 3.438403 8887.495939 0.000000 2212 2223 1 0 1 
-1.103791 -1.713203 0.000000 0.193373 -6.110159 8902.746212 0.000000 2212 2224 1 0 1 
1.961490 -0.625268 0.000000 -0.957191 -4.483041 8904.354689 0.000000 2212 2225 1 0 1 
-1.850445 -1.251102 0.000000 1.045305 -1.841525 8897.097917 0.000000 2212 2226 1 0 1 
1.538398 1.333756 0.000000 -2.440489 1.388987 8864.171807 0.000000 2212 2227 1 0 1 
-1.341549 0.838149 0.000000 -0.865671 4.288028 8827.695194 0.000000 2212 2228 1 0 1 
1.972107 -2.284373 0.000000 -4.403436 -4.774548 8917.231491 0.000000 2212 2229 1 0 1 
-2.548454 -0.016628 0.000000 4.135177 0.782124 8871.743564 0.000000 2212 2230 1 0 1 
-0.867929 -0.351109 0.000000 1.095540 -3.642129 8923.522938 0.000000 2212 2231 1 0 1 
0.486899 -0.498683 0.000000 -0.417808 -4.631165 8896.088056 0.000000 2212 2232 1 0 1 
-3.946952 1.569443 0.000000 4.431478 1.861812 8895.657768 0.000000 2212 2233 1 0 1 
2.641431 2.332945 0.000000 -1.004562 4.610915 8865.279371 0.000000 2212 2234 1 0 1 
-0.474468 -1.199507 0.000000 2.648310 -0.810352 8919.775614 0.000000 2212 2235 1 0 1 
1.345855 -2.503890 0.000000 0.516624 -4.747586 8922.809565 0.000000 2212 2236 1 0 1 
0.295821 2.413943 0.000000 0.612810 4.654027 8841.672886 0.000000 2212 2237 1 0 1 
-1.551526 -0.723913 0.000000 0.726812 -0.077344 8878.904272 0.000000 2212 2238 1 0 1 
-1.406438 -1.257292 0.000000 4.125919 0.336239 8885.874397 0.000000 2212 2239 1 0 1 
1.708440 -1.325856 0.000000 -3.171457 -5.773939 8921.002358 0.000000 2212 2240 1 0 1 
-1.651252 -0.720897 0.000000 1.411167 -0.121961 8888.975723 0.000000 2212 2241 1 0 1 
-1.418811 -1.457360 0.000000 2.091593 -2.200378 8889.914470 0.000000 2212 2242 1 0 1 
1.586907 -0.468577 0.000000 -1.865308 -1.617415 8906.834410 0.000000 2212 2243 1 0 1 
0.399434 0.508201 0.000000 -1.860917 -2.963982 8917.910756 0.000000 2212 2244 1 0 1 
2.120392 0.984659 0.000000 -1.208174 -0.080303 8883.668405 0.000000 2212 2245 1 0 1 
2.703783 -1.046086 0.000000 -3.894210 -0.286642 8903.211270 0.000000 2212 2246 1 0 1 
-2.393224 -0.363507 0.000000 5.855878 -1.635063 8878.082426 0.000000 2212 2247 1 0 1 
3.771927 1.095316 0.000000 -5.912690 2.931253 8869.846972 0.000000 2212 2248 1 0 1 
0.621836 0.656663 0.000000 -0.140470 0.072132 8880.101116 0.000000 2212 2249 1 0 1 
2.072677 -0.600356 0.000000 -1.461088 -0.625785 8907.367271 0.000000 2212 2250 1 0 1 
-0.620228 -2.677085 0.000000 3.119623 -4.961465 8894.219005 0.000000 2212 2251 1 0 1 
-1.572914 0.409332 0.000000 1.652459 1.850427 8871.155780 0.000000 2212 2252 1 0 1 
0.898403 3.108594 0.000000 -2.252566 4.464580 8884.441342 0.000000 2212 2253 1 0 1 
-3.534691 0.831263 0.000000 2.011161 1.540599 8879.897309 0.000000 2212 2254 1 0 1 
0.642647 0.968772 0.000000 -1.699685 2.259142 8886.349458 0.000000 2212 2255 1 0 1 
-0.080391 1.093267 0.000000 -0.737350 0.967391 8918.860911 0.000000 2212 2256 1 0 1 
1.882720 -2.488310 0.000000 -3.080395 -4.847793 8924.219009 0.000000 2212 2257 1 0 1 
0.799186 -0.477783 0.000000 -0.920816 -1.808318 8890.132515 0.000000 2212 2258 1 0 1 
3.873425 0.225207 0.000000 -2.826696 1.781848 8878.230969 0.000000 2212 2259 1 0 1 
1.759550 -0.989437 0.000000 -4.042170 -0.101939 8856.297024 0.000000 2212 2260 1 0 1 
-1.537799 -1.110490 0.000000 1.379657 -2.876103 8891.418427 0.000000 2212 2261 1 0 1 
-1.613362 1.418460 0.000000 4.091104 3.856794 8874.359902 0.000000 2212 2262 1 0 1 
-0.259374 0.818879 0.000000 -0.201647 2.912368 8852.193342 0.000000 2212 2263 1 0 1 
-1.241509 -0.369517 0.000000 2.551726 -2.321879 8862.215456 0.000000 2212 2264 1 0 1 
-0.310807 1.483346 0.000000 -1.363213 -1.064523 8873.645887 0.000000 2212 2265 1 0 1 
-0.362843 -0.370506 0.000000 1.129622 0.201240 8905.623657 0.000000 2212 2266 1 0 1 
0.656512 -0.539371 0.000000 -1.683658 -0.754503 8853.252551 0.000000 2212 2267 1 0 1 
2.834219 -3.506655 0.000000 -4.359809 -5.521135 8932.455054 0.000000 2212 2268 1 0 1 
0.425306 -0.867555 0.000000 -0.843442 2.415779 8850.245120 0.000000 2212 2269 1 0 1 
2.357172 -2.398131 0.000000 -4.811413 -4.686345 8914.417103 0.000000 2212 2270 1 0 1 
-0.857300 -0.714918 0.000000 1.574776 -2.896360 8907.457581 0.000000 2212 2271 1 0 1 
3.804048 0.494244 0.000000 -5.474605 4.809351 8866.170436 0.000000 2212 2272 1 0 1 
0.207131 2.077295 0.000000 0.408554 5.852854 8876.119476 0.000000 2212 2273 1 0 1 
-3.763983 1.831721 0.000000 7.012688 0.854689 8917.619651 0.000000 2212 2274 1 0 1 
1.705147 0.077754 0.000000 -2.133618 -1.699787 8877.621918 0.000000 2212 2275 1 0 1 
-4.499119 -1.194361 0.000000 6.308631 -1.895710 8934.756654 0.000000 2212 2276 1 0 1 
1.254855 0.866841 0.000000 -2.564094 2.156844 8882.974438 0.000000 2212 2277 1 0 1 
-1.414311 -1.116590 0.000000 1.170713 -2.960119 8901.170865 0.000000 2212 2278 1 0 1 
4.024790 0.775586 0.000000 -4.249186 -3.584979 8958.131456 0.000000 2212 2279 1 0 1 
-0.741401 0.702813 0.000000 1.476497 1.281643 8901.023755 0.000000 2212 2280 1 0 1 
-1.736088 -2.375844 0.000000 0.653035 -2.252170 8860.348811 0.000000 2212 2281 1 0 1 
0.894415 1.242868 0.000000 -3.065664 3.271810 8880.622971 0.000000 2212 2282 1 0 1 
-2.092285 -1.200405 0.000000 3.731451 -3.374509 8872.970970 0.000000 2212 2283 1 0 1 
1.752733 1.375946 0.000000 -2.667305 4.342775 8829.408440 0.000000 2212 2284 1 0 1 
-2.726579 0.847736 0.000000 2.429224 4.921227 8861.241175 0.000000 2212 2285 1 0 1 
-1.317888 -1.020777 0.000000 1.538830 -3.218160 8898.011335 0.000000 2212 2286 1 0 1 
2.119249 -1.264016 0.000000 -6.018553 0.609204 8861.279982 0.000000 2212 2287 1 0 1 
2.775839 1.230030 0.000000 -2.197559 -2.135411 8941.091070 0.000000 2212 2288 1 0 1 
1.688610 -0.671174 0.000000 -5.929025 0.567235 8864.341310 0.000000 2212 2289 1 0 1 
-0.507486 0.591964 0.000000 -1.869073 1.441566 8867.533507 0.000000 2212 2290 1 0 1 
-3.514274 1.746021 0.000000 3.148370 3.898731 8884.122168 0.000000 2212 2291 1 0 1 
-2.516081 -0.191095 0.000000 4.730265 -6.035758 8936.218489 0.000000 2212 2292 1 0 1 
0.951702 1.240314 0.000000 -1.765197 4.083196 8844.345964 0.000000 2212 2293 1 0 1 
0.799999 -0.786850 0.000000 0.018360 -0.703073 8875.281647 0.000000 2212 2294 1 0 1 
2.696247 0.676991 0.000000 -4.150666 0.879348 8841.157480 0.000000 2212 2295 1 0 1 
0.547157 -0.796390 0.000000 0.023362 0.254311 8862.547583 0.000000 2212 2296 1 0 1 
2.697424 -0.460847 0.000000 -1.314356 2.207478 8887.013634 0.000000 2212 2297 1 0 1 
-0.119686 0.805458 0.000000 -1.325593 2.565517 8832.608997 0.000000 2212 2298 1 0 1 
0.731141 -1.750324 0.000000 -2.276793 -8.482260 8950.629489 0.000000 2212 2299 1 0 1 
0.060098 -0.295190 0.000000 -1.725396 1.402368 8881.591934 0.000000 2212 2300 1 0 1 
1.183403 0.606669 0.000000 -2.499271 1.206371 8867.876511 0.000000 2212 2301 1 0 1 
3.477191 0.905744 0.000000 -4.768483 2.481213 8862.855541 0.000000 2212 2302 1 0 1 
-1.254583 0.043360 0.000000 0.584093 1.011458 8891.702318 0.000000 2212 2303 1 0 1 
-2.055890 -0.969759 0.000000 2.675413 -2.359128 8913.325734 0.000000 2212 2304 1 0 1 
-2.880020 -1.202845 0.000000 5.123985 -6.777075 8931.126459 0.000000 2212 2305 1 0 1 
-0.635335 0.294063 0.000000 2.619254 0.756473 8961.498825 0.000000 2212 2306 1 0 1 
-0.991611 -0.312423 0.000000 1.084314 3.337942 8828.004026 0.000000 2212 2307 1 0 1 
0.824205 -1.482792 0.000000 -0.796763 -3.846183 8884.905454 0.000000 2212 2308 1 0 1 
-0.540114 0.563526 0.000000 0.072875 0.996862 8872.180357 0.000000 2212 2309 1 0 1 
1.227582 -0.652634 0.000000 -0.313572 0.695967 8857.057613 0.000000 2212 2310 1 0 1 
-0.548762 -1.956243 0.000000 -1.427384 -3.585772 8905.604670 0.000000 2212 2311 1 0 1 
-0.707032 -1.130470 0.000000 -0.238341 1.514498 8896.701615 0.000000 2212 2312 1 0 1 
0.850315 -0.061383 0.000000 1.087278 2.170816 8870.264104 0.000000 2212 2313 1 0 1 
-2.236277 0.390493 0.000000 2.098260 4.829107 8845.721636 0.000000 2212 2314 1 0 1 
0.519583 -0.352635 0.000000 -3.394856 -0.316465 8877.913958 0.000000 2212 2315 1 0 1 
-2.325115 -0.375000 0.000000 1.111579 -0.475982 8864.623843 0.000000 2212 2316 1 0 1 
0.997999 -0.458338 0.000000 -1.355628 2.796149 8890.100927 0.000000 2212 2317 1 0 1 
0.824195 1.513637 0.000000 -2.358376 5.658394 8844.228471 0.000000 2212 2318 1 0 1 
2.892675 -0.767898 0.000000 -3.635339 0.921646 8878.809295 0.000000 2212 2319 1 0 1 
0.409988 -2.106830 0.000000 -1.070556 -1.523426 8902.884128 0.000000 2212 2320 1 0 1 
-0.312986 -0.308279 0.000000 -0.488343 -1.352805 8937.900715 0.000000 2212 2321 1 0 1 
0.303825 -1.023377 0.000000 -2.074182 0.359734 8897.018131 0.000000 2212 2322 1 0 1 
0.854944 0.494184 0.000000 0.462513 -2.706728 8915.725174 0.000000 2212 2323 1 0 1 
-0.827919 1.053268 0.000000 -0.305939 1.324506 8894.143761 0.000000 2212 2324 1 0 1 
1.246655 -0.549868 0.000000 -3.579243 -2.394115 8940.362221 0.000000 2212 2325 1 0 1 
2.518896 1.653794 0.000000 -4.685248 -0.256401 8873.597401 0.000000 2212 2326 1 0 1 
2.140352 1.843304 0.000000 -5.615026 3.808522 8843.005332 0.000000 2212 2327 1 0 1 
-0.324288 1.198134 0.000000 1.628937 1.727704 8896.569644 0.000000 2212 2328 1 0 1 
0.121114 0.565996 0.000000 -1.871536 8.524966 8816.029745 0.000000 2212 2329 1 0 1 
5.128372 0.479395 0.000000 -6.980218 -0.499749 8923.496543 0.000000 2212 2330 1 0 1 
-1.540953 -1.259689 0.000000 5.330533 -3.870670 8930.676361 0.000000 2212 2331 1 0 1 
-1.212522 0.442616 0.000000 4.908880 5.695612 8856.747494 0.000000 2212 2332 1 0 1 
0.425354 0.440070 0.000000 -3.375940 -0.246818 8861.651066 0.000000 2212 2333 1 0 1 
0.293745 1.290426 0.000000 -0.319058 0.507813 8914.207942 0.000000 2212 2334 1 0 1 
-0.424169 -2.590271 0.000000 0.925564 -1.428029 8861.705630 0.000000 2212 2335 1 0 1 
-0.714214 -0.589253 0.000000 2.387278 0.835805 8899.719120 0.000000 2212 2336 1 0 1 
0.300320 0.257104 0.000000 2.103715 1.383758 8881.417098 0.000000 2212 2337 1 0 1 
1.420384 -1.471460 0.000000 -3.045329 -2.119879 8930.406772 0.000000 2212 2338 1 0 1 
2.043411 1.804068 0.000000 -2.228041 0.950506 8903.226856 0.000000 2212 2339 1 0 1 
-0.470666 0.476976 0.000000 2.377773 1.996737 8873.391267 0.000000 2212 2340 1 0 1 
1.497145 0.993419 0.000000 -0.498452 -1.434121 8900.508546 0.000000 2212 2341 1 0 1 
1.224724 -0.684004 0.000000 -3.864990 0.411417 8837.698123 0.000000 2212 2342 1 0 1 
-1.522353 -1.715964 0.000000 3.389447 -2.621711 8909.610757 0.000000 2212 2343 1 0 1 
-1.906955 0.916437 0.000000 4.644875 1.697037 8886.565706 0.000000 2212 2344 1 0 1 
-3.426916 -0.109376 0.000000 4.420762 -0.987860 8906.947570 0.000000 2212 2345 1 0 1 
-1.153215 -0.208330 0.000000 2.212662 -1.433169 8944.649004 0.000000 2212 2346 1 0 1 
-3.811402 1.473352 0.000000 5.542320 3.605763 8863.201010 0.000000 2212 2347 1 0 1 
-0.044764 0.479451 0.000000 0.623862 -2.430141 8888.600807 0.000000 2212 2348 1 0 1 
-1.727908 2.405918 0.000000 1.352228 1.461997 8887.258924 0.000000 2212 2349 1 0 1 
0.084711 -0.205564 0.000000 -0.714382 -1.519713 8927.008062 0.000000 2212 2350 1 0 1 
-0.476000 -2.166082 0.000000 0.000913 0.071372 8885.357976 0.000000 2212 2351 1 0 1 
-1.406350 -1.412429 0.000000 1.156334 -0.691757 8898.440507 0.000000 2212 2352 1 0 1 
-1.758945 -0.162870 0.000000 3.075821 4.254972 8839.627520 0.000000 2212 2353 1 0 1 
2.873142 1.067531 0.000000 -3.128286 2.915136 8846.885783 0.000000 2212 2354 1 0 1 
0.982263 -0.430136 0.000000 -1.434514 0.269764 8890.995505 0.000000 2212 2355 1 0 1 
-1.649978 -0.805818 0.000000 1.606637 -3.068849 8892.466147 0.000000 2212 2356 1 0 1 
0.513205 -0.057678 0.000000 -0.097148 -0.611262 8872.758509 0.000000 2212 2357 1 0 1 
-0.282593 0.085666 0.000000 -0.268655 1.853103 8839.473845 0.000000 2212 2358 1 0 1 
-0.119340 -0.122342 0.000000 -1.080328 -1.263939 8866.429329 0.000000 2212 2359 1 0 1 
-0.141396 0.902810 0.000000 0.687876 -0.598275 8875.820395 0.000000 2212 2360 1 0 1 
-0.137107 -1.033012 0.000000 1.109358 -1.745227 8933.408458 0.000000 2212 2361 1 0 1 
-3.036718 -0.148784 0.000000 3.830893 2.393086 8870.775626 0.000000 2212 2362 1 0 1 
1.134505 1.629858 0.000000 -1.381438 0.119396 8914.680785 0.000000 2212 2363 1 0 1 
-2.040544 -1.170781 0.000000 4.385913 -2.089741 8924.268819 0.000000 2212 2364 1 0 1 
0.951321 -2.273542 0.000000 -0.434776 -2.589897 8893.755809 0.000000 2212 2365 1 0 1 
0.154970 -2.100253 0.000000 0.933733 0.598844 8897.224551 0.000000 2212 2366 1 0 1 
-2.436720 -1.074637 0.000000 5.743321 -2.415317 8896.156088 0.000000 2212 2367 1 0 1 
-0.456169 0.276294 0.000000 1.174713 -2.424808 8909.296503 0.000000 2212 2368 1 0 1 
1.384972 1.349076 0.000000 -0.217439 1.908429 8839.921481 0.000000 2212 2369 1 0 1 
0.035969 -2.346561 0.000000 0.861927 -6.686492 8939.406865 0.000000 2212 2370 1 0 1 
3.135112 -0.471602 0.000000 -4.470038 -0.545759 8877.190921 0.000000 2212 2371 1 0 1 
-1.568641 0.163459 0.000000 1.347275 1.094592 8872.999482 0.000000 2212 2372 1 0 1 
0.638877 0.845459 0.000000 -1.992648 0.755268 8875.954257 0.000000 2212 2373 1 0 1 
-0.153929 -0.126152 0.000000 -1.099828 2.129895 8873.843926 0.000000 2212 2374 1 0 1 
-1.356737 0.884356 0.000000 1.572092 1.090928 8862.341705 0.000000 2212 2375 1 0 1 
-3.025025 -0.718263 0.000000 2.410882 -1.600553 8896.887061 0.000000 2212 2376 1 0 1 
0.339475 -0.169506 0.000000 1.108606 -3.015528 8921.409975 0.000000 2212 2377 1 0 1 
0.422336 -1.247937 0.000000 -0.636628 -5.533174 8915.084565 0.000000 2212 2378 1 0 1 
-1.945376 1.452145 0.000000 2.868573 -0.467505 8892.108906 0.000000 2212 2379 1 0 1 
-1.558276 -0.062337 0.000000 1.940203 1.504991 8855.826216 0.000000 2212 2380 1 0 1 
2.765831 2.917002 0.000000 -3.366542 4.405040 8836.534191 0.000000 2212 2381 1 0 1 
-0.710249 -2.393285 0.000000 1.486679 -2.991080 8912.801339 0.000000 2212 2382 1 0 1 
0.687212 1.152082 0.000000 -1.172528 3.370704 8880.021123 0.000000 2212 2383 1 0 1 
-0.324598 1.914113 0.000000 1.242915 2.231492 8854.288552 0.000000 2212 2384 1 0 1 
-0.514509 1.909358 0.000000 0.743770 -0.419379 8920.976533 0.000000 2212 2385 1 0 1 
2.258230 1.089694 0.000000 -1.732250 4.718074 8840.143803 0.000000 2212 2386 1 0 1 
-0.031111 -0.702025 0.000000 1.789001 -1.405113 8913.694856 0.000000 2212 2387 1 0 1 
4.434658 1.508918 0.000000 -6.818674 -0.794561 8867.895910 0.000000 2212 2388 1 0 1 
1.933924 -1.349248 0.000000 -3.987822 -6.127962 8930.955932 0.000000 2212 2389 1 0 1 
-0.995829 0.254168 0.000000 3.960041 6.641700 8830.073082 0.000000 2212 2390 1 0 1 
0.801092 0.101211 0.000000 -2.198058 1.940623 8871.774670 0.000000 2212 2391 1 0 1 
-1.133793 -0.046015 0.000000 0.763722 -1.276399 8903.558503 0.000000 2212 2392 1 0 1 
0.125038 -0.323424 0.000000 -1.077548 -0.063304 8899.455975 0.000000 2212 2393 1 0 1 
0.283153 -0.824013 0.000000 0.238925 -2.458254 8894.658049 0.000000 2212 2394 1 0 1 
1.139822 0.571233 0.000000 -0.566512 0.596394 8919.097701 0.000000 2212 2395 1 0 1 
-0.627919 2.112399 0.000000 1.098300 3.342447 8843.450993 0.000000 2212 2396 1 0 1 
-1.885688 1.231759 0.000000 3.865381 -0.159830 8913.797162 0.000000 2212 2397 1 0 1 
1.830204 1.533764 0.000000 -2.262009 0.219983 8870.603025 0.000000 2212 2398 1 0 1 
-0.096836 -1.682008 0.000000 1.961180 2.114684 8877.726649 0.000000 2212 2399 1 0 1 
1.560658 0.324183 0.000000 -2.290016 -1.790933 8895.127260 0.000000 2212 2400 1 0 1 
1.026062 0.594442 0.000000 -0.499502 0.262514 8899.671544 0.000000 2212 2401 1 0 1 
4.019723 0.985694 0.000000 -4.006317 0.370941 8907.170410 0.000000 2212 2402 1 0 1 
-1.634830 -1.379038 0.000000 0.699738 -2.793783 8881.284834 0.000000 2212 2403 1 0 1 
2.836967 1.098875 0.000000 -2.909241 -4.371126 8914.346218 0.000000 2212 2404 1 0 1 
-2.242878 0.126178 0.000000 2.848983 2.993332 8896.230760 0.000000 2212 2405 1 0 1 
4.312811 1.959457 0.000000 -6.315048 9.267184 8860.725684 0.000000 2212 2406 1 0 1 
-0.750703 -0.817493 0.000000 0.419691 0.587175 8866.818435 0.000000 2212 2407 1 0 1 
-1.703762 -1.981756 0.000000 1.909423 -6.260788 8942.804741 0.000000 2212 2408 1 0 1 
0.738647 -1.622901 0.000000 -1.011240 -1.292320 8863.166196 0.000000 2212 2409 1 0 1 
2.218716 0.451985 0.000000 -3.973329 2.182515 8851.979127 0.000000 2212 2410 1 0 1 
-2.390461 2.436166 0.000000 0.788364 0.218695 8873.368206 0.000000 2212 2411 1 0 1 
-2.832519 -0.697233 0.000000 1.931225 2.809980 8827.857898 0.000000 2212 2412 1 0 1 
1.719822 0.790785 0.000000 -1.051741 -1.184553 8929.048755 0.000000 2212 2413 1 0 1 
1.723115 -2.128815 0.000000 -0.709585 -3.654291 8929.343132 0.000000 2212 2414 1 0 1 
-0.787551 -1.685409 0.000000 3.727323 -3.262323 8910.956481 0.000000 2212 2415 1 0 1 
1.029037 -0.614045 0.000000 -2.609328 -0.135955 8881.522402 0.000000 2212 2416 1 0 1 
-0.323474 -1.302709 0.000000 1.029695 -0.173807 8864.568137 0.000000 2212 2417 1 0 1 
1.414897 3.144475 0.000000 -2.279114 -0.167890 8913.061249 0.000000 2212 2418 1 0 1 
2.061017 1.631224 0.000000 -3.567034 1.665809 8874.839140 0.000000 2212 2419 1 0 1 
-0.079423 -2.987052 0.000000 -0.234564 -3.146365 8891.417513 0.000000 2212 2420 1 0 1 
1.693330 -0.781087 0.000000 -1.787123 -2.023884 8859.066782 0.000000 2212 2421 1 0 1 
-0.552009 -0.037933 0.000000 -1.796170 1.771653 8841.504440 0.000000 2212 2422 1 0 1 
0.159342 -0.230846 0.000000 -0.169740 -1.964108 8874.564483 0.000000 2212 2423 1 0 1 
-2.630544 -1.708621 0.000000 0.801385 1.597548 8865.373312 0.000000 2212 2424 1 0 1 
0.793990 -2.237238 0.000000 -1.363049 -2.969263 8901.807628 0.000000 2212 2425 1 0 1 
1.198537 -0.947971 0.000000 -3.515359 -2.127636 8903.990922 0.000000 2212 2426 1 0 1 
-0.858026 2.306721 0.000000 0.840518 8.042458 8853.825913 0.000000 2212 2427 1 0 1 
-1.219375 0.826505 0.000000 -2.002461 8.890318 8820.296943 0.000000 2212 2428 1 0 1 
3.149455 0.105943 0.000000 -4.010862 0.221235 8921.945765 0.000000 2212 2429 1 0 1 
-2.578282 0.220272 0.000000 2.114595 2.143869 8888.604323 0.000000 2212 2430 1 0 1 
-2.128096 0.609462 0.000000 1.318394 -1.391437 8893.613063 0.000000 2212 2431 1 0 1 
0.476045 -1.858161 0.000000 0.602337 -0.448791 8885.205504 0.000000 2212 2432 1 0 1 
0.459920 -0.870707 0.000000 1.307101 -2.632350 8894.766021 0.000000 2212 2433 1 0 1 
1.049235 -1.308121 0.000000 -1.637396 1.080128 8893.810957 0.000000 2212 2434 1 0 1 
-2.665604 0.849624 0.000000 3.587088 4.323991 8862.404272 0.000000 2212 2435 1 0 1 
-1.504919 0.503607 0.000000 1.927164 -0.696446 8883.519415 0.000000 2212 2436 1 0 1 
-2.184667 1.586942 0.000000 2.579509 3.383365 8870.120301 0.000000 2212 2437 1 0 1 
-2.121571 0.506065 0.000000 3.282975 -0.780653 8933.280578 0.000000 2212 2438 1 0 1 
0.630108 0.399062 0.000000 -0.314337 2.296631 8865.203991 0.000000 2212 2439 1 0 1 
1.361492 -2.520938 0.000000 -2.954080 -3.054144 8893.105634 0.000000 2212 2440 1 0 1 
-1.705810 -1.105020 0.000000 1.919143 -4.737225 8952.801518 0.000000 2212 2441 1 0 1 
0.607434 -0.750177 0.000000 -0.751477 -3.467568 8913.072884 0.000000 2212 2442 1 0 1 
-2.010998 0.754069 0.000000 2.347048 0.655710 8850.779067 0.000000 2212 2443 1 0 1 
-0.106690 -1.384671 0.000000 -0.747069 -1.637190 8894.080759 0.000000 2212 2444 1 0 1 
-0.934425 -0.766239 0.000000 1.915201 -1.491423 8917.800112 0.000000 2212 2445 1 0 1 
3.178405 -0.999784 0.000000 -3.404420 -1.472366 8885.111912 0.000000 2212 2446 1 0 1 
2.220238 -0.144739 0.000000 -3.001910 -2.295216 8898.818346 0.000000 2212 2447 1 0 1 
-3.185387 -0.517158 0.000000 4.831648 -1.530382 8900.637335 0.000000 2212 2448 1 0 1 
-2.197918 -2.246010 0.000000 4.081207 -2.748661 8952.777163 0.000000 2212 2449 1 0 1 
-0.918836 1.717991 0.000000 1.547026 2.874647 8917.786240 0.000000 2212 2450 1 0 1 
1.093760 1.289698 0.000000 -2.871756 2.755150 8885.140227 0.000000 2212 2451 1 0 1 
-0.609724 -0.230804 0.000000 0.407809 -2.630242 8888.440184 0.000000 2212 2452 1 0 1 
-2.966059 -0.258791 0.000000 3.549172 -4.054119 8903.658738 0.000000 2212 2453 1 0 1 
-2.973255 1.309617 0.000000 5.828501 -1.087580 8901.224520 0.000000 2212 2454 1 0 1 
2.945380 2.532607 0.000000 -4.726052 -1.589751 8962.667446 0.000000 2212 2455 1 0 1 
0.966823 2.457507 0.000000 -1.159528 4.461133 8854.622283 0.000000 2212 2456 1 0 1 
1.599641 -0.906415 0.000000 -1.912941 1.563880 8875.167853 0.000000 2212 2457 1 0 1 
1.396635 0.142841 0.000000 -1.887574 -0.860567 8905.340180 0.000000 2212 2458 1 0 1 
0.658222 -1.838120 0.000000 1.523835 -3.860908 8923.738476 0.000000 2212 2459 1 0 1 
-1.188406 0.797555 0.000000 1.255823 -0.037646 8895.513026 0.000000 2212 2460 1 0 1 
1.892027 0.608968 0.000000 1.387310 1.055838 8907.287420 0.000000 2212 2461 1 0 1 
-1.167546 0.144822 0.000000 0.405187 1.699624 8851.777683 0.000000 2212 2462 1 0 1 
-1.390158 -2.067641 0.000000 3.295994 -3.753757 8949.319712 0.000000 2212 2463 1 0 1 
-4.257018 -2.054505 0.000000 4.402139 -0.150596 8829.484129 0.000000 2212 2464 1 0 1 
1.967221 1.255958 0.000000 -1.282373 1.742369 8881.609446 0.000000 2212 2465 1 0 1 
-1.502111 -1.288087 0.000000 0.490570 -2.717663 8921.016949 0.000000 2212 2466 1 0 1 
1.093993 1.107391 0.000000 -0.771365 1.539037 8902.416491 0.000000 2212 2467 1 0 1 
-0.820616 0.464780 0.000000 -2.229141 5.924549 8834.061921 0.000000 2212 2468 1 0 1 
-1.603315 1.248106 0.000000 3.197288 0.465967 8866.277402 0.000000 2212 2469 1 0 1 
-0.397788 -1.344092 0.000000 1.021563 -1.028754 8871.355295 0.000000 2212 2470 1 0 1 
-1.706172 0.503037 0.000000 2.112291 0.441949 8892.691161 0.000000 2212 2471 1 0 1 
-0.635956 -1.167531 0.000000 -0.613726 -3.786991 8914.220505 0.000000 2212 2472 1 0 1 
0.494673 -0.348641 0.000000 -1.770246 -1.969608 8925.845651 0.000000 2212 2473 1 0 1 
-0.846963 0.072265 0.000000 0.685762 2.828156 8901.306063 0.000000 2212 2474 1 0 1 
0.785381 -0.020491 0.000000 -1.011209 0.590283 8859.705351 0.000000 2212 2475 1 0 1 
-0.145183 -0.189635 0.000000 1.111753 -2.740438 8937.119536 0.000000 2212 2476 1 0 1 
-3.893636 0.527207 0.000000 3.703017 4.009333 8831.855684 0.000000 2212 2477 1 0 1 
1.437833 -0.608570 0.000000 -2.152408 -1.949786 8942.447246 0.000000 2212 2478 1 0 1 
-2.164896 2.498829 0.000000 4.069605 2.661126 8910.030537 0.000000 2212 2479 1 0 1 
-1.001094 -0.136029 0.000000 1.264153 1.460519 8886.745703 0.000000 2212 2480 1 0 1 
-1.657095 -1.257442 0.000000 1.950375 -0.886209 8886.093160 0.000000 2212 2481 1 0 1 
2.054504 -0.668083 0.000000 -2.001961 -3.672657 8920.033465 0.000000 2212 2482 1 0 1 
0.159719 -0.555185 0.000000 -2.077553 3.506913 8821.290398 0.000000 2212 2483 1 0 1 
0.611664 1.321812 0.000000 -0.608085 2.104872 8856.460312 0.000000 2212 2484 1 0 1 
3.578112 -2.425718 0.000000 -1.716747 -1.683276 8938.947292 0.000000 2212 2485 1 0 1 
-0.147495 -1.555684 0.000000 0.417914 -7.134574 8914.146602 0.000000 2212 2486 1 0 1 
1.784163 0.374670 0.000000 -0.013864 -0.045449 8909.622582 0.000000 2212 2487 1 0 1 
1.499888 1.636313 0.000000 -1.157209 0.806037 8877.796244 0.000000 2212 2488 1 0 1 
1.567018 3.240294 0.000000 -0.263606 4.179662 8848.519994 0.000000 2212 2489 1 0 1 
-0.376164 0.965457 0.000000 0.205852 -1.179053 8876.318628 0.000000 2212 2490 1 0 1 
-0.184444 1.418143 0.000000 2.102638 -2.576326 8907.195036 0.000000 2212 2491 1 0 1 
-1.242475 2.219346 0.000000 0.904120 2.208096 8873.161181 0.000000 2212 2492 1 0 1 
-0.891649 -0.644368 0.000000 3.617551 2.713856 8842.977456 0.000000 2212 2493 1 0 1 
-0.773385 -1.668573 0.000000 0.741299 -2.656684 8911.818194 0.000000 2212 2494 1 0 1 
0.027203 -0.970960 0.000000 -0.606987 -0.697397 8912.635616 0.000000 2212 2495 1 0 1 
2.674290 1.476035 0.000000 -4.789214 6.357808 8892.163240 0.000000 2212 2496 1 0 1 
5.510099 1.087692 0.000000 -5.444068 2.733671 8865.224293 0.000000 2212 2497 1 0 1 
1.368818 -0.405502 0.000000 -0.263014 1.751371 8901.778452 0.000000 2212 2498 1 0 1 
1.529568 -1.747436 0.000000 -3.399508 -6.102184 8924.856451 0.000000 2212 2499 1 0 1 
4.467919 -0.796495 0.000000 -7.876958 -3.913108 8915.941089 0.000000 2212 2500 1 0 1 
1.026453 -1.139400 0.000000 -3.543283 -0.016937 8896.895380 0.000000 2212 2501 1 0 1 
0.514698 -1.117650 0.000000 -0.068022 -4.229569 8932.750772 0.000000 2212 2502 1 0 1 
-1.029368 0.020934 0.000000 0.499865 4.827987 8871.639202 0.000000 2212 2503 1 0 1 
-1.883420 -0.807863 0.000000 4.840295 0.606568 8855.721429 0.000000 2212 2504 1 0 1 
0.374255 1.179126 0.000000 -1.193458 0.795025 8886.581604 0.000000 2212 2505 1 0 1 
4.270350 -1.076585 0.000000 -7.646354 -1.893309 8875.374201 0.000000 2212 2506 1 0 1 
-1.105006 2.768371 0.000000 0.499349 4.676204 8892.244545 0.000000 2212 2507 1 0 1 
-1.465028 0.777599 0.000000 2.954568 5.080253 8843.521216 0.000000 2212 2508 1 0 1 
1.616768 1.202078 0.000000 -2.446507 -1.317153 8879.246479 0.000000 2212 2509 1 0 1 
3.055606 -0.735680 0.000000 -3.253824 1.849425 8861.650910 0.000000 2212 2510 1 0 1 
-0.669026 -1.729489 0.000000 0.754083 -2.648182 8870.825897 0.000000 2212 2511 1 0 1 
-2.223214 0.955933 0.000000 2.356037 3.192392 8825.738965 0.000000 2212 2512 1 0 1 
0.588745 -1.222407 0.000000 -3.155620 -2.388934 8894.902707 0.000000 2212 2513 1 0 1 
2.291846 -1.775557 0.000000 -2.538238 -6.158089 8902.178723 0.000000 2212 2514 1 0 1 
-0.694948 0.631107 0.000000 0.727292 0.104668 8897.801012 0.000000 2212 2515 1 0 1 
-0.867100 -0.661805 0.000000 0.315644 -5.338981 8930.907282 0.000000 2212 2516 1 0 1 
0.004352 -1.149996 0.000000 -2.094983 -2.127186 8912.977306 0.000000 2212 2517 1 0 1 
-2.265024 -3.026137 0.000000 3.658702 -4.720631 8905.309855 0.000000 2212 2518 1 0 1 
-1.010245 -0.698606 0.000000 2.967865 -0.939470 8938.022398 0.000000 2212 2519 1 0 1 
-1.319493 -1.396310 0.000000 1.690698 -1.071890 8852.587128 0.000000 2212 2520 1 0 1 
-1.671413 2.152751 0.000000 2.489025 9.453572 8838.186116 0.000000 2212 2521 1 0 1 
0.723639 -0.796156 0.000000 -0.583294 -4.325744 8895.262704 0.000000 2212 2522 1 0 1 
1.375586 0.450220 0.000000 -0.115228 -2.840870 8944.790215 0.000000 2212 2523 1 0 1 
-0.055624 -0.263287 0.000000 0.807343 -3.652473 8938.478228 0.000000 2212 2524 1 0 1 
-0.456299 -1.519023 0.000000 0.460770 -0.137141 8887.412323 0.000000 2212 2525 1 0 1 
-1.208417 0.909105 0.000000 1.793824 -1.024039 8907.112386 0.000000 2212 2526 1 0 1 
-2.935040 0.771044 0.000000 4.841191 -0.181000 8865.602651 0.000000 2212 2527 1 0 1 
1.251958 -1.082687 0.000000 -0.063261 -2.736150 8905.457385 0.000000 2212 2528 1 0 1 
0.086533 -1.504560 0.000000 0.969691 -4.562968 8952.340612 0.000000 2212 2529 1 0 1 
0.317522 1.732254 0.000000 -1.826593 3.938577 8844.748807 0.000000 2212 2530 1 0 1 
2.586406 -0.828605 0.000000 -3.382614 -2.375393 8878.679915 0.000000 2212 2531 1 0 1 
4.322232 0.284398 0.000000 -6.022587 -0.462189 8856.806874 0.000000 2212 2532 1 0 1 
-2.554990 -1.008655 0.000000 2.123935 -2.063201 8863.958903 0.000000 2212 2533 1 0 1 
-0.358700 -1.499838 0.000000 0.813922 -1.884012 8852.817068 0.000000 2212 2534 1 0 1 
-1.685210 -0.199318 0.000000 2.836924 -1.793983 8892.714817 0.000000 2212 2535 1 0 1 
-0.862310 0.543256 0.000000 -0.207237 -0.877684 8909.744443 0.000000 2212 2536 1 0 1 
-0.641663 -1.460850 0.000000 1.678189 -1.684385 8897.836490 0.000000 2212 2537 1 0 1 
-0.683984 2.064412 0.000000 0.851672 5.561949 8821.535612 0.000000 2212 2538 1 0 1 
1.277549 -1.355718 0.000000 -0.628001 -5.653145 8899.267020 0.000000 2212 2539 1 0 1 
0.395344 1.109133 0.000000 -1.862877 0.017216 8885.380895 0.000000 2212 2540 1 0 1 
-0.994038 -1.218395 0.000000 0.188612 -0.470749 8908.084562 0.000000 2212 2541 1 0 1 
0.194742 1.208098 0.000000 -1.291806 2.428440 8860.775854 0.000000 2212 2542 1 0 1 
-0.101805 2.298302 0.000000 1.093266 4.499917 8854.999511 0.000000 2212 2543 1 0 1 
0.930051 -0.635660 0.000000 -0.335972 -0.915180 8897.812455 0.000000 2212 2544 1 0 1 
0.457964 0.036287 0.000000 -0.327142 -0.783869 8868.306129 0.000000 2212 2545 1 0 1 
-2.667830 -0.122698 0.000000 2.584984 0.797565 8823.981844 0.000000 2212 2546 1 0 1 
-0.686718 1.341860 0.000000 0.700208 -2.963708 8905.233483 0.000000 2212 2547 1 0 1 
1.039356 0.492833 0.000000 1.450122 3.799874 8852.145051 0.000000 2212 2548 1 0 1 
2.887571 -0.761487 0.000000 -4.491333 0.992888 8878.765295 0.000000 2212 2549 1 0 1 
0.060789 -1.899733 0.000000 1.416486 -0.841030 8920.644090 0.000000 2212 2550 1 0 1 
0.555939 2.474341 0.000000 -1.314828 4.014866 8854.585860 0.000000 2212 2551 1 0 1 
-2.291586 -0.002703 0.000000 1.120498 -2.389845 8864.049883 0.000000 2212 2552 1 0 1 
-2.971139 1.653211 0.000000 3.169799 5.610499 8872.857758 0.000000 2212 2553 1 0 1 
-0.149736 2.886146 0.000000 -0.036455 8.142893 8843.308206 0.000000 2212 2554 1 0 1 
-1.623737 0.119812 0.000000 5.350395 0.311812 8878.219749 0.000000 2212 2555 1 0 1 
1.354430 0.391977 0.000000 -3.529610 -1.065609 8882.337450 0.000000 2212 2556 1 0 1 
1.630154 1.044342 0.000000 0.384882 -0.949706 8938.961392 0.000000 2212 2557 1 0 1 
0.286289 0.548236 0.000000 0.634504 1.571034 8871.636112 0.000000 2212 2558 1 0 1 
-0.251005 0.769407 0.000000 0.155948 4.336247 8881.506837 0.000000 2212 2559 1 0 1 
1.326235 1.554138 0.000000 0.558708 2.099388 8903.167677 0.000000 2212 2560 1 0 1 
0.639752 -0.342073 0.000000 -0.346230 -0.252291 8934.768977 0.000000 2212 2561 1 0 1 
1.249114 -2.745250 0.000000 -4.183641 -4.222767 8912.842619 0.000000 2212 2562 1 0 1 
1.892095 -0.552379 0.000000 -1.618800 -2.833884 8899.056653 0.000000 2212 2563 1 0 1 
2.194642 1.061193 0.000000 -2.624380 -3.290195 8928.775546 0.000000 2212 2564 1 0 1 
2.143500 -3.337842 0.000000 -0.108894 0.754313 8889.810220 0.000000 2212 2565 1 0 1 
0.274488 2.483280 0.000000 -0.352816 3.210960 8888.523515 0.000000 2212 2566 1 0 1 
1.627068 1.392433 0.000000 -3.530565 3.262136 8885.498092 0.000000 2212 2567 1 0 1 
-0.211449 0.830082 0.000000 -0.824593 4.203321 8850.706811 0.000000 2212 2568 1 0 1 
0.429683 0.451881 0.000000 -1.102250 0.457800 8890.195457 0.000000 2212 2569 1 0 1 
-1.334754 0.009707 0.000000 0.976414 -0.834612 8894.313431 0.000000 2212 2570 1 0 1 
-0.675808 0.460427 0.000000 1.971424 -2.456007 8951.722481 0.000000 2212 2571 1 0 1 
1.324548 -0.071929 0.000000 -1.193346 2.604745 8923.813682 0.000000 2212 2572 1 0 1 
1.386848 0.992962 0.000000 -0.527080 -0.034910 8919.051141 0.000000 2212 2573 1 0 1 
-2.874783 0.221984 0.000000 4.245272 2.580445 8843.163073 0.000000 2212 2574 1 0 1 
-1.024733 0.850820 0.000000 0.648586 -1.268548 8895.114664 0.000000 2212 2575 1 0 1 
1.813988 -1.029862 0.000000 -0.212135 1.355450 8886.474047 0.000000 2212 2576 1 0 1 
-0.473306 -1.029688 0.000000 0.653092 -1.993147 8873.060572 0.000000 2212 2577 1 0 1 
0.903755 -0.230579 0.000000 -0.616388 -1.100977 8875.966345 0.000000 2212 2578 1 0 1 
2.252955 -1.366444 0.000000 -5.634928 -3.269787 8885.262201 0.000000 2212 2579 1 0 1 
1.048237 -0.912732 0.000000 -0.788730 -2.720768 8881.272079 0.000000 2212 2580 1 0 1 
-2.325202 0.095400 0.000000 2.034285 0.305641 8869.047137 0.000000 2212 2581 1 0 1 
1.028627 -0.122515 0.000000 -1.792588 0.619382 8855.545467 0.000000 2212 2582 1 0 1 
-0.339375 1.160157 0.000000 -1.581150 1.424239 8841.729430 0.000000 2212 2583 1 0 1 
0.203731 -0.728427 0.000000 1.050100 -1.154448 8894.060444 0.000000 2212 2584 1 0 1 
-4.005641 1.430310 0.000000 6.261721 0.097727 8910.227964 0.000000 2212 2585 1 0 1 
0.172644 0.189231 0.000000 1.364210 0.181044 8887.998291 0.000000 2212 2586 1 0 1 
-0.772530 -0.818779 0.000000 3.380026 -2.640847 8886.806373 0.000000 2212 2587 1 0 1 
-0.373651 -0.279589 0.000000 -1.323694 -1.675095 8869.326766 0.000000 2212 2588 1 0 1 
5.847801 0.696844 0.000000 -7.949975 -0.488984 8926.363162 0.000000 2212 2589 1 0 1 
-2.881388 -0.729643 0.000000 4.735181 -1.118549 8884.957164 0.000000 2212 2590 1 0 1 
0.180215 1.389162 0.000000 -0.331767 1.053004 8901.467207 0.000000 2212 2591 1 0 1 
-0.810079 -0.729536 0.000000 2.954068 -3.350197 8902.238583 0.000000 2212 2592 1 0 1 
1.694898 -0.569736 0.000000 -1.129492 -4.694818 8975.937666 0.000000 2212 2593 1 0 1 
-1.453990 0.976336 0.000000 5.237494 -0.745897 8875.622952 0.000000 2212 2594 1 0 1 
-2.053552 -2.106741 0.000000 3.529129 1.363642 8890.544001 0.000000 2212 2595 1 0 1 
0.991736 -1.290131 0.000000 -1.087162 -3.377472 8930.136192 0.000000 2212 2596 1 0 1 
0.907759 -0.827643 0.000000 -2.501908 -1.982787 8889.929952 0.000000 2212 2597 1 0 1 
4.698015 -1.855786 0.000000 -9.461430 -2.709350 8881.652379 0.000000 2212 2598 1 0 1 
1.095040 1.536428 0.000000 -0.192829 1.062985 8923.415318 0.000000 2212 2599 1 0 1 
-0.713592 -1.836678 0.000000 1.782871 -4.420201 8912.965145 0.000000 2212 2600 1 0 1 
2.142018 0.031396 0.000000 -1.366508 2.480126 8887.356179 0.000000 2212 2601 1 0 1 
-2.079878 0.889270 0.000000 3.202511 3.183547 8854.998132 0.000000 2212 2602 1 0 1 
1.457025 -0.209736 0.000000 -1.090881 0.664909 8884.007959 0.000000 2212 2603 1 0 1 
0.387668 0.784204 0.000000 -1.122345 -1.707843 8913.417156 0.000000 2212 2604 1 0 1 
-2.043465 -0.472440 0.000000 2.028776 0.206868 8913.090848 0.000000 2212 2605 1 0 1 
-0.586234 0.650977 0.000000 -0.511103 2.903157 8854.422765 0.000000 2212 2606 1 0 1 
-2.123838 0.500087 0.000000 3.427368 0.107193 8887.974534 0.000000 2212 2607 1 0 1 
1.819526 -1.373295 0.000000 -0.752825 0.354013 8905.088019 0.000000 2212 2608 1 0 1 
0.639955 1.596352 0.000000 1.215583 3.176829 8865.681598 0.000000 2212 2609 1 0 1 
-0.457968 -1.624756 0.000000 0.619193 -4.864874 8926.481302 0.000000 2212 2610 1 0 1 
-2.983953 1.274694 0.000000 1.043745 6.235290 8825.399928 0.000000 2212 2611 1 0 1 
0.083104 -1.016884 0.000000 1.793562 1.690217 8918.163503 0.000000 2212 2612 1 0 1 
-0.022890 -0.447215 0.000000 0.674082 -1.243527 8913.409224 0.000000 2212 2613 1 0 1 
2.074854 1.820907 0.000000 -2.803715 3.741043 8875.467178 0.000000 2212 2614 1 0 1 
-1.890302 -1.985917 0.000000 1.358161 -3.592164 8925.858893 0.000000 2212 2615 1 0 1 
0.785451 -0.226493 0.000000 -4.121126 -2.558387 8923.143306 0.000000 2212 2616 1 0 1 
-0.454185 2.314451 0.000000 0.515472 1.604531 8896.633017 0.000000 2212 2617 1 0 1 
-0.499870 1.288182 0.000000 0.217865 -2.314986 8919.371256 0.000000 2212 2618 1 0 1 
-0.923076 -0.802759 0.000000 0.162638 -1.041579 8878.152932 0.000000 2212 2619 1 0 1 
0.093422 -0.882532 0.000000 1.406737 -0.930684 8892.876528 0.000000 2212 2620 1 0 1 
2.422230 0.335354 0.000000 -3.229325 1.347794 8870.312643 0.000000 2212 2621 1 0 1 
0.472088 -0.033464 0.000000 -2.064633 -0.394216 8886.563248 0.000000 2212 2622 1 0 1 
-3.725825 -1.753751 0.000000 6.425045 -4.400358 8903.145499 0.000000 2212 2623 1 0 1 
-2.927153 -0.616392 0.000000 3.823486 3.065355 8828.889003 0.000000 2212 2624 1 0 1 
-2.452581 -1.101355 0.000000 2.993104 -1.801459 8913.382802 0.000000 2212 2625 1 0 1 
0.302121 1.226508 0.000000 -1.962591 1.110578 8875.535666 0.000000 2212 2626 1 0 1 
-0.486131 0.881483 0.000000 0.540807 -0.161201 8916.794592 0.000000 2212 2627 1 0 1 
1.174717 0.389468 0.000000 -0.714871 0.731931 8887.651261 0.000000 2212 2628 1 0 1 
0.412241 -0.557370 0.000000 -1.139892 -1.580841 8919.934440 0.000000 2212 2629 1 0 1 
1.625953 0.132946 0.000000 -2.159676 -2.427839 8868.303841 0.000000 2212 2630 1 0 1 
-2.260093 -0.443841 0.000000 1.478953 -0.074138 8877.386584 0.000000 2212 2631 1 0 1 
-1.119326 -0.065451 0.000000 1.622846 3.548959 8877.636663 0.000000 2212 2632 1 0 1 
-1.408689 1.306162 0.000000 2.327838 5.832423 8837.141475 0.000000 2212 2633 1 0 1 
2.738719 3.012188 0.000000 -3.895262 6.384446 8865.165786 0.000000 2212 2634 1 0 1 
0.445542 -0.359159 0.000000 -1.940355 0.106166 8874.244541 0.000000 2212 2635 1 0 1 
1.113992 -0.682014 0.000000 -1.302467 -0.961313 8909.284163 0.000000 2212 2636 1 0 1 
2.080384 -0.095615 0.000000 -4.995813 1.036144 8905.409350 0.000000 2212 2637 1 0 1 
-0.585953 1.037453 0.000000 -0.741108 -0.082704 8877.493549 0.000000 2212 2638 1 0 1 
-0.621848 0.435535 0.000000 0.489498 -0.642039 8888.462601 0.000000 2212 2639 1 0 1 
3.131428 -0.569111 0.000000 -5.516414 -1.436124 8916.723500 0.000000 2212 2640 1 0 1 
0.145449 0.254899 0.000000 2.176311 -5.348877 8931.031603 0.000000 2212 2641 1 0 1 
-4.224327 2.142498 0.000000 6.319096 0.545681 8882.906422 0.000000 2212 2642 1 0 1 
0.733429 -1.410810 0.000000 -2.340431 -1.936006 8912.543114 0.000000 2212 2643 1 0 1 
-0.842086 1.055192 0.000000 -1.106829 5.504143 8824.733516 0.000000 2212 2644 1 0 1 
1.095835 -0.366093 0.000000 -0.163618 -0.357608 8914.550706 0.000000 2212 2645 1 0 1 
-0.196840 -0.553882 0.000000 0.741998 -0.843527 8867.757500 0.000000 2212 2646 1 0 1 
-0.585416 -0.942496 0.000000 1.769138 1.051756 8877.594087 0.000000 2212 2647 1 0 1 
-0.195512 0.599567 0.000000 -0.334942 1.521980 8910.699032 0.000000 2212 2648 1 0 1 
0.267368 1.458718 0.000000 -2.323371 2.813943 8824.119435 0.000000 2212 2649 1 0 1 
-1.725136 0.291232 0.000000 3.074520 -3.120412 8889.960222 0.000000 2212 2650 1 0 1 
0.813722 -2.040499 0.000000 -1.224998 -2.530597 8922.182644 0.000000 2212 2651 1 0 1 
-1.341977 -2.385002 0.000000 1.049781 0.075061 8898.845491 0.000000 2212 2652 1 0 1 
-1.446783 -0.296729 0.000000 0.426519 0.874658 8895.932849 0.000000 2212 2653 1 0 1 
2.882649 1.984188 0.000000 -5.058207 1.011430 8880.026049 0.000000 2212 2654 1 0 1 
-2.339253 1.590769 0.000000 2.172386 4.668821 8871.186037 0.000000 2212 2655 1 0 1 
2.029306 -1.880561 0.000000 -2.833294 0.368141 8895.746154 0.000000 2212 2656 1 0 1 
2.146736 -0.935937 0.000000 -3.847671 -2.177863 8904.808777 0.000000 2212 2657 1 0 1 
1.475775 0.221266 0.000000 -2.467852 0.650493 8878.592657 0.000000 2212 2658 1 0 1 
-2.575886 0.424371 0.000000 2.349693 2.126715 8858.424619 0.000000 2212 2659 1 0 1 
0.498313 0.261834 0.000000 -1.585670 -3.404800 8928.364902 0.000000 2212 2660 1 0 1 
2.045777 0.345923 0.000000 -2.595444 1.984965 8857.802526 0.000000 2212 2661 1 0 1 
-2.064984 -1.675269 0.000000 1.393568 -2.588562 8858.603294 0.000000 2212 2662 1 0 1 
-3.417517 0.876592 0.000000 4.236984 3.829263 8869.083152 0.000000 2212 2663 1 0 1 
-0.378280 0.789600 0.000000 -0.413459 -1.037781 8882.013769 0.000000 2212 2664 1 0 1 
2.677877 -0.427854 0.000000 -2.203112 0.048711 8916.776816 0.000000 2212 2665 1 0 1 
0.207729 1.432077 0.000000 -3.066087 0.354586 8860.702830 0.000000 2212 2666 1 0 1 
-0.555827 -0.171297 0.000000 0.372436 -1.218364 8873.871333 0.000000 2212 2667 1 0 1 
-3.519461 0.722982 0.000000 5.245733 0.726896 8905.199831 0.000000 2212 2668 1 0 1 
0.406164 -0.708987 0.000000 -2.300560 -0.468431 8889.785397 0.000000 2212 2669 1 0 1 
0.994524 1.922797 0.000000 -2.887848 3.495630 8845.743033 0.000000 2212 2670 1 0 1 
0.927500 1.450507 0.000000 -2.335448 0.442868 8883.231171 0.000000 2212 2671 1 0 1 
-0.895272 -1.411251 0.000000 -0.182560 1.027463 8838.677340 0.000000 2212 2672 1 0 1 
2.395606 -2.170418 0.000000 -2.885290 -5.562729 8964.387130 0.000000 2212 2673 1 0 1 
1.878460 0.015828 0.000000 -4.620834 -1.524586 8930.913535 0.000000 2212 2674 1 0 1 
0.086040 2.524855 0.000000 0.317219 3.097265 8837.644792 0.000000 2212 2675 1 0 1 
1.148484 0.301135 0.000000 -1.220535 -2.378813 8916.781186 0.000000 2212 2676 1 0 1 
1.187535 -1.658399 0.000000 -1.481742 -4.949803 8941.576821 0.000000 2212 2677 1 0 1 
0.759252 0.134589 0.000000 0.447493 -0.614125 8885.473442 0.000000 2212 2678 1 0 1 
-1.098962 -2.859707 0.000000 1.978901 -1.593202 8863.221461 0.000000 2212 2679 1 0 1 
-1.663729 1.400478 0.000000 2.037314 2.425294 8848.771960 0.000000 2212 2680 1 0 1 
-0.173086 -1.983269 0.000000 -0.908087 -1.389915 8909.414051 0.000000 2212 2681 1 0 1 
-0.442064 -0.821453 0.000000 1.365489 -1.964683 8858.700057 0.000000 2212 2682 1 0 1 
-1.157768 -2.488507 0.000000 3.000012 -4.540216 8917.875935 0.000000 2212 2683 1 0 1 
-6.475101 0.621408 0.000000 10.432907 -0.911177 8889.758134 0.000000 2212 2684 1 0 1 
1.374561 2.074363 0.000000 -2.292989 2.717357 8869.678997 0.000000 2212 2685 1 0 1 
-1.878502 2.931463 0.000000 1.329434 -2.383226 8909.421679 0.000000 2212 2686 1 0 1 
1.991791 2.331133 0.000000 -4.332688 2.930626 8883.423206 0.000000 2212 2687 1 0 1 
-0.923701 0.867269 0.000000 1.509318 1.131941 8901.097091 0.000000 2212 2688 1 0 1 
-1.869686 -0.799673 0.000000 4.414473 -2.168830 8919.865685 0.000000 2212 2689 1 0 1 
2.064826 0.839931 0.000000 -4.408889 3.625101 8876.559927 0.000000 2212 2690 1 0 1 
1.084796 0.946003 0.000000 -2.195159 3.206703 8877.838501 0.000000 2212 2691 1 0 1 
1.583092 1.516783 0.000000 -1.713144 -3.250057 8876.647340 0.000000 2212 2692 1 0 1 
0.280350 0.814524 0.000000 0.797968 2.131770 8918.690126 0.000000 2212 2693 1 0 1 
0.253590 -2.610153 0.000000 -0.255200 -3.469841 8898.628473 0.000000 2212 2694 1 0 1 
-0.929316 -1.492271 0.000000 2.068923 -3.375576 8899.351036 0.000000 2212 2695 1 0 1 
2.615979 -0.557599 0.000000 -4.601287 1.138202 8868.523492 0.000000 2212 2696 1 0 1 
0.775698 0.616721 0.000000 -0.614142 3.115455 8837.850926 0.000000 2212 2697 1 0 1 
0.043084 -0.305318 0.000000 0.376497 -2.003539 8918.190746 0.000000 2212 2698 1 0 1 
0.103124 -1.225505 0.000000 -1.631916 -4.727311 8940.571583 0.000000 2212 2699 1 0 1 
-0.030968 0.014233 0.000000 -0.559777 -1.430120 8915.990186 0.000000 2212 2700 1 0 1 
1.885178 1.676591 0.000000 -4.118636 0.525502 8906.638683 0.000000 2212 2701 1 0 1 
-0.238277 0.317968 0.000000 0.930500 1.380309 8922.391223 0.000000 2212 2702 1 0 1 
-1.624738 0.483095 0.000000 3.267220 -3.226685 8873.684795 0.000000 2212 2703 1 0 1 
-0.598367 -1.531088 0.000000 0.284217 1.297029 8912.213991 0.000000 2212 2704 1 0 1 
-0.210223 1.292414 0.000000 0.876060 -2.086879 8935.516969 0.000000 2212 2705 1 0 1 
2.271522 -1.066043 0.000000 -3.126588 2.119417 8841.260968 0.000000 2212 2706 1 0 1 
-1.704797 -0.961972 0.000000 2.626633 -1.151830 8906.794138 0.000000 2212 2707 1 0 1 
2.963900 0.669705 0.000000 -2.656792 2.378956 8878.788224 0.000000 2212 2708 1 0 1 
3.748515 -0.905017 0.000000 -4.719020 -4.836450 8905.034728 0.000000 2212 2709 1 0 1 
-4.183742 -0.771265 0.000000 4.971265 0.554494 8842.713901 0.000000 2212 2710 1 0 1 
-1.171424 3.118695 0.000000 3.250588 3.185693 8857.623223 0.000000 2212 2711 1 0 1 
1.401516 -0.147683 0.000000 -1.029376 -4.953724 8926.370582 0.000000 2212 2712 1 0 1 
1.971113 2.335765 0.000000 -1.193137 1.744102 8863.320122 0.000000 2212 2713 1 0 1 
0.631532 0.407022 0.000000 -0.525906 2.150739 8848.027413 0.000000 2212 2714 1 0 1 
0.436850 0.945636 0.000000 -0.940954 0.839001 8881.336685 0.000000 2212 2715 1 0 1 
-3.356462 1.099333 0.000000 3.301968 2.613237 8854.287684 0.000000 2212 2716 1 0 1 
1.288384 -1.031616 0.000000 0.142574 -5.482147 8939.268151 0.000000 2212 2717 1 0 1 
0.532920 0.272221 0.000000 0.121399 -0.363302 8962.033289 0.000000 2212 2718 1 0 1 
-0.899935 0.161957 0.000000 -0.352975 -2.123891 8873.398880 0.000000 2212 2719 1 0 1 
3.384468 0.249407 0.000000 -2.517123 -0.135512 8898.070720 0.000000 2212 2720 1 0 1 
3.579203 1.795940 0.000000 -5.315864 -0.530505 8917.628008 0.000000 2212 2721 1 0 1 
5.336420 -1.400125 0.000000 -8.076309 1.114756 8874.400012 0.000000 2212 2722 1 0 1 
0.336342 2.453151 0.000000 -0.952882 2.236278 8894.358120 0.000000 2212 2723 1 0 1 
0.553529 0.310170 0.000000 -0.391278 1.248094 8897.247840 0.000000 2212 2724 1 0 1 
1.168127 1.852964 0.000000 -3.233626 0.939470 8883.259049 0.000000 2212 2725 1 0 1 
-3.493055 1.452452 0.000000 6.069360 2.482247 8870.238427 0.000000 2212 2726 1 0 1 
-4.391819 -1.261678 0.000000 6.094319 -4.406865 8937.960257 0.000000 2212 2727 1 0 1 
1.633053 -0.383678 0.000000 -1.555674 -0.857010 8885.489349 0.000000 2212 2728 1 0 1 
-1.791824 1.719443 0.000000 0.034598 1.382517 8880.642369 0.000000 2212 2729 1 0 1 
-1.298759 -0.465493 0.000000 2.444682 -2.063093 8877.894053 0.000000 2212 2730 1 0 1 
0.338863 1.309483 0.000000 0.709615 -0.422685 8893.422600 0.000000 2212 2731 1 0 1 
2.600026 0.394145 0.000000 -5.951961 -0.104561 8836.143082 0.000000 2212 2732 1 0 1 
2.292673 0.983584 0.000000 -3.780540 4.642421 8851.307578 0.000000 2212 2733 1 0 1 
-0.187949 1.415394 0.000000 -0.474352 2.686395 8875.929623 0.000000 2212 2734 1 0 1 
0.688680 -0.930850 0.000000 -0.672677 -3.812711 8934.926862 0.000000 2212 2735 1 0 1 
0.086780 0.886759 0.000000 -0.444569 4.760994 8855.338326 0.000000 2212 2736 1 0 1 
-0.726811 -0.427289 0.000000 1.824379 -3.664493 8915.481628 0.000000 2212 2737 1 0 1 
-1.843579 0.960155 0.000000 1.858981 -1.610057 8886.633972 0.000000 2212 2738 1 0 1 
2.167431 -0.885135 0.000000 -1.813544 0.434803 8908.463092 0.000000 2212 2739 1 0 1 
-2.414449 2.353745 0.000000 2.866601 6.048789 8845.178063 0.000000 2212 2740 1 0 1 
0.523896 -0.990907 0.000000 1.582248 -0.476992 8862.205301 0.000000 2212 2741 1 0 1 
1.007889 1.176765 0.000000 -1.403426 2.741292 8915.739371 0.000000 2212 2742 1 0 1 
2.755269 -0.234165 0.000000 -3.505744 3.965459 8878.614171 0.000000 2212 2743 1 0 1 
-0.599860 -1.409671 0.000000 -0.606461 -3.280100 8867.869360 0.000000 2212 2744 1 0 1 
-0.960123 0.739986 0.000000 1.834683 0.357993 8916.217663 0.000000 2212 2745 1 0 1 
0.186759 -0.547157 0.000000 -1.515183 -2.295699 8904.353214 0.000000 2212 2746 1 0 1 
1.469298 1.544170 0.000000 -2.462288 3.278740 8879.676476 0.000000 2212 2747 1 0 1 
2.774214 -1.788473 0.000000 -3.279794 -6.780642 8924.649017 0.000000 2212 2748 1 0 1 
-2.400094 2.081209 0.000000 2.636652 1.425342 8866.336704 0.000000 2212 2749 1 0 1 
-0.429720 1.765515 0.000000 0.728003 6.027243 8801.531364 0.000000 2212 2750 1 0 1 
1.184609 -0.597735 0.000000 0.324179 -8.113573 8932.018944 0.000000 2212 2751 1 0 1 
-0.221263 -0.495011 0.000000 -0.727888 -2.837350 8898.409312 0.000000 2212 2752 1 0 1 
-2.254444 1.218394 0.000000 3.960431 -1.622892 8921.697752 0.000000 2212 2753 1 0 1 
0.923973 0.911734 0.000000 -3.535120 -1.194006 8861.090172 0.000000 2212 2754 1 0 1 
-1.909090 0.502539 0.000000 3.097743 2.569836 8901.413960 0.000000 2212 2755 1 0 1 
-2.152332 -0.174335 0.000000 1.443247 -4.832211 8946.424912 0.000000 2212 2756 1 0 1 
-0.111438 0.952295 0.000000 0.983620 0.044012 8886.805768 0.000000 2212 2757 1 0 1 
-0.083775 -0.045999 0.000000 2.740042 -3.489750 8926.537535 0.000000 2212 2758 1 0 1 
-0.785105 0.931447 0.000000 2.492195 3.070138 8891.424184 0.000000 2212 2759 1 0 1 
0.034298 -0.004721 0.000000 -0.680356 -2.479611 8874.745065 0.000000 2212 2760 1 0 1 
1.287976 1.617530 0.000000 0.460635 2.337838 8882.374940 0.000000 2212 2761 1 0 1 
-0.255379 -0.673588 0.000000 0.967833 -1.508417 8923.267848 0.000000 2212 2762 1 0 1 
0.375740 -0.929715 0.000000 0.121315 2.132145 8902.061766 0.000000 2212 2763 1 0 1 
0.919796 -0.345138 0.000000 -3.958116 0.617322 8873.319885 0.000000 2212 2764 1 0 1 
1.359213 0.765757 0.000000 -1.202827 2.824670 8896.240101 0.000000 2212 2765 1 0 1 
-0.292987 1.339586 0.000000 -0.359536 2.601842 8875.787021 0.000000 2212 2766 1 0 1 
4.468299 0.110062 0.000000 -5.683839 2.827562 8868.723222 0.000000 2212 2767 1 0 1 
-2.540193 0.352501 0.000000 4.043128 -1.028367 8911.769491 0.000000 2212 2768 1 0 1 
2.052369 0.911322 0.000000 -1.281873 0.117736 8858.769082 0.000000 2212 2769 1 0 1 
-0.065001 0.164257 0.000000 1.617488 -0.809031 8897.376672 0.000000 2212 2770 1 0 1 
-0.441463 1.334588 0.000000 0.403470 3.521446 8903.623948 0.000000 2212 2771 1 0 1 
1.613286 -0.753814 0.000000 -0.404817 -0.447110 8957.573501 0.000000 2212 2772 1 0 1 
-0.956389 -0.659278 0.000000 -0.443689 2.873242 8874.472238 0.000000 2212 2773 1 0 1 
1.866206 -1.093162 0.000000 -1.892755 -2.585873 8886.379446 0.000000 2212 2774 1 0 1 
0.095595 1.813576 0.000000 -1.760955 3.455901 8885.761597 0.000000 2212 2775 1 0 1 
1.651305 -0.301812 0.000000 0.265371 -3.145220 8874.857959 0.000000 2212 2776 1 0 1 
-1.619228 2.325988 0.000000 3.613449 1.550248 8862.763723 0.000000 2212 2777 1 0 1 
2.626277 -0.319755 0.000000 -4.032422 2.072336 8872.469651 0.000000 2212 2778 1 0 1 
1.762293 -1.968005 0.000000 -2.138714 -4.655175 8901.928218 0.000000 2212 2779 1 0 1 
-3.687399 2.804189 0.000000 3.753704 7.026223 8818.100595 0.000000 2212 2780 1 0 1 
1.721727 -0.911290 0.000000 -4.130860 1.371529 8845.187772 0.000000 2212 2781 1 0 1 
-1.505536 -0.046132 0.000000 1.920654 -3.673296 8920.270169 0.000000 2212 2782 1 0 1 
2.194497 -3.207926 0.000000 -2.853145 -4.015758 8933.218621 0.000000 2212 2783 1 0 1 
0.571294 -2.448875 0.000000 -2.345247 -4.210948 8920.232632 0.000000 2212 2784 1 0 1 
-3.433593 1.821091 0.000000 5.185934 5.194664 8845.151354 0.000000 2212 2785 1 0 1 
1.599158 0.240800 0.000000 -0.487417 -1.504956 8925.341968 0.000000 2212 2786 1 0 1 
3.485843 0.624868 0.000000 -5.408320 2.719395 8885.396267 0.000000 2212 2787 1 0 1 
0.001288 0.858806 0.000000 -1.056894 0.322127 8894.172117 0.000000 2212 2788 1 0 1 
-0.054655 -0.884162 0.000000 -0.356372 -0.144483 8892.740546 0.000000 2212 2789 1 0 1 
1.044032 1.371361 0.000000 -2.388617 1.701395 8932.351775 0.000000 2212 2790 1 0 1 
2.223224 1.344309 0.000000 -4.399645 0.274804 8904.401104 0.000000 2212 2791 1 0 1 
0.927999 1.261552 0.000000 -0.426616 2.089686 8876.558583 0.000000 2212 2792 1 0 1 
2.129999 -1.533254 0.000000 -3.403459 -8.642984 8919.421195 0.000000 2212 2793 1 0 1 
1.241294 -0.946443 0.000000 -1.764245 -2.232269 8909.569054 0.000000 2212 2794 1 0 1 
1.366276 0.135056 0.000000 -3.364873 2.777522 8865.696205 0.000000 2212 2795 1 0 1 
-0.515076 2.132716 0.000000 -0.505404 6.204446 8867.195152 0.000000 2212 2796 1 0 1 
1.850643 0.474126 0.000000 -2.187814 0.722779 8856.060595 0.000000 2212 2797 1 0 1 
-0.978932 0.458931 0.000000 0.026636 0.268486 8896.626949 0.000000 2212 2798 1 0 1 
1.000005 1.410807 0.000000 -3.273120 2.126114 8857.932967 0.000000 2212 2799 1 0 1 
-1.020616 -1.672468 0.000000 3.183915 -4.563270 8944.026063 0.000000 2212 2800 1 0 1 
-0.128911 1.323367 0.000000 -0.504372 2.298061 8851.758104 0.000000 2212 2801 1 0 1 
-1.022194 -2.781577 0.000000 1.821198 -3.474073 8925.811773 0.000000 2212 2802 1 0 1 
3.273825 -2.949902 0.000000 -4.560594 -6.511865 8918.810272 0.000000 2212 2803 1 0 1 
0.877606 -1.056634 0.000000 -0.984645 -3.420801 8891.565263 0.000000 2212 2804 1 0 1 
1.037796 1.319721 0.000000 -2.129756 3.918808 8874.599469 0.000000 2212 2805 1 0 1 
0.197056 2.076365 0.000000 -1.970022 0.868492 8895.286665 0.000000 2212 2806 1 0 1 
2.376305 0.648919 0.000000 -4.935085 0.745330 8864.531259 0.000000 2212 2807 1 0 1 
-1.795335 -0.906943 0.000000 1.334337 -0.264240 8926.691144 0.000000 2212 2808 1 0 1 
2.775467 -0.727739 0.000000 -2.351729 -2.582507 8927.477567 0.000000 2212 2809 1 0 1 
-1.372175 0.345671 0.000000 1.118641 2.553751 8852.499936 0.000000 2212 2810 1 0 1 
-0.853454 1.956643 0.000000 2.210500 5.141733 8825.910495 0.000000 2212 2811 1 0 1 
1.993164 -2.051596 0.000000 -2.803140 -2.568322 8918.054684 0.000000 2212 2812 1 0 1 
1.652786 -0.261755 0.000000 -4.492032 1.393508 8901.552910 0.000000 2212 2813 1 0 1 
3.847607 -0.484825 0.000000 -6.045333 -1.629587 8851.419218 0.000000 2212 2814 1 0 1 
2.315959 0.234024 0.000000 -3.136415 -0.446236 8904.188574 0.000000 2212 2815 1 0 1 
-2.188981 -0.799245 0.000000 1.582591 1.010921 8865.954355 0.000000 2212 2816 1 0 1 
-0.457906 -0.170759 0.000000 2.092729 -2.053960 8873.556915 0.000000 2212 2817 1 0 1 
-1.416950 -0.551136 0.000000 1.785836 -2.678857 8926.191261 0.000000 2212 2818 1 0 1 
0.179113 -1.511956 0.000000 0.366263 0.774592 8901.576735 0.000000 2212 2819 1 0 1 
1.785398 -0.256053 0.000000 -2.607964 1.698167 8845.318083 0.000000 2212 2820 1 0 1 
1.437692 -0.289535 0.000000 -1.899172 1.124602 8873.241802 0.000000 2212 2821 1 0 1 
-0.538634 0.269032 0.000000 -0.086017 2.149846 8885.308081 0.000000 2212 2822 1 0 1 
1.688099 -1.947344 0.000000 -3.063311 -5.959668 8929.338566 0.000000 2212 2823 1 0 1 
1.289637 -0.123800 0.000000 -2.610464 -2.000487 8877.651465 0.000000 2212 2824 1 0 1 
-1.501820 -0.439087 0.000000 0.096303 -0.493045 8923.218901 0.000000 2212 2825 1 0 1 
0.431638 -0.047825 0.000000 -2.293319 2.494266 8897.796185 0.000000 2212 2826 1 0 1 
1.000605 -0.339113 0.000000 0.275734 -2.309905 8899.041749 0.000000 2212 2827 1 0 1 
0.712832 0.949447 0.000000 -1.195284 3.602980 8917.513774 0.000000 2212 2828 1 0 1 
0.877668 -1.451249 0.000000 -0.105452 3.084985 8860.473268 0.000000 2212 2829 1 0 1 
1.119369 -0.207973 0.000000 -2.410600 -1.749779 8872.421676 0.000000 2212 2830 1 0 1 
0.841500 -1.825116 0.000000 -4.152010 -0.241890 8880.794583 0.000000 2212 2831 1 0 1 
0.813664 -0.328406 0.000000 -0.889812 0.724634 8879.003422 0.000000 2212 2832 1 0 1 
1.493873 0.775805 0.000000 -4.221511 0.450567 8908.597649 0.000000 2212 2833 1 0 1 
2.655468 0.393599 0.000000 -2.837894 4.051902 8885.341956 0.000000 2212 2834 1 0 1 
0.128784 -1.872893 0.000000 0.380203 -1.875329 8915.838131 0.000000 2212 2835 1 0 1 
-0.464069 3.835992 0.000000 0.676280 2.191585 8888.336851 0.000000 2212 2836 1 0 1 
-0.213458 2.994244 0.000000 0.623479 5.373513 8839.160886 0.000000 2212 2837 1 0 1 
1.439195 -0.794705 0.000000 -1.529657 -1.021760 8897.332098 0.000000 2212 2838 1 0 1 
2.418933 -0.420827 0.000000 -2.392232 1.195436 8838.864928 0.000000 2212 2839 1 0 1 
-0.263123 1.704963 0.000000 1.272676 -3.379890 8932.873877 0.000000 2212 2840 1 0 1 
-0.511540 0.464747 0.000000 0.066185 -2.550059 8935.617399 0.000000 2212 2841 1 0 1 
-0.808784 -0.133627 0.000000 1.229929 -0.175230 8907.375134 0.000000 2212 2842 1 0 1 
0.125582 1.173439 0.000000 0.425172 2.108902 8888.333506 0.000000 2212 2843 1 0 1 
-0.384061 0.334532 0.000000 -1.035223 -1.279686 8907.660911 0.000000 2212 2844 1 0 1 
-1.542944 -1.774348 0.000000 3.694096 -5.418617 8917.145236 0.000000 2212 2845 1 0 1 
1.423665 0.681386 0.000000 -3.088975 -1.477810 8883.208185 0.000000 2212 2846 1 0 1 
0.485754 -1.345622 0.000000 -3.477773 -2.768076 8840.176394 0.000000 2212 2847 1 0 1 
3.352889 -0.957634 0.000000 -4.613403 -3.189330 8874.964688 0.000000 2212 2848 1 0 1 
-0.545102 -3.135848 0.000000 2.184560 -9.889837 8996.491482 0.000000 2212 2849 1 0 1 
1.345606 1.572560 0.000000 -0.622957 4.003979 8873.355720 0.000000 2212 2850 1 0 1 
0.956449 -0.600070 0.000000 -2.513555 -0.960064 8883.165323 0.000000 2212 2851 1 0 1 
-2.572471 -0.240179 0.000000 3.529591 0.534509 8911.194940 0.000000 2212 2852 1 0 1 
0.742377 -2.571329 0.000000 -0.873598 0.343339 8893.150068 0.000000 2212 2853 1 0 1 
0.304956 -0.398321 0.000000 -1.853265 -1.957048 8930.444419 0.000000 2212 2854 1 0 1 
1.995266 -0.164294 0.000000 -0.582072 -3.248244 8934.151792 0.000000 2212 2855 1 0 1 
-0.210856 0.003988 0.000000 -0.373956 -0.970916 8888.974134 0.000000 2212 2856 1 0 1 
-1.240107 -0.882466 0.000000 1.321042 -1.573473 8878.272922 0.000000 2212 2857 1 0 1 
-1.070614 -1.227155 0.000000 2.485336 -0.130434 8906.869864 0.000000 2212 2858 1 0 1 
-0.156717 1.972872 0.000000 0.679882 2.994616 8872.554865 0.000000 2212 2859 1 0 1 
-2.564465 -1.513732 0.000000 4.880140 -2.483195 8903.725914 0.000000 2212 2860 1 0 1 
-2.273718 0.065994 0.000000 4.230519 3.346366 8873.190560 0.000000 2212 2861 1 0 1 
0.272650 1.081074 0.000000 1.683624 0.828931 8886.376878 0.000000 2212 2862 1 0 1 
2.773075 -1.753835 0.000000 -1.984128 -1.854410 8890.797822 0.000000 2212 2863 1 0 1 
-1.113850 -1.153888 0.000000 2.394350 1.461014 8889.568530 0.000000 2212 2864 1 0 1 
0.923254 0.233705 0.000000 -0.658132 2.655805 8878.087135 0.000000 2212 2865 1 0 1 
-2.983454 0.166480 0.000000 3.930308 0.859831 8875.817941 0.000000 2212 2866 1 0 1 
2.980612 -1.957721 0.000000 -1.108262 -2.142222 8916.657810 0.000000 2212 2867 1 0 1 
-0.312837 1.759130 0.000000 -1.227038 2.233715 8874.993441 0.000000 2212 2868 1 0 1 
-3.278148 2.352582 0.000000 4.345172 5.787406 8850.884567 0.000000 2212 2869 1 0 1 
0.388809 0.716019 0.000000 0.301018 1.630969 8900.770614 0.000000 2212 2870 1 0 1 
1.518125 -0.151402 0.000000 -0.009352 -3.295976 8934.336439 0.000000 2212 2871 1 0 1 
3.492161 -0.345107 0.000000 -4.319908 0.379199 8888.315064 0.000000 2212 2872 1 0 1 
2.004707 2.550354 0.000000 -2.996532 5.239284 8853.563243 0.000000 2212 2873 1 0 1 
1.251760 0.808056 0.000000 -1.959974 0.891592 8896.543322 0.000000 2212 2874 1 0 1 
1.451949 -0.460556 0.000000 -3.073439 -2.657488 8917.888100 0.000000 2212 2875 1 0 1 
0.570569 0.648603 0.000000 1.438934 2.528482 8892.611917 0.000000 2212 2876 1 0 1 
-0.847869 -0.100154 0.000000 1.590186 0.072993 8899.497422 0.000000 2212 2877 1 0 1 
1.017068 0.344650 0.000000 -0.275044 4.458852 8868.024364 0.000000 2212 2878 1 0 1 
-0.411608 0.124621 0.000000 2.586980 1.094663 8847.734098 0.000000 2212 2879 1 0 1 
0.085587 0.328246 0.000000 0.627927 -2.704501 8933.029874 0.000000 2212 2880 1 0 1 
-3.891416 -2.072505 0.000000 5.065350 -3.383980 8892.263431 0.000000 2212 2881 1 0 1 
0.847244 0.454849 0.000000 -0.519534 0.302906 8902.623726 0.000000 2212 2882 1 0 1 
0.007896 0.629682 0.000000 1.148033 3.771429 8834.375659 0.000000 2212 2883 1 0 1 
-1.360225 -0.174482 0.000000 2.618156 -1.776852 8897.299514 0.000000 2212 2884 1 0 1 
2.259571 -0.733141 0.000000 -2.232064 -0.709638 8888.324690 0.000000 2212 2885 1 0 1 
-2.233163 0.474501 0.000000 2.269927 0.853062 8878.190290 0.000000 2212 2886 1 0 1 
-2.959334 -1.605993 0.000000 3.492018 2.137494 8881.732078 0.000000 2212 2887 1 0 1 
-2.730461 -0.276513 0.000000 4.234704 -1.622285 8866.949974 0.000000 2212 2888 1 0 1 
2.956133 -0.447223 0.000000 -2.360911 -4.515088 8939.339545 0.000000 2212 2889 1 0 1 
2.713713 -1.102759 0.000000 -6.143745 -1.799737 8901.517371 0.000000 2212 2890 1 0 1 
-0.845774 -0.690540 0.000000 2.230880 1.167895 8873.867966 0.000000 2212 2891 1 0 1 
-0.537716 -0.665362 0.000000 -1.116647 -0.915757 8864.565435 0.000000 2212 2892 1 0 1 
1.187974 0.582444 0.000000 -2.898167 3.803279 8884.045411 0.000000 2212 2893 1 0 1 
-0.658381 1.213279 0.000000 2.116075 -4.335876 8935.229813 0.000000 2212 2894 1 0 1 
-0.264184 -2.403998 0.000000 0.848624 -9.050382 8950.299482 0.000000 2212 2895 1 0 1 
-2.659254 -1.945782 0.000000 2.984243 -2.948936 8892.991774 0.000000 2212 2896 1 0 1 
-1.311850 2.916391 0.000000 5.453648 3.605852 8825.701474 0.000000 2212 2897 1 0 1 
2.045105 -1.628659 0.000000 -3.584179 -4.094332 8918.226587 0.000000 2212 2898 1 0 1 
-1.123435 -0.567757 0.000000 -1.386392 -1.180839 8916.298209 0.000000 2212 2899 1 0 1 
-1.169676 -0.287848 0.000000 0.587468 2.698156 8839.398078 0.000000 2212 2900 1 0 1 
0.973131 2.572230 0.000000 -0.199600 4.805110 8858.480250 0.000000 2212 2901 1 0 1 
0.751406 1.366105 0.000000 -1.456988 4.216350 8822.273357 0.000000 2212 2902 1 0 1 
-0.741625 0.245385 0.000000 -1.474826 -1.636659 8906.905807 0.000000 2212 2903 1 0 1 
1.350377 0.178680 0.000000 -3.381626 -1.926980 8906.964648 0.000000 2212 2904 1 0 1 
0.639397 0.248556 0.000000 -0.035904 -1.176299 8909.443776 0.000000 2212 2905 1 0 1 
3.607123 0.347807 0.000000 -6.513374 -1.561753 8884.611359 0.000000 2212 2906 1 0 1 
0.183613 0.192308 0.000000 0.956733 2.174337 8859.770436 0.000000 2212 2907 1 0 1 
-0.152750 0.813368 0.000000 1.177408 1.887734 8869.289080 0.000000 2212 2908 1 0 1 
2.440390 1.778556 0.000000 -0.353076 -2.753881 8971.323439 0.000000 2212 2909 1 0 1 
1.555531 -1.765086 0.000000 -3.929287 -2.804287 8887.159233 0.000000 2212 2910 1 0 1 
0.507386 -1.390136 0.000000 -0.860651 -2.822899 8919.033356 0.000000 2212 2911 1 0 1 
1.690455 -1.617127 0.000000 -2.226337 1.208177 8852.839474 0.000000 2212 2912 1 0 1 
-0.393159 -0.483769 0.000000 0.998573 -0.303368 8904.160424 0.000000 2212 2913 1 0 1 
2.428480 0.103778 0.000000 -1.914631 -1.186671 8903.245503 0.000000 2212 2914 1 0 1 
-1.844838 -1.280758 0.000000 3.041954 -1.917893 8871.972739 0.000000 2212 2915 1 0 1 
3.505081 -2.136007 0.000000 -2.342446 -3.393005 8937.449886 0.000000 2212 2916 1 0 1 
-2.028832 0.062984 0.000000 2.245121 0.100253 8930.353296 0.000000 2212 2917 1 0 1 
1.440882 -0.323983 0.000000 -0.643814 1.269042 8861.609140 0.000000 2212 2918 1 0 1 
0.896275 0.365413 0.000000 0.060637 1.038391 8884.744028 0.000000 2212 2919 1 0 1 
-0.022507 0.722186 0.000000 0.615566 2.944343 8872.041869 0.000000 2212 2920 1 0 1 
0.283002 -1.371319 0.000000 -0.092943 0.401415 8882.600296 0.000000 2212 2921 1 0 1 
0.349160 -1.083506 0.000000 -0.601963 -0.445187 8883.842162 0.000000 2212 2922 1 0 1 
-0.911983 0.441571 0.000000 0.574376 2.772842 8878.390517 0.000000 2212 2923 1 0 1 
-0.876684 1.042942 0.000000 3.504182 -1.216481 8907.013711 0.000000 2212 2924 1 0 1 
-1.292814 -2.441869 0.000000 2.861856 0.090985 8886.051704 0.000000 2212 2925 1 0 1 
0.589122 -0.033782 0.000000 -1.395656 2.056421 8853.242586 0.000000 2212 2926 1 0 1 
2.331823 0.765285 0.000000 -3.717981 -0.483690 8886.179353 0.000000 2212 2927 1 0 1 
0.969992 -0.283354 0.000000 -1.113682 3.866898 8848.872326 0.000000 2212 2928 1 0 1 
0.920925 0.827712 0.000000 -1.291805 2.013641 8870.075440 0.000000 2212 2929 1 0 1 
-1.371273 1.681016 0.000000 1.557543 4.704640 8827.759058 0.000000 2212 2930 1 0 1 
1.877131 -0.838556 0.000000 -2.209612 -1.254068 8894.373052 0.000000 2212 2931 1 0 1 
-1.148938 0.424093 0.000000 -1.558376 5.745855 8873.108781 0.000000 2212 2932 1 0 1 
1.860443 1.980508 0.000000 -0.426590 1.375839 8886.439943 0.000000 2212 2933 1 0 1 
0.724299 -1.911227 0.000000 1.176568 -1.030371 8912.265241 0.000000 2212 2934 1 0 1 
-0.397282 -0.272979 0.000000 0.422136 0.490620 8914.829778 0.000000 2212 2935 1 0 1 
-0.616257 1.503506 0.000000 0.230484 3.099527 8919.180767 0.000000 2212 2936 1 0 1 
-0.210906 0.023355 0.000000 -0.258002 1.269934 8868.447293 0.000000 2212 2937 1 0 1 
-1.845123 1.808257 0.000000 1.415029 0.345105 8835.918051 0.000000 2212 2938 1 0 1 
1.210214 2.455642 0.000000 0.590737 4.903069 8854.407640 0.000000 2212 2939 1 0 1 
-0.056054 -1.222833 0.000000 1.722333 -1.368243 8912.240205 0.000000 2212 2940 1 0 1 
3.283105 -0.265884 0.000000 -4.485399 1.830269 8885.073755 0.000000 2212 2941 1 0 1 
-2.618290 1.915334 0.000000 2.014628 1.413022 8886.199432 0.000000 2212 2942 1 0 1 
2.263530 1.373084 0.000000 -1.319922 -3.977037 8941.276877 0.000000 2212 2943 1 0 1 
1.274065 0.068662 0.000000 -2.496881 1.785226 8868.456178 0.000000 2212 2944 1 0 1 
-3.002294 1.174110 0.000000 6.266422 0.294964 8922.787020 0.000000 2212 2945 1 0 1 
-1.231816 -0.118701 0.000000 2.012257 -0.410313 8905.565447 0.000000 2212 2946 1 0 1 
4.020411 -1.113204 0.000000 -4.608176 -3.780782 8854.616258 0.000000 2212 2947 1 0 1 
1.131387 0.048370 0.000000 -3.005716 1.663915 8893.885942 0.000000 2212 2948 1 0 1 
-0.301203 1.176983 0.000000 0.920252 -1.364176 8909.297530 0.000000 2212 2949 1 0 1 
0.469359 0.587871 0.000000 -0.008889 -5.991712 8907.924873 0.000000 2212 2950 1 0 1 
1.388650 1.740916 0.000000 -1.850577 3.692533 8862.675648 0.000000 2212 2951 1 0 1 
-0.691268 -0.210652 0.000000 2.646272 -0.808745 8894.287514 0.000000 2212 2952 1 0 1 
1.406320 0.476339 0.000000 -3.322624 1.689465 8916.883909 0.000000 2212 2953 1 0 1 
1.169491 0.389955 0.000000 -3.135670 -4.292989 8929.654828 0.000000 2212 2954 1 0 1 
-1.310890 -0.379047 0.000000 -0.283814 4.276868 8859.205385 0.000000 2212 2955 1 0 1 
1.877319 0.264590 0.000000 -3.408987 -1.109102 8915.210591 0.000000 2212 2956 1 0 1 
1.768334 1.314084 0.000000 -0.777892 -3.865403 8955.420172 0.000000 2212 2957 1 0 1 
-0.833474 -0.502193 0.000000 2.048205 2.784900 8848.779807 0.000000 2212 2958 1 0 1 
-1.982715 -1.782547 0.000000 2.506405 -1.021488 8915.482789 0.000000 2212 2959 1 0 1 
-3.320192 0.818586 0.000000 4.676027 -0.464639 8887.183161 0.000000 2212 2960 1 0 1 
0.388670 0.717768 0.000000 0.189628 0.578571 8874.383888 0.000000 2212 2961 1 0 1 
-0.166022 0.427137 0.000000 -1.280417 -0.857836 8903.781407 0.000000 2212 2962 1 0 1 
-0.831971 -1.804513 0.000000 0.267005 -6.141904 8924.252644 0.000000 2212 2963 1 0 1 
-1.310214 -0.761842 0.000000 2.634219 -2.779731 8894.836425 0.000000 2212 2964 1 0 1 
1.174877 -0.419846 0.000000 0.397319 -0.401027 8888.728222 0.000000 2212 2965 1 0 1 
0.009363 0.067199 0.000000 -1.100581 1.865798 8897.145372 0.000000 2212 2966 1 0 1 
0.561345 1.711528 0.000000 -0.190815 2.969116 8847.035956 0.000000 2212 2967 1 0 1 
0.841705 -1.436475 0.000000 -0.291899 -4.213892 8900.045569 0.000000 2212 2968 1 0 1 
0.225336 -1.500883 0.000000 0.724893 1.115685 8865.185782 0.000000 2212 2969 1 0 1 
-0.521805 -1.054621 0.000000 -0.517108 -4.739120 8910.774010 0.000000 2212 2970 1 0 1 
-4.643665 -1.033726 0.000000 6.280023 -2.149936 8838.613668 0.000000 2212 2971 1 0 1 
2.500096 -0.393809 0.000000 -3.999011 5.107349 8845.178848 0.000000 2212 2972 1 0 1 
1.171571 -0.372344 0.000000 -3.789773 -1.838104 8860.882161 0.000000 2212 2973 1 0 1 
0.765065 0.074174 0.000000 -4.065077 1.917651 8891.795939 0.000000 2212 2974 1 0 1 
-0.680451 -0.885390 0.000000 0.002848 2.476587 8902.062253 0.000000 2212 2975 1 0 1 
2.010026 1.594736 0.000000 -0.932843 4.142104 8852.212688 0.000000 2212 2976 1 0 1 
-3.714746 -1.184280 0.000000 4.708022 -2.921000 8895.641184 0.000000 2212 2977 1 0 1 
0.653460 0.169053 0.000000 -0.657195 -0.321747 8897.108047 0.000000 2212 2978 1 0 1 
-0.324736 0.658710 0.000000 0.910381 -1.736084 8926.795745 0.000000 2212 2979 1 0 1 
-2.509369 2.288627 0.000000 1.551110 3.578594 8881.846731 0.000000 2212 2980 1 0 1 
-3.495836 -0.451512 0.000000 5.795075 -3.374865 8918.344869 0.000000 2212 2981 1 0 1 
0.223161 -0.955693 0.000000 0.527068 -0.602201 8891.175940 0.000000 2212 2982 1 0 1 
0.739916 -0.343035 0.000000 -0.486305 -2.209594 8903.078041 0.000000 2212 2983 1 0 1 
-1.909897 -1.552392 0.000000 1.797313 1.118586 8871.185742 0.000000 2212 2984 1 0 1 
-1.517823 -0.196774 0.000000 0.599381 -3.895197 8874.817628 0.000000 2212 2985 1 0 1 
1.953601 -1.041844 0.000000 -2.622590 -3.532759 8910.343894 0.000000 2212 2986 1 0 1 
1.778848 3.056255 0.000000 -2.087183 4.371913 8872.068066 0.000000 2212 2987 1 0 1 
-1.167500 -0.520546 0.000000 1.655954 -3.291209 8904.236178 0.000000 2212 2988 1 0 1 
0.187496 0.757315 0.000000 0.107206 4.311063 8862.948911 0.000000 2212 2989 1 0 1 
1.428236 0.064187 0.000000 -2.960803 -0.552154 8870.842142 0.000000 2212 2990 1 0 1 
1.351743 -0.973163 0.000000 -0.488284 -1.051714 8895.051554 0.000000 2212 2991 1 0 1 
2.347624 -0.265261 0.000000 -1.497743 -3.988729 8898.599819 0.000000 2212 2992 1 0 1 
2.442618 -2.684677 0.000000 -1.834382 -0.031521 8901.559904 0.000000 2212 2993 1 0 1 
-0.403733 1.307044 0.000000 -1.691319 8.932478 8792.173022 0.000000 2212 2994 1 0 1 
-1.770553 1.967541 0.000000 3.484841 3.699693 8867.502488 0.000000 2212 2995 1 0 1 
0.452639 1.204470 0.000000 0.071428 0.173345 8912.053521 0.000000 2212 2996 1 0 1 
-0.852123 0.675213 0.000000 0.224273 0.449587 8880.886787 0.000000 2212 2997 1 0 1 
-0.331721 -0.014734 0.000000 0.598731 -2.216719 8894.252335 0.000000 2212 2998 1 0 1 
-1.856231 0.700401 0.000000 2.818579 1.800068 8871.047196 0.000000 2212 2999 1 0 1 
-0.222727 -0.281446 0.000000 0.089896 1.676424 8867.373036 0.000000 2212 3000 1 0 1 
-1.448238 -0.674405 0.000000 0.176051 -2.506652 8900.613615 0.000000 2212 3001 1 0 1 
0.543788 -0.400794 0.000000 -0.267443 -1.698483 8906.974505 0.000000 2212 3002 1 0 1 
-2.073826 -0.441761 0.000000 1.584022 -3.020267 8925.557274 0.000000 2212 3003 1 0 1 
-1.515512 -3.079436 0.000000 2.428736 -2.701614 8912.998406 0.000000 2212 3004 1 0 1 
-1.405949 2.033472 0.000000 2.673050 0.121781 8905.703601 0.000000 2212 3005 1 0 1 
3.150520 -0.089626 0.000000 -4.082143 0.495103 8869.561715 0.000000 2212 3006 1 0 1 
1.799148 -1.087134 0.000000 -4.823232 2.456773 8871.984842 0.000000 2212 3007 1 0 1 
-1.151456 0.234436 0.000000 2.376366 -1.502333 8911.454905 0.000000 2212 3008 1 0 1 
0.792184 0.498894 0.000000 -1.198874 -1.387195 8920.329549 0.000000 2212 3009 1 0 1 
-0.223519 -0.811111 0.000000 0.964853 -2.191385 8928.341296 0.000000 2212 3010 1 0 1 
-1.716414 -1.568236 0.000000 1.936383 2.666694 8857.410957 0.000000 2212 3011 1 0 1 
-0.499338 -1.009814 0.000000 0.594737 -2.124072 8904.234302 0.000000 2212 3012 1 0 1 
-1.137963 0.542978 0.000000 2.227579 -0.757633 8872.515771 0.000000 2212 3013 1 0 1 
0.032970 -0.187439 0.000000 -0.652860 -1.848072 8907.342616 0.000000 2212 3014 1 0 1 
-1.015711 -0.414655 0.000000 1.900284 -3.781808 8896.930907 0.000000 2212 3015 1 0 1 
-1.478166 1.159876 0.000000 2.884321 1.187953 8871.385853 0.000000 2212 3016 1 0 1 
1.190242 1.026243 0.000000 -0.628392 -1.953951 8921.649818 0.000000 2212 3017 1 0 1 
-0.792539 0.008593 0.000000 2.326420 2.314508 8861.872076 0.000000 2212 3018 1 0 1 
0.235841 1.077787 0.000000 -0.533319 3.073601 8850.394116 0.000000 2212 3019 1 0 1 
0.108763 -1.391270 0.000000 -1.595401 0.221071 8869.300357 0.000000 2212 3020 1 0 1 
1.676135 0.955075 0.000000 -4.006364 1.577871 8903.440783 0.000000 2212 3021 1 0 1 
0.331158 0.207193 0.000000 -0.166813 2.681255 8862.941010 0.000000 2212 3022 1 0 1 
-2.359297 -0.485304 0.000000 4.608222 -2.860180 8932.825516 0.000000 2212 3023 1 0 1 
0.245759 1.985062 0.000000 -1.379702 5.234020 8846.445388 0.000000 2212 3024 1 0 1 
-2.205928 0.276924 0.000000 0.738845 1.217309 8889.893113 0.000000 2212 3025 1 0 1 
-1.827447 -1.115541 0.000000 4.848322 -4.102591 8943.932736 0.000000 2212 3026 1 0 1 
1.510370 -0.519468 0.000000 -3.105991 -5.892138 8915.250467 0.000000 2212 3027 1 0 1 
0.050174 -0.712867 0.000000 1.642933 -4.863182 8915.670256 0.000000 2212 3028 1 0 1 
0.781842 0.775885 0.000000 -0.299755 -0.268393 8910.001104 0.000000 2212 3029 1 0 1 
-1.748406 -0.932576 0.000000 3.180635 2.174684 8883.233265 0.000000 2212 3030 1 0 1 
0.036272 2.353704 0.000000 -2.108763 7.704350 8834.181552 0.000000 2212 3031 1 0 1 
1.768182 1.196553 0.000000 -3.788988 0.812884 8918.591149 0.000000 2212 3032 1 0 1 
3.297110 0.151003 0.000000 -4.780737 -1.540099 8872.048904 0.000000 2212 3033 1 0 1 
1.585861 -0.244579 0.000000 -1.737459 -2.723302 8890.390248 0.000000 2212 3034 1 0 1 
1.565629 0.740450 0.000000 -0.229551 0.948378 8905.981500 0.000000 2212 3035 1 0 1 
1.064330 1.956815 0.000000 -1.807671 -1.181273 8893.627205 0.000000 2212 3036 1 0 1 
-0.479398 0.169816 0.000000 2.254372 0.427826 8846.862434 0.000000 2212 3037 1 0 1 
-1.783278 1.095998 0.000000 1.723784 -2.848685 8887.244690 0.000000 2212 3038 1 0 1 
-0.158486 1.709188 0.000000 1.492158 1.189509 8890.809492 0.000000 2212 3039 1 0 1 
0.138100 0.211439 0.000000 -1.130680 3.323590 8880.573939 0.000000 2212 3040 1 0 1 
-2.130794 1.278200 0.000000 3.840700 7.319080 8859.104043 0.000000 2212 3041 1 0 1 
-0.391128 0.082214 0.000000 2.015008 4.645022 8835.868710 0.000000 2212 3042 1 0 1 
2.635475 0.307077 0.000000 -3.673025 1.112259 8886.352803 0.000000 2212 3043 1 0 1 
2.384098 -2.134764 0.000000 -1.573164 -6.164524 8920.433326 0.000000 2212 3044 1 0 1 
1.464320 -1.806330 0.000000 -2.934603 -5.092363 8892.507499 0.000000 2212 3045 1 0 1 
-0.227750 0.428854 0.000000 0.333287 0.472493 8889.693647 0.000000 2212 3046 1 0 1 
1.454634 -0.757415 0.000000 -3.088287 -1.750134 8918.886650 0.000000 2212 3047 1 0 1 
1.122759 -2.368471 0.000000 -0.010039 -6.171635 8957.981027 0.000000 2212 3048 1 0 1 
-0.154569 1.294510 0.000000 -0.181821 0.703339 8882.923098 0.000000 2212 3049 1 0 1 
-1.228997 0.681286 0.000000 2.149715 3.698236 8850.557616 0.000000 2212 3050 1 0 1 
0.423557 -0.569035 0.000000 0.715090 -0.263388 8905.654446 0.000000 2212 3051 1 0 1 
0.891698 -1.046313 0.000000 -2.342196 -3.158111 8885.836542 0.000000 2212 3052 1 0 1 
-0.173229 0.373076 0.000000 1.955545 -1.527365 8901.915378 0.000000 2212 3053 1 0 1 
1.451890 1.302079 0.000000 -2.611914 3.243733 8875.488779 0.000000 2212 3054 1 0 1 
-1.641770 0.209754 0.000000 0.369754 -1.835873 8882.437824 0.000000 2212 3055 1 0 1 
-0.017308 0.884063 0.000000 0.387136 1.534269 8903.479857 0.000000 2212 3056 1 0 1 
-1.413600 0.445895 0.000000 0.394635 -1.048884 8869.631668 0.000000 2212 3057 1 0 1 
-1.009165 0.209249 0.000000 3.021890 -2.188055 8912.223267 0.000000 2212 3058 1 0 1 
-2.844747 0.519083 0.000000 4.431256 -4.203607 8921.806926 0.000000 2212 3059 1 0 1 
1.176812 -0.260922 0.000000 -4.728451 -1.893450 8891.579051 0.000000 2212 3060 1 0 1 
-4.686068 -0.561706 0.000000 8.322593 0.254618 8920.853637 0.000000 2212 3061 1 0 1 
0.257498 -1.720393 0.000000 -0.480996 -1.224248 8892.514355 0.000000 2212 3062 1 0 1 
-1.386901 0.562327 0.000000 -0.114978 -4.468054 8922.974616 0.000000 2212 3063 1 0 1 
-0.168563 1.696913 0.000000 -0.319894 4.757425 8841.904036 0.000000 2212 3064 1 0 1 
-3.013091 -0.474445 0.000000 3.049853 1.734906 8878.356010 0.000000 2212 3065 1 0 1 
1.126019 1.119693 0.000000 -1.446107 0.017140 8877.531341 0.000000 2212 3066 1 0 1 
-2.537233 -0.683505 0.000000 2.353097 -1.049616 8924.909635 0.000000 2212 3067 1 0 1 
0.602985 1.774150 0.000000 -1.358664 1.475537 8888.684564 0.000000 2212 3068 1 0 1 
0.326995 -0.347032 0.000000 -0.225162 -2.760461 8951.035230 0.000000 2212 3069 1 0 1 
-0.737107 -1.709152 0.000000 0.099361 -3.668639 8906.795438 0.000000 2212 3070 1 0 1 
-2.286158 0.447883 0.000000 3.430133 2.693146 8880.874633 0.000000 2212 3071 1 0 1 
-0.313797 1.456991 0.000000 -1.123321 2.530536 8879.067780 0.000000 2212 3072 1 0 1 
-1.129771 -0.777189 0.000000 2.108833 -0.827212 8908.524568 0.000000 2212 3073 1 0 1 
-2.018361 2.034917 0.000000 4.439030 1.650425 8879.409943 0.000000 2212 3074 1 0 1 
-0.652010 -0.920931 0.000000 2.048315 -2.365757 8888.589433 0.000000 2212 3075 1 0 1 
2.043664 -0.397712 0.000000 -3.928009 1.302106 8855.009961 0.000000 2212 3076 1 0 1 
0.722649 0.299608 0.000000 -2.946742 -1.801049 8918.276706 0.000000 2212 3077 1 0 1 
0.478167 -0.280865 0.000000 -0.219460 0.158411 8861.007082 0.000000 2212 3078 1 0 1 
-1.146831 -0.253427 0.000000 2.488556 0.255248 8895.541580 0.000000 2212 3079 1 0 1 
-0.114030 0.519313 0.000000 -0.851828 0.771166 8894.819093 0.000000 2212 3080 1 0 1 
1.335615 0.919865 0.000000 -0.453838 1.429122 8883.623420 0.000000 2212 3081 1 0 1 
-1.042844 1.682925 0.000000 1.120053 1.133968 8884.434663 0.000000 2212 3082 1 0 1 
-0.738658 0.740968 0.000000 -0.462084 0.618423 8893.156695 0.000000 2212 3083 1 0 1 
0.727343 -1.718933 0.000000 -0.073194 -7.492663 8892.952336 0.000000 2212 3084 1 0 1 
1.024952 -1.552957 0.000000 -0.299080 -0.146280 8894.649030 0.000000 2212 3085 1 0 1 
-2.869521 -0.909074 0.000000 2.593974 3.551200 8841.562861 0.000000 2212 3086 1 0 1 
-2.499910 2.415350 0.000000 3.239066 8.909920 8842.311395 0.000000 2212 3087 1 0 1 
2.535206 0.544396 0.000000 -3.916263 1.147912 8895.839710 0.000000 2212 3088 1 0 1 
-1.361358 1.136310 0.000000 2.118162 -3.803567 8920.272030 0.000000 2212 3089 1 0 1 
2.671153 0.178964 0.000000 -6.655778 -2.414389 8891.128850 0.000000 2212 3090 1 0 1 
2.061578 1.338363 0.000000 -3.212492 0.683425 8923.811346 0.000000 2212 3091 1 0 1 
2.800500 -1.759589 0.000000 -3.153426 -5.443184 8959.328647 0.000000 2212 3092 1 0 1 
0.858644 1.109089 0.000000 -1.212230 0.202169 8890.181600 0.000000 2212 3093 1 0 1 
0.220745 -2.225432 0.000000 1.710887 0.415041 8880.698240 0.000000 2212 3094 1 0 1 
-0.897026 -0.195797 0.000000 2.184494 0.330582 8920.147624 0.000000 2212 3095 1 0 1 
-0.000140 2.226116 0.000000 -1.631819 0.745991 8874.339195 0.000000 2212 3096 1 0 1 
0.115258 -0.186422 0.000000 -1.235735 -3.321874 8872.373180 0.000000 2212 3097 1 0 1 
2.757655 -1.735403 0.000000 -4.538948 -1.790026 8881.315151 0.000000 2212 3098 1 0 1 
-2.244797 1.488267 0.000000 1.202300 7.970760 8835.532947 0.000000 2212 3099 1 0 1 
-0.413788 1.114491 0.000000 -0.961557 5.218251 8844.542500 0.000000 2212 3100 1 0 1 
-3.821946 -0.837857 0.000000 4.327300 0.344501 8888.835631 0.000000 2212 3101 1 0 1 
-2.014706 1.817144 0.000000 4.390012 4.726452 8861.977102 0.000000 2212 3102 1 0 1 
-1.662346 -1.811915 0.000000 1.149958 -1.595674 8887.417066 0.000000 2212 3103 1 0 1 
0.879155 0.844462 0.000000 -3.515570 1.058421 8897.630684 0.000000 2212 3104 1 0 1 
0.877281 1.807052 0.000000 -1.916526 4.356503 8864.992939 0.000000 2212 3105 1 0 1 
1.127636 -0.942451 0.000000 0.486134 -2.304709 8913.943626 0.000000 2212 3106 1 0 1 
-2.892243 0.022345 0.000000 3.604281 -0.588922 8857.373071 0.000000 2212 3107 1 0 1 
0.028371 -0.035020 0.000000 2.591579 1.505361 8853.326672 0.000000 2212 3108 1 0 1 
1.415743 -1.579938 0.000000 -0.972285 -0.752110 8889.220938 0.000000 2212 3109 1 0 1 
-0.431117 1.590719 0.000000 1.198390 4.512504 8849.342145 0.000000 2212 3110 1 0 1 
-0.720492 -0.093201 0.000000 0.212556 4.075713 8842.728241 0.000000 2212 3111 1 0 1 
0.058210 1.342141 0.000000 -1.530646 4.318551 8903.682456 0.000000 2212 3112 1 0 1 
0.157489 0.253599 0.000000 0.042036 -1.251968 8932.317682 0.000000 2212 3113 1 0 1 
1.095147 2.050849 0.000000 0.217520 3.737099 8859.001816 0.000000 2212 3114 1 0 1 
1.196865 -1.925684 0.000000 -3.141833 -3.648582 8928.110845 0.000000 2212 3115 1 0 1 
-0.533690 -0.757723 0.000000 0.408158 0.747544 8881.133835 0.000000 2212 3116 1 0 1 
-0.740883 1.046949 0.000000 0.700564 4.137798 8834.357800 0.000000 2212 3117 1 0 1 
1.838435 1.909406 0.000000 -1.218864 1.362661 8918.834024 0.000000 2212 3118 1 0 1 
0.619074 0.065815 0.000000 -1.403829 1.061935 8902.469960 0.000000 2212 3119 1 0 1 
-0.175907 -1.377622 0.000000 -1.792773 -1.343039 8907.756401 0.000000 2212 3120 1 0 1 
1.303305 0.703475 0.000000 -1.068333 2.698598 8883.063565 0.000000 2212 3121 1 0 1 
1.529402 -1.930102 0.000000 0.785142 -4.253984 8911.085424 0.000000 2212 3122 1 0 1 
1.041789 1.834411 0.000000 -0.665115 3.122804 8842.668371 0.000000 2212 3123 1 0 1 
4.279253 0.673394 0.000000 -7.269644 3.725431 8843.428577 0.000000 2212 3124 1 0 1 
-1.824236 -1.170877 0.000000 2.590317 -0.318057 8927.728159 0.000000 2212 3125 1 0 1 
0.159115 -0.734107 0.000000 0.809874 3.442028 8885.649086 0.000000 2212 3126 1 0 1 
-0.517724 -0.594711 0.000000 1.120334 -0.981940 8921.685312 0.000000 2212 3127 1 0 1 
-1.862055 1.494838 0.000000 0.881917 1.889870 8880.910775 0.000000 2212 3128 1 0 1 
0.371146 0.290311 0.000000 -2.183601 0.631735 8892.792289 0.000000 2212 3129 1 0 1 
0.526593 -1.998292 0.000000 -1.550199 -1.723026 8874.223847 0.000000 2212 3130 1 0 1 
-1.934507 0.873131 0.000000 3.516133 0.175455 8889.142895 0.000000 2212 3131 1 0 1 
-0.178824 0.857136 0.000000 1.737809 -3.810006 8909.961334 0.000000 2212 3132 1 0 1 
0.622405 -0.304790 0.000000 -0.294101 -0.274763 8900.401947 0.000000 2212 3133 1 0 1 
-0.264842 -0.508999 0.000000 1.180181 -5.714709 8945.983897 0.000000 2212 3134 1 0 1 
-1.073613 2.095488 0.000000 0.840252 3.749982 8870.486755 0.000000 2212 3135 1 0 1 
0.054122 0.284237 0.000000 -0.024428 5.552072 8838.568745 0.000000 2212 3136 1 0 1 
1.142407 -1.095107 0.000000 0.104471 -0.099688 8888.580132 0.000000 2212 3137 1 0 1 
0.613889 -0.687684 0.000000 1.531573 -4.712043 8938.458396 0.000000 2212 3138 1 0 1 
-2.326563 2.681951 0.000000 3.465314 -0.095199 8882.426513 0.000000 2212 3139 1 0 1 
1.768802 0.619725 0.000000 -2.501983 -0.476042 8876.714765 0.000000 2212 3140 1 0 1 
0.927173 -1.319256 0.000000 -1.791480 -2.974915 8927.227110 0.000000 2212 3141 1 0 1 
-1.626748 -1.410379 0.000000 0.665544 0.080064 8888.192426 0.000000 2212 3142 1 0 1 
-3.024934 -2.634834 0.000000 4.148965 -1.182016 8926.491599 0.000000 2212 3143 1 0 1 
-1.039260 0.809368 0.000000 1.964613 4.078757 8899.655325 0.000000 2212 3144 1 0 1 
0.881760 1.301283 0.000000 -3.571495 3.150948 8880.157673 0.000000 2212 3145 1 0 1 
-0.132763 1.631158 0.000000 -1.452866 2.511225 8830.431660 0.000000 2212 3146 1 0 1 
-0.572680 -0.068760 0.000000 0.540336 -2.082664 8876.962948 0.000000 2212 3147 1 0 1 
0.428728 -0.909166 0.000000 -0.544184 -3.369818 8929.073152 0.000000 2212 3148 1 0 1 
-2.283506 -0.382237 0.000000 1.779936 -4.607477 8880.032513 0.000000 2212 3149 1 0 1 
0.359109 1.639372 0.000000 1.088678 6.463385 8861.654208 0.000000 2212 3150 1 0 1 
1.502314 -0.777646 0.000000 -1.756784 -1.315250 8897.608408 0.000000 2212 3151 1 0 1 
3.780234 0.320652 0.000000 -4.608212 2.214076 8902.589528 0.000000 2212 3152 1 0 1 
0.063050 0.812199 0.000000 2.109403 -0.385835 8913.994630 0.000000 2212 3153 1 0 1 
1.411752 0.123565 0.000000 -0.883537 0.001489 8901.759143 0.000000 2212 3154 1 0 1 
0.881537 -2.714560 0.000000 -2.974252 -6.974038 8918.878492 0.000000 2212 3155 1 0 1 
-0.080140 0.666105 0.000000 -1.029793 4.000697 8856.345120 0.000000 2212 3156 1 0 1 
0.655656 -2.895313 0.000000 -0.732257 -4.833113 8919.974415 0.000000 2212 3157 1 0 1 
2.771761 1.009907 0.000000 -2.996603 0.183589 8884.973251 0.000000 2212 3158 1 0 1 
2.165533 -2.426990 0.000000 -3.964358 -3.607814 8944.238668 0.000000 2212 3159 1 0 1 
1.679078 -1.918565 0.000000 -1.682476 -6.576740 8923.421658 0.000000 2212 3160 1 0 1 
-1.968909 -0.551929 0.000000 1.531049 -3.209681 8912.073449 0.000000 2212 3161 1 0 1 
0.499801 0.552433 0.000000 -3.711454 -0.162162 8889.741960 0.000000 2212 3162 1 0 1 
-0.009944 -0.884905 0.000000 0.444373 -0.394529 8887.381406 0.000000 2212 3163 1 0 1 
-0.133004 0.604269 0.000000 -0.076089 3.874327 8898.190757 0.000000 2212 3164 1 0 1 
0.109413 -0.006487 0.000000 -0.850391 1.306346 8858.967177 0.000000 2212 3165 1 0 1 
-0.493886 -0.750026 0.000000 1.047391 2.769178 8911.186209 0.000000 2212 3166 1 0 1 
1.015725 0.042284 0.000000 -1.520173 6.294509 8848.279213 0.000000 2212 3167 1 0 1 
0.291989 -1.013044 0.000000 -1.442083 -1.029649 8885.235487 0.000000 2212 3168 1 0 1 
0.604298 -0.603412 0.000000 0.228929 1.813755 8905.120573 0.000000 2212 3169 1 0 1 
1.051901 -0.587422 0.000000 -3.978588 -1.299284 8917.051943 0.000000 2212 3170 1 0 1 
-1.559282 -0.500784 0.000000 1.528538 0.738835 8882.967695 0.000000 2212 3171 1 0 1 
-0.058415 0.252788 0.000000 2.395425 2.755465 8874.851669 0.000000 2212 3172 1 0 1 
0.258772 -0.481791 0.000000 -0.132004 -2.035436 8877.794405 0.000000 2212 3173 1 0 1 
0.196025 -2.347200 0.000000 -2.441864 -7.436493 8904.556015 0.000000 2212 3174 1 0 1 
-0.364853 2.622313 0.000000 1.787622 7.178208 8801.739908 0.000000 2212 3175 1 0 1 
-1.794254 -0.382668 0.000000 2.236855 -1.486173 8885.753172 0.000000 2212 3176 1 0 1 
-1.709881 -0.172803 0.000000 5.521786 0.194260 8956.642266 0.000000 2212 3177 1 0 1 
2.965328 -0.047162 0.000000 -6.801309 -0.868000 8899.598431 0.000000 2212 3178 1 0 1 
-0.491245 0.126777 0.000000 0.489453 -0.366986 8914.193003 0.000000 2212 3179 1 0 1 
-4.320650 -0.765309 0.000000 5.628144 -5.700369 8921.036593 0.000000 2212 3180 1 0 1 
-0.245034 0.319299 0.000000 0.606652 -0.468631 8833.173146 0.000000 2212 3181 1 0 1 
-0.950718 -0.613801 0.000000 -0.052131 1.478935 8895.786033 0.000000 2212 3182 1 0 1 
-0.486233 2.557662 0.000000 0.193199 2.919942 8874.748051 0.000000 2212 3183 1 0 1 
3.226456 -1.064738 0.000000 -1.525859 -2.424516 8923.933448 0.000000 2212 3184 1 0 1 
-1.743854 -0.684764 0.000000 3.332156 1.362104 8830.067113 0.000000 2212 3185 1 0 1 
1.120269 -0.354744 0.000000 -1.704044 1.626595 8899.211681 0.000000 2212 3186 1 0 1 
-0.734597 -2.957824 0.000000 -0.058011 -5.868013 8914.221171 0.000000 2212 3187 1 0 1 
-0.472572 1.579981 0.000000 0.960066 0.899155 8885.074158 0.000000 2212 3188 1 0 1 
0.501941 -2.938441 0.000000 -0.874673 -1.385110 8900.161158 0.000000 2212 3189 1 0 1 
0.000700 -1.220949 0.000000 -0.499053 -4.288358 8932.730829 0.000000 2212 3190 1 0 1 
2.317136 0.662330 0.000000 -3.465533 0.832609 8877.282377 0.000000 2212 3191 1 0 1 
-0.217048 -0.154813 0.000000 3.023416 0.292279 8887.941929 0.000000 2212 3192 1 0 1 
-1.420242 0.642590 0.000000 4.722525 -1.598019 8896.336351 0.000000 2212 3193 1 0 1 
-1.514696 0.301191 0.000000 3.959531 1.856942 8895.545676 0.000000 2212 3194 1 0 1 
0.670785 0.537867 0.000000 -2.864323 0.781230 8878.280991 0.000000 2212 3195 1 0 1 
-1.145396 -1.019536 0.000000 0.890160 -3.936537 8925.428104 0.000000 2212 3196 1 0 1 
-3.813726 0.530778 0.000000 2.993006 2.967606 8853.699488 0.000000 2212 3197 1 0 1 
-0.423919 1.691507 0.000000 1.879765 0.230079 8898.274377 0.000000 2212 3198 1 0 1 
1.639930 -0.814993 0.000000 -2.909831 -3.776537 8883.361774 0.000000 2212 3199 1 0 1 
2.165193 2.435190 0.000000 -4.719571 8.323020 8792.385570 0.000000 2212 3200 1 0 1 
-3.412888 -0.333015 0.000000 5.257817 0.987356 8879.536244 0.000000 2212 3201 1 0 1 
1.866499 1.005414 0.000000 -2.504984 1.317221 8878.028006 0.000000 2212 3202 1 0 1 
1.227595 2.466370 0.000000 -1.650713 -0.995920 8888.383452 0.000000 2212 3203 1 0 1 
-1.765071 0.903984 0.000000 2.185419 -1.870360 8898.802414 0.000000 2212 3204 1 0 1 
1.058884 1.172440 0.000000 -0.908787 -0.891704 8899.398648 0.000000 2212 3205 1 0 1 
0.146648 -0.673669 0.000000 -0.971693 0.021812 8900.497093 0.000000 2212 3206 1 0 1 
-1.682101 -1.216317 0.000000 3.678344 0.832336 8898.608497 0.000000 2212 3207 1 0 1 
1.138126 -2.165635 0.000000 -3.183385 -2.655756 8896.348421 0.000000 2212 3208 1 0 1 
-1.068723 0.192339 0.000000 1.742022 1.238728 8908.646293 0.000000 2212 3209 1 0 1 
-0.190820 -0.065394 0.000000 0.518205 -1.585732 8894.942664 0.000000 2212 3210 1 0 1 
-2.509058 0.459428 0.000000 3.104235 1.620050 8858.056695 0.000000 2212 3211 1 0 1 
2.659469 0.499204 0.000000 -4.633383 -1.258216 8890.621309 0.000000 2212 3212 1 0 1 
-0.390883 0.895154 0.000000 -0.119488 0.068593 8872.720083 0.000000 2212 3213 1 0 1 
0.602608 -1.089556 0.000000 -0.314718 -5.139007 8925.000168 0.000000 2212 3214 1 0 1 
3.085071 -0.108867 0.000000 -3.005445 0.059279 8879.491672 0.000000 2212 3215 1 0 1 
-0.726124 -1.822134 0.000000 2.277793 -4.475619 8923.438825 0.000000 2212 3216 1 0 1 
2.815406 -0.368736 0.000000 -2.931783 -2.836755 8883.140601 0.000000 2212 3217 1 0 1 
1.520233 -1.261237 0.000000 -1.857385 -1.416557 8892.381687 0.000000 2212 3218 1 0 1 
-4.403853 -1.287432 0.000000 6.810725 -1.106960 8893.577683 0.000000 2212 3219 1 0 1 
-1.843549 0.358630 0.000000 3.443014 -1.148314 8891.911645 0.000000 2212 3220 1 0 1 
2.838025 -2.651331 0.000000 -2.111707 -6.136585 8916.492678 0.000000 2212 3221 1 0 1 
1.287754 -1.098331 0.000000 -2.478310 -1.566092 8907.254607 0.000000 2212 3222 1 0 1 
0.947352 -0.681645 0.000000 -1.652458 -4.500732 8939.193182 0.000000 2212 3223 1 0 1 
-0.504821 2.020647 0.000000 -0.742467 2.414358 8882.141645 0.000000 2212 3224 1 0 1 
2.900880 -2.902575 0.000000 -2.053038 -3.516195 8940.874089 0.000000 2212 3225 1 0 1 
1.592622 0.948604 0.000000 -1.401735 1.364142 8876.028466 0.000000 2212 3226 1 0 1 
-4.298654 0.857579 0.000000 5.795333 3.451215 8839.562699 0.000000 2212 3227 1 0 1 
-0.406948 0.216436 0.000000 -1.698101 1.269293 8910.491544 0.000000 2212 3228 1 0 1 
0.573776 1.246551 0.000000 -0.659653 9.447665 8819.945158 0.000000 2212 3229 1 0 1 
-0.376942 0.290894 0.000000 1.641316 1.490578 8893.728117 0.000000 2212 3230 1 0 1 
-2.171237 0.408627 0.000000 0.601431 -0.854343 8893.035017 0.000000 2212 3231 1 0 1 
0.806579 -1.564309 0.000000 2.261158 -5.756392 8952.847546 0.000000 2212 3232 1 0 1 
0.585727 -0.043773 0.000000 -1.703629 -2.938060 8931.875469 0.000000 2212 3233 1 0 1 
4.124031 -1.674141 0.000000 -7.446506 -1.616976 8896.947937 0.000000 2212 3234 1 0 1 
2.315354 -2.797750 0.000000 -4.550720 -5.575165 8910.221411 0.000000 2212 3235 1 0 1 
-1.619217 1.755394 0.000000 3.742313 4.236306 8822.489252 0.000000 2212 3236 1 0 1 
0.070282 -0.523342 0.000000 -0.564753 0.660729 8872.702471 0.000000 2212 3237 1 0 1 
2.124403 0.144888 0.000000 -1.384242 -2.100341 8873.726299 0.000000 2212 3238 1 0 1 
-0.594422 0.076732 0.000000 -1.039293 0.349597 8874.329008 0.000000 2212 3239 1 0 1 
-1.060647 0.459707 0.000000 0.401522 1.189795 8879.413069 0.000000 2212 3240 1 0 1 
-0.828896 1.768633 0.000000 0.355259 -0.186116 8894.648282 0.000000 2212 3241 1 0 1 
-0.231398 -2.438058 0.000000 -2.521513 -3.641515 8904.266499 0.000000 2212 3242 1 0 1 
0.685847 0.465332 0.000000 -0.373330 0.189307 8853.156421 0.000000 2212 3243 1 0 1 
-0.078986 -0.542596 0.000000 -0.220427 -0.303604 8921.647816 0.000000 2212 3244 1 0 1 
2.948310 -0.515496 0.000000 -3.585689 1.230968 8873.278466 0.000000 2212 3245 1 0 1 
0.242212 0.333854 0.000000 -3.026814 4.348107 8856.809320 0.000000 2212 3246 1 0 1 
-1.784248 0.932911 0.000000 1.047964 0.037136 8877.795776 0.000000 2212 3247 1 0 1 
0.969867 -0.190018 0.000000 -0.819227 -3.016356 8943.733098 0.000000 2212 3248 1 0 1 
-0.785044 1.278030 0.000000 -0.308049 2.331760 8843.143831 0.000000 2212 3249 1 0 1 
-1.812683 -0.207674 0.000000 2.515738 1.225917 8886.288804 0.000000 2212 3250 1 0 1 
-0.049508 0.781694 0.000000 -0.189763 0.991951 8918.367310 0.000000 2212 3251 1 0 1 
3.781745 -0.799775 0.000000 -5.096683 -2.218004 8905.202352 0.000000 2212 3252 1 0 1 
-3.822868 0.550039 0.000000 5.439619 1.064971 8884.923667 0.000000 2212 3253 1 0 1 
-0.839667 0.443536 0.000000 -1.716408 -0.392815 8905.292191 0.000000 2212 3254 1 0 1 
-1.535375 0.778388 0.000000 1.324907 -0.602690 8862.914637 0.000000 2212 3255 1 0 1 
0.800384 -3.118519 0.000000 -0.873877 -1.059242 8914.721018 0.000000 2212 3256 1 0 1 
-1.707919 0.091487 0.000000 4.827408 -3.279421 8896.932624 0.000000 2212 3257 1 0 1 
0.379252 -0.002926 0.000000 -1.466409 -1.684105 8931.043159 0.000000 2212 3258 1 0 1 
-2.261515 -1.433560 0.000000 3.117397 -0.316355 8885.988913 0.000000 2212 3259 1 0 1 
-1.735856 -2.379625 0.000000 2.705434 -2.750628 8905.207783 0.000000 2212 3260 1 0 1 
-0.607625 -0.774196 0.000000 0.374440 -1.553464 8853.681167 0.000000 2212 3261 1 0 1 
0.410442 -2.403524 0.000000 -0.928122 -3.251501 8879.075167 0.000000 2212 3262 1 0 1 
-1.498433 -1.612474 0.000000 1.136039 -1.281327 8909.483114 0.000000 2212 3263 1 0 1 
-0.364684 0.270101 0.000000 0.764970 -1.700296 8925.301684 0.000000 2212 3264 1 0 1 
1.222133 0.509045 0.000000 -1.501166 2.681312 8921.916314 0.000000 2212 3265 1 0 1 
0.267050 0.303179 0.000000 -2.153805 1.459458 8899.578869 0.000000 2212 3266 1 0 1 
1.435644 -2.516366 0.000000 -0.990638 0.054191 8867.998885 0.000000 2212 3267 1 0 1 
-0.332179 -0.950406 0.000000 -0.113278 0.442565 8888.613778 0.000000 2212 3268 1 0 1 
0.422391 -1.206562 0.000000 -1.154415 -3.474651 8900.038219 0.000000 2212 3269 1 0 1 
-0.037765 -1.280452 0.000000 0.097115 -2.082520 8885.435789 0.000000 2212 3270 1 0 1 
0.692569 0.822577 0.000000 -0.135184 -2.185894 8893.029622 0.000000 2212 3271 1 0 1 
3.940299 0.071737 0.000000 -3.494050 -0.679952 8869.002515 0.000000 2212 3272 1 0 1 
2.217848 -0.133089 0.000000 -3.335181 -0.808342 8889.070701 0.000000 2212 3273 1 0 1 
0.033639 1.628896 0.000000 0.618889 1.993793 8857.608897 0.000000 2212 3274 1 0 1 
3.047201 -0.690217 0.000000 -4.128118 -4.812124 8900.851201 0.000000 2212 3275 1 0 1 
-2.186498 0.713873 0.000000 2.867995 3.711800 8834.895247 0.000000 2212 3276 1 0 1 
0.542282 0.394733 0.000000 -0.038219 1.716265 8910.017769 0.000000 2212 3277 1 0 1 
0.651022 0.490094 0.000000 -0.127398 1.663201 8897.393357 0.000000 2212 3278 1 0 1 
-1.831634 0.447825 0.000000 1.046712 -2.661035 8879.345582 0.000000 2212 3279 1 0 1 
-0.783441 2.613396 0.000000 2.039948 4.644336 8878.367629 0.000000 2212 3280 1 0 1 
0.380898 -0.305541 0.000000 0.312870 0.504591 8886.393248 0.000000 2212 3281 1 0 1 
-0.795847 -0.283842 0.000000 1.870029 -0.053625 8865.456014 0.000000 2212 3282 1 0 1 
3.227042 -2.509694 0.000000 -7.440641 -3.721462 8934.494767 0.000000 2212 3283 1 0 1 
1.176452 1.165335 0.000000 -1.844983 -3.763003 8942.578175 0.000000 2212 3284 1 0 1 
-0.901241 0.500578 0.000000 1.874440 -2.451006 8907.042673 0.000000 2212 3285 1 0 1 
-0.616039 -1.234111 0.000000 -0.265481 -3.695280 8872.084285 0.000000 2212 3286 1 0 1 
1.804247 1.895852 0.000000 -4.348890 2.006735 8869.283841 0.000000 2212 3287 1 0 1 
-0.535866 -1.933621 0.000000 -1.643607 -2.799315 8890.425398 0.000000 2212 3288 1 0 1 
-0.356352 -0.699565 0.000000 2.158490 -1.270674 8873.802603 0.000000 2212 3289 1 0 1 
-2.386463 1.217276 0.000000 3.240055 7.081404 8842.251490 0.000000 2212 3290 1 0 1 
-1.694632 -1.026152 0.000000 2.704562 2.025503 8867.290391 0.000000 2212 3291 1 0 1 
2.206788 1.043748 0.000000 -3.292837 1.735386 8864.919358 0.000000 2212 3292 1 0 1 
0.645995 1.847554 0.000000 0.493135 -0.196504 8885.822569 0.000000 2212 3293 1 0 1 
-1.513443 0.361353 0.000000 2.939405 1.453320 8867.709326 0.000000 2212 3294 1 0 1 
3.126132 -1.192004 0.000000 -3.272890 -1.330020 8948.309622 0.000000 2212 3295 1 0 1 
-1.313746 1.879767 0.000000 0.957535 4.409656 8855.542999 0.000000 2212 3296 1 0 1 
-2.231610 1.900400 0.000000 2.293409 -0.575483 8884.604755 0.000000 2212 3297 1 0 1 
-0.973856 -0.287778 0.000000 2.028249 1.819136 8860.381840 0.000000 2212 3298 1 0 1 
-2.237366 0.980628 0.000000 0.749491 0.943472 8852.893633 0.000000 2212 3299 1 0 1 
0.172541 0.560972 0.000000 2.184731 -2.300090 8932.978830 0.000000 2212 3300 1 0 1 
0.561634 -0.947855 0.000000 -0.760383 -3.878638 8906.923613 0.000000 2212 3301 1 0 1 
0.271221 0.054187 0.000000 -1.622313 -3.706226 8921.774312 0.000000 2212 3302 1 0 1 
-1.744234 0.529145 0.000000 2.314362 1.458852 8910.871005 0.000000 2212 3303 1 0 1 
3.082844 0.615967 0.000000 -5.902818 0.192738 8875.070387 0.000000 2212 3304 1 0 1 
0.781951 -0.901312 0.000000 1.847539 0.638424 8881.320211 0.000000 2212 3305 1 0 1 
1.172091 0.298198 0.000000 -1.835890 0.981505 8881.009458 0.000000 2212 3306 1 0 1 
-1.163994 2.090105 0.000000 3.566770 -1.402481 8913.899988 0.000000 2212 3307 1 0 1 
-1.109804 -1.337889 0.000000 2.057139 -4.097683 8909.420713 0.000000 2212 3308 1 0 1 
-1.350513 -0.808653 0.000000 2.132153 -4.037508 8890.490435 0.000000 2212 3309 1 0 1 
-1.023645 -0.679731 0.000000 2.161872 -4.215452 8893.159161 0.000000 2212 3310 1 0 1 
-2.403990 -0.411140 0.000000 0.740371 -1.058471 8878.875867 0.000000 2212 3311 1 0 1 
-2.990776 1.382149 0.000000 2.132346 -0.524602 8883.683801 0.000000 2212 3312 1 0 1 
-1.957597 1.410498 0.000000 2.604943 1.346807 8895.775028 0.000000 2212 3313 1 0 1 
3.899231 1.237282 0.000000 -5.821152 1.055611 8893.558222 0.000000 2212 3314 1 0 1 
1.226386 1.856884 0.000000 -3.015826 3.516195 8893.428119 0.000000 2212 3315 1 0 1 
-0.601539 -1.440176 0.000000 1.723872 -4.937645 8900.056449 0.000000 2212 3316 1 0 1 
0.802103 -0.542992 0.000000 0.727920 -0.437116 8928.839000 0.000000 2212 3317 1 0 1 
0.295898 0.286760 0.000000 -1.576366 2.171376 8860.016354 0.000000 2212 3318 1 0 1 
1.302739 1.219118 0.000000 -3.426283 0.632421 8896.519450 0.000000 2212 3319 1 0 1 
0.837652 -0.319556 0.000000 2.185997 -0.427122 8933.012882 0.000000 2212 3320 1 0 1 
-0.557235 0.815827 0.000000 0.023593 5.063555 8861.684265 0.000000 2212 3321 1 0 1 
-2.652318 -0.167771 0.000000 2.231277 -2.607785 8889.792338 0.000000 2212 3322 1 0 1 
1.663819 -0.296435 0.000000 -2.161157 2.623951 8887.718495 0.000000 2212 3323 1 0 1 
1.643488 -1.647041 0.000000 -2.417334 -3.216022 8912.179942 0.000000 2212 3324 1 0 1 
-1.787760 0.282358 0.000000 0.297952 -4.361514 8930.611568 0.000000 2212 3325 1 0 1 
0.112446 -0.274116 0.000000 -0.842769 -1.067676 8883.569323 0.000000 2212 3326 1 0 1 
1.532319 1.438932 0.000000 -0.193321 2.464535 8882.955460 0.000000 2212 3327 1 0 1 
-1.678587 0.546780 0.000000 -0.932538 1.901831 8864.678950 0.000000 2212 3328 1 0 1 
0.528403 -1.033774 0.000000 -1.482469 -1.674632 8882.081308 0.000000 2212 3329 1 0 1 
-0.755400 -0.257617 0.000000 -1.474863 2.466409 8879.045736 0.000000 2212 3330 1 0 1 
-0.282758 -0.580841 0.000000 -0.936427 -0.553164 8904.069960 0.000000 2212 3331 1 0 1 
-0.213931 1.780885 0.000000 1.766062 1.350707 8882.471220 0.000000 2212 3332 1 0 1 
-0.171169 -0.991711 0.000000 0.513593 0.232771 8919.162519 0.000000 2212 3333 1 0 1 
-1.436091 0.225613 0.000000 4.164504 0.388796 8885.045064 0.000000 2212 3334 1 0 1 
-2.402647 -0.065414 0.000000 3.143114 -0.824648 8898.627193 0.000000 2212 3335 1 0 1 
-1.199938 -0.539943 0.000000 2.506835 0.159381 8899.873573 0.000000 2212 3336 1 0 1 
-0.681442 -0.312959 0.000000 4.535090 -5.483204 8923.578518 0.000000 2212 3337 1 0 1 
-4.274240 0.928636 0.000000 6.091039 1.177948 8873.002594 0.000000 2212 3338 1 0 1 
0.177444 -0.376242 0.000000 1.478456 -2.520635 8917.131828 0.000000 2212 3339 1 0 1 
1.506561 -2.155647 0.000000 -1.310153 -5.853381 8895.573434 0.000000 2212 3340 1 0 1 
1.816108 2.944190 0.000000 -3.656961 6.719192 8847.498061 0.000000 2212 3341 1 0 1 
-3.429979 1.261479 0.000000 5.656765 0.944598 8906.886091 0.000000 2212 3342 1 0 1 
-1.517250 -1.101440 0.000000 1.460696 -0.367967 8918.637403 0.000000 2212 3343 1 0 1 
-0.716232 -0.379185 0.000000 2.805641 -0.490947 8863.025578 0.000000 2212 3344 1 0 1 
2.546912 -1.278918 0.000000 -3.047726 -3.744161 8920.522520 0.000000 2212 3345 1 0 1 
-1.800908 -1.231773 0.000000 1.366650 -1.992963 8896.869531 0.000000 2212 3346 1 0 1 
-1.833744 -1.008272 0.000000 3.137193 -0.936595 8882.891923 0.000000 2212 3347 1 0 1 
0.812811 -0.339137 0.000000 -3.841811 -4.120390 8912.522894 0.000000 2212 3348 1 0 1 
-2.784503 1.110221 0.000000 3.734312 5.753581 8863.205921 0.000000 2212 3349 1 0 1 
-0.930836 0.494965 0.000000 0.631350 -0.628618 8866.796012 0.000000 2212 3350 1 0 1 
1.481235 1.616489 0.000000 -1.998051 4.369792 8860.461604 0.000000 2212 3351 1 0 1 
-0.328349 -0.755597 0.000000 0.476235 -0.230181 8874.875791 0.000000 2212 3352 1 0 1 
0.362884 0.741942 0.000000 -0.297061 0.456394 8860.348859 0.000000 2212 3353 1 0 1 
-2.548450 -1.449294 0.000000 2.429789 -0.806114 8878.171499 0.000000 2212 3354 1 0 1 
-0.839371 -0.176325 0.000000 -0.799751 -4.643671 8938.021427 0.000000 2212 3355 1 0 1 
0.381519 1.486555 0.000000 -0.248681 1.029880 8879.803324 0.000000 2212 3356 1 0 1 
-0.580725 -0.558027 0.000000 -0.122892 -5.586197 8919.464963 0.000000 2212 3357 1 0 1 
1.032150 -0.367240 0.000000 -1.024831 0.580701 8842.649341 0.000000 2212 3358 1 0 1 
-0.894143 -0.583614 0.000000 2.227527 1.332139 8908.866433 0.000000 2212 3359 1 0 1 
0.041778 -0.156358 0.000000 0.748506 1.709009 8892.474929 0.000000 2212 3360 1 0 1 
-0.267230 1.154868 0.000000 -0.005837 2.119017 8868.992336 0.000000 2212 3361 1 0 1 
3.588324 -1.608503 0.000000 -4.969755 -1.057052 8894.599033 0.000000 2212 3362 1 0 1 
-1.226839 0.664984 0.000000 1.869132 2.992558 8870.008118 0.000000 2212 3363 1 0 1 
0.774433 0.451897 0.000000 -0.760394 1.029225 8897.480515 0.000000 2212 3364 1 0 1 
2.005532 1.071125 0.000000 -3.589517 2.596613 8910.128521 0.000000 2212 3365 1 0 1 
-0.895564 0.010714 0.000000 -0.106311 0.455316 8844.772712 0.000000 2212 3366 1 0 1 
-0.502044 0.323573 0.000000 1.629531 -0.107286 8947.210488 0.000000 2212 3367 1 0 1 
0.901203 0.678453 0.000000 -2.002880 2.561610 8855.553223 0.000000 2212 3368 1 0 1 
1.343280 0.729063 0.000000 -1.732120 -0.956445 8890.323061 0.000000 2212 3369 1 0 1 
-0.319074 -0.147858 0.000000 -0.748140 5.771102 8855.538878 0.000000 2212 3370 1 0 1 
-0.371570 -0.348532 0.000000 1.433765 0.676344 8885.111124 0.000000 2212 3371 1 0 1 
-1.892101 0.831122 0.000000 2.702559 0.460641 8857.968865 0.000000 2212 3372 1 0 1 
0.284952 1.082392 0.000000 -1.279294 1.990022 8850.552673 0.000000 2212 3373 1 0 1 
2.273575 0.620296 0.000000 -5.470426 -0.130317 8881.238107 0.000000 2212 3374 1 0 1 
-0.863082 0.537919 0.000000 1.344429 2.237116 8877.115814 0.000000 2212 3375 1 0 1 
0.344785 -3.196628 0.000000 -2.722304 -5.426172 8892.764218 0.000000 2212 3376 1 0 1 
0.821673 1.134563 0.000000 1.707904 0.836291 8896.777389 0.000000 2212 3377 1 0 1 
2.219984 -1.663955 0.000000 -1.256977 -7.650515 8962.029475 0.000000 2212 3378 1 0 1 
0.736189 -0.472391 0.000000 0.943859 -0.660027 8900.185725 0.000000 2212 3379 1 0 1 
2.550852 -0.805914 0.000000 -1.808048 -3.958369 8910.029160 0.000000 2212 3380 1 0 1 
-0.315441 1.805398 0.000000 -3.252383 2.467988 8865.670757 0.000000 2212 3381 1 0 1 
-0.168468 0.157205 0.000000 2.185371 -1.872840 8886.921405 0.000000 2212 3382 1 0 1 
0.609328 0.454820 0.000000 -0.851631 2.055822 8839.702972 0.000000 2212 3383 1 0 1 
0.953096 -2.130420 0.000000 -0.024082 -3.063154 8943.914742 0.000000 2212 3384 1 0 1 
-0.226947 0.669526 0.000000 1.905984 -0.943291 8901.707116 0.000000 2212 3385 1 0 1 
-0.738111 1.386733 0.000000 0.953927 -0.063969 8901.809594 0.000000 2212 3386 1 0 1 
-2.050080 -0.562658 0.000000 3.712479 -0.008652 8895.438320 0.000000 2212 3387 1 0 1 
-0.038183 0.897286 0.000000 -0.343218 3.009377 8894.113714 0.000000 2212 3388 1 0 1 
1.296292 0.262675 0.000000 -3.076545 6.147553 8822.176790 0.000000 2212 3389 1 0 1 
-0.349227 0.451400 0.000000 0.961247 5.328518 8848.257590 0.000000 2212 3390 1 0 1 
-1.902696 -0.329322 0.000000 3.490068 0.320136 8900.108940 0.000000 2212 3391 1 0 1 
-0.150020 0.281757 0.000000 1.011343 -0.433673 8877.884775 0.000000 2212 3392 1 0 1 
-0.033044 -1.118473 0.000000 0.744518 -7.217003 8949.031438 0.000000 2212 3393 1 0 1 
-1.690742 -0.226899 0.000000 3.750946 -0.715049 8883.523622 0.000000 2212 3394 1 0 1 
0.743145 -2.273311 0.000000 -2.274030 -1.411770 8887.891675 0.000000 2212 3395 1 0 1 
1.828617 -0.588934 0.000000 -4.493021 -2.785963 8917.817528 0.000000 2212 3396 1 0 1 
-2.136935 0.858609 0.000000 3.552655 3.881724 8871.851942 0.000000 2212 3397 1 0 1 
1.090795 -2.455999 0.000000 -3.562271 -3.397103 8915.914478 0.000000 2212 3398 1 0 1 
3.136618 -1.464194 0.000000 -2.437957 -1.561293 8907.286493 0.000000 2212 3399 1 0 1 
-0.716616 2.446892 0.000000 1.320847 1.445272 8887.025173 0.000000 2212 3400 1 0 1 
1.768721 -1.260418 0.000000 -0.863796 -0.517327 8885.622703 0.000000 2212 3401 1 0 1 
0.267724 -2.332659 0.000000 -1.282531 -0.414754 8903.579624 0.000000 2212 3402 1 0 1 
0.261939 -0.538029 0.000000 -2.953190 0.020085 8914.573984 0.000000 2212 3403 1 0 1 
3.378524 0.825125 0.000000 -5.380045 3.160159 8861.051117 0.000000 2212 3404 1 0 1 
0.837180 -0.596037 0.000000 -0.474839 0.113654 8934.222810 0.000000 2212 3405 1 0 1 
-0.065838 1.610399 0.000000 -2.965081 0.162628 8860.804590 0.000000 2212 3406 1 0 1 
0.871994 2.255633 0.000000 -2.659847 3.951391 8840.395414 0.000000 2212 3407 1 0 1 
-0.649157 -0.398825 0.000000 1.709903 -2.281668 8896.454685 0.000000 2212 3408 1 0 1 
1.704493 0.237037 0.000000 -2.559400 4.829283 8861.673516 0.000000 2212 3409 1 0 1 
-0.604734 1.202051 0.000000 1.579369 -0.058929 8885.328910 0.000000 2212 3410 1 0 1 
4.591371 -0.439244 0.000000 -5.173062 -6.254445 8938.665655 0.000000 2212 3411 1 0 1 
-0.956081 -0.338392 0.000000 1.708777 1.133136 8865.132479 0.000000 2212 3412 1 0 1 
2.461514 -0.240294 0.000000 -2.778988 -0.374106 8902.627346 0.000000 2212 3413 1 0 1 
0.545405 -0.475570 0.000000 0.060469 2.531473 8907.992345 0.000000 2212 3414 1 0 1 
-2.495981 -2.078628 0.000000 3.220622 -2.845589 8896.022062 0.000000 2212 3415 1 0 1 
3.619187 -1.601107 0.000000 -4.194560 -7.363554 8948.940306 0.000000 2212 3416 1 0 1 
1.653366 0.238078 0.000000 -3.705482 3.006717 8889.073011 0.000000 2212 3417 1 0 1 
1.679473 1.602738 0.000000 -4.436347 -2.345116 8925.774683 0.000000 2212 3418 1 0 1 
0.537641 3.271454 0.000000 -1.536504 4.270361 8849.158236 0.000000 2212 3419 1 0 1 
-0.090934 0.046626 0.000000 1.007359 0.128911 8850.368178 0.000000 2212 3420 1 0 1 
0.257690 -0.853065 0.000000 -0.513348 0.123450 8920.704516 0.000000 2212 3421 1 0 1 
3.165736 0.436493 0.000000 -2.872844 1.750827 8911.595307 0.000000 2212 3422 1 0 1 
-4.113652 1.971249 0.000000 6.066594 4.960555 8867.935494 0.000000 2212 3423 1 0 1 
-0.756625 0.679467 0.000000 -0.734171 3.535269 8854.574006 0.000000 2212 3424 1 0 1 
2.020179 -0.245177 0.000000 -3.893792 -0.776852 8936.790787 0.000000 2212 3425 1 0 1 
0.228595 -2.204333 0.000000 -1.216830 -3.174001 8906.131880 0.000000 2212 3426 1 0 1 
2.656883 2.175542 0.000000 -4.530894 4.945774 8869.552031 0.000000 2212 3427 1 0 1 
2.662683 1.125419 0.000000 -4.179953 4.745781 8852.351563 0.000000 2212 3428 1 0 1 
-0.968158 -1.156535 0.000000 1.236143 -1.478136 8909.091270 0.000000 2212 3429 1 0 1 
0.356895 -1.015734 0.000000 0.024390 -0.542421 8888.383438 0.000000 2212 3430 1 0 1 
-1.450008 -1.488601 0.000000 2.712141 -0.666346 8877.323875 0.000000 2212 3431 1 0 1 
-1.710213 0.699325 0.000000 4.415476 -3.690251 8890.145925 0.000000 2212 3432 1 0 1 
0.573546 0.559859 0.000000 -0.672278 3.664762 8865.245012 0.000000 2212 3433 1 0 1 
0.591442 0.479392 0.000000 0.195909 2.853761 8902.758103 0.000000 2212 3434 1 0 1 
-0.209765 0.105215 0.000000 -0.064541 0.421014 8900.367725 0.000000 2212 3435 1 0 1 
-3.115766 -0.229324 0.000000 4.513850 2.845865 8865.114484 0.000000 2212 3436 1 0 1 
-1.102330 -1.640220 0.000000 0.541071 -1.711036 8908.882698 0.000000 2212 3437 1 0 1 
-0.376208 1.124161 0.000000 0.688330 3.297928 8854.643382 0.000000 2212 3438 1 0 1 
0.619678 2.264991 0.000000 -0.916197 3.375214 8864.256989 0.000000 2212 3439 1 0 1 
-0.784794 -0.763189 0.000000 0.600894 -0.876234 8882.317878 0.000000 2212 3440 1 0 1 
0.813658 -1.154125 0.000000 -0.107470 0.330705 8909.956407 0.000000 2212 3441 1 0 1 
0.977650 -0.439688 0.000000 -0.085766 -1.026390 8922.455773 0.000000 2212 3442 1 0 1 
-1.625678 -0.579832 0.000000 1.585546 3.514972 8858.645720 0.000000 2212 3443 1 0 1 
1.131222 -0.508431 0.000000 -2.064668 -7.370648 8950.091725 0.000000 2212 3444 1 0 1 
0.093891 -0.146706 0.000000 -0.516477 2.472333 8861.267071 0.000000 2212 3445 1 0 1 
-1.276755 -0.928233 0.000000 0.558846 1.816537 8892.707513 0.000000 2212 3446 1 0 1 
3.672662 -0.866145 0.000000 -4.200738 0.985784 8881.794096 0.000000 2212 3447 1 0 1 
2.136981 -0.761875 0.000000 -2.779340 -1.525639 8916.211017 0.000000 2212 3448 1 0 1 
-3.386747 0.137312 0.000000 5.962351 2.475658 8878.417662 0.000000 2212 3449 1 0 1 
-0.109936 -0.124505 0.000000 1.004319 -1.076576 8874.628556 0.000000 2212 3450 1 0 1 
0.248334 -1.339048 0.000000 -1.453271 1.546415 8886.759436 0.000000 2212 3451 1 0 1 
-0.842830 0.238693 0.000000 1.633325 1.396295 8879.343228 0.000000 2212 3452 1 0 1 
-0.776148 1.061502 0.000000 0.399445 -2.377938 8917.177869 0.000000 2212 3453 1 0 1 
-1.630361 -0.732357 0.000000 3.377862 -2.562028 8939.671563 0.000000 2212 3454 1 0 1 
-1.534738 -0.578233 0.000000 2.829994 1.679548 8871.592211 0.000000 2212 3455 1 0 1 
-1.892581 0.649003 0.000000 1.668826 9.555871 8788.433402 0.000000 2212 3456 1 0 1 
0.145106 0.223837 0.000000 -0.184448 -2.073518 8893.657202 0.000000 2212 3457 1 0 1 
1.166526 1.130836 0.000000 -2.586671 -0.272192 8880.132705 0.000000 2212 3458 1 0 1 
0.997145 0.926544 0.000000 -0.793691 -0.218849 8888.921604 0.000000 2212 3459 1 0 1 
1.838553 0.065519 0.000000 -2.515933 1.262312 8876.078008 0.000000 2212 3460 1 0 1 
0.052768 -0.570027 0.000000 4.776052 -0.541305 8864.110252 0.000000 2212 3461 1 0 1 
-0.382253 0.508733 0.000000 2.335847 -1.078098 8914.750255 0.000000 2212 3462 1 0 1 
-2.776237 -0.020907 0.000000 3.849992 -1.621448 8954.569594 0.000000 2212 3463 1 0 1 
-0.189314 0.596033 0.000000 0.663247 -0.268161 8880.796684 0.000000 2212 3464 1 0 1 
0.232210 -0.655725 0.000000 -1.277577 -3.408016 8939.912305 0.000000 2212 3465 1 0 1 
-0.068021 1.078118 0.000000 0.120253 0.776954 8879.326792 0.000000 2212 3466 1 0 1 
-0.971261 -0.499722 0.000000 1.753517 -3.199717 8940.218415 0.000000 2212 3467 1 0 1 
0.028395 2.798475 0.000000 -1.237553 3.836806 8923.073144 0.000000 2212 3468 1 0 1 
0.028546 -0.377753 0.000000 -0.681304 0.850809 8904.410131 0.000000 2212 3469 1 0 1 
-0.048458 1.869006 0.000000 -0.326848 1.993908 8855.218416 0.000000 2212 3470 1 0 1 
3.717190 -0.671873 0.000000 -4.969796 1.087899 8885.126860 0.000000 2212 3471 1 0 1 
2.860295 -0.472380 0.000000 -4.443889 -1.348622 8876.595071 0.000000 2212 3472 1 0 1 
-0.753053 -0.988502 0.000000 0.280902 -3.501409 8899.196474 0.000000 2212 3473 1 0 1 
-1.499901 0.374957 0.000000 2.857461 1.018161 8922.310806 0.000000 2212 3474 1 0 1 
1.128455 0.687269 0.000000 -3.179628 4.019358 8876.203091 0.000000 2212 3475 1 0 1 
-0.644726 2.854936 0.000000 -0.387455 0.759181 8873.999154 0.000000 2212 3476 1 0 1 
-1.172104 0.659839 0.000000 2.507070 -0.373660 8900.570922 0.000000 2212 3477 1 0 1 
0.625887 -0.657182 0.000000 -0.391044 -3.768935 8904.614845 0.000000 2212 3478 1 0 1 
-0.759216 0.220522 0.000000 0.187158 1.292521 8878.543527 0.000000 2212 3479 1 0 1 
0.425791 1.103209 0.000000 0.447236 3.356669 8875.082754 0.000000 2212 3480 1 0 1 
-0.506879 1.459939 0.000000 1.452153 5.306040 8840.436998 0.000000 2212 3481 1 0 1 
-0.465759 0.765224 0.000000 -1.426270 4.629952 8836.879771 0.000000 2212 3482 1 0 1 
1.153469 2.227203 0.000000 -2.523238 4.477417 8846.582280 0.000000 2212 3483 1 0 1 
-0.465940 0.703939 0.000000 1.969037 5.537355 8867.854615 0.000000 2212 3484 1 0 1 
0.913805 -0.030384 0.000000 -0.158114 1.078029 8889.148949 0.000000 2212 3485 1 0 1 
0.677551 1.116003 0.000000 -0.053725 -1.976617 8909.388185 0.000000 2212 3486 1 0 1 
-0.689726 -0.561630 0.000000 1.329080 2.034295 8845.142998 0.000000 2212 3487 1 0 1 
-0.139149 0.889890 0.000000 0.735543 5.331459 8861.182773 0.000000 2212 3488 1 0 1 
-0.621629 0.104616 0.000000 2.133780 -0.956302 8911.217876 0.000000 2212 3489 1 0 1 
-1.181398 0.206004 0.000000 2.900678 3.034178 8855.127735 0.000000 2212 3490 1 0 1 
0.303276 -1.824339 0.000000 -0.435204 -1.722439 8897.841311 0.000000 2212 3491 1 0 1 
-2.646432 -1.006236 0.000000 5.012269 -1.458488 8906.461690 0.000000 2212 3492 1 0 1 
-1.117583 0.901635 0.000000 2.061312 0.245995 8874.457612 0.000000 2212 3493 1 0 1 
1.362177 0.526234 0.000000 -2.755672 -0.545352 8926.678816 0.000000 2212 3494 1 0 1 
-0.019655 1.126833 0.000000 -0.052505 -0.428434 8898.784825 0.000000 2212 3495 1 0 1 
-1.665199 -0.192019 0.000000 -0.947636 -2.004861 8946.057057 0.000000 2212 3496 1 0 1 
-0.294174 -0.474449 0.000000 1.515759 -6.049520 8938.644425 0.000000 2212 3497 1 0 1 
0.594042 1.570475 0.000000 -1.218976 6.554001 8822.150154 0.000000 2212 3498 1 0 1 
1.212515 1.991706 0.000000 -0.925228 3.617405 8858.742724 0.000000 2212 3499 1 0 1 
-0.632472 1.196200 0.000000 0.527855 -2.143738 8903.416432 0.000000 2212 3500 1 0 1 
0.139213 0.865852 0.000000 -0.406403 2.091808 8859.460241 0.000000 2212 3501 1 0 1 
-2.876225 3.454158 0.000000 5.362752 4.889783 8849.754357 0.000000 2212 3502 1 0 1 
0.535365 0.820992 0.000000 -1.673023 1.944552 8873.960655 0.000000 2212 3503 1 0 1 
-2.191028 -0.437358 0.000000 4.188451 1.067094 8908.254753 0.000000 2212 3504 1 0 1 
-2.324762 -0.181279 0.000000 1.525072 3.372508 8862.534049 0.000000 2212 3505 1 0 1 
-1.057527 -1.006521 0.000000 -0.837805 1.065098 8866.305110 0.000000 2212 3506 1 0 1 
-0.544118 -0.065292 0.000000 0.565473 -1.827705 8887.966629 0.000000 2212 3507 1 0 1 
-0.155442 0.674859 0.000000 0.906967 -0.469440 8908.135691 0.000000 2212 3508 1 0 1 
-0.093915 -1.688813 0.000000 -2.018191 -7.166918 8916.371491 0.000000 2212 3509 1 0 1 
0.856408 0.795703 0.000000 -3.036973 0.436669 8888.458226 0.000000 2212 3510 1 0 1 
-0.932453 1.394928 0.000000 -1.015896 1.661452 8854.437648 0.000000 2212 3511 1 0 1 
0.432267 0.156245 0.000000 -0.265768 -1.311100 8887.468916 0.000000 2212 3512 1 0 1 
2.723145 -0.534944 0.000000 -3.070200 -0.298215 8886.866324 0.000000 2212 3513 1 0 1 
-0.647457 0.552816 0.000000 0.678296 2.344564 8832.369405 0.000000 2212 3514 1 0 1 
0.612567 0.439388 0.000000 -1.459545 2.875592 8839.017320 0.000000 2212 3515 1 0 1 
0.825894 1.680973 0.000000 -0.885152 0.340747 8874.459868 0.000000 2212 3516 1 0 1 
0.011334 -1.403980 0.000000 -0.322747 -2.064331 8913.861527 0.000000 2212 3517 1 0 1 
2.284402 -3.178021 0.000000 0.649860 -4.827455 8920.181562 0.000000 2212 3518 1 0 1 
-0.555686 -0.569337 0.000000 2.329925 3.492030 8865.082624 0.000000 2212 3519 1 0 1 
2.298210 -1.168216 0.000000 -1.331886 -4.017196 8938.305740 0.000000 2212 3520 1 0 1 
0.398921 0.597843 0.000000 -0.432608 1.519595 8849.041374 0.000000 2212 3521 1 0 1 
-1.628416 0.525212 0.000000 2.662880 0.054650 8867.364721 0.000000 2212 3522 1 0 1 
2.233796 -0.327752 0.000000 -4.509890 -0.564171 8886.208631 0.000000 2212 3523 1 0 1 
-1.564030 1.493589 0.000000 2.898938 -0.942479 8915.043612 0.000000 2212 3524 1 0 1 
4.601228 0.744293 0.000000 -6.880248 2.281337 8867.647883 0.000000 2212 3525 1 0 1 
-0.767795 -1.649247 0.000000 1.203052 -2.144042 8907.294376 0.000000 2212 3526 1 0 1 
-0.966029 2.971743 0.000000 2.389649 6.667461 8848.082830 0.000000 2212 3527 1 0 1 
6.463888 -2.152202 0.000000 -11.362095 -4.011654 8904.719888 0.000000 2212 3528 1 0 1 
1.513719 1.373199 0.000000 -1.370007 2.043501 8899.267535 0.000000 2212 3529 1 0 1 
0.061651 0.565641 0.000000 -2.364192 -2.476229 8878.111509 0.000000 2212 3530 1 0 1 
2.413595 1.791195 0.000000 -3.306968 6.511781 8888.994343 0.000000 2212 3531 1 0 1 
0.567996 -2.174626 0.000000 -1.299827 4.483633 8847.601154 0.000000 2212 3532 1 0 1 
-2.281700 -0.956988 0.000000 1.832165 -1.461026 8869.763286 0.000000 2212 3533 1 0 1 
1.703241 -0.502307 0.000000 -2.102131 2.478995 8820.151989 0.000000 2212 3534 1 0 1 
2.631179 -0.872501 0.000000 -4.155489 1.495724 8908.899369 0.000000 2212 3535 1 0 1 
-1.063175 -0.633637 0.000000 0.629879 -3.505003 8888.391334 0.000000 2212 3536 1 0 1 
1.369403 -2.211790 0.000000 -1.135876 -6.001612 8960.736216 0.000000 2212 3537 1 0 1 
-3.273645 0.027695 0.000000 4.622401 1.930860 8871.798137 0.000000 2212 3538 1 0 1 
0.857018 -0.836433 0.000000 -0.561581 0.761026 8834.785421 0.000000 2212 3539 1 0 1 
-2.090201 0.986314 0.000000 2.402220 2.491771 8880.347660 0.000000 2212 3540 1 0 1 
0.030557 -2.603397 0.000000 0.120292 -4.762173 8942.748778 0.000000 2212 3541 1 0 1 
-1.708861 -0.799842 0.000000 3.447401 -1.771087 8921.766556 0.000000 2212 3542 1 0 1 
-1.596495 1.309288 0.000000 0.575841 0.120460 8917.231038 0.000000 2212 3543 1 0 1 
-2.703526 0.709016 0.000000 4.181991 1.272530 8910.235127 0.000000 2212 3544 1 0 1 
-1.343122 -0.311337 0.000000 2.713977 0.155237 8933.355202 0.000000 2212 3545 1 0 1 
2.436475 -1.259344 0.000000 -2.177362 -2.713281 8926.144376 0.000000 2212 3546 1 0 1 
0.118957 -0.649035 0.000000 0.048475 -0.383990 8924.169412 0.000000 2212 3547 1 0 1 
2.680485 1.010128 0.000000 -4.017413 -3.823462 8909.711483 0.000000 2212 3548 1 0 1 
-1.989818 -0.032823 0.000000 2.101613 -2.991678 8899.355611 0.000000 2212 3549 1 0 1 
2.349323 0.666524 0.000000 -3.736108 0.568283 8897.235476 0.000000 2212 3550 1 0 1 
2.173106 -0.686824 0.000000 -3.723533 -1.074050 8913.959194 0.000000 2212 3551 1 0 1 
0.551707 -1.786599 0.000000 0.465470 -5.197899 8919.844328 0.000000 2212 3552 1 0 1 
1.586275 0.016693 0.000000 -0.176966 -0.498806 8924.145891 0.000000 2212 3553 1 0 1 
1.952505 0.802621 0.000000 -4.275176 0.184451 8900.147299 0.000000 2212 3554 1 0 1 
2.065535 0.631747 0.000000 -1.541435 -1.439335 8943.635073 0.000000 2212 3555 1 0 1 
0.817316 0.195795 0.000000 -1.501149 0.610969 8899.979780 0.000000 2212 3556 1 0 1 
0.088516 1.353435 0.000000 0.043916 1.417529 8886.691166 0.000000 2212 3557 1 0 1 
-1.298794 -1.480506 0.000000 1.638079 -4.373305 8930.941209 0.000000 2212 3558 1 0 1 
0.320543 -0.623526 0.000000 -2.215404 0.714703 8862.385398 0.000000 2212 3559 1 0 1 
2.803994 1.641745 0.000000 -4.689211 0.573746 8903.619209 0.000000 2212 3560 1 0 1 
-1.075742 -0.929572 0.000000 3.119533 -2.058192 8904.508721 0.000000 2212 3561 1 0 1 
-3.103119 -0.063402 0.000000 6.033331 1.266731 8884.101811 0.000000 2212 3562 1 0 1 
1.221536 0.978429 0.000000 -1.109955 -0.840385 8895.164431 0.000000 2212 3563 1 0 1 
-1.353741 -0.511658 0.000000 2.356654 -1.126797 8871.760814 0.000000 2212 3564 1 0 1 
2.010317 0.372549 0.000000 -0.753121 1.427669 8922.596122 0.000000 2212 3565 1 0 1 
0.650002 -0.168777 0.000000 -2.404086 1.426400 8857.978897 0.000000 2212 3566 1 0 1 
-0.672219 -0.188755 0.000000 -0.237349 -5.749580 8949.616532 0.000000 2212 3567 1 0 1 
-1.577907 -0.212851 0.000000 1.817033 2.062023 8894.213831 0.000000 2212 3568 1 0 1 
-1.444208 1.097603 0.000000 2.355869 -1.327588 8866.917053 0.000000 2212 3569 1 0 1 
0.149760 0.234592 0.000000 0.061537 -2.839494 8960.087332 0.000000 2212 3570 1 0 1 
1.331238 0.798242 0.000000 -2.589992 2.045623 8934.999814 0.000000 2212 3571 1 0 1 
1.612661 -1.340869 0.000000 -3.832071 0.699444 8846.033656 0.000000 2212 3572 1 0 1 
-1.623780 0.565372 0.000000 0.683314 1.688634 8855.720438 0.000000 2212 3573 1 0 1 
0.129455 2.594573 0.000000 0.592055 3.564440 8894.683225 0.000000 2212 3574 1 0 1 
1.041250 -1.498666 0.000000 -0.889663 -0.053973 8867.268651 0.000000 2212 3575 1 0 1 
-1.154607 1.683176 0.000000 1.944608 2.603340 8924.417875 0.000000 2212 3576 1 0 1 
-1.377805 -1.285656 0.000000 2.082998 -3.552997 8888.389483 0.000000 2212 3577 1 0 1 
1.355486 -0.022412 0.000000 0.236922 2.301932 8842.010997 0.000000 2212 3578 1 0 1 
-0.542546 1.126956 0.000000 1.614620 0.273916 8918.959768 0.000000 2212 3579 1 0 1 
0.671861 0.462042 0.000000 -2.585692 2.048073 8858.762119 0.000000 2212 3580 1 0 1 
1.737096 -1.294512 0.000000 -0.551547 -5.216132 8929.213120 0.000000 2212 3581 1 0 1 
-1.325316 -0.720836 0.000000 3.319513 1.195734 8905.404428 0.000000 2212 3582 1 0 1 
1.058357 2.201235 0.000000 -0.790014 3.206912 8836.741249 0.000000 2212 3583 1 0 1 
1.812799 1.360154 0.000000 -3.833762 -3.940502 8921.820981 0.000000 2212 3584 1 0 1 
-0.358275 -2.446456 0.000000 -0.238014 -4.614605 8928.223065 0.000000 2212 3585 1 0 1 
-2.587940 0.865736 0.000000 3.647205 0.024400 8880.047307 0.000000 2212 3586 1 0 1 
-1.801279 1.547413 0.000000 4.587925 0.283528 8905.332626 0.000000 2212 3587 1 0 1 
2.903516 -0.936682 0.000000 -4.703494 2.593274 8834.818686 0.000000 2212 3588 1 0 1 
3.615099 0.915050 0.000000 -5.823956 6.020988 8856.978224 0.000000 2212 3589 1 0 1 
0.609675 1.102263 0.000000 -0.534307 -0.794048 8935.779905 0.000000 2212 3590 1 0 1 
1.103810 1.763236 0.000000 -0.160262 -3.850168 8957.355931 0.000000 2212 3591 1 0 1 
0.952079 -0.720061 0.000000 -1.764552 -1.896091 8900.173546 0.000000 2212 3592 1 0 1 
0.698210 0.964090 0.000000 -0.223100 -3.995191 8936.802179 0.000000 2212 3593 1 0 1 
-2.638429 -0.541127 0.000000 4.146910 -1.903830 8956.216177 0.000000 2212 3594 1 0 1 
1.238533 0.236281 0.000000 -1.917877 0.609566 8911.299015 0.000000 2212 3595 1 0 1 
-1.832758 0.939259 0.000000 3.605451 0.419382 8892.376658 0.000000 2212 3596 1 0 1 
-1.193053 0.352199 0.000000 2.816398 -0.325223 8893.194010 0.000000 2212 3597 1 0 1 
-1.467667 2.156654 0.000000 0.992164 6.080739 8860.887850 0.000000 2212 3598 1 0 1 
-0.687174 1.729665 0.000000 0.408646 0.770380 8890.598506 0.000000 2212 3599 1 0 1 
-2.656736 -1.216684 0.000000 1.341373 -0.306062 8889.957637 0.000000 2212 3600 1 0 1 
1.257876 -0.882428 0.000000 -0.628951 -0.528041 8899.229262 0.000000 2212 3601 1 0 1 
-0.076225 0.069688 0.000000 0.245884 1.832590 8862.461107 0.000000 2212 3602 1 0 1 
0.856958 1.266606 0.000000 -2.015183 -0.123046 8902.999693 0.000000 2212 3603 1 0 1 
-3.048213 0.339401 0.000000 3.752629 1.272529 8891.632764 0.000000 2212 3604 1 0 1 
-1.410320 1.764784 0.000000 2.178893 4.104828 8869.455958 0.000000 2212 3605 1 0 1 
-0.946091 1.568311 0.000000 1.095954 5.739130 8867.744431 0.000000 2212 3606 1 0 1 
-0.707259 -0.032522 0.000000 1.585468 2.366195 8888.036532 0.000000 2212 3607 1 0 1 
-0.044360 0.250036 0.000000 -0.917602 0.609614 8893.519578 0.000000 2212 3608 1 0 1 
-0.782977 -0.585695 0.000000 0.302400 0.062657 8885.496723 0.000000 2212 3609 1 0 1 
1.911280 -1.359357 0.000000 -3.442611 -0.737128 8877.729465 0.000000 2212 3610 1 0 1 
1.956545 -0.954728 0.000000 -2.642555 2.029812 8871.288302 0.000000 2212 3611 1 0 1 
-1.693103 0.076785 0.000000 3.269278 -0.933256 8922.100803 0.000000 2212 3612 1 0 1 
1.331751 0.006369 0.000000 -1.669371 -0.086430 8876.500540 0.000000 2212 3613 1 0 1 
3.012445 0.749144 0.000000 -3.965375 4.408617 8848.436033 0.000000 2212 3614 1 0 1 
-3.058476 -1.911906 0.000000 4.910960 -1.753375 8875.143993 0.000000 2212 3615 1 0 1 
0.148692 1.131423 0.000000 -0.956276 0.134118 8868.108464 0.000000 2212 3616 1 0 1 
0.523984 1.029999 0.000000 -0.470540 -0.125573 8886.931329 0.000000 2212 3617 1 0 1 
-3.101921 -1.538605 0.000000 5.147784 -3.213886 8882.647620 0.000000 2212 3618 1 0 1 
-0.779023 1.426077 0.000000 3.025687 -0.196115 8894.976626 0.000000 2212 3619 1 0 1 
-1.808563 0.675936 0.000000 0.478067 3.577790 8888.444201 0.000000 2212 3620 1 0 1 
-0.463409 1.469156 0.000000 -0.546302 2.391178 8857.742903 0.000000 2212 3621 1 0 1 
-0.562512 1.083991 0.000000 1.991125 -0.344665 8919.393343 0.000000 2212 3622 1 0 1 
-2.091280 1.012630 0.000000 1.934008 0.367153 8890.010656 0.000000 2212 3623 1 0 1 
-1.104251 -0.430545 0.000000 0.130991 -1.199464 8894.089429 0.000000 2212 3624 1 0 1 
0.889781 1.628987 0.000000 -0.393981 6.126339 8868.027872 0.000000 2212 3625 1 0 1 
0.345135 1.276248 0.000000 1.149372 0.542680 8900.493438 0.000000 2212 3626 1 0 1 
3.041057 -0.884682 0.000000 -2.553995 0.976631 8877.050435 0.000000 2212 3627 1 0 1 
-2.173691 0.130784 0.000000 0.644945 1.867289 8890.578586 0.000000 2212 3628 1 0 1 
4.707154 1.355460 0.000000 -8.049888 -3.375931 8910.119308 0.000000 2212 3629 1 0 1 
0.566235 -0.842237 0.000000 -4.665562 -1.489566 8877.943311 0.000000 2212 3630 1 0 1 
0.322844 -0.197071 0.000000 -1.155802 -1.563999 8892.304956 0.000000 2212 3631 1 0 1 
1.688266 -1.319668 0.000000 -0.363766 -1.938519 8891.547221 0.000000 2212 3632 1 0 1 
-1.892565 3.311533 0.000000 2.307149 1.438462 8887.985570 0.000000 2212 3633 1 0 1 
1.814349 -2.052723 0.000000 -2.673724 -3.634739 8922.326604 0.000000 2212 3634 1 0 1 
0.130974 -0.027590 0.000000 0.592989 -3.573789 8888.064565 0.000000 2212 3635 1 0 1 
-0.428605 -1.662118 0.000000 1.062192 -2.123468 8895.078822 0.000000 2212 3636 1 0 1 
-2.094640 -1.949490 0.000000 5.205455 -3.095036 8905.502040 0.000000 2212 3637 1 0 1 
1.869032 0.785112 0.000000 -0.280040 6.152211 8870.436502 0.000000 2212 3638 1 0 1 
1.809199 -0.083214 0.000000 -4.519098 2.630225 8857.968497 0.000000 2212 3639 1 0 1 
0.518440 1.332430 0.000000 2.189750 0.246375 8891.849820 0.000000 2212 3640 1 0 1 
0.822245 0.189336 0.000000 0.479219 0.715872 8885.397747 0.000000 2212 3641 1 0 1 
-2.599590 -0.447538 0.000000 5.168759 -2.159786 8901.976171 0.000000 2212 3642 1 0 1 
-0.730862 -0.776957 0.000000 2.008179 -2.113605 8910.294651 0.000000 2212 3643 1 0 1 
2.303751 -0.342182 0.000000 -7.403439 0.006555 8910.754135 0.000000 2212 3644 1 0 1 
2.715126 -2.654308 0.000000 -2.582534 -4.404981 8904.219012 0.000000 2212 3645 1 0 1 
-0.200780 1.785499 0.000000 0.570921 0.186500 8925.894659 0.000000 2212 3646 1 0 1 
-0.810016 -0.635995 0.000000 4.434299 -2.967972 8940.506010 0.000000 2212 3647 1 0 1 
-0.829853 -1.458512 0.000000 0.899782 -0.964637 8873.195422 0.000000 2212 3648 1 0 1 
1.628126 1.947646 0.000000 -3.458077 2.333657 8872.185101 0.000000 2212 3649 1 0 1 
-2.363206 -0.815724 0.000000 2.954713 2.929387 8851.520100 0.000000 2212 3650 1 0 1 
-1.002288 0.653184 0.000000 -0.033392 -3.189819 8894.489200 0.000000 2212 3651 1 0 1 
-1.066385 0.312152 0.000000 3.725724 4.888428 8817.383101 0.000000 2212 3652 1 0 1 
-1.755604 -1.059462 0.000000 2.876593 0.561507 8884.166120 0.000000 2212 3653 1 0 1 
1.663590 0.216540 0.000000 -1.216452 -1.271654 8911.232867 0.000000 2212 3654 1 0 1 
-1.757509 -0.687847 0.000000 3.049172 -4.507851 8920.675625 0.000000 2212 3655 1 0 1 
-1.754739 -2.603639 0.000000 2.388844 -7.292573 8944.247680 0.000000 2212 3656 1 0 1 
-0.585401 1.096983 0.000000 0.818672 7.314628 8859.787976 0.000000 2212 3657 1 0 1 
-1.288631 -0.324247 0.000000 0.430083 -2.182597 8905.197399 0.000000 2212 3658 1 0 1 
0.456707 0.234864 0.000000 0.535408 -2.120477 8945.907817 0.000000 2212 3659 1 0 1 
-1.131910 1.269538 0.000000 1.523431 0.880092 8867.768514 0.000000 2212 3660 1 0 1 
1.284851 -1.135900 0.000000 -1.522483 -5.463533 8944.274091 0.000000 2212 3661 1 0 1 
3.325666 -0.560657 0.000000 -3.828180 0.472396 8904.190177 0.000000 2212 3662 1 0 1 
-0.393605 0.635965 0.000000 3.625510 0.395019 8892.390574 0.000000 2212 3663 1 0 1 
-0.066419 -0.496519 0.000000 0.185324 3.604366 8854.677293 0.000000 2212 3664 1 0 1 
1.382795 0.665365 0.000000 -0.557268 -0.110413 8899.513545 0.000000 2212 3665 1 0 1 
-0.356675 0.413745 0.000000 1.647366 1.788849 8875.033068 0.000000 2212 3666 1 0 1 
-0.065174 1.026191 0.000000 -1.007358 2.797113 8888.044459 0.000000 2212 3667 1 0 1 
-2.182601 -1.539891 0.000000 2.501144 -4.274359 8929.069210 0.000000 2212 3668 1 0 1 
-0.629939 0.441562 0.000000 -0.776152 -0.175771 8856.527778 0.000000 2212 3669 1 0 1 
-0.383018 2.332368 0.000000 0.385568 5.373966 8827.038653 0.000000 2212 3670 1 0 1 
-0.942291 -0.091349 0.000000 0.653232 -2.395935 8917.927052 0.000000 2212 3671 1 0 1 
0.362806 -0.893886 0.000000 0.529997 -0.128446 8914.985912 0.000000 2212 3672 1 0 1 
-0.506484 -3.772580 0.000000 1.506933 -7.549660 8879.294096 0.000000 2212 3673 1 0 1 
-0.305493 2.044545 0.000000 0.202308 1.687271 8883.349190 0.000000 2212 3674 1 0 1 
-0.154148 0.137406 0.000000 0.696958 0.453696 8891.874251 0.000000 2212 3675 1 0 1 
0.050457 1.169551 0.000000 -0.561087 2.094676 8843.783691 0.000000 2212 3676 1 0 1 
-0.782494 1.232792 0.000000 -0.485076 0.006927 8858.904459 0.000000 2212 3677 1 0 1 
0.712284 2.112793 0.000000 -1.527849 6.059703 8814.829542 0.000000 2212 3678 1 0 1 
0.086993 1.514991 0.000000 0.387161 3.092849 8877.044678 0.000000 2212 3679 1 0 1 
0.890084 -1.410160 0.000000 -2.927237 2.185744 8870.202839 0.000000 2212 3680 1 0 1 
-0.979309 -1.692111 0.000000 -0.357490 -4.589025 8914.554733 0.000000 2212 3681 1 0 1 
2.615082 0.720522 0.000000 -2.434071 1.142377 8862.626451 0.000000 2212 3682 1 0 1 
0.371871 4.827019 0.000000 1.229887 8.160515 8902.584169 0.000000 2212 3683 1 0 1 
-2.950075 -0.599654 0.000000 3.635052 -0.182214 8887.012855 0.000000 2212 3684 1 0 1 
0.937215 0.469955 0.000000 0.351845 -1.827175 8885.108015 0.000000 2212 3685 1 0 1 
1.272525 -0.147969 0.000000 -0.115548 -0.046672 8862.828340 0.000000 2212 3686 1 0 1 
-2.995467 1.565514 0.000000 2.684432 -0.594585 8884.206479 0.000000 2212 3687 1 0 1 
0.073736 0.166272 0.000000 -2.155042 -0.065439 8861.241096 0.000000 2212 3688 1 0 1 
0.137548 0.260752 0.000000 1.119753 -2.124513 8932.756689 0.000000 2212 3689 1 0 1 
-0.036716 -0.727280 0.000000 -1.474007 -3.505592 8908.451275 0.000000 2212 3690 1 0 1 
-0.388032 0.105033 0.000000 -2.430134 3.470069 8845.654577 0.000000 2212 3691 1 0 1 
0.171866 1.017994 0.000000 0.252880 0.964219 8876.941531 0.000000 2212 3692 1 0 1 
-0.465951 0.354026 0.000000 0.299871 -1.387345 8913.253496 0.000000 2212 3693 1 0 1 
-1.064685 1.848583 0.000000 0.480276 0.375045 8901.512578 0.000000 2212 3694 1 0 1 
2.107604 2.602516 0.000000 -1.782028 0.921227 8890.205779 0.000000 2212 3695 1 0 1 
0.820832 0.425724 0.000000 -1.501684 0.820274 8900.694077 0.000000 2212 3696 1 0 1 
-1.308466 -0.155789 0.000000 1.526822 0.449824 8892.255640 0.000000 2212 3697 1 0 1 
1.724010 -1.960172 0.000000 -3.420361 -0.691601 8905.788737 0.000000 2212 3698 1 0 1 
-3.588505 -1.702693 0.000000 5.107679 -1.224117 8917.699164 0.000000 2212 3699 1 0 1 
-0.328369 0.963552 0.000000 0.272622 0.298818 8894.266878 0.000000 2212 3700 1 0 1 
-0.202686 -0.947063 0.000000 -1.136532 -4.381948 8938.686181 0.000000 2212 3701 1 0 1 
-1.966771 0.459385 0.000000 3.072294 0.634636 8894.648922 0.000000 2212 3702 1 0 1 
-1.866708 0.120758 0.000000 0.636088 0.957486 8886.504201 0.000000 2212 3703 1 0 1 
0.787265 -0.634213 0.000000 0.702304 0.580704 8911.248376 0.000000 2212 3704 1 0 1 
-1.273455 -0.349249 0.000000 2.369111 4.047749 8864.641735 0.000000 2212 3705 1 0 1 
0.378843 1.565007 0.000000 -0.106621 5.038578 8867.699426 0.000000 2212 3706 1 0 1 
-3.122904 0.254900 0.000000 2.838825 2.212402 8902.876899 0.000000 2212 3707 1 0 1 
-0.749701 0.796362 0.000000 1.445157 4.965110 8844.471902 0.000000 2212 3708 1 0 1 
1.692092 -0.082565 0.000000 -2.792419 -0.430747 8874.128740 0.000000 2212 3709 1 0 1 
-0.791444 0.781036 0.000000 0.823519 1.111505 8877.868182 0.000000 2212 3710 1 0 1 
-0.870723 0.565078 0.000000 1.552060 1.470149 8897.676096 0.000000 2212 3711 1 0 1 
0.559753 1.224933 0.000000 -1.561990 2.457705 8894.227838 0.000000 2212 3712 1 0 1 
-0.962777 1.677277 0.000000 0.674122 -2.477925 8916.333955 0.000000 2212 3713 1 0 1 
1.155710 -1.307979 0.000000 -2.239441 2.433630 8860.908462 0.000000 2212 3714 1 0 1 
2.330483 1.641693 0.000000 -3.196586 -2.184728 8919.220585 0.000000 2212 3715 1 0 1 
0.157316 1.527879 0.000000 -2.081043 0.707955 8911.850013 0.000000 2212 3716 1 0 1 
-0.086578 -1.571922 0.000000 0.419365 -6.421824 8935.624912 0.000000 2212 3717 1 0 1 
-0.319199 1.596759 0.000000 0.686472 4.701602 8844.406434 0.000000 2212 3718 1 0 1 
-2.690636 -0.487793 0.000000 2.334647 3.827229 8841.099943 0.000000 2212 3719 1 0 1 
1.558230 0.561652 0.000000 -3.184894 1.432101 8862.125556 0.000000 2212 3720 1 0 1 
0.908356 -1.124791 0.000000 -0.833745 -3.054538 8945.144159 0.000000 2212 3721 1 0 1 
-2.295093 -0.952726 0.000000 2.037970 -1.365918 8887.124324 0.000000 2212 3722 1 0 1 
2.527328 -0.081191 0.000000 -3.799934 0.045375 8900.029745 0.000000 2212 3723 1 0 1 
-2.299023 -1.407795 0.000000 4.001160 -0.858975 8891.597939 0.000000 2212 3724 1 0 1 
-2.504532 1.022610 0.000000 0.277961 -0.788001 8883.803712 0.000000 2212 3725 1 0 1 
2.375974 0.471747 0.000000 -1.103022 2.958330 8856.442962 0.000000 2212 3726 1 0 1 
-3.240166 0.926467 0.000000 4.174269 2.369922 8896.659908 0.000000 2212 3727 1 0 1 
-0.700633 0.211728 0.000000 -0.025526 0.117633 8884.858947 0.000000 2212 3728 1 0 1 
-2.509955 0.046888 0.000000 1.910338 0.440375 8839.940647 0.000000 2212 3729 1 0 1 
-2.087211 0.797779 0.000000 3.399021 -1.097712 8899.688947 0.000000 2212 3730 1 0 1 
-0.319411 -0.095920 0.000000 -1.702132 -0.791583 8851.322008 0.000000 2212 3731 1 0 1 
0.569549 -1.045531 0.000000 -0.007509 -5.333241 8936.120334 0.000000 2212 3732 1 0 1 
-0.342130 1.192491 0.000000 2.210109 -0.053492 8902.940034 0.000000 2212 3733 1 0 1 
-3.713451 1.765891 0.000000 1.982688 2.055260 8836.183147 0.000000 2212 3734 1 0 1 
3.647257 -1.488764 0.000000 -6.158828 -4.037196 8896.467198 0.000000 2212 3735 1 0 1 
-3.069505 1.195311 0.000000 4.310988 3.704177 8832.362235 0.000000 2212 3736 1 0 1 
-2.994553 -0.906451 0.000000 4.757233 2.864611 8877.530365 0.000000 2212 3737 1 0 1 
-0.862725 -0.571015 0.000000 0.527336 1.281460 8825.390148 0.000000 2212 3738 1 0 1 
0.813035 0.530161 0.000000 -0.905921 1.924740 8807.015135 0.000000 2212 3739 1 0 1 
1.629938 -0.184262 0.000000 -3.539428 -0.629520 8926.686947 0.000000 2212 3740 1 0 1 
-1.845289 -1.138639 0.000000 4.707159 -6.207428 8897.375984 0.000000 2212 3741 1 0 1 
0.327094 -0.422630 0.000000 -2.023824 2.543376 8861.723171 0.000000 2212 3742 1 0 1 
0.763070 -0.472836 0.000000 -1.931073 -1.678113 8917.577227 0.000000 2212 3743 1 0 1 
3.313576 0.023598 0.000000 -3.721968 1.851711 8886.010676 0.000000 2212 3744 1 0 1 
-1.359077 -0.298025 0.000000 1.229594 -3.410594 8923.766671 0.000000 2212 3745 1 0 1 
-0.779284 1.687428 0.000000 1.978660 1.721366 8889.547904 0.000000 2212 3746 1 0 1 
-0.099660 -0.373518 0.000000 0.310393 -5.488799 8926.554998 0.000000 2212 3747 1 0 1 
-1.578943 1.023964 0.000000 2.223621 0.836157 8891.598681 0.000000 2212 3748 1 0 1 
-2.638399 0.212507 0.000000 4.308090 -2.713614 8920.378315 0.000000 2212 3749 1 0 1 
-2.714859 -1.179082 0.000000 3.370060 -2.912620 8919.604862 0.000000 2212 3750 1 0 1 
3.042356 1.045316 0.000000 -4.105628 4.493374 8857.573845 0.000000 2212 3751 1 0 1 
-3.815815 0.900142 0.000000 5.768628 4.799702 8857.344901 0.000000 2212 3752 1 0 1 
0.102218 -0.845822 0.000000 -3.543984 -2.037960 8888.512488 0.000000 2212 3753 1 0 1 
2.641179 0.979312 0.000000 -3.280695 -1.524806 8946.247896 0.000000 2212 3754 1 0 1 
-0.359456 0.563644 0.000000 0.745252 -0.308326 8895.321804 0.000000 2212 3755 1 0 1 
0.000098 -0.986027 0.000000 1.672164 -2.291946 8937.604482 0.000000 2212 3756 1 0 1 
2.888788 1.648066 0.000000 -2.788846 -4.347893 8913.153473 0.000000 2212 3757 1 0 1 
-1.408419 1.409008 0.000000 -0.147929 3.808867 8859.351481 0.000000 2212 3758 1 0 1 
-2.129285 -1.054129 0.000000 1.840452 -5.599702 8929.344687 0.000000 2212 3759 1 0 1 
0.273533 -0.324968 0.000000 -1.987863 1.870178 8857.790538 0.000000 2212 3760 1 0 1 
3.116646 -0.349786 0.000000 -4.284524 -0.835981 8939.970013 0.000000 2212 3761 1 0 1 
1.522619 -1.705372 0.000000 0.140430 0.813885 8882.212669 0.000000 2212 3762 1 0 1 
1.567488 1.016533 0.000000 -1.875480 -1.104460 8919.916755 0.000000 2212 3763 1 0 1 
1.383747 2.100877 0.000000 -2.025947 8.488267 8804.580280 0.000000 2212 3764 1 0 1 
0.962698 -2.583035 0.000000 0.139031 -1.676580 8898.470936 0.000000 2212 3765 1 0 1 
3.962097 -1.664497 0.000000 -4.661074 -0.165258 8906.258908 0.000000 2212 3766 1 0 1 
-2.456773 -0.017656 0.000000 4.257210 -3.202774 8919.902281 0.000000 2212 3767 1 0 1 
-0.005780 -1.889718 0.000000 0.646605 -3.379496 8889.684636 0.000000 2212 3768 1 0 1 
-3.064840 -0.439279 0.000000 6.120558 5.401078 8857.339176 0.000000 2212 3769 1 0 1 
-2.064370 -1.267292 0.000000 0.409804 -1.972198 8916.167871 0.000000 2212 3770 1 0 1 
-2.387301 0.404010 0.000000 3.035408 -0.512705 8849.954862 0.000000 2212 3771 1 0 1 
-1.857794 -0.192857 0.000000 2.750979 1.788059 8843.298683 0.000000 2212 3772 1 0 1 
0.631235 -1.315225 0.000000 -0.642083 1.002554 8857.145652 0.000000 2212 3773 1 0 1 
1.389634 -0.345725 0.000000 -0.314459 -1.752498 8899.725431 0.000000 2212 3774 1 0 1 
2.555264 -0.897790 0.000000 -3.798358 4.056410 8881.392374 0.000000 2212 3775 1 0 1 
2.025878 1.557898 0.000000 -1.822918 0.052519 8862.969234 0.000000 2212 3776 1 0 1 
0.479972 -0.042685 0.000000 0.759189 -6.048037 8943.863221 0.000000 2212 3777 1 0 1 
-2.725295 0.995222 0.000000 3.653529 2.110379 8877.571144 0.000000 2212 3778 1 0 1 
3.227212 -1.129255 0.000000 -3.891514 -2.995640 8938.460529 0.000000 2212 3779 1 0 1 
2.332952 0.482254 0.000000 -2.572615 -1.633712 8836.294535 0.000000 2212 3780 1 0 1 
0.415764 -0.368684 0.000000 -1.093548 -0.083512 8865.246666 0.000000 2212 3781 1 0 1 
3.096337 0.899398 0.000000 -5.350358 1.335057 8889.204382 0.000000 2212 3782 1 0 1 
2.542973 1.573818 0.000000 -2.336868 3.665240 8888.494563 0.000000 2212 3783 1 0 1 
-3.725657 1.333637 0.000000 5.965438 0.337438 8936.185481 0.000000 2212 3784 1 0 1 
0.878604 2.648808 0.000000 -0.982684 4.490521 8847.787304 0.000000 2212 3785 1 0 1 
1.387331 -1.115825 0.000000 -3.642966 0.265432 8882.714095 0.000000 2212 3786 1 0 1 
0.512529 -1.483140 0.000000 -0.682282 -3.746668 8920.959861 0.000000 2212 3787 1 0 1 
0.846058 -1.136714 0.000000 -2.307913 -4.295387 8912.413113 0.000000 2212 3788 1 0 1 
4.965327 -3.332180 0.000000 -6.769930 -4.907177 8951.566797 0.000000 2212 3789 1 0 1 
-0.702068 0.019489 0.000000 -0.703212 4.632898 8813.239839 0.000000 2212 3790 1 0 1 
-1.379307 0.068526 0.000000 1.330852 -3.336676 8930.990653 0.000000 2212 3791 1 0 1 
-0.716565 -0.762309 0.000000 0.176360 -0.931533 8885.682586 0.000000 2212 3792 1 0 1 
-1.513331 -0.900209 0.000000 2.015193 -3.313655 8910.405761 0.000000 2212 3793 1 0 1 
0.722907 0.662221 0.000000 -0.659028 -0.364812 8911.008803 0.000000 2212 3794 1 0 1 
-0.027652 0.509447 0.000000 -0.386950 -0.358027 8886.421700 0.000000 2212 3795 1 0 1 
-2.104215 1.614684 0.000000 2.180811 3.183905 8873.101761 0.000000 2212 3796 1 0 1 
2.181220 -0.701821 0.000000 -3.271050 0.423282 8894.617047 0.000000 2212 3797 1 0 1 
1.124425 0.309216 0.000000 -1.080669 0.527760 8905.302617 0.000000 2212 3798 1 0 1 
-1.580559 -2.198534 0.000000 1.309564 2.558358 8872.638394 0.000000 2212 3799 1 0 1 
0.542800 -1.759545 0.000000 -0.444372 0.542766 8860.524285 0.000000 2212 3800 1 0 1 
0.216483 -3.388684 0.000000 0.110578 -5.858293 8942.016502 0.000000 2212 3801 1 0 1 
-0.207624 -0.417749 0.000000 0.811184 -1.683772 8875.885396 0.000000 2212 3802 1 0 1 
2.936643 2.142905 0.000000 -7.269495 4.025292 8872.998131 0.000000 2212 3803 1 0 1 
-1.490700 -1.418220 0.000000 1.568285 1.129684 8889.812799 0.000000 2212 3804 1 0 1 
-0.298694 1.203428 0.000000 -1.753311 2.772964 8885.802235 0.000000 2212 3805 1 0 1 
1.369673 0.972892 0.000000 -1.574796 1.482994 8884.395059 0.000000 2212 3806 1 0 1 
2.896729 -0.769910 0.000000 -4.634871 -0.259250 8895.988381 0.000000 2212 3807 1 0 1 
-0.083339 -0.347179 0.000000 1.159048 -2.792766 8911.433550 0.000000 2212 3808 1 0 1 
0.018953 -1.409432 0.000000 1.674894 -0.293076 8902.793435 0.000000 2212 3809 1 0 1 
-1.998614 -0.664629 0.000000 3.022766 -6.370684 8937.531468 0.000000 2212 3810 1 0 1 
0.654164 -0.604061 0.000000 -1.482473 0.582787 8878.161039 0.000000 2212 3811 1 0 1 
0.433917 -0.265142 0.000000 -0.278514 -0.738249 8915.954830 0.000000 2212 3812 1 0 1 
-2.793868 -0.212997 0.000000 2.762998 3.206552 8831.505826 0.000000 2212 3813 1 0 1 
-0.490683 0.984637 0.000000 -0.862264 2.195239 8873.674539 0.000000 2212 3814 1 0 1 
1.592393 -2.030371 0.000000 -1.912910 -4.390970 8916.561221 0.000000 2212 3815 1 0 1 
0.928602 -0.226217 0.000000 -2.342002 -3.515549 8937.170883 0.000000 2212 3816 1 0 1 
-0.433278 0.116540 0.000000 -1.518622 -1.861583 8930.801176 0.000000 2212 3817 1 0 1 
1.846649 -0.260235 0.000000 -0.773382 0.688025 8886.642160 0.000000 2212 3818 1 0 1 
6.020284 1.196657 0.000000 -8.769075 1.296061 8899.716941 0.000000 2212 3819 1 0 1 
-4.490006 -2.137483 0.000000 5.739068 -4.061175 8931.889124 0.000000 2212 3820 1 0 1 
-2.663111 1.372469 0.000000 2.743718 3.863356 8869.557690 0.000000 2212 3821 1 0 1 
-0.175700 -2.254882 0.000000 0.620474 -10.522442 8974.554193 0.000000 2212 3822 1 0 1 
-2.199454 0.867794 0.000000 2.187911 0.750192 8880.582545 0.000000 2212 3823 1 0 1 
1.733592 1.553127 0.000000 -3.276769 3.963729 8804.067118 0.000000 2212 3824 1 0 1 
-1.318768 -2.321506 0.000000 2.284526 -0.307705 8881.788003 0.000000 2212 3825 1 0 1 
0.512038 2.399328 0.000000 -1.356188 4.561095 8838.044133 0.000000 2212 3826 1 0 1 
0.773259 2.405144 0.000000 -0.799679 1.977634 8861.860301 0.000000 2212 3827 1 0 1 
-0.511921 1.558204 0.000000 1.170917 4.549866 8863.365871 0.000000 2212 3828 1 0 1 
1.962678 -0.331819 0.000000 -3.794154 -4.241635 8909.535897 0.000000 2212 3829 1 0 1 
-0.418135 0.286553 0.000000 1.066968 -2.134678 8930.402221 0.000000 2212 3830 1 0 1 
-0.173987 1.037366 0.000000 0.320653 2.117038 8881.494632 0.000000 2212 3831 1 0 1 
0.019620 2.215580 0.000000 0.484409 2.562116 8825.410120 0.000000 2212 3832 1 0 1 
-1.621806 0.473235 0.000000 1.988118 2.282090 8850.573837 0.000000 2212 3833 1 0 1 
-0.467265 -2.596375 0.000000 -1.010909 -2.275825 8873.499815 0.000000 2212 3834 1 0 1 
-1.592030 1.152579 0.000000 3.125377 -0.552488 8873.844063 0.000000 2212 3835 1 0 1 
0.709959 0.054057 0.000000 -2.109205 1.269537 8879.243251 0.000000 2212 3836 1 0 1 
-0.140259 0.636759 0.000000 0.355893 0.293533 8842.496726 0.000000 2212 3837 1 0 1 
0.278612 0.854082 0.000000 -0.650208 6.629034 8872.876320 0.000000 2212 3838 1 0 1 
-1.412419 1.333484 0.000000 0.550636 1.719110 8869.720497 0.000000 2212 3839 1 0 1 
1.127347 -0.563683 0.000000 -0.717729 -0.461105 8906.584250 0.000000 2212 3840 1 0 1 
-0.529695 1.546875 0.000000 0.625702 2.781440 8857.641110 0.000000 2212 3841 1 0 1 
-1.126280 -0.088936 0.000000 3.380129 1.630160 8896.132449 0.000000 2212 3842 1 0 1 
-1.641484 -0.498665 0.000000 1.053133 3.199557 8848.134984 0.000000 2212 3843 1 0 1 
0.899220 -0.304953 0.000000 -1.266986 -4.923357 8916.018121 0.000000 2212 3844 1 0 1 
1.335625 -0.596275 0.000000 -1.358245 -4.314476 8934.410893 0.000000 2212 3845 1 0 1 
0.896591 -0.705620 0.000000 -2.120306 -4.004522 8900.588509 0.000000 2212 3846 1 0 1 
0.441083 0.317262 0.000000 -2.075464 -0.749493 8882.495823 0.000000 2212 3847 1 0 1 
-0.351854 -1.497772 0.000000 1.063667 0.114094 8870.823082 0.000000 2212 3848 1 0 1 
1.069404 1.082007 0.000000 -0.980044 5.914589 8827.260315 0.000000 2212 3849 1 0 1 
2.185114 0.061888 0.000000 -2.976333 -1.645662 8893.120035 0.000000 2212 3850 1 0 1 
-0.104256 1.937964 0.000000 1.349435 -2.884456 8902.462320 0.000000 2212 3851 1 0 1 
-2.272790 -1.407910 0.000000 3.316594 -6.917408 8922.370307 0.000000 2212 3852 1 0 1 
0.362577 -0.913555 0.000000 -0.430346 1.253969 8895.755667 0.000000 2212 3853 1 0 1 
-1.921247 0.919344 0.000000 1.371145 -0.025237 8870.470401 0.000000 2212 3854 1 0 1 
-1.621692 1.045801 0.000000 4.511818 -0.459078 8904.436599 0.000000 2212 3855 1 0 1 
3.926625 -0.495865 0.000000 -7.497559 1.101392 8890.514914 0.000000 2212 3856 1 0 1 
-1.241019 -1.748266 0.000000 4.246559 -7.351141 8903.463286 0.000000 2212 3857 1 0 1 
1.411954 1.059689 0.000000 1.642958 -1.626543 8919.752288 0.000000 2212 3858 1 0 1 
-0.020392 -1.213984 0.000000 -1.130406 -3.003579 8934.157313 0.000000 2212 3859 1 0 1 
1.326717 1.056335 0.000000 -2.027873 1.365572 8874.309174 0.000000 2212 3860 1 0 1 
-0.561409 0.032512 0.000000 -1.202090 -6.365833 8923.655301 0.000000 2212 3861 1 0 1 
-2.060298 -0.275640 0.000000 3.227096 -2.781147 8911.979720 0.000000 2212 3862 1 0 1 
1.708846 0.562058 0.000000 -1.622681 -0.473582 8898.545740 0.000000 2212 3863 1 0 1 
1.168371 1.365245 0.000000 -1.026030 5.591583 8881.360185 0.000000 2212 3864 1 0 1 
-1.482089 0.666362 0.000000 0.433816 2.790770 8845.469590 0.000000 2212 3865 1 0 1 
-0.030430 -3.180866 0.000000 -0.698294 0.739410 8862.046697 0.000000 2212 3866 1 0 1 
3.322273 -1.344851 0.000000 -3.556625 -4.836852 8952.781899 0.000000 2212 3867 1 0 1 
1.576397 1.391601 0.000000 -3.443931 0.152807 8873.285753 0.000000 2212 3868 1 0 1 
-0.949925 -2.058151 0.000000 0.776780 -5.803703 8906.922964 0.000000 2212 3869 1 0 1 
-0.910774 -1.398984 0.000000 2.712684 -3.029152 8881.997222 0.000000 2212 3870 1 0 1 
0.060135 0.355594 0.000000 -0.554942 0.176293 8902.157272 0.000000 2212 3871 1 0 1 
-1.129297 -0.225006 0.000000 2.554050 1.300775 8891.333984 0.000000 2212 3872 1 0 1 
2.893128 0.884544 0.000000 -4.136816 -2.537218 8923.330144 0.000000 2212 3873 1 0 1 
0.967916 0.854000 0.000000 -2.468666 3.400967 8880.040854 0.000000 2212 3874 1 0 1 
1.849995 -0.367896 0.000000 -4.528921 -1.435472 8916.973298 0.000000 2212 3875 1 0 1 
-0.308831 2.517333 0.000000 1.105746 4.408765 8873.194351 0.000000 2212 3876 1 0 1 
0.365742 -0.976172 0.000000 0.009853 -2.547858 8902.838798 0.000000 2212 3877 1 0 1 
-1.423985 -1.232136 0.000000 3.889427 -3.458320 8925.279329 0.000000 2212 3878 1 0 1 
1.244759 -0.122452 0.000000 0.717153 3.142431 8889.823813 0.000000 2212 3879 1 0 1 
2.551627 -3.034328 0.000000 -3.226599 -7.077837 8921.123443 0.000000 2212 3880 1 0 1 
-1.752896 1.402168 0.000000 2.524477 2.860060 8883.688825 0.000000 2212 3881 1 0 1 
0.357980 0.076943 0.000000 -0.823820 3.866497 8828.111946 0.000000 2212 3882 1 0 1 
0.191230 3.221870 0.000000 -0.080999 4.031286 8915.485151 0.000000 2212 3883 1 0 1 
-1.215576 1.314479 0.000000 5.013590 3.977594 8838.068305 0.000000 2212 3884 1 0 1 
-0.526641 -1.356243 0.000000 1.215088 -2.097856 8906.178102 0.000000 2212 3885 1 0 1 
0.192178 0.065677 0.000000 2.025229 -2.183605 8902.151619 0.000000 2212 3886 1 0 1 
-1.669926 1.799010 0.000000 1.336054 3.165395 8917.991471 0.000000 2212 3887 1 0 1 
-2.172011 1.342654 0.000000 2.758574 1.265774 8879.923264 0.000000 2212 3888 1 0 1 
-3.697119 0.468312 0.000000 5.164211 -4.511988 8919.672650 0.000000 2212 3889 1 0 1 
-1.915206 -0.088284 0.000000 2.441072 -2.204784 8895.116974 0.000000 2212 3890 1 0 1 
0.948948 -0.976703 0.000000 0.064627 0.850640 8883.389644 0.000000 2212 3891 1 0 1 
0.961378 -0.348843 0.000000 -1.313986 -0.994731 8922.252237 0.000000 2212 3892 1 0 1 
2.055852 0.239195 0.000000 -4.811288 5.737758 8869.839177 0.000000 2212 3893 1 0 1 
-0.866553 0.929174 0.000000 1.442305 -0.535589 8885.749831 0.000000 2212 3894 1 0 1 
-0.945998 1.788519 0.000000 1.400208 4.167700 8855.796445 0.000000 2212 3895 1 0 1 
3.028865 -0.858715 0.000000 -4.048365 -1.384801 8891.369008 0.000000 2212 3896 1 0 1 
2.628340 -1.291855 0.000000 -4.558521 -5.291892 8910.169084 0.000000 2212 3897 1 0 1 
1.116561 -0.516056 0.000000 -0.708184 -4.722772 8857.169204 0.000000 2212 3898 1 0 1 
1.589049 0.991740 0.000000 -0.099120 0.078650 8897.336942 0.000000 2212 3899 1 0 1 
0.482603 0.623771 0.000000 -3.007268 7.684794 8832.457625 0.000000 2212 3900 1 0 1 
2.192729 0.034355 0.000000 -3.867127 1.923652 8901.208628 0.000000 2212 3901 1 0 1 
0.109720 -0.075762 0.000000 2.599921 -1.991386 8877.066332 0.000000 2212 3902 1 0 1 
1.863483 -0.712333 0.000000 -3.343208 -2.425677 8884.305364 0.000000 2212 3903 1 0 1 
0.779825 -0.400025 0.000000 -0.978851 -0.155437 8880.135368 0.000000 2212 3904 1 0 1 
0.321332 0.249104 0.000000 -3.011066 4.582468 8840.879195 0.000000 2212 3905 1 0 1 
0.429293 -0.260458 0.000000 0.969426 -0.048483 8904.428794 0.000000 2212 3906 1 0 1 
-3.153839 1.110842 0.000000 3.889040 2.355823 8903.630880 0.000000 2212 3907 1 0 1 
3.223038 1.808177 0.000000 -4.977424 2.828941 8907.580179 0.000000 2212 3908 1 0 1 
1.774644 -0.306739 0.000000 -2.987136 -2.090839 8859.000912 0.000000 2212 3909 1 0 1 
-0.454654 0.939892 0.000000 -0.010462 -0.440916 8937.828269 0.000000 2212 3910 1 0 1 
2.674783 -0.405887 0.000000 -3.123460 0.398665 8893.619548 0.000000 2212 3911 1 0 1 
1.894277 -1.153011 0.000000 0.556602 -2.162276 8924.150507 0.000000 2212 3912 1 0 1 
-1.798411 1.818355 0.000000 0.798507 2.785755 8864.488088 0.000000 2212 3913 1 0 1 
-0.377064 -2.203490 0.000000 -0.214224 -2.739002 8889.022074 0.000000 2212 3914 1 0 1 
0.839532 0.135340 0.000000 -2.624696 1.814221 8897.350961 0.000000 2212 3915 1 0 1 
2.211969 0.237499 0.000000 -2.053680 -0.441842 8863.043830 0.000000 2212 3916 1 0 1 
1.956484 1.926011 0.000000 -5.331641 2.768002 8843.284888 0.000000 2212 3917 1 0 1 
-3.192901 1.430222 0.000000 2.195090 1.687553 8884.338613 0.000000 2212 3918 1 0 1 
-1.510787 1.815144 0.000000 1.119461 3.652501 8864.178167 0.000000 2212 3919 1 0 1 
-0.727310 -3.393166 0.000000 2.336804 1.865297 8854.586966 0.000000 2212 3920 1 0 1 
1.601481 -1.024476 0.000000 -3.318097 -0.351019 8877.753507 0.000000 2212 3921 1 0 1 
-1.671179 -1.816490 0.000000 3.440542 -2.449363 8914.305806 0.000000 2212 3922 1 0 1 
-1.109187 -0.990060 0.000000 2.850058 -3.181464 8911.976393 0.000000 2212 3923 1 0 1 
-2.118465 -0.333259 0.000000 3.232010 0.666833 8872.675293 0.000000 2212 3924 1 0 1 
-0.416985 -1.561195 0.000000 1.964354 -1.829853 8901.604625 0.000000 2212 3925 1 0 1 
1.323306 -0.439416 0.000000 -2.607743 -4.617616 8958.913907 0.000000 2212 3926 1 0 1 
0.268397 0.221814 0.000000 1.401558 0.930885 8889.685086 0.000000 2212 3927 1 0 1 
-0.607020 -0.041878 0.000000 -0.306834 -3.805661 8903.406093 0.000000 2212 3928 1 0 1 
0.906222 2.406091 0.000000 -2.083093 3.045097 8913.015417 0.000000 2212 3929 1 0 1 
0.308318 -3.009306 0.000000 0.482457 -3.561155 8879.577426 0.000000 2212 3930 1 0 1 
-3.012504 0.153777 0.000000 5.148742 0.056296 8906.321485 0.000000 2212 3931 1 0 1 
0.345669 -2.396390 0.000000 -1.731598 -4.298201 8902.640514 0.000000 2212 3932 1 0 1 
2.114628 0.732326 0.000000 -2.825374 3.548771 8836.109366 0.000000 2212 3933 1 0 1 
1.247120 0.072052 0.000000 -1.758635 1.315717 8881.651685 0.000000 2212 3934 1 0 1 
0.030663 1.988736 0.000000 -1.685646 -0.291819 8917.184034 0.000000 2212 3935 1 0 1 
1.008968 1.344199 0.000000 -2.590784 0.115053 8889.460489 0.000000 2212 3936 1 0 1 
1.481127 0.588806 0.000000 -1.709038 -0.255014 8884.619175 0.000000 2212 3937 1 0 1 
0.707127 0.880848 0.000000 -1.409666 0.224576 8934.706215 0.000000 2212 3938 1 0 1 
1.322090 -0.319420 0.000000 -4.299265 0.680471 8869.173362 0.000000 2212 3939 1 0 1 
-0.647982 -0.357509 0.000000 0.040160 0.118138 8888.103098 0.000000 2212 3940 1 0 1 
0.618454 1.649254 0.000000 -0.898713 3.835656 8898.306724 0.000000 2212 3941 1 0 1 
-2.027024 -0.943044 0.000000 4.480712 -2.475563 8954.046179 0.000000 2212 3942 1 0 1 
2.135485 -1.530962 0.000000 -2.026105 2.838789 8881.635674 0.000000 2212 3943 1 0 1 
-5.118013 1.507026 0.000000 7.574227 -2.156119 8897.270253 0.000000 2212 3944 1 0 1 
2.097873 1.072078 0.000000 -4.690052 -3.406938 8914.268579 0.000000 2212 3945 1 0 1 
0.208536 1.797991 0.000000 0.413035 -0.074544 8893.586136 0.000000 2212 3946 1 0 1 
-6.009601 -1.405977 0.000000 8.221106 -4.124878 8919.999182 0.000000 2212 3947 1 0 1 
1.878054 1.754178 0.000000 -3.653682 4.348895 8860.659298 0.000000 2212 3948 1 0 1 
0.274004 -1.131626 0.000000 -0.634108 -2.818864 8949.154822 0.000000 2212 3949 1 0 1 
-0.383008 0.808925 0.000000 -0.649323 3.614687 8831.195933 0.000000 2212 3950 1 0 1 
0.509507 -1.330424 0.000000 0.240498 -1.952477 8906.193530 0.000000 2212 3951 1 0 1 
-0.624173 1.114928 0.000000 -0.500629 -2.451575 8883.606812 0.000000 2212 3952 1 0 1 
-0.262424 0.573893 0.000000 0.502566 -3.551683 8928.214544 0.000000 2212 3953 1 0 1 
-2.212772 2.016415 0.000000 3.986039 3.991009 8816.459723 0.000000 2212 3954 1 0 1 
3.626841 -0.734828 0.000000 -5.244725 -1.807850 8934.183165 0.000000 2212 3955 1 0 1 
-0.515449 0.068831 0.000000 0.182070 -3.167120 8900.257050 0.000000 2212 3956 1 0 1 
-0.521921 0.973778 0.000000 -0.353258 2.580613 8875.470535 0.000000 2212 3957 1 0 1 
-0.051181 0.152360 0.000000 -0.414121 2.643273 8866.071047 0.000000 2212 3958 1 0 1 
-1.410899 -3.539024 0.000000 1.187195 -8.885372 8907.148735 0.000000 2212 3959 1 0 1 
0.411212 -0.348323 0.000000 -0.646417 -1.536369 8887.454035 0.000000 2212 3960 1 0 1 
-1.531810 -0.027621 0.000000 2.103343 -1.454597 8904.413462 0.000000 2212 3961 1 0 1 
-2.192029 -1.405070 0.000000 1.853150 -0.951768 8890.352171 0.000000 2212 3962 1 0 1 
3.015057 1.560252 0.000000 -4.187570 1.960166 8898.459852 0.000000 2212 3963 1 0 1 
0.301872 1.950890 0.000000 -2.836385 4.907538 8838.925814 0.000000 2212 3964 1 0 1 
-0.715235 4.282992 0.000000 -0.733743 8.216445 8852.447657 0.000000 2212 3965 1 0 1 
-2.212966 0.011876 0.000000 4.170003 2.261118 8855.723786 0.000000 2212 3966 1 0 1 
0.456884 0.518311 0.000000 -3.506789 -2.611043 8889.638597 0.000000 2212 3967 1 0 1 
0.002106 -0.135866 0.000000 -1.821155 -1.454474 8926.488856 0.000000 2212 3968 1 0 1 
-0.801130 -1.070223 0.000000 1.326934 3.015925 8857.311620 0.000000 2212 3969 1 0 1 
-4.377535 1.483647 0.000000 4.848212 2.039043 8876.856828 0.000000 2212 3970 1 0 1 
-0.565040 -1.284728 0.000000 0.045766 4.243018 8812.242127 0.000000 2212 3971 1 0 1 
0.591842 1.634071 0.000000 -0.197471 3.917199 8833.674981 0.000000 2212 3972 1 0 1 
-2.711472 -0.469873 0.000000 3.949542 -0.255253 8875.460695 0.000000 2212 3973 1 0 1 
-2.559859 -1.040773 0.000000 4.648200 -1.574232 8906.460165 0.000000 2212 3974 1 0 1 
-1.024627 -1.471915 0.000000 1.035010 2.992941 8820.377953 0.000000 2212 3975 1 0 1 
1.896028 0.536052 0.000000 -0.320470 1.844738 8878.872037 0.000000 2212 3976 1 0 1 
-1.567162 -0.097334 0.000000 2.528677 -0.270467 8870.809939 0.000000 2212 3977 1 0 1 
2.139692 0.469047 0.000000 -3.124027 3.820892 8896.271076 0.000000 2212 3978 1 0 1 
1.022024 -2.368439 0.000000 -1.368784 -3.583630 8906.941877 0.000000 2212 3979 1 0 1 
-3.707781 0.366970 0.000000 6.426094 -0.399477 8906.418292 0.000000 2212 3980 1 0 1 
3.571528 1.497298 0.000000 -3.306571 -1.419067 8931.221156 0.000000 2212 3981 1 0 1 
-0.313557 -0.916425 0.000000 -0.808857 4.145233 8840.387808 0.000000 2212 3982 1 0 1 
0.404987 0.750453 0.000000 0.683827 0.368008 8895.406202 0.000000 2212 3983 1 0 1 
-1.316029 2.355629 0.000000 -0.661783 -0.359071 8894.146871 0.000000 2212 3984 1 0 1 
0.690102 1.812418 0.000000 -2.288476 6.502976 8832.714231 0.000000 2212 3985 1 0 1 
-0.065756 0.215715 0.000000 0.531902 -0.468992 8928.752113 0.000000 2212 3986 1 0 1 
-0.580211 -0.100476 0.000000 -1.123876 1.192045 8883.059593 0.000000 2212 3987 1 0 1 
1.714467 -1.317812 0.000000 -1.559149 -1.056999 8905.808210 0.000000 2212 3988 1 0 1 
-3.880110 1.573202 0.000000 2.810598 0.914664 8893.735374 0.000000 2212 3989 1 0 1 
-3.905526 1.376150 0.000000 6.387384 0.966433 8857.311764 0.000000 2212 3990 1 0 1 
1.915418 -1.516339 0.000000 -2.314279 -0.000503 8935.242506 0.000000 2212 3991 1 0 1 
3.128661 -0.060066 0.000000 -4.901844 0.982412 8888.776425 0.000000 2212 3992 1 0 1 
-0.116237 2.418182 0.000000 -2.225628 3.841006 8845.991463 0.000000 2212 3993 1 0 1 
-0.495831 -2.576072 0.000000 -0.449919 -2.246356 8916.387445 0.000000 2212 3994 1 0 1 
-0.178692 1.308587 0.000000 0.239263 3.929165 8873.937855 0.000000 2212 3995 1 0 1 
0.393822 -1.018039 0.000000 -0.745822 -3.045225 8886.964514 0.000000 2212 3996 1 0 1 
0.951648 -0.414418 0.000000 0.000697 -1.649550 8895.483170 0.000000 2212 3997 1 0 1 
-2.283628 -0.461524 0.000000 2.319320 4.948844 8847.367178 0.000000 2212 3998 1 0 1 
0.627120 -1.191622 0.000000 0.209488 -0.891114 8878.459202 0.000000 2212 3999 1 0 1 
2.019199 -2.013256 0.000000 -2.266338 0.680356 8892.322180 0.000000 2212 4000 1 0 1 
-0.830521 -0.526967 0.000000 -0.020782 -0.772980 8915.523742 0.000000 2212 4001 1 0 1 
-1.061124 0.744255 0.000000 0.699316 1.594329 8864.142594 0.000000 2212 4002 1 0 1 
0.744946 -1.364488 0.000000 -1.681727 -1.979841 8879.445057 0.000000 2212 4003 1 0 1 
-0.149208 0.092979 0.000000 1.676875 -1.044648 8880.201705 0.000000 2212 4004 1 0 1 
-2.506017 1.101575 0.000000 4.113037 4.691567 8848.859601 0.000000 2212 4005 1 0 1 
-0.921072 -0.017519 0.000000 -0.016276 5.677299 8866.517006 0.000000 2212 4006 1 0 1 
0.547453 0.391341 0.000000 -0.899460 1.884817 8891.040458 0.000000 2212 4007 1 0 1 
-0.403363 0.224299 0.000000 0.571669 3.213942 8855.299322 0.000000 2212 4008 1 0 1 
-1.116335 0.393357 0.000000 1.808564 0.425973 8885.113341 0.000000 2212 4009 1 0 1 
-1.511751 0.665257 0.000000 4.168466 2.772310 8866.709067 0.000000 2212 4010 1 0 1 
3.273817 0.160249 0.000000 -4.077679 0.390693 8875.887643 0.000000 2212 4011 1 0 1 
0.686871 1.127695 0.000000 -1.682762 1.985977 8841.044875 0.000000 2212 4012 1 0 1 
-1.792401 1.025096 0.000000 1.056271 3.397613 8816.247053 0.000000 2212 4013 1 0 1 
-1.075269 -1.179934 0.000000 -0.285718 -2.370943 8923.270502 0.000000 2212 4014 1 0 1 
-1.084676 -1.402673 0.000000 3.024875 -4.726166 8863.344655 0.000000 2212 4015 1 0 1 
-1.383396 0.235921 0.000000 3.951112 0.639208 8886.708912 0.000000 2212 4016 1 0 1 
-0.483229 0.764438 0.000000 0.554146 1.249885 8866.839622 0.000000 2212 4017 1 0 1 
0.627057 2.727749 0.000000 -0.483459 4.458783 8829.158128 0.000000 2212 4018 1 0 1 
1.240462 -0.041798 0.000000 -1.804390 -0.941538 8910.397742 0.000000 2212 4019 1 0 1 
-1.628646 0.876520 0.000000 2.926414 -0.588286 8865.943771 0.000000 2212 4020 1 0 1 
-0.000011 -0.312714 0.000000 -0.571190 -2.165581 8910.547527 0.000000 2212 4021 1 0 1 
-1.541270 -0.233727 0.000000 3.782451 -4.258083 8915.920004 0.000000 2212 4022 1 0 1 
2.257578 1.200117 0.000000 -3.428787 3.016245 8863.408111 0.000000 2212 4023 1 0 1 
0.828878 0.800410 0.000000 -2.916952 0.696928 8885.242587 0.000000 2212 4024 1 0 1 
-0.446686 -1.775142 0.000000 0.551486 -2.520213 8937.011714 0.000000 2212 4025 1 0 1 
0.866536 -1.114391 0.000000 -1.550643 -1.457638 8890.051867 0.000000 2212 4026 1 0 1 
-5.120058 -0.795523 0.000000 7.235879 -2.006275 8900.809578 0.000000 2212 4027 1 0 1 
-2.733608 -1.429888 0.000000 3.550541 -2.281902 8961.843385 0.000000 2212 4028 1 0 1 
-1.111317 -0.753817 0.000000 2.924532 -1.566362 8896.683581 0.000000 2212 4029 1 0 1 
1.990353 -0.863957 0.000000 -4.193684 -1.465459 8882.217550 0.000000 2212 4030 1 0 1 
-0.841109 -0.351301 0.000000 -0.052159 -4.859767 8928.417869 0.000000 2212 4031 1 0 1 
1.362967 -2.515861 0.000000 -1.553984 -4.429918 8937.088927 0.000000 2212 4032 1 0 1 
-1.637773 1.790652 0.000000 2.255012 0.859008 8922.902093 0.000000 2212 4033 1 0 1 
-0.832614 0.129735 0.000000 0.456193 -3.247712 8939.713579 0.000000 2212 4034 1 0 1 
-1.930819 0.888469 0.000000 2.104035 2.572001 8871.971991 0.000000 2212 4035 1 0 1 
-1.124053 0.419480 0.000000 0.772644 -1.738473 8910.278214 0.000000 2212 4036 1 0 1 
1.101390 -1.141203 0.000000 0.070528 -2.807269 8906.259914 0.000000 2212 4037 1 0 1 
-2.180349 0.677106 0.000000 1.284659 4.158588 8826.758085 0.000000 2212 4038 1 0 1 
-0.867567 -0.070520 0.000000 1.449545 0.307384 8903.053150 0.000000 2212 4039 1 0 1 
0.701884 -3.694007 0.000000 -2.164334 -7.872662 8920.016594 0.000000 2212 4040 1 0 1 
2.524524 -0.010273 0.000000 -3.279535 0.982303 8907.774756 0.000000 2212 4041 1 0 1 
-1.278055 0.149582 0.000000 0.986411 1.687442 8860.480202 0.000000 2212 4042 1 0 1 
0.329967 -0.399992 0.000000 0.333363 -2.626439 8926.323211 0.000000 2212 4043 1 0 1 
0.072923 1.047903 0.000000 -0.063691 -0.477575 8899.710634 0.000000 2212 4044 1 0 1 
-1.865856 -1.666447 0.000000 3.334933 -4.772422 8904.741405 0.000000 2212 4045 1 0 1 
2.449716 -0.391960 0.000000 -2.520877 1.062123 8835.715053 0.000000 2212 4046 1 0 1 
-0.171737 -1.341932 0.000000 -0.977497 3.109681 8819.596462 0.000000 2212 4047 1 0 1 
1.153301 0.019553 0.000000 0.695369 -2.671803 8919.306762 0.000000 2212 4048 1 0 1 
2.828396 -1.813845 0.000000 -1.692692 -5.870704 8922.777816 0.000000 2212 4049 1 0 1 
-0.423247 -1.208989 0.000000 1.619354 1.119518 8872.974800 0.000000 2212 4050 1 0 1 
-1.845792 0.048106 0.000000 3.712239 -1.745652 8904.603461 0.000000 2212 4051 1 0 1 
0.988029 1.395221 0.000000 -0.461032 0.480396 8883.265511 0.000000 2212 4052 1 0 1 
1.069529 -0.857281 0.000000 1.014952 -0.046569 8882.384997 0.000000 2212 4053 1 0 1 
0.360209 0.188906 0.000000 0.562358 1.782025 8866.599077 0.000000 2212 4054 1 0 1 
-2.935622 -4.318696 0.000000 4.790057 -7.752463 8935.581423 0.000000 2212 4055 1 0 1 
0.465626 0.893752 0.000000 0.462328 -0.987608 8879.109156 0.000000 2212 4056 1 0 1 
-0.203666 0.576783 0.000000 2.061823 -3.206758 8912.733404 0.000000 2212 4057 1 0 1 
-2.629372 1.340061 0.000000 2.513592 8.412828 8830.396099 0.000000 2212 4058 1 0 1 
-0.607805 1.249772 0.000000 1.063849 -1.021542 8926.429762 0.000000 2212 4059 1 0 1 
0.810921 -0.604514 0.000000 -1.313325 -4.324288 8908.341157 0.000000 2212 4060 1 0 1 
1.072540 3.192443 0.000000 -2.703890 3.310482 8862.550219 0.000000 2212 4061 1 0 1 
-1.170860 1.057752 0.000000 1.520282 1.632612 8890.460784 0.000000 2212 4062 1 0 1 
-1.238756 0.852020 0.000000 3.169996 1.536829 8896.479393 0.000000 2212 4063 1 0 1 
1.813328 1.739453 0.000000 -3.494015 -0.906629 8954.392253 0.000000 2212 4064 1 0 1 
-1.247554 -0.151116 0.000000 -0.885832 -1.125374 8910.621363 0.000000 2212 4065 1 0 1 
-1.636392 0.832837 0.000000 0.711519 1.512593 8866.071106 0.000000 2212 4066 1 0 1 
-0.211620 -0.122932 0.000000 1.206810 -1.975501 8899.636181 0.000000 2212 4067 1 0 1 
-2.873672 -0.762724 0.000000 3.900567 -3.684139 8885.260706 0.000000 2212 4068 1 0 1 
1.976962 -0.202000 0.000000 -4.326131 -1.948444 8882.902944 0.000000 2212 4069 1 0 1 
-1.760980 -0.624561 0.000000 1.531979 -1.163453 8885.258242 0.000000 2212 4070 1 0 1 
-0.748067 -0.300539 0.000000 2.210501 -3.734550 8903.106085 0.000000 2212 4071 1 0 1 
-2.727446 2.059979 0.000000 3.058044 4.377760 8837.805205 0.000000 2212 4072 1 0 1 
-0.930642 2.455544 0.000000 -0.507605 6.413530 8866.639593 0.000000 2212 4073 1 0 1 
-4.051840 -1.284977 0.000000 5.054903 1.453870 8868.956852 0.000000 2212 4074 1 0 1 
-2.282430 -1.635852 0.000000 4.297309 -1.358853 8877.475104 0.000000 2212 4075 1 0 1 
1.126049 -1.560301 0.000000 -1.392626 1.067271 8902.680499 0.000000 2212 4076 1 0 1 
-2.710256 2.249601 0.000000 1.932225 5.354820 8829.212762 0.000000 2212 4077 1 0 1 
-0.442901 -1.485641 0.000000 2.174172 -5.194122 8913.490948 0.000000 2212 4078 1 0 1 
0.879636 0.341361 0.000000 -0.181202 3.573546 8881.247648 0.000000 2212 4079 1 0 1 
-1.118180 -1.292903 0.000000 0.731153 0.018986 8864.439314 0.000000 2212 4080 1 0 1 
0.981123 2.336286 0.000000 0.304004 4.655243 8844.073506 0.000000 2212 4081 1 0 1 
-1.121309 1.005248 0.000000 1.037397 3.851862 8831.080907 0.000000 2212 4082 1 0 1 
0.472355 -0.955497 0.000000 0.515582 -2.337298 8903.640821 0.000000 2212 4083 1 0 1 
-1.236178 0.888594 0.000000 0.562942 1.983423 8898.219403 0.000000 2212 4084 1 0 1 
2.811926 0.720001 0.000000 -3.079265 0.003886 8895.731680 0.000000 2212 4085 1 0 1 
-0.645205 -1.343625 0.000000 0.617040 1.563754 8884.677444 0.000000 2212 4086 1 0 1 
0.090869 0.664712 0.000000 -2.059773 -0.825056 8876.062850 0.000000 2212 4087 1 0 1 
-3.169388 -0.393033 0.000000 6.546100 -1.132635 8924.289393 0.000000 2212 4088 1 0 1 
-3.508553 -0.347553 0.000000 2.876438 -0.717603 8893.865067 0.000000 2212 4089 1 0 1 
-0.022313 0.348380 0.000000 -1.633605 -0.101472 8894.707307 0.000000 2212 4090 1 0 1 
-3.187417 -0.801415 0.000000 2.193708 -1.101756 8942.492616 0.000000 2212 4091 1 0 1 
-1.816785 -0.363921 0.000000 4.075150 -3.473203 8927.598687 0.000000 2212 4092 1 0 1 
-0.725543 1.595435 0.000000 2.365203 0.701556 8888.939810 0.000000 2212 4093 1 0 1 
0.316676 0.938467 0.000000 -0.700670 -2.323081 8915.782314 0.000000 2212 4094 1 0 1 
2.308285 2.391810 0.000000 -2.486043 1.462803 8863.749609 0.000000 2212 4095 1 0 1 
-2.350015 1.661819 0.000000 2.777702 4.277505 8877.429173 0.000000 2212 4096 1 0 1 
-1.328353 -0.285964 0.000000 0.954016 0.026327 8886.009699 0.000000 2212 4097 1 0 1 
-1.655595 -1.616479 0.000000 3.741161 -1.874016 8921.283453 0.000000 2212 4098 1 0 1 
-0.612117 -1.165485 0.000000 1.570158 -2.433347 8920.197097 0.000000 2212 4099 1 0 1 
-0.732094 -0.259321 0.000000 1.904885 0.443788 8902.892982 0.000000 2212 4100 1 0 1 
-0.083766 0.097921 0.000000 0.056588 2.008648 8858.899450 0.000000 2212 4101 1 0 1 
1.011007 1.842718 0.000000 -2.240053 0.641303 8899.152231 0.000000 2212 4102 1 0 1 
-0.811534 1.289067 0.000000 0.666100 3.884152 8875.165493 0.000000 2212 4103 1 0 1 
-1.866837 -1.074761 0.000000 2.814072 -2.097127 8879.414939 0.000000 2212 4104 1 0 1 
-1.624557 0.669747 0.000000 3.776364 1.760162 8877.381243 0.000000 2212 4105 1 0 1 
-1.153566 0.602376 0.000000 3.528489 0.953296 8920.262134 0.000000 2212 4106 1 0 1 
-0.054443 0.089846 0.000000 -0.858367 -3.197870 8953.737288 0.000000 2212 4107 1 0 1 
-0.147753 -1.306559 0.000000 -1.654388 -5.242201 8896.501727 0.000000 2212 4108 1 0 1 
2.773737 -0.216803 0.000000 -2.048550 -3.169889 8944.913582 0.000000 2212 4109 1 0 1 
-0.995648 -0.508005 0.000000 0.533297 -1.642828 8916.711479 0.000000 2212 4110 1 0 1 
-2.323403 -1.880640 0.000000 3.027663 -2.509428 8882.852611 0.000000 2212 4111 1 0 1 
1.634105 0.544827 0.000000 -2.336204 -0.666415 8879.797538 0.000000 2212 4112 1 0 1 
0.277564 0.046053 0.000000 0.359638 1.370471 8911.927430 0.000000 2212 4113 1 0 1 
-2.431287 0.803981 0.000000 5.165383 -0.292057 8866.304491 0.000000 2212 4114 1 0 1 
-2.737296 1.939351 0.000000 3.123674 5.925030 8844.270991 0.000000 2212 4115 1 0 1 
1.168069 0.127961 0.000000 -0.666712 -1.076278 8873.150961 0.000000 2212 4116 1 0 1 
-1.211070 1.221127 0.000000 0.572900 -1.031043 8903.571378 0.000000 2212 4117 1 0 1 
-1.637001 -0.886832 0.000000 2.085887 -0.052659 8900.841797 0.000000 2212 4118 1 0 1 
0.633335 3.109416 0.000000 -3.059518 4.249593 8843.233509 0.000000 2212 4119 1 0 1 
2.086408 -1.249129 0.000000 -2.612126 -2.317815 8900.445454 0.000000 2212 4120 1 0 1 
-1.594093 0.645674 0.000000 3.548918 1.143321 8867.367233 0.000000 2212 4121 1 0 1 
-0.172283 -0.265103 0.000000 1.316281 0.377970 8903.244011 0.000000 2212 4122 1 0 1 
-0.657455 0.555929 0.000000 0.149938 2.211598 8901.806166 0.000000 2212 4123 1 0 1 
1.177801 0.741185 0.000000 -2.807779 -0.304170 8891.463641 0.000000 2212 4124 1 0 1 
1.210970 -0.081329 0.000000 -2.607762 -2.010465 8926.921205 0.000000 2212 4125 1 0 1 
-3.914673 -0.701962 0.000000 5.480505 0.488682 8899.734382 0.000000 2212 4126 1 0 1 
0.814366 0.394639 0.000000 0.878120 0.641620 8899.687901 0.000000 2212 4127 1 0 1 
-0.441495 -0.037030 0.000000 1.604066 2.086708 8886.004498 0.000000 2212 4128 1 0 1 
2.594935 -1.073012 0.000000 -4.780918 -4.140304 8916.905205 0.000000 2212 4129 1 0 1 
0.310623 -1.078273 0.000000 -1.365470 -3.382824 8938.894980 0.000000 2212 4130 1 0 1 
-0.794357 1.862893 0.000000 1.786318 1.766710 8878.927769 0.000000 2212 4131 1 0 1 
2.752313 1.198478 0.000000 -3.203176 2.810848 8873.171645 0.000000 2212 4132 1 0 1 
4.196511 2.389159 0.000000 -4.274603 2.220277 8871.531562 0.000000 2212 4133 1 0 1 
1.153530 -0.556914 0.000000 -3.090240 -1.034014 8910.109955 0.000000 2212 4134 1 0 1 
-0.312143 0.051481 0.000000 -0.424450 2.803120 8883.322105 0.000000 2212 4135 1 0 1 
-2.424504 0.450866 0.000000 4.708845 3.533345 8840.747177 0.000000 2212 4136 1 0 1 
2.271906 -1.642038 0.000000 -5.093418 -0.214191 8891.443999 0.000000 2212 4137 1 0 1 
3.256413 0.792200 0.000000 -4.255549 3.200560 8890.958815 0.000000 2212 4138 1 0 1 
2.365525 -1.041152 0.000000 -3.556589 0.936054 8858.129623 0.000000 2212 4139 1 0 1 
2.971376 -0.366025 0.000000 -5.633810 1.128897 8878.626373 0.000000 2212 4140 1 0 1 
-0.718583 -0.076026 0.000000 0.916938 -4.448772 8908.608235 0.000000 2212 4141 1 0 1 
0.272597 0.646307 0.000000 -0.170855 2.080148 8852.228202 0.000000 2212 4142 1 0 1 
-0.230660 0.647363 0.000000 1.621671 0.199242 8945.229810 0.000000 2212 4143 1 0 1 
0.713755 -0.833984 0.000000 -0.228160 0.941024 8868.600821 0.000000 2212 4144 1 0 1 
-1.465249 -1.448117 0.000000 2.845741 0.200211 8866.768175 0.000000 2212 4145 1 0 1 
-1.935109 -0.460674 0.000000 2.407803 -2.167205 8898.091994 0.000000 2212 4146 1 0 1 
1.858426 0.853962 0.000000 -2.803139 -2.754516 8878.931928 0.000000 2212 4147 1 0 1 
-3.107973 -1.844085 0.000000 0.719626 -0.501020 8889.911515 0.000000 2212 4148 1 0 1 
1.586998 -2.648131 0.000000 -3.077142 1.686214 8890.810385 0.000000 2212 4149 1 0 1 
0.118543 0.445428 0.000000 -1.521466 -1.279257 8920.533704 0.000000 2212 4150 1 0 1 
-3.216497 -3.477081 0.000000 4.316901 -5.332061 8900.376919 0.000000 2212 4151 1 0 1 
0.818125 -0.693483 0.000000 0.336420 -2.692430 8907.321123 0.000000 2212 4152 1 0 1 
0.417962 0.903856 0.000000 0.502245 1.933827 8908.447175 0.000000 2212 4153 1 0 1 
-1.840331 0.186170 0.000000 1.906056 -2.098578 8909.785049 0.000000 2212 4154 1 0 1 
3.227075 -0.091163 0.000000 -3.385740 -0.194799 8877.965740 0.000000 2212 4155 1 0 1 
2.732024 -1.068828 0.000000 -3.143242 0.062249 8856.008188 0.000000 2212 4156 1 0 1 
2.947503 0.885056 0.000000 -3.641486 -4.965425 8937.089313 0.000000 2212 4157 1 0 1 
0.028473 -0.747351 0.000000 0.145318 0.967299 8863.096360 0.000000 2212 4158 1 0 1 
0.885724 1.130260 0.000000 -2.954007 3.132859 8878.602571 0.000000 2212 4159 1 0 1 
2.346166 0.230355 0.000000 -5.136624 -0.875917 8865.281097 0.000000 2212 4160 1 0 1 
0.653931 -0.077466 0.000000 1.242507 -2.880321 8925.341710 0.000000 2212 4161 1 0 1 
0.801441 0.022145 0.000000 -1.306023 -4.895314 8909.813537 0.000000 2212 4162 1 0 1 
2.760744 0.325403 0.000000 -2.767511 -3.847672 8933.477617 0.000000 2212 4163 1 0 1 
-3.535046 0.477150 0.000000 3.784912 1.800705 8829.943456 0.000000 2212 4164 1 0 1 
-1.673610 -0.631417 0.000000 1.097781 -1.907980 8884.802450 0.000000 2212 4165 1 0 1 
2.630470 1.033171 0.000000 -3.101015 -0.364344 8909.706571 0.000000 2212 4166 1 0 1 
-0.609073 2.177173 0.000000 -1.976974 2.201088 8877.264565 0.000000 2212 4167 1 0 1 
-2.783999 -0.001768 0.000000 6.578226 -0.336879 8901.550172 0.000000 2212 4168 1 0 1 
0.090350 -4.190582 0.000000 1.029574 -9.749512 8933.748285 0.000000 2212 4169 1 0 1 
-4.024907 -0.044432 0.000000 5.878656 3.578492 8848.575748 0.000000 2212 4170 1 0 1 
0.187424 1.109364 0.000000 -1.213216 -2.210273 8895.240450 0.000000 2212 4171 1 0 1 
0.588800 -2.058400 0.000000 -0.119713 -0.795252 8899.139911 0.000000 2212 4172 1 0 1 
-0.230755 2.170957 0.000000 0.616393 -0.211337 8900.235074 0.000000 2212 4173 1 0 1 
0.295530 -0.560031 0.000000 -0.121193 1.642071 8840.387496 0.000000 2212 4174 1 0 1 
1.742589 -0.169639 0.000000 -3.174701 -3.709366 8913.645216 0.000000 2212 4175 1 0 1 
0.266368 0.006527 0.000000 -1.934618 0.433699 8891.315725 0.000000 2212 4176 1 0 1 
2.119213 1.356068 0.000000 -1.123106 -1.661946 8926.745338 0.000000 2212 4177 1 0 1 
-0.637564 2.089999 0.000000 1.314066 2.920563 8904.964488 0.000000 2212 4178 1 0 1 
-0.788784 -0.734115 0.000000 0.471008 1.711940 8866.065005 0.000000 2212 4179 1 0 1 
3.294441 -1.828497 0.000000 -4.507844 -0.441741 8889.671387 0.000000 2212 4180 1 0 1 
-1.846814 -0.263274 0.000000 4.142912 3.179787 8862.854993 0.000000 2212 4181 1 0 1 
0.370967 -0.414757 0.000000 -1.852446 -1.881703 8871.285988 0.000000 2212 4182 1 0 1 
1.044599 -0.120624 0.000000 -0.615530 6.185983 8876.299372 0.000000 2212 4183 1 0 1 
-1.370908 -0.012967 0.000000 1.245212 0.323525 8854.640546 0.000000 2212 4184 1 0 1 
-2.439776 1.908887 0.000000 4.145177 1.481134 8889.061532 0.000000 2212 4185 1 0 1 
0.061462 -1.202909 0.000000 1.624781 -4.835187 8913.214098 0.000000 2212 4186 1 0 1 
-1.579359 -2.141296 0.000000 0.890662 -5.279623 8899.081606 0.000000 2212 4187 1 0 1 
-1.244512 -0.819192 0.000000 2.440867 -7.771966 8915.763445 0.000000 2212 4188 1 0 1 
-0.290070 -0.618809 0.000000 -1.131909 -6.412689 8920.229683 0.000000 2212 4189 1 0 1 
0.287683 0.044262 0.000000 -1.098604 4.838783 8878.624764 0.000000 2212 4190 1 0 1 
-2.315414 1.975241 0.000000 3.562664 3.613029 8916.199144 0.000000 2212 4191 1 0 1 
1.320627 2.322841 0.000000 -0.728050 2.004494 8896.634692 0.000000 2212 4192 1 0 1 
-0.171023 -0.193409 0.000000 0.068899 -1.151219 8891.814784 0.000000 2212 4193 1 0 1 
-0.838874 1.725769 0.000000 -0.527102 -0.585554 8912.784170 0.000000 2212 4194 1 0 1 
-3.394846 -0.436607 0.000000 2.027524 2.955100 8858.836055 0.000000 2212 4195 1 0 1 
-2.180675 1.163060 0.000000 3.699119 3.145598 8866.497292 0.000000 2212 4196 1 0 1 
-2.717034 -1.490385 0.000000 2.181363 -2.480270 8866.896383 0.000000 2212 4197 1 0 1 
0.193686 -3.368082 0.000000 -1.267493 -1.215030 8885.836180 0.000000 2212 4198 1 0 1 
-1.242261 0.197118 0.000000 1.953393 -1.785303 8910.761164 0.000000 2212 4199 1 0 1 
-2.513402 -0.204114 0.000000 2.543178 -1.646064 8862.892068 0.000000 2212 4200 1 0 1 
1.387784 -1.403591 0.000000 -3.521393 -0.142237 8900.193269 0.000000 2212 4201 1 0 1 
-1.096176 0.219440 0.000000 2.285278 -1.342143 8872.884341 0.000000 2212 4202 1 0 1 
1.547074 0.632292 0.000000 -3.748987 0.467621 8904.610216 0.000000 2212 4203 1 0 1 
-0.505004 -1.000619 0.000000 0.403085 -2.380755 8880.036887 0.000000 2212 4204 1 0 1 
-0.649571 -2.716401 0.000000 1.050023 -7.162989 8902.069317 0.000000 2212 4205 1 0 1 
3.301472 -0.083899 0.000000 -5.380500 1.711309 8889.158835 0.000000 2212 4206 1 0 1 
-1.209128 2.720623 0.000000 2.048936 -0.372230 8918.838720 0.000000 2212 4207 1 0 1 
0.756942 -1.433806 0.000000 -1.233307 -3.813264 8923.372098 0.000000 2212 4208 1 0 1 
0.542906 2.474489 0.000000 0.469289 -1.055915 8919.101878 0.000000 2212 4209 1 0 1 
-0.754837 0.009253 0.000000 0.633636 3.841265 8875.446940 0.000000 2212 4210 1 0 1 
3.192983 0.351007 0.000000 -3.570382 0.685740 8865.756929 0.000000 2212 4211 1 0 1 
1.004780 -1.321281 0.000000 -1.265242 0.012850 8861.582398 0.000000 2212 4212 1 0 1 
-0.536171 0.216099 0.000000 -0.769926 2.369651 8873.415393 0.000000 2212 4213 1 0 1 
-1.266372 -0.387712 0.000000 0.094300 -0.603613 8843.210957 0.000000 2212 4214 1 0 1 
-2.261348 -0.877923 0.000000 3.076669 -0.842371 8900.432020 0.000000 2212 4215 1 0 1 
0.377301 -1.262832 0.000000 -1.462680 -4.368805 8908.263682 0.000000 2212 4216 1 0 1 
-1.511966 0.911414 0.000000 1.695789 0.350599 8894.862079 0.000000 2212 4217 1 0 1 
-0.252516 -0.066652 0.000000 -1.179999 -1.770635 8917.892517 0.000000 2212 4218 1 0 1 
0.646129 -0.432233 0.000000 -0.826253 -0.177343 8889.999382 0.000000 2212 4219 1 0 1 
0.909029 0.261109 0.000000 -1.621573 -0.864422 8892.895168 0.000000 2212 4220 1 0 1 
-1.488884 -0.424346 0.000000 3.870640 0.256421 8888.173060 0.000000 2212 4221 1 0 1 
-1.794391 -0.881687 0.000000 4.806891 -1.130448 8889.583540 0.000000 2212 4222 1 0 1 
-2.776495 -0.629787 0.000000 6.830776 -4.278052 8942.243781 0.000000 2212 4223 1 0 1 
-0.760757 0.008807 0.000000 2.320023 -1.879031 8884.694078 0.000000 2212 4224 1 0 1 
-0.953061 1.083907 0.000000 3.719878 1.288767 8891.185849 0.000000 2212 4225 1 0 1 
-1.338949 0.439173 0.000000 1.622863 -1.419506 8842.603915 0.000000 2212 4226 1 0 1 
1.474852 -2.071840 0.000000 -0.216405 -3.694752 8907.534018 0.000000 2212 4227 1 0 1 
-1.749760 0.176418 0.000000 4.502911 2.351737 8905.372320 0.000000 2212 4228 1 0 1 
-0.680246 0.588807 0.000000 -0.419949 1.924147 8850.952174 0.000000 2212 4229 1 0 1 
0.158062 -0.533149 0.000000 -0.223374 1.121522 8877.001014 0.000000 2212 4230 1 0 1 
-3.440391 -0.624201 0.000000 4.033128 2.988505 8841.082929 0.000000 2212 4231 1 0 1 
-2.802167 -0.662874 0.000000 4.306117 2.356085 8870.421962 0.000000 2212 4232 1 0 1 
0.139074 1.312968 0.000000 -0.281821 2.594123 8885.942002 0.000000 2212 4233 1 0 1 
-1.515198 1.014064 0.000000 1.309934 7.616655 8832.676799 0.000000 2212 4234 1 0 1 
-0.513197 -0.945528 0.000000 1.111280 -2.542044 8884.536797 0.000000 2212 4235 1 0 1 
0.238657 -1.701118 0.000000 0.458843 -5.061201 8913.974611 0.000000 2212 4236 1 0 1 
1.012500 -1.405514 0.000000 -4.029669 0.484760 8893.405748 0.000000 2212 4237 1 0 1 
0.209954 -0.058410 0.000000 -1.990139 1.394084 8878.284843 0.000000 2212 4238 1 0 1 
-0.114098 0.347083 0.000000 -0.142526 2.699576 8857.620900 0.000000 2212 4239 1 0 1 
0.401203 -2.030103 0.000000 -0.555373 -3.203483 8890.542086 0.000000 2212 4240 1 0 1 
-1.047835 -0.834071 0.000000 -0.222693 0.309582 8884.616068 0.000000 2212 4241 1 0 1 
0.994788 3.963057 0.000000 -0.623761 1.732697 8901.710130 0.000000 2212 4242 1 0 1 
-2.439737 -0.003853 0.000000 5.598672 -1.560280 8922.639750 0.000000 2212 4243 1 0 1 
0.983010 -1.315045 0.000000 1.163151 -0.077776 8876.553733 0.000000 2212 4244 1 0 1 
2.607351 1.886401 0.000000 -3.511631 3.737638 8840.870211 0.000000 2212 4245 1 0 1 
-1.232766 0.329488 0.000000 3.413516 -2.335362 8920.290923 0.000000 2212 4246 1 0 1 
2.696754 -0.770130 0.000000 -2.434946 2.478931 8885.107409 0.000000 2212 4247 1 0 1 
-0.879352 -0.465088 0.000000 1.754826 -1.655318 8878.404266 0.000000 2212 4248 1 0 1 
1.641051 0.727476 0.000000 -2.809323 0.503155 8855.530327 0.000000 2212 4249 1 0 1 
-0.191188 -2.269956 0.000000 -3.279873 -1.106883 8855.493508 0.000000 2212 4250 1 0 1 
0.012625 2.723912 0.000000 -0.650885 3.093771 8875.305608 0.000000 2212 4251 1 0 1 
1.706668 2.666047 0.000000 -3.615833 2.116054 8834.397538 0.000000 2212 4252 1 0 1 
1.557098 1.319789 0.000000 -2.431479 3.027639 8901.541418 0.000000 2212 4253 1 0 1 
-1.224234 -0.881997 0.000000 2.183580 2.768798 8861.643841 0.000000 2212 4254 1 0 1 
-1.363169 -1.735969 0.000000 2.760790 -8.026087 8970.673537 0.000000 2212 4255 1 0 1 
2.118820 -0.895489 0.000000 -2.702834 2.603106 8889.181682 0.000000 2212 4256 1 0 1 
0.270848 -0.285266 0.000000 -0.201463 0.720049 8878.947320 0.000000 2212 4257 1 0 1 
-1.529203 -0.320813 0.000000 5.489593 -2.635044 8907.346691 0.000000 2212 4258 1 0 1 
1.948686 -0.766657 0.000000 -0.919567 1.537003 8866.676272 0.000000 2212 4259 1 0 1 
3.995384 0.467222 0.000000 -6.609834 -4.086451 8915.481661 0.000000 2212 4260 1 0 1 
-1.429555 1.460770 0.000000 2.499207 1.081490 8902.634999 0.000000 2212 4261 1 0 1 
3.007672 2.088431 0.000000 -3.961505 3.167854 8852.962239 0.000000 2212 4262 1 0 1 
-1.207004 -1.589939 0.000000 0.121762 1.043650 8886.445811 0.000000 2212 4263 1 0 1 
2.541583 -2.553797 0.000000 -3.560257 -6.975443 8929.606897 0.000000 2212 4264 1 0 1 
4.009136 1.880901 0.000000 -6.620339 4.620995 8880.652457 0.000000 2212 4265 1 0 1 
2.602624 -3.201325 0.000000 -6.315795 -7.583952 8918.235996 0.000000 2212 4266 1 0 1 
1.841957 -0.764294 0.000000 -1.860223 -1.275489 8940.774020 0.000000 2212 4267 1 0 1 
-0.963770 -0.614955 0.000000 2.059639 -0.510970 8897.141239 0.000000 2212 4268 1 0 1 
0.753949 -0.428014 0.000000 0.509227 -5.348418 8900.385383 0.000000 2212 4269 1 0 1 
-0.922588 -1.629330 0.000000 -1.254642 3.202491 8863.288656 0.000000 2212 4270 1 0 1 
2.956469 0.133903 0.000000 -3.992672 3.008934 8883.946702 0.000000 2212 4271 1 0 1 
-2.885874 -0.699757 0.000000 3.598903 0.425268 8897.666771 0.000000 2212 4272 1 0 1 
1.611357 -0.888106 0.000000 -2.951373 -1.612201 8909.882967 0.000000 2212 4273 1 0 1 
0.073601 -0.334689 0.000000 1.571886 2.241891 8890.038565 0.000000 2212 4274 1 0 1 
-0.483646 -0.752279 0.000000 1.560997 -0.455805 8899.149821 0.000000 2212 4275 1 0 1 
-0.328722 -2.365951 0.000000 0.536710 -10.717416 8957.343943 0.000000 2212 4276 1 0 1 
1.561718 -1.262312 0.000000 -0.915263 -5.209198 8929.130121 0.000000 2212 4277 1 0 1 
-0.664445 -0.370470 0.000000 0.285587 -1.413714 8888.579659 0.000000 2212 4278 1 0 1 
0.863465 0.138651 0.000000 -1.222531 2.783738 8876.397381 0.000000 2212 4279 1 0 1 
2.384517 -1.286870 0.000000 -4.229321 1.952094 8879.412212 0.000000 2212 4280 1 0 1 
-2.648692 -1.409140 0.000000 2.156263 -1.683819 8890.077257 0.000000 2212 4281 1 0 1 
-2.809519 0.877574 0.000000 5.462732 -0.524936 8878.283053 0.000000 2212 4282 1 0 1 
-4.250733 -0.023384 0.000000 4.728040 1.980165 8858.483863 0.000000 2212 4283 1 0 1 
1.269421 -0.113296 0.000000 -4.332023 0.786310 8850.587960 0.000000 2212 4284 1 0 1 
2.081162 0.631964 0.000000 -2.505964 6.918392 8870.508503 0.000000 2212 4285 1 0 1 
-0.903984 -2.607267 0.000000 0.311908 -2.951478 8902.865046 0.000000 2212 4286 1 0 1 
-1.888053 2.238440 0.000000 0.737445 4.030655 8875.664637 0.000000 2212 4287 1 0 1 
-1.990558 -0.180396 0.000000 2.904604 -3.947574 8912.404975 0.000000 2212 4288 1 0 1 
-1.091923 0.580314 0.000000 -1.904305 2.008646 8896.839934 0.000000 2212 4289 1 0 1 
0.585553 1.014343 0.000000 -0.671531 1.579387 8840.390220 0.000000 2212 4290 1 0 1 
-3.188182 -0.188839 0.000000 3.736328 -1.974688 8912.621323 0.000000 2212 4291 1 0 1 
-2.781120 -0.377299 0.000000 1.410108 -3.193310 8929.495313 0.000000 2212 4292 1 0 1 
-0.476230 -0.271871 0.000000 -0.893495 3.541313 8876.361043 0.000000 2212 4293 1 0 1 
0.018506 -3.245305 0.000000 2.503939 -10.211804 8943.840845 0.000000 2212 4294 1 0 1 
-0.372014 0.442843 0.000000 -2.140627 1.402665 8884.579051 0.000000 2212 4295 1 0 1 
-2.682954 0.037401 0.000000 4.301953 -4.502884 8915.490860 0.000000 2212 4296 1 0 1 
0.516380 0.405895 0.000000 -0.776195 0.091050 8881.296764 0.000000 2212 4297 1 0 1 
2.840508 -2.001736 0.000000 -4.623376 3.975842 8864.937632 0.000000 2212 4298 1 0 1 
-2.392666 -0.005198 0.000000 1.666145 6.968709 8819.265847 0.000000 2212 4299 1 0 1 
-0.839659 0.345535 0.000000 0.641914 2.961041 8868.747201 0.000000 2212 4300 1 0 1 
-3.752561 1.076971 0.000000 3.261251 -2.262922 8936.270759 0.000000 2212 4301 1 0 1 
-1.992148 1.093919 0.000000 1.392446 0.342862 8885.740096 0.000000 2212 4302 1 0 1 
1.030870 -2.385313 0.000000 -0.096524 -2.305381 8933.919743 0.000000 2212 4303 1 0 1 
-0.376408 2.109124 0.000000 2.541904 3.578407 8859.747747 0.000000 2212 4304 1 0 1 
-1.024999 -0.758980 0.000000 0.279429 0.356182 8868.036885 0.000000 2212 4305 1 0 1 
2.191753 -1.444556 0.000000 -2.985619 -3.744264 8916.003364 0.000000 2212 4306 1 0 1 
-1.426386 -0.372141 0.000000 3.543850 -2.367935 8934.780099 0.000000 2212 4307 1 0 1 
0.779103 1.466457 0.000000 0.129621 3.582261 8856.618559 0.000000 2212 4308 1 0 1 
-0.305114 -0.222994 0.000000 2.724959 2.103012 8836.069345 0.000000 2212 4309 1 0 1 
1.092656 -0.655176 0.000000 -1.380479 1.113930 8946.146325 0.000000 2212 4310 1 0 1 
2.284365 -1.766822 0.000000 -2.068686 -3.184719 8905.877477 0.000000 2212 4311 1 0 1 
1.279558 -0.979232 0.000000 -1.608779 -4.609029 8906.075971 0.000000 2212 4312 1 0 1 
-3.128812 -0.607150 0.000000 2.681439 -0.599262 8874.371838 0.000000 2212 4313 1 0 1 
1.741672 -1.091234 0.000000 -1.334595 -1.092569 8897.210230 0.000000 2212 4314 1 0 1 
-0.664916 1.231927 0.000000 2.337979 0.288471 8886.287985 0.000000 2212 4315 1 0 1 
-2.662015 0.144612 0.000000 4.659933 2.774463 8867.262871 0.000000 2212 4316 1 0 1 
0.975996 0.822338 0.000000 0.464366 -1.866422 8913.464503 0.000000 2212 4317 1 0 1 
-2.098581 -0.547113 0.000000 1.147581 -0.139294 8883.747382 0.000000 2212 4318 1 0 1 
-2.350909 -0.960594 0.000000 1.922683 -1.242669 8918.296942 0.000000 2212 4319 1 0 1 
3.134080 2.341184 0.000000 -3.191200 4.835860 8841.506720 0.000000 2212 4320 1 0 1 
-1.015036 0.009107 0.000000 0.187958 -1.124458 8869.819860 0.000000 2212 4321 1 0 1 
-0.665296 -1.357446 0.000000 1.193828 -8.309911 8942.028476 0.000000 2212 4322 1 0 1 
-0.587087 1.473347 0.000000 0.043490 3.035705 8875.757824 0.000000 2212 4323 1 0 1 
0.878545 -2.034550 0.000000 -0.934849 -2.152794 8934.436726 0.000000 2212 4324 1 0 1 
-0.796261 1.521990 0.000000 2.507164 4.784016 8851.055953 0.000000 2212 4325 1 0 1 
-0.878020 -0.551168 0.000000 0.321538 3.686923 8865.143949 0.000000 2212 4326 1 0 1 
-3.447096 0.878434 0.000000 3.862276 0.758335 8864.659708 0.000000 2212 4327 1 0 1 
1.931719 -1.492241 0.000000 -1.830334 -2.329023 8900.334453 0.000000 2212 4328 1 0 1 
-0.284197 -0.321113 0.000000 -1.828514 -1.182356 8929.224277 0.000000 2212 4329 1 0 1 
0.991909 0.674657 0.000000 -0.252585 -0.219239 8882.471845 0.000000 2212 4330 1 0 1 
-1.699939 0.282889 0.000000 1.419121 -1.606320 8904.320580 0.000000 2212 4331 1 0 1 
0.151253 -0.083070 0.000000 -0.079145 -4.387734 8912.747057 0.000000 2212 4332 1 0 1 
2.155006 -1.341378 0.000000 -1.779427 -3.790321 8947.187958 0.000000 2212 4333 1 0 1 
-1.507687 0.701135 0.000000 1.222683 -4.228128 8907.007656 0.000000 2212 4334 1 0 1 
2.120821 -2.068665 0.000000 -4.618673 -3.865126 8921.104578 0.000000 2212 4335 1 0 1 
0.287290 1.276380 0.000000 -0.596539 0.676639 8878.829684 0.000000 2212 4336 1 0 1 
0.474244 1.937638 0.000000 -0.873704 5.995595 8844.065192 0.000000 2212 4337 1 0 1 
-0.956348 -0.368592 0.000000 1.957399 2.780731 8875.176761 0.000000 2212 4338 1 0 1 
-0.915555 -0.990984 0.000000 1.168648 -6.289830 8956.443384 0.000000 2212 4339 1 0 1 
-0.896656 -1.913998 0.000000 0.974722 2.328693 8862.735244 0.000000 2212 4340 1 0 1 
0.366520 -1.468197 0.000000 -0.735510 1.288955 8893.601053 0.000000 2212 4341 1 0 1 
0.372331 0.328177 0.000000 -0.525228 1.976961 8871.437078 0.000000 2212 4342 1 0 1 
-1.185667 -0.181667 0.000000 1.613808 0.328467 8922.213956 0.000000 2212 4343 1 0 1 
-0.991881 -0.640737 0.000000 1.296991 1.061374 8834.012853 0.000000 2212 4344 1 0 1 
-1.550588 -2.323488 0.000000 0.791198 0.142315 8897.823912 0.000000 2212 4345 1 0 1 
1.323315 -0.848545 0.000000 -3.051857 -0.301235 8868.525214 0.000000 2212 4346 1 0 1 
4.125319 0.299112 0.000000 -4.638471 2.993796 8894.865606 0.000000 2212 4347 1 0 1 
0.355906 1.341626 0.000000 -2.206726 0.498859 8894.862011 0.000000 2212 4348 1 0 1 
0.304417 1.728380 0.000000 2.614114 2.266694 8896.541696 0.000000 2212 4349 1 0 1 
0.592244 1.626257 0.000000 -1.528523 2.000647 8869.050819 0.000000 2212 4350 1 0 1 
-0.037696 1.484528 0.000000 1.354266 -0.331569 8895.376424 0.000000 2212 4351 1 0 1 
0.460274 0.703166 0.000000 -2.025517 2.989789 8841.714508 0.000000 2212 4352 1 0 1 
1.942010 -0.241765 0.000000 -1.161496 2.036735 8883.392145 0.000000 2212 4353 1 0 1 
2.390388 0.437253 0.000000 -4.498986 2.451945 8862.176589 0.000000 2212 4354 1 0 1 
-0.460646 1.284258 0.000000 -0.462720 1.355159 8936.699317 0.000000 2212 4355 1 0 1 
1.019736 0.022855 0.000000 -1.104842 -0.196230 8900.937973 0.000000 2212 4356 1 0 1 
-0.549809 1.634463 0.000000 0.617477 2.559629 8876.501065 0.000000 2212 4357 1 0 1 
-1.294642 -0.564504 0.000000 2.807084 -5.268227 8904.752321 0.000000 2212 4358 1 0 1 
1.081663 -2.061384 0.000000 -2.020072 0.970512 8892.656883 0.000000 2212 4359 1 0 1 
0.256044 0.763137 0.000000 -1.288678 1.344852 8882.453205 0.000000 2212 4360 1 0 1 
-2.885719 -1.318615 0.000000 1.428660 0.481859 8843.810173 0.000000 2212 4361 1 0 1 
1.137299 2.513462 0.000000 -2.542425 3.950505 8879.504967 0.000000 2212 4362 1 0 1 
0.012325 -0.924328 0.000000 -1.556404 1.216690 8890.854025 0.000000 2212 4363 1 0 1 
1.008299 2.115518 0.000000 -1.909947 1.544636 8895.492750 0.000000 2212 4364 1 0 1 
-0.077076 -0.631799 0.000000 1.625389 2.937683 8842.301788 0.000000 2212 4365 1 0 1 
-2.033718 0.004189 0.000000 0.661957 2.698736 8831.623856 0.000000 2212 4366 1 0 1 
-0.750656 0.808504 0.000000 1.129036 0.943776 8877.440190 0.000000 2212 4367 1 0 1 
2.308545 -1.304845 0.000000 -3.743250 -2.570090 8897.398386 0.000000 2212 4368 1 0 1 
-1.237941 -2.817079 0.000000 2.116092 -0.230678 8859.624829 0.000000 2212 4369 1 0 1 
-2.528974 0.283767 0.000000 3.743168 -2.629718 8903.004600 0.000000 2212 4370 1 0 1 
-0.361237 0.402860 0.000000 2.107202 0.068723 8880.704723 0.000000 2212 4371 1 0 1 
0.346718 -1.443019 0.000000 0.397692 -1.520539 8851.624075 0.000000 2212 4372 1 0 1 
-1.562226 -1.173288 0.000000 2.336831 -4.591641 8912.044382 0.000000 2212 4373 1 0 1 
-0.590870 1.300458 0.000000 -1.908881 -1.939252 8887.357443 0.000000 2212 4374 1 0 1 
0.318585 -0.435162 0.000000 1.754459 -2.333970 8906.091983 0.000000 2212 4375 1 0 1 
0.288014 -4.017742 0.000000 -3.666745 -5.967930 8904.920751 0.000000 2212 4376 1 0 1 
0.254538 -2.891989 0.000000 -0.282303 -5.218904 8957.837605 0.000000 2212 4377 1 0 1 
0.923773 0.405856 0.000000 -2.921719 0.799763 8862.573497 0.000000 2212 4378 1 0 1 
2.216757 -0.024402 0.000000 -2.409791 -3.558656 8951.675916 0.000000 2212 4379 1 0 1 
-2.725123 -2.482792 0.000000 3.667002 -3.968089 8886.295547 0.000000 2212 4380 1 0 1 
3.970669 1.218948 0.000000 -5.238561 1.690412 8936.758886 0.000000 2212 4381 1 0 1 
-0.241486 -1.320292 0.000000 -1.152400 -3.236418 8912.623127 0.000000 2212 4382 1 0 1 
0.639881 -0.807124 0.000000 1.441255 -3.575853 8906.961238 0.000000 2212 4383 1 0 1 
0.120797 -0.170263 0.000000 0.723773 -0.589189 8890.039257 0.000000 2212 4384 1 0 1 
3.603752 1.462612 0.000000 -7.435311 -0.301688 8877.750267 0.000000 2212 4385 1 0 1 
-1.885811 0.404274 0.000000 3.639769 2.734302 8895.112256 0.000000 2212 4386 1 0 1 
0.207623 -1.294411 0.000000 -2.565828 -2.514082 8891.671759 0.000000 2212 4387 1 0 1 
0.809642 -0.892183 0.000000 0.408913 -0.139169 8921.548955 0.000000 2212 4388 1 0 1 
-0.147705 0.090637 0.000000 1.328976 1.815139 8869.631628 0.000000 2212 4389 1 0 1 
-0.338985 -1.870447 0.000000 2.579394 -3.717628 8951.805131 0.000000 2212 4390 1 0 1 
1.485983 -0.328039 0.000000 -0.931118 -1.060764 8875.041983 0.000000 2212 4391 1 0 1 
0.009618 0.606022 0.000000 0.588393 1.182159 8882.383820 0.000000 2212 4392 1 0 1 
2.454809 0.132426 0.000000 -2.518283 0.836981 8901.442377 0.000000 2212 4393 1 0 1 
1.330505 -1.537541 0.000000 -1.781939 3.129943 8832.568593 0.000000 2212 4394 1 0 1 
-2.170227 -2.235145 0.000000 2.801885 -3.022902 8889.330027 0.000000 2212 4395 1 0 1 
1.814328 1.984674 0.000000 -2.477911 5.088532 8875.928357 0.000000 2212 4396 1 0 1 
2.442566 -0.093779 0.000000 -1.644448 -0.530661 8905.818231 0.000000 2212 4397 1 0 1 
-0.176482 -2.358629 0.000000 1.659128 -5.195000 8920.533832 0.000000 2212 4398 1 0 1 
2.514213 -0.269855 0.000000 -3.913143 1.017882 8895.086669 0.000000 2212 4399 1 0 1 
0.157127 -0.055771 0.000000 -0.840842 1.846436 8894.281268 0.000000 2212 4400 1 0 1 
-1.565332 -0.100363 0.000000 0.659790 6.207906 8849.333068 0.000000 2212 4401 1 0 1 
1.578321 -0.480410 0.000000 -1.295317 -0.817421 8903.863407 0.000000 2212 4402 1 0 1 
1.433933 -1.057731 0.000000 -2.259395 0.725165 8887.241231 0.000000 2212 4403 1 0 1 
0.476237 -0.936569 0.000000 -1.290046 2.299324 8902.063137 0.000000 2212 4404 1 0 1 
-0.405769 1.301163 0.000000 1.241861 -1.703281 8912.210984 0.000000 2212 4405 1 0 1 
0.259370 -0.433523 0.000000 -0.516858 -3.864744 8949.149621 0.000000 2212 4406 1 0 1 
-2.049588 -0.859513 0.000000 4.363844 -4.235697 8906.961613 0.000000 2212 4407 1 0 1 
-0.787259 0.913827 0.000000 1.358019 -1.512342 8869.244144 0.000000 2212 4408 1 0 1 
-1.397304 -1.662409 0.000000 2.978340 -2.679925 8864.245823 0.000000 2212 4409 1 0 1 
-2.857043 0.903518 0.000000 3.507967 1.971620 8877.722237 0.000000 2212 4410 1 0 1 
-2.532189 -0.958592 0.000000 1.913838 -4.330754 8866.255921 0.000000 2212 4411 1 0 1 
0.940749 0.033372 0.000000 -1.509850 0.797521 8844.048305 0.000000 2212 4412 1 0 1 
-1.583737 -1.002111 0.000000 2.882426 -1.326581 8920.936058 0.000000 2212 4413 1 0 1 
-1.964192 0.161612 0.000000 3.185200 -0.490470 8883.353830 0.000000 2212 4414 1 0 1 
0.351561 0.785301 0.000000 -1.848666 2.163614 8853.592001 0.000000 2212 4415 1 0 1 
1.158018 -1.668198 0.000000 0.236194 -8.246990 8954.890347 0.000000 2212 4416 1 0 1 
-2.392230 0.781747 0.000000 2.443204 1.327279 8913.378199 0.000000 2212 4417 1 0 1 
-0.738495 -0.995397 0.000000 -0.072519 -0.511854 8843.667604 0.000000 2212 4418 1 0 1 
-1.721880 -3.082150 0.000000 1.688212 0.132208 8840.693150 0.000000 2212 4419 1 0 1 
0.362383 0.668889 0.000000 -0.445527 -0.334836 8912.173682 0.000000 2212 4420 1 0 1 
-1.883433 0.760472 0.000000 3.834897 -2.778236 8910.535777 0.000000 2212 4421 1 0 1 
1.257222 0.006983 0.000000 -1.379749 2.385114 8833.419864 0.000000 2212 4422 1 0 1 
-0.039330 -0.802978 0.000000 1.034207 -0.677194 8897.992046 0.000000 2212 4423 1 0 1 
0.441522 0.475285 0.000000 -0.738253 -0.499399 8920.586108 0.000000 2212 4424 1 0 1 
1.932317 1.215086 0.000000 -2.486708 4.212860 8865.296793 0.000000 2212 4425 1 0 1 
-0.890766 0.805218 0.000000 0.730507 0.876254 8910.735793 0.000000 2212 4426 1 0 1 
-2.138179 -0.832029 0.000000 1.657891 -0.152120 8889.196084 0.000000 2212 4427 1 0 1 
-1.221039 -0.966485 0.000000 1.264528 -0.077126 8881.770654 0.000000 2212 4428 1 0 1 
-1.236115 0.937679 0.000000 2.089808 -1.058181 8916.507220 0.000000 2212 4429 1 0 1 
-0.774655 1.254454 0.000000 1.490877 6.650200 8865.442337 0.000000 2212 4430 1 0 1 
2.384602 2.673781 0.000000 -4.406617 4.181117 8899.279046 0.000000 2212 4431 1 0 1 
0.640712 -0.028620 0.000000 0.098380 0.218155 8917.525306 0.000000 2212 4432 1 0 1 
1.771705 -0.237530 0.000000 -5.458077 -4.011902 8900.716566 0.000000 2212 4433 1 0 1 
0.815986 -2.136780 0.000000 -1.334210 -5.905048 8896.783605 0.000000 2212 4434 1 0 1 
0.922740 -1.150725 0.000000 -1.331721 -0.131101 8900.969306 0.000000 2212 4435 1 0 1 
-2.727509 0.196621 0.000000 2.484956 -2.922398 8929.113975 0.000000 2212 4436 1 0 1 
2.918072 1.156343 0.000000 -2.862925 1.821723 8863.923513 0.000000 2212 4437 1 0 1 
0.508555 1.848479 0.000000 -1.374789 4.162267 8877.355340 0.000000 2212 4438 1 0 1 
-1.354329 3.898912 0.000000 -1.253450 8.213371 8825.730034 0.000000 2212 4439 1 0 1 
1.482166 -1.609857 0.000000 -0.600366 -0.442071 8860.634390 0.000000 2212 4440 1 0 1 
-0.691081 0.091564 0.000000 0.131624 1.063394 8877.081130 0.000000 2212 4441 1 0 1 
0.449805 -0.434029 0.000000 -0.014403 -3.374201 8902.836966 0.000000 2212 4442 1 0 1 
-0.796623 -1.493635 0.000000 1.660571 -4.731447 8935.954322 0.000000 2212 4443 1 0 1 
1.321481 -0.014106 0.000000 -2.244524 1.126179 8885.146839 0.000000 2212 4444 1 0 1 
-1.885183 2.006776 0.000000 3.536005 2.337116 8862.908614 0.000000 2212 4445 1 0 1 
-0.633139 -1.974866 0.000000 -0.102320 -2.457456 8878.677223 0.000000 2212 4446 1 0 1 
-1.940222 -1.007292 0.000000 2.651983 2.082633 8880.387941 0.000000 2212 4447 1 0 1 
0.799229 -0.095654 0.000000 -2.143813 2.175364 8833.362187 0.000000 2212 4448 1 0 1 
0.875457 -1.585339 0.000000 -1.235197 -3.007667 8903.821369 0.000000 2212 4449 1 0 1 
-0.020660 0.857360 0.000000 0.130877 0.862467 8883.359725 0.000000 2212 4450 1 0 1 
1.686923 -0.700738 0.000000 -4.692155 -2.215668 8867.249545 0.000000 2212 4451 1 0 1 
-0.852028 0.064516 0.000000 1.801143 -2.653881 8908.812847 0.000000 2212 4452 1 0 1 
0.419892 0.794575 0.000000 -0.838609 1.602088 8885.983310 0.000000 2212 4453 1 0 1 
-3.586440 1.772745 0.000000 6.090092 1.373070 8851.193759 0.000000 2212 4454 1 0 1 
-1.426408 -1.859641 0.000000 2.951201 -1.838385 8941.812919 0.000000 2212 4455 1 0 1 
-0.014453 0.442914 0.000000 -1.051156 0.358275 8891.599154 0.000000 2212 4456 1 0 1 
2.734720 -0.158351 0.000000 -5.326695 2.496210 8884.932453 0.000000 2212 4457 1 0 1 
3.379336 1.598943 0.000000 -6.618866 -0.842360 8897.907674 0.000000 2212 4458 1 0 1 
-0.345398 0.404310 0.000000 0.552557 1.244729 8881.472425 0.000000 2212 4459 1 0 1 
-0.111671 -1.888912 0.000000 0.754412 1.056122 8862.303308 0.000000 2212 4460 1 0 1 
-2.448895 0.220866 0.000000 2.982917 -1.066670 8876.216563 0.000000 2212 4461 1 0 1 
-0.294033 4.274408 0.000000 -0.777584 7.867923 8829.100871 0.000000 2212 4462 1 0 1 
-0.529058 0.664594 0.000000 1.347430 0.342661 8855.051823 0.000000 2212 4463 1 0 1 
0.619153 -0.082842 0.000000 0.540714 -3.776081 8914.724466 0.000000 2212 4464 1 0 1 
-1.663780 -0.368665 0.000000 1.209314 -2.981354 8921.873389 0.000000 2212 4465 1 0 1 
-1.217643 0.477866 0.000000 1.759279 3.180210 8921.286954 0.000000 2212 4466 1 0 1 
-0.111253 2.381653 0.000000 2.611022 3.345951 8877.715797 0.000000 2212 4467 1 0 1 
-0.196570 -1.370370 0.000000 2.857783 -5.073476 8950.066025 0.000000 2212 4468 1 0 1 
-1.654364 -1.191179 0.000000 1.409367 -0.343045 8888.656771 0.000000 2212 4469 1 0 1 
1.993575 -0.705076 0.000000 -3.705951 -0.116576 8877.815547 0.000000 2212 4470 1 0 1 
-2.686004 -1.433499 0.000000 3.311672 0.643458 8872.043856 0.000000 2212 4471 1 0 1 
0.806262 3.949027 0.000000 -5.000917 6.491704 8831.337116 0.000000 2212 4472 1 0 1 
-2.123786 -0.395250 0.000000 3.654578 -1.732045 8902.900419 0.000000 2212 4473 1 0 1 
0.693878 -0.277933 0.000000 -0.193816 -1.084830 8893.278141 0.000000 2212 4474 1 0 1 
1.513489 0.526945 0.000000 -3.895231 1.727732 8875.567922 0.000000 2212 4475 1 0 1 
-2.688329 0.035419 0.000000 5.127522 1.403922 8906.357209 0.000000 2212 4476 1 0 1 
4.486885 -1.193998 0.000000 -6.359796 -5.339487 8956.389361 0.000000 2212 4477 1 0 1 
-2.392922 1.130523 0.000000 1.475955 0.806715 8861.705103 0.000000 2212 4478 1 0 1 
1.742501 1.753331 0.000000 -1.807692 5.836810 8840.723783 0.000000 2212 4479 1 0 1 
-2.017731 0.293770 0.000000 2.844652 -0.144580 8891.223994 0.000000 2212 4480 1 0 1 
-1.098503 -1.189568 0.000000 2.006620 2.272426 8870.557240 0.000000 2212 4481 1 0 1 
-0.518009 -2.044650 0.000000 -1.992048 -3.935681 8927.731023 0.000000 2212 4482 1 0 1 
-0.599582 -1.615846 0.000000 -2.141877 -0.275318 8847.560360 0.000000 2212 4483 1 0 1 
0.281289 0.171979 0.000000 -0.262180 4.066298 8820.157569 0.000000 2212 4484 1 0 1 
1.403898 -1.907925 0.000000 -2.644054 0.649458 8894.883848 0.000000 2212 4485 1 0 1 
2.306542 0.389093 0.000000 -1.130031 1.680265 8890.474026 0.000000 2212 4486 1 0 1 
2.242302 2.372788 0.000000 -3.384830 1.528012 8910.630207 0.000000 2212 4487 1 0 1 
1.773524 1.148879 0.000000 -0.413564 3.249759 8849.070967 0.000000 2212 4488 1 0 1 
-1.494678 0.154744 0.000000 1.435131 -0.335063 8927.369393 0.000000 2212 4489 1 0 1 
0.900731 0.147744 0.000000 -1.373836 -0.349390 8861.582019 0.000000 2212 4490 1 0 1 
-1.725101 -2.349751 0.000000 2.631521 -5.252679 8932.631935 0.000000 2212 4491 1 0 1 
-1.400270 -0.124787 0.000000 3.311512 -4.040321 8928.155671 0.000000 2212 4492 1 0 1 
-0.031854 -1.380738 0.000000 1.058723 -3.190490 8886.053741 0.000000 2212 4493 1 0 1 
1.189116 -1.340481 0.000000 -0.563357 -3.748487 8898.013224 0.000000 2212 4494 1 0 1 
1.572566 -0.067381 0.000000 -2.008000 -3.526100 8938.116647 0.000000 2212 4495 1 0 1 
-3.237663 -0.856490 0.000000 3.862019 0.349851 8858.602092 0.000000 2212 4496 1 0 1 
-4.615111 -0.040419 0.000000 5.951185 0.948184 8863.753248 0.000000 2212 4497 1 0 1 
-1.405242 2.636526 0.000000 1.911925 0.423054 8873.998985 0.000000 2212 4498 1 0 1 
-0.164564 -0.019510 0.000000 -1.198379 0.324999 8847.572543 0.000000 2212 4499 1 0 1 
-1.089027 3.631282 0.000000 1.479299 4.965443 8881.735610 0.000000 2212 4500 1 0 1 
0.946528 -0.660512 0.000000 1.157633 0.906276 8855.221378 0.000000 2212 4501 1 0 1 
1.932124 -1.488008 0.000000 -2.168225 -1.781033 8856.099084 0.000000 2212 4502 1 0 1 
-0.905087 2.205092 0.000000 1.106988 1.878621 8873.857956 0.000000 2212 4503 1 0 1 
0.195006 0.142945 0.000000 0.663761 2.172111 8910.010771 0.000000 2212 4504 1 0 1 
-2.200449 2.595652 0.000000 2.077201 5.200758 8894.897627 0.000000 2212 4505 1 0 1 
-0.146562 -1.892243 0.000000 -1.074352 -1.391623 8902.560297 0.000000 2212 4506 1 0 1 
-1.862328 -0.319862 0.000000 3.304674 -4.591668 8938.589912 0.000000 2212 4507 1 0 1 
-3.734952 -0.195693 0.000000 6.509691 1.197802 8861.199247 0.000000 2212 4508 1 0 1 
4.297116 2.077788 0.000000 -5.354306 3.725749 8915.314222 0.000000 2212 4509 1 0 1 
-2.310563 2.364972 0.000000 1.930421 0.895389 8866.653030 0.000000 2212 4510 1 0 1 
0.411551 -0.712666 0.000000 -0.844850 0.663591 8850.500466 0.000000 2212 4511 1 0 1 
1.658519 1.421862 0.000000 -2.249167 3.431832 8887.144852 0.000000 2212 4512 1 0 1 
3.452306 0.312749 0.000000 -4.967100 0.896261 8875.615648 0.000000 2212 4513 1 0 1 
-0.659419 0.741960 0.000000 0.698911 -0.468575 8924.776133 0.000000 2212 4514 1 0 1 
0.672735 0.899166 0.000000 -0.736889 -2.810687 8920.172926 0.000000 2212 4515 1 0 1 
0.194481 2.672883 0.000000 1.534534 1.875503 8866.854792 0.000000 2212 4516 1 0 1 
-1.647571 1.522804 0.000000 2.184080 2.923113 8867.379238 0.000000 2212 4517 1 0 1 
2.329111 -0.616682 0.000000 -3.540865 -3.702197 8894.926565 0.000000 2212 4518 1 0 1 
0.756503 -0.694914 0.000000 -1.339815 -1.566211 8870.995554 0.000000 2212 4519 1 0 1 
2.186290 1.414937 0.000000 -0.894730 2.682576 8908.081915 0.000000 2212 4520 1 0 1 
3.058077 0.290925 0.000000 -2.880141 -1.602088 8932.290854 0.000000 2212 4521 1 0 1 
-0.579860 -0.310993 0.000000 0.204590 -0.554899 8910.083171 0.000000 2212 4522 1 0 1 
0.191610 2.142814 0.000000 -1.246841 2.464140 8840.289020 0.000000 2212 4523 1 0 1 
2.453374 -0.152038 0.000000 -6.264349 -3.276922 8897.768105 0.000000 2212 4524 1 0 1 
1.065301 0.850505 0.000000 -1.413475 2.045601 8876.806366 0.000000 2212 4525 1 0 1 
1.168726 0.747237 0.000000 -2.391007 0.171101 8877.799007 0.000000 2212 4526 1 0 1 
0.658585 0.193523 0.000000 -0.133689 1.161252 8904.846409 0.000000 2212 4527 1 0 1 
-0.137287 -0.459495 0.000000 0.517723 -3.108882 8876.049105 0.000000 2212 4528 1 0 1 
1.347626 -0.624692 0.000000 -0.193186 -2.281362 8915.658662 0.000000 2212 4529 1 0 1 
-0.703189 2.076474 0.000000 1.470290 1.727133 8889.993210 0.000000 2212 4530 1 0 1 
-2.400631 -0.076021 0.000000 0.749812 2.376309 8881.594580 0.000000 2212 4531 1 0 1 
-0.504144 -1.106467 0.000000 0.443344 0.605942 8928.978118 0.000000 2212 4532 1 0 1 
-1.398526 1.981889 0.000000 1.010071 3.421358 8859.092671 0.000000 2212 4533 1 0 1 
-0.107026 -0.417144 0.000000 0.394438 -3.060088 8933.880580 0.000000 2212 4534 1 0 1 
0.521551 -0.376669 0.000000 1.851361 -2.818094 8925.264504 0.000000 2212 4535 1 0 1 
3.045377 1.481030 0.000000 -4.581055 2.117772 8865.443869 0.000000 2212 4536 1 0 1 
0.808383 -0.991786 0.000000 1.531854 -4.487188 8926.382387 0.000000 2212 4537 1 0 1 
-0.666075 -0.169941 0.000000 0.222357 0.335906 8915.876640 0.000000 2212 4538 1 0 1 
1.651428 -0.070546 0.000000 -1.993305 0.837137 8919.832991 0.000000 2212 4539 1 0 1 
-1.487477 1.254512 0.000000 2.189033 1.485147 8906.958189 0.000000 2212 4540 1 0 1 
-1.075057 -1.305246 0.000000 3.169831 1.352869 8886.374935 0.000000 2212 4541 1 0 1 
4.500901 -1.163478 0.000000 -5.920345 -7.659244 8960.021080 0.000000 2212 4542 1 0 1 
1.959522 -1.019170 0.000000 -2.622175 -4.359141 8922.084734 0.000000 2212 4543 1 0 1 
-1.164989 -1.267796 0.000000 0.688302 0.157938 8899.963051 0.000000 2212 4544 1 0 1 
3.994314 0.725330 0.000000 -4.562846 3.833089 8847.027978 0.000000 2212 4545 1 0 1 
-3.337433 2.449773 0.000000 5.988921 1.610964 8906.797329 0.000000 2212 4546 1 0 1 
0.000742 -0.239129 0.000000 0.033078 2.283035 8876.630815 0.000000 2212 4547 1 0 1 
1.222033 -2.011960 0.000000 -1.122068 -4.565863 8907.225918 0.000000 2212 4548 1 0 1 
0.034913 1.587546 0.000000 2.638879 -0.635316 8889.312177 0.000000 2212 4549 1 0 1 
2.648868 0.967700 0.000000 -4.335405 0.972382 8873.728505 0.000000 2212 4550 1 0 1 
1.275632 -0.813228 0.000000 -1.708061 -2.786291 8911.844217 0.000000 2212 4551 1 0 1 
-0.536921 -2.109865 0.000000 0.227874 -7.499465 8941.538592 0.000000 2212 4552 1 0 1 
2.828572 -1.077938 0.000000 -4.045131 -1.818453 8864.584401 0.000000 2212 4553 1 0 1 
3.357541 -1.099335 0.000000 -5.178269 -4.925999 8923.915733 0.000000 2212 4554 1 0 1 
2.601897 -1.007775 0.000000 -4.179722 -2.282096 8922.017857 0.000000 2212 4555 1 0 1 
0.737756 -0.343243 0.000000 -2.506529 2.860259 8862.552164 0.000000 2212 4556 1 0 1 
-2.015578 2.215169 0.000000 2.554287 3.667732 8895.576089 0.000000 2212 4557 1 0 1 
0.866007 -0.475766 0.000000 -2.167349 -0.840965 8903.647789 0.000000 2212 4558 1 0 1 
-1.882527 0.125124 0.000000 2.158343 -5.728544 8939.126870 0.000000 2212 4559 1 0 1 
-0.898308 1.342449 0.000000 0.808104 0.925374 8890.015677 0.000000 2212 4560 1 0 1 
-1.736811 -2.325583 0.000000 1.061774 -5.172599 8950.208707 0.000000 2212 4561 1 0 1 
3.382999 -1.694343 0.000000 -4.559386 -1.656114 8899.247007 0.000000 2212 4562 1 0 1 
-0.239442 -0.877493 0.000000 0.435861 -0.423565 8875.263080 0.000000 2212 4563 1 0 1 
-0.910862 -1.377529 0.000000 1.521579 -1.561273 8899.510608 0.000000 2212 4564 1 0 1 
-0.276063 -1.567604 0.000000 0.801841 -1.774920 8902.624870 0.000000 2212 4565 1 0 1 
-1.246027 0.173158 0.000000 -1.309652 3.642660 8837.666682 0.000000 2212 4566 1 0 1 
-3.178906 1.556355 0.000000 5.494399 1.388986 8884.762422 0.000000 2212 4567 1 0 1 
-1.264986 -1.567507 0.000000 0.482896 -2.392251 8863.500792 0.000000 2212 4568 1 0 1 
-0.633646 1.428015 0.000000 0.542745 2.166677 8875.426736 0.000000 2212 4569 1 0 1 
0.677161 0.704348 0.000000 0.562437 1.072971 8878.879863 0.000000 2212 4570 1 0 1 
0.344153 -0.310924 0.000000 0.581991 -2.604474 8930.074410 0.000000 2212 4571 1 0 1 
-2.780357 -1.532713 0.000000 1.445599 1.110616 8851.069542 0.000000 2212 4572 1 0 1 
-1.280176 1.945821 0.000000 1.360115 -1.270692 8924.345426 0.000000 2212 4573 1 0 1 
1.662885 -0.817120 0.000000 -2.503760 -3.702070 8901.624330 0.000000 2212 4574 1 0 1 
1.609991 1.205922 0.000000 -3.786270 2.534461 8879.468420 0.000000 2212 4575 1 0 1 
3.328639 -1.450630 0.000000 -5.659556 -4.867333 8903.257628 0.000000 2212 4576 1 0 1 
-0.230040 -0.108694 0.000000 2.250842 -4.571307 8864.515744 0.000000 2212 4577 1 0 1 
0.793038 -0.101989 0.000000 -0.100542 -2.696398 8954.589814 0.000000 2212 4578 1 0 1 
-0.584490 1.142652 0.000000 -0.289045 0.687743 8882.831918 0.000000 2212 4579 1 0 1 
1.568372 2.354708 0.000000 -0.059833 3.201838 8878.212610 0.000000 2212 4580 1 0 1 
0.822713 -1.562103 0.000000 -1.167800 -3.095153 8892.457903 0.000000 2212 4581 1 0 1 
2.641840 2.205149 0.000000 -3.872999 3.068804 8898.417870 0.000000 2212 4582 1 0 1 
3.692573 3.397855 0.000000 -7.125676 7.338260 8832.877200 0.000000 2212 4583 1 0 1 
2.321786 1.069472 0.000000 -1.439156 2.802370 8895.132090 0.000000 2212 4584 1 0 1 
0.851005 -0.389892 0.000000 -2.306545 2.600445 8848.861624 0.000000 2212 4585 1 0 1 
-1.648263 -0.420132 0.000000 3.288826 0.535646 8876.341953 0.000000 2212 4586 1 0 1 
0.066645 -0.423096 0.000000 -0.748944 3.822734 8860.356393 0.000000 2212 4587 1 0 1 
2.315024 -1.624408 0.000000 -0.662404 -0.853413 8925.292786 0.000000 2212 4588 1 0 1 
0.800809 -0.361728 0.000000 -2.709026 -1.735133 8887.901343 0.000000 2212 4589 1 0 1 
-3.815237 -0.654599 0.000000 3.968076 -1.915194 8880.605373 0.000000 2212 4590 1 0 1 
5.442200 -0.833204 0.000000 -9.923024 0.783023 8886.042932 0.000000 2212 4591 1 0 1 
-2.114006 0.100106 0.000000 1.642334 -0.320613 8903.492478 0.000000 2212 4592 1 0 1 
-0.158911 -1.034440 0.000000 0.520594 -3.501896 8915.537953 0.000000 2212 4593 1 0 1 
-2.562011 -0.368388 0.000000 3.891458 -2.710913 8887.995018 0.000000 2212 4594 1 0 1 
1.419756 -0.744104 0.000000 -0.572323 1.846969 8873.567913 0.000000 2212 4595 1 0 1 
-1.460047 -1.021182 0.000000 3.043081 0.022469 8908.203826 0.000000 2212 4596 1 0 1 
-1.150540 1.588050 0.000000 0.274459 0.520096 8901.431911 0.000000 2212 4597 1 0 1 
1.158981 0.503817 0.000000 -3.494237 -0.304878 8888.070302 0.000000 2212 4598 1 0 1 
-0.713599 -3.432323 0.000000 2.542744 -4.603945 8934.930899 0.000000 2212 4599 1 0 1 
-2.304449 -1.459738 0.000000 3.682067 -1.661275 8872.783229 0.000000 2212 4600 1 0 1 
0.195492 -0.875878 0.000000 1.513995 -6.256126 8936.012534 0.000000 2212 4601 1 0 1 
2.879683 -0.785796 0.000000 -2.003431 -3.002000 8947.619945 0.000000 2212 4602 1 0 1 
-0.156946 -2.735531 0.000000 1.882237 -4.284563 8905.169784 0.000000 2212 4603 1 0 1 
-1.528628 -0.854476 0.000000 1.171157 3.038814 8883.385724 0.000000 2212 4604 1 0 1 
1.441753 0.005175 0.000000 -2.188788 -0.883987 8862.878612 0.000000 2212 4605 1 0 1 
0.241260 -0.637956 0.000000 1.358018 7.228226 8861.388353 0.000000 2212 4606 1 0 1 
0.985050 1.337414 0.000000 -0.805861 2.563824 8861.586432 0.000000 2212 4607 1 0 1 
-4.285575 1.215512 0.000000 5.172551 6.813886 8833.893104 0.000000 2212 4608 1 0 1 
3.098560 0.258442 0.000000 -4.687702 0.384243 8891.845661 0.000000 2212 4609 1 0 1 
0.925553 1.405084 0.000000 3.037135 3.765256 8878.479004 0.000000 2212 4610 1 0 1 
-2.971425 -0.595700 0.000000 5.737907 0.999862 8889.226198 0.000000 2212 4611 1 0 1 
1.013207 0.302483 0.000000 -2.407621 3.279742 8846.327834 0.000000 2212 4612 1 0 1 
-1.125083 -1.059516 0.000000 2.096062 0.653294 8873.533454 0.000000 2212 4613 1 0 1 
0.372265 -2.283179 0.000000 -0.069430 0.766313 8894.655701 0.000000 2212 4614 1 0 1 
-1.320513 0.150025 0.000000 1.888275 0.340513 8884.266478 0.000000 2212 4615 1 0 1 
-0.617430 -0.120895 0.000000 1.395561 3.028285 8876.288977 0.000000 2212 4616 1 0 1 
2.071340 -0.221522 0.000000 -3.297578 -1.793607 8864.180053 0.000000 2212 4617 1 0 1 
-1.369029 1.128506 0.000000 1.939442 -2.115732 8894.874308 0.000000 2212 4618 1 0 1 
-0.041511 0.948761 0.000000 -0.260288 1.320782 8875.623657 0.000000 2212 4619 1 0 1 
0.342651 -0.490011 0.000000 -1.337218 -1.306594 8897.877759 0.000000 2212 4620 1 0 1 
1.770875 -0.008658 0.000000 -2.090492 -2.789515 8883.895079 0.000000 2212 4621 1 0 1 
-1.034032 -1.505776 0.000000 3.095248 -5.269010 8904.905535 0.000000 2212 4622 1 0 1 
2.328789 -0.277482 0.000000 -3.803711 -2.415741 8938.748760 0.000000 2212 4623 1 0 1 
-0.189000 -1.541824 0.000000 0.634238 -1.053265 8906.627446 0.000000 2212 4624 1 0 1 
2.314429 -0.173941 0.000000 -3.915308 0.591444 8844.172900 0.000000 2212 4625 1 0 1 
-1.697417 -0.534481 0.000000 3.926329 3.135042 8860.041678 0.000000 2212 4626 1 0 1 
0.909146 -1.372259 0.000000 0.840404 -2.612275 8880.612912 0.000000 2212 4627 1 0 1 
-0.011808 -0.498347 0.000000 -0.140291 -0.402367 8871.229827 0.000000 2212 4628 1 0 1 
-0.948745 -0.871091 0.000000 2.082453 -0.604778 8886.467209 0.000000 2212 4629 1 0 1 
1.183168 0.023885 0.000000 -0.667263 -1.193337 8911.639478 0.000000 2212 4630 1 0 1 
-0.349579 0.271242 0.000000 1.464717 -1.682887 8919.115738 0.000000 2212 4631 1 0 1 
0.407506 0.584996 0.000000 -1.216999 -3.449476 8929.087875 0.000000 2212 4632 1 0 1 
0.096015 -0.070731 0.000000 0.120373 1.501725 8871.791392 0.000000 2212 4633 1 0 1 
0.454112 1.440887 0.000000 -0.271108 3.681640 8887.456121 0.000000 2212 4634 1 0 1 
3.582724 -0.555837 0.000000 -6.076070 2.293031 8864.643900 0.000000 2212 4635 1 0 1 
1.124903 1.365291 0.000000 -2.763897 1.065423 8854.198450 0.000000 2212 4636 1 0 1 
2.761953 -0.601010 0.000000 -4.162881 1.340447 8890.603329 0.000000 2212 4637 1 0 1 
1.314077 0.536540 0.000000 -0.187557 0.728728 8868.421978 0.000000 2212 4638 1 0 1 
-1.042399 -1.112455 0.000000 -0.302479 0.985174 8859.831121 0.000000 2212 4639 1 0 1 
1.491662 -1.580629 0.000000 -0.034164 -2.718914 8938.939143 0.000000 2212 4640 1 0 1 
-3.536435 -0.458979 0.000000 4.367301 1.791436 8871.135948 0.000000 2212 4641 1 0 1 
2.519294 -1.794501 0.000000 -3.663223 -3.884895 8900.013389 0.000000 2212 4642 1 0 1 
0.285587 0.514349 0.000000 -1.540681 -0.754217 8883.379575 0.000000 2212 4643 1 0 1 
4.037876 1.889368 0.000000 -4.668913 1.372661 8904.856629 0.000000 2212 4644 1 0 1 
1.910074 -0.909566 0.000000 -3.364107 -5.961185 8941.859347 0.000000 2212 4645 1 0 1 
-0.891313 2.078959 0.000000 0.849152 8.437555 8846.946670 0.000000 2212 4646 1 0 1 
3.284861 -2.146628 0.000000 -5.209105 -7.147763 8973.935669 0.000000 2212 4647 1 0 1 
1.103820 3.127124 0.000000 -1.872898 5.669486 8888.667963 0.000000 2212 4648 1 0 1 
1.418000 1.602394 0.000000 -0.336048 3.522791 8885.487068 0.000000 2212 4649 1 0 1 
-2.620017 -3.625261 0.000000 4.790831 -7.316681 8932.745557 0.000000 2212 4650 1 0 1 
-3.109028 -1.399160 0.000000 4.858843 -1.921465 8908.605992 0.000000 2212 4651 1 0 1 
0.857908 -1.076982 0.000000 -0.892659 -3.239585 8922.333319 0.000000 2212 4652 1 0 1 
-0.633341 -1.359211 0.000000 1.897609 -5.460300 8911.070234 0.000000 2212 4653 1 0 1 
0.595999 0.325526 0.000000 -0.953037 1.089493 8889.558212 0.000000 2212 4654 1 0 1 
-1.684259 0.517485 0.000000 3.694933 -4.375369 8920.455513 0.000000 2212 4655 1 0 1 
0.598032 -1.219735 0.000000 -3.089696 1.276783 8851.038242 0.000000 2212 4656 1 0 1 
1.243164 2.329884 0.000000 -1.922631 1.901526 8836.400421 0.000000 2212 4657 1 0 1 
0.040076 -2.165677 0.000000 1.473082 -3.812954 8918.611706 0.000000 2212 4658 1 0 1 
-2.489936 0.967490 0.000000 3.546235 -2.342782 8895.254773 0.000000 2212 4659 1 0 1 
1.230108 -1.635647 0.000000 -0.270658 -2.321264 8914.464070 0.000000 2212 4660 1 0 1 
1.536836 -0.672118 0.000000 -0.891748 0.464142 8872.074958 0.000000 2212 4661 1 0 1 
-0.762546 -1.192912 0.000000 -1.087523 -1.516550 8887.611366 0.000000 2212 4662 1 0 1 
1.703018 0.280333 0.000000 -2.111481 2.265495 8895.552350 0.000000 2212 4663 1 0 1 
-1.342606 -1.539396 0.000000 3.446347 -3.731227 8958.799425 0.000000 2212 4664 1 0 1 
1.484086 -2.870972 0.000000 -1.874587 -8.643623 8952.656387 0.000000 2212 4665 1 0 1 
0.187499 -0.057776 0.000000 0.142351 -2.462575 8859.716113 0.000000 2212 4666 1 0 1 
-0.025838 -2.219255 0.000000 0.073348 -5.282959 8901.171985 0.000000 2212 4667 1 0 1 
-1.269198 -1.341841 0.000000 2.625227 -2.264112 8886.862772 0.000000 2212 4668 1 0 1 
-2.699700 2.357217 0.000000 3.940326 1.215460 8910.556989 0.000000 2212 4669 1 0 1 
-0.297696 -1.944173 0.000000 -0.193543 -4.863532 8893.076876 0.000000 2212 4670 1 0 1 
4.708447 -0.851481 0.000000 -7.855044 -1.798513 8917.595680 0.000000 2212 4671 1 0 1 
-0.570162 -0.120033 0.000000 1.660233 -1.598761 8903.148234 0.000000 2212 4672 1 0 1 
2.788029 -0.748111 0.000000 -2.416780 0.642960 8888.300169 0.000000 2212 4673 1 0 1 
1.698397 1.215583 0.000000 -0.815695 3.557181 8878.062027 0.000000 2212 4674 1 0 1 
-0.607551 -0.756247 0.000000 1.862528 1.818390 8901.281202 0.000000 2212 4675 1 0 1 
-0.416184 3.166396 0.000000 0.493746 3.365832 8859.295857 0.000000 2212 4676 1 0 1 
3.895707 0.072338 0.000000 -4.460878 -5.517007 8956.293484 0.000000 2212 4677 1 0 1 
-0.138120 -0.910134 0.000000 0.117075 -4.130378 8973.179529 0.000000 2212 4678 1 0 1 
1.706964 -1.898744 0.000000 -2.092530 -6.864926 8945.200771 0.000000 2212 4679 1 0 1 
-3.998137 1.565716 0.000000 6.284311 -1.984058 8884.389155 0.000000 2212 4680 1 0 1 
-0.650870 0.710333 0.000000 0.414324 -0.068803 8899.175048 0.000000 2212 4681 1 0 1 
0.834864 -0.658655 0.000000 -0.139325 -0.136176 8900.217911 0.000000 2212 4682 1 0 1 
1.397828 -0.217988 0.000000 -0.768018 -1.083099 8918.998576 0.000000 2212 4683 1 0 1 
0.564491 0.455685 0.000000 0.912306 3.152128 8905.534430 0.000000 2212 4684 1 0 1 
0.766042 -0.511007 0.000000 -2.290111 -3.216794 8899.495019 0.000000 2212 4685 1 0 1 
2.054153 -1.562088 0.000000 -2.650513 -4.730074 8914.888632 0.000000 2212 4686 1 0 1 
4.117181 1.280237 0.000000 -6.040272 0.281806 8934.782048 0.000000 2212 4687 1 0 1 
-1.042947 -1.560929 0.000000 1.285408 -0.770616 8884.428436 0.000000 2212 4688 1 0 1 
-0.912494 -0.271406 0.000000 1.279987 1.510568 8905.421778 0.000000 2212 4689 1 0 1 
-0.854318 -0.072226 0.000000 0.751390 -2.600931 8926.310553 0.000000 2212 4690 1 0 1 
-0.307036 0.957829 0.000000 3.558434 3.358279 8883.628735 0.000000 2212 4691 1 0 1 
-3.651270 1.352615 0.000000 4.781208 1.698534 8859.637586 0.000000 2212 4692 1 0 1 
2.546458 -1.130662 0.000000 -2.185160 0.822821 8863.508955 0.000000 2212 4693 1 0 1 
-2.857803 -2.124057 0.000000 4.665490 -0.935525 8878.773487 0.000000 2212 4694 1 0 1 
-2.044931 0.255857 0.000000 5.501502 6.453011 8880.480234 0.000000 2212 4695 1 0 1 
3.174709 0.294586 0.000000 -3.782427 -0.367591 8919.658206 0.000000 2212 4696 1 0 1 
0.743388 -1.607096 0.000000 -0.919535 -3.706099 8909.479646 0.000000 2212 4697 1 0 1 
-2.464185 2.351715 0.000000 3.072012 6.477886 8852.525193 0.000000 2212 4698 1 0 1 
1.846849 0.652553 0.000000 -4.067977 4.012408 8870.206669 0.000000 2212 4699 1 0 1 
0.340216 0.684521 0.000000 -2.621978 -0.121096 8878.711032 0.000000 2212 4700 1 0 1 
2.317983 1.597681 0.000000 -3.897413 1.870112 8883.342747 0.000000 2212 4701 1 0 1 
0.718180 -1.570493 0.000000 -2.641734 -5.024508 8929.273664 0.000000 2212 4702 1 0 1 
1.349005 1.760228 0.000000 0.816073 1.243239 8916.042658 0.000000 2212 4703 1 0 1 
-1.026459 -0.945953 0.000000 -0.340797 1.204769 8903.373251 0.000000 2212 4704 1 0 1 
0.353289 0.717502 0.000000 -2.413209 2.324099 8869.368407 0.000000 2212 4705 1 0 1 
-0.290054 2.380387 0.000000 0.141975 4.327591 8871.136871 0.000000 2212 4706 1 0 1 
-1.697704 -0.435672 0.000000 5.314015 -1.754012 8956.051437 0.000000 2212 4707 1 0 1 
-0.837871 -0.210322 0.000000 0.642033 -2.466069 8884.315931 0.000000 2212 4708 1 0 1 
-1.498751 0.084822 0.000000 1.107105 1.307394 8889.036754 0.000000 2212 4709 1 0 1 
-1.038216 0.451042 0.000000 2.938145 0.273908 8882.200149 0.000000 2212 4710 1 0 1 
-2.323500 -0.235176 0.000000 3.414011 -0.775345 8909.608186 0.000000 2212 4711 1 0 1 
-1.617801 0.293948 0.000000 3.243311 1.070003 8911.166281 0.000000 2212 4712 1 0 1 
0.949001 0.222023 0.000000 2.881731 0.463467 8903.720179 0.000000 2212 4713 1 0 1 
-2.648457 0.180219 0.000000 5.664399 -0.448765 8867.044318 0.000000 2212 4714 1 0 1 
0.241512 1.103818 0.000000 -1.363405 -3.898284 8936.939479 0.000000 2212 4715 1 0 1 
-3.499245 -1.937931 0.000000 4.462140 -3.133288 8876.019939 0.000000 2212 4716 1 0 1 
-1.305500 -1.354996 0.000000 1.035652 0.537744 8886.341698 0.000000 2212 4717 1 0 1 
0.580195 0.854727 0.000000 -3.154869 1.549638 8872.081219 0.000000 2212 4718 1 0 1 
-2.378493 1.009968 0.000000 1.822416 0.529410 8894.000025 0.000000 2212 4719 1 0 1 
0.769375 -1.333518 0.000000 -1.197804 -0.689931 8915.517073 0.000000 2212 4720 1 0 1 
-3.723411 0.143445 0.000000 5.797265 1.590698 8879.063630 0.000000 2212 4721 1 0 1 
-4.477596 -0.834501 0.000000 7.193305 2.562529 8869.957058 0.000000 2212 4722 1 0 1 
1.198345 -0.812077 0.000000 -0.609643 -1.924086 8873.054287 0.000000 2212 4723 1 0 1 
0.336810 1.974370 0.000000 -1.560667 3.492514 8839.241254 0.000000 2212 4724 1 0 1 
1.602504 0.216866 0.000000 -1.015232 -1.507797 8899.148791 0.000000 2212 4725 1 0 1 
-0.233203 -0.723382 0.000000 0.255389 -3.380787 8931.760129 0.000000 2212 4726 1 0 1 
2.773182 3.875662 0.000000 -5.309488 6.288529 8855.780982 0.000000 2212 4727 1 0 1 
0.822068 -0.276666 0.000000 -4.387625 -0.805150 8895.377391 0.000000 2212 4728 1 0 1 
-1.109386 -1.148202 0.000000 0.562083 -3.429191 8927.431609 0.000000 2212 4729 1 0 1 
2.749585 1.083078 0.000000 -5.703912 -0.982023 8907.840507 0.000000 2212 4730 1 0 1 
0.948305 0.022195 0.000000 0.487413 -1.928454 8930.871789 0.000000 2212 4731 1 0 1 
1.553006 -0.551092 0.000000 -3.246604 -2.956619 8909.954084 0.000000 2212 4732 1 0 1 
0.045122 0.535617 0.000000 -0.974910 -0.761063 8895.524765 0.000000 2212 4733 1 0 1 
1.917398 1.083546 0.000000 -3.097811 -1.816827 8893.997113 0.000000 2212 4734 1 0 1 
0.403219 -0.180370 0.000000 -0.794231 0.887668 8922.690050 0.000000 2212 4735 1 0 1 
-1.442507 0.427167 0.000000 1.420948 -1.763074 8920.564265 0.000000 2212 4736 1 0 1 
0.165694 -0.039256 0.000000 -0.934644 2.828049 8877.779287 0.000000 2212 4737 1 0 1 
1.017830 -1.385123 0.000000 -2.077296 -0.178996 8907.456658 0.000000 2212 4738 1 0 1 
0.465600 1.128250 0.000000 0.623581 0.559198 8866.374657 0.000000 2212 4739 1 0 1 
0.082869 -0.896706 0.000000 -1.746615 -3.883032 8935.572488 0.000000 2212 4740 1 0 1 
0.644921 -0.791413 0.000000 -1.509494 -0.662771 8904.803809 0.000000 2212 4741 1 0 1 
1.551020 0.514195 0.000000 -1.636023 -0.501447 8909.794579 0.000000 2212 4742 1 0 1 
0.482950 1.596969 0.000000 -0.428542 3.589420 8915.160498 0.000000 2212 4743 1 0 1 
-0.478295 0.073164 0.000000 -0.547563 2.133358 8854.689264 0.000000 2212 4744 1 0 1 
0.402287 -1.531810 0.000000 1.147741 -4.674935 8909.855847 0.000000 2212 4745 1 0 1 
-0.667402 -0.022381 0.000000 1.595405 1.785023 8884.886871 0.000000 2212 4746 1 0 1 
0.586707 0.065765 0.000000 0.272730 -1.840070 8879.243984 0.000000 2212 4747 1 0 1 
0.271632 -0.260758 0.000000 0.381543 -2.948718 8914.536962 0.000000 2212 4748 1 0 1 
1.077967 1.029147 0.000000 -0.259077 2.586326 8874.306626 0.000000 2212 4749 1 0 1 
-4.073955 0.576745 0.000000 5.315047 0.065738 8866.548717 0.000000 2212 4750 1 0 1 
-0.073103 -2.104678 0.000000 -2.105175 -3.988746 8891.784574 0.000000 2212 4751 1 0 1 
-0.063680 -0.472611 0.000000 1.025245 -1.863001 8866.953756 0.000000 2212 4752 1 0 1 
-0.224859 -1.637187 0.000000 -1.145666 -3.434403 8934.743849 0.000000 2212 4753 1 0 1 
0.568751 0.883557 0.000000 0.400186 -0.220671 8891.415853 0.000000 2212 4754 1 0 1 
-0.599477 1.761717 0.000000 0.681453 4.893806 8884.277175 0.000000 2212 4755 1 0 1 
-0.717364 0.682948 0.000000 0.539130 3.712936 8835.620050 0.000000 2212 4756 1 0 1 
-3.257474 1.157007 0.000000 2.262563 1.310171 8896.734203 0.000000 2212 4757 1 0 1 
0.994250 -0.013330 0.000000 -0.794788 -2.562984 8912.999539 0.000000 2212 4758 1 0 1 
1.469073 0.057769 0.000000 0.035289 -0.201930 8900.700280 0.000000 2212 4759 1 0 1 
2.588311 0.703189 0.000000 -2.610445 -0.534630 8929.633881 0.000000 2212 4760 1 0 1 
3.085954 -0.833247 0.000000 -3.631824 -0.881780 8908.059551 0.000000 2212 4761 1 0 1 
4.231832 -1.024472 0.000000 -6.423786 0.606100 8914.151523 0.000000 2212 4762 1 0 1 
0.614782 1.385933 0.000000 1.642374 0.362281 8916.191653 0.000000 2212 4763 1 0 1 
0.649900 1.119331 0.000000 0.935261 -3.084329 8950.130696 0.000000 2212 4764 1 0 1 
-0.180836 -0.305181 0.000000 -0.148655 1.300065 8892.796753 0.000000 2212 4765 1 0 1 
0.790748 -1.207025 0.000000 -2.821032 1.719076 8882.506798 0.000000 2212 4766 1 0 1 
-0.193412 -0.018332 0.000000 -0.141403 -0.063362 8881.212749 0.000000 2212 4767 1 0 1 
-3.738655 -0.596639 0.000000 3.872795 -3.833823 8934.248228 0.000000 2212 4768 1 0 1 
1.437375 0.053031 0.000000 -3.355913 0.971429 8832.487450 0.000000 2212 4769 1 0 1 
0.256457 0.221340 0.000000 -1.052972 0.956252 8902.075435 0.000000 2212 4770 1 0 1 
-0.806747 -0.459222 0.000000 2.807755 -2.529716 8920.989376 0.000000 2212 4771 1 0 1 
0.276172 0.378135 0.000000 -0.833562 0.931255 8904.942896 0.000000 2212 4772 1 0 1 
-0.352297 1.991048 0.000000 0.430475 7.738697 8837.763173 0.000000 2212 4773 1 0 1 
-0.513897 0.921934 0.000000 -2.211373 5.750382 8858.326510 0.000000 2212 4774 1 0 1 
-1.244075 -0.337301 0.000000 2.212909 0.444614 8864.473037 0.000000 2212 4775 1 0 1 
-1.870577 0.509481 0.000000 2.771030 1.781646 8838.910037 0.000000 2212 4776 1 0 1 
-1.761331 0.704529 0.000000 3.503966 4.157668 8857.456219 0.000000 2212 4777 1 0 1 
-4.286539 -0.592859 0.000000 5.502104 2.587310 8893.541986 0.000000 2212 4778 1 0 1 
-1.934933 -1.990328 0.000000 5.113595 1.883433 8847.780975 0.000000 2212 4779 1 0 1 
1.134893 -1.352407 0.000000 -1.911188 -2.695657 8898.747775 0.000000 2212 4780 1 0 1 
-1.361784 -0.358041 0.000000 3.013705 -1.183009 8915.751096 0.000000 2212 4781 1 0 1 
-0.550292 -0.737413 0.000000 1.528630 -0.480545 8905.480041 0.000000 2212 4782 1 0 1 
-0.967047 -0.122195 0.000000 2.298221 0.132487 8911.407050 0.000000 2212 4783 1 0 1 
1.333008 0.435528 0.000000 -0.859147 -3.042462 8907.977052 0.000000 2212 4784 1 0 1 
1.612913 -0.932696 0.000000 -2.927909 -4.382480 8921.609810 0.000000 2212 4785 1 0 1 
-1.978753 -0.048869 0.000000 3.295176 -1.134985 8888.353993 0.000000 2212 4786 1 0 1 
-3.312319 -0.024128 0.000000 3.846633 1.262499 8912.368558 0.000000 2212 4787 1 0 1 
1.144061 -1.481833 0.000000 -2.891462 -2.078162 8895.169430 0.000000 2212 4788 1 0 1 
-0.930293 0.561476 0.000000 2.518788 -1.012159 8899.882691 0.000000 2212 4789 1 0 1 
2.799508 -0.530182 0.000000 -5.217350 -2.948396 8888.188132 0.000000 2212 4790 1 0 1 
-1.755101 -0.488657 0.000000 2.899122 -2.933773 8901.722195 0.000000 2212 4791 1 0 1 
0.300893 2.355622 0.000000 -0.792447 2.398642 8899.343170 0.000000 2212 4792 1 0 1 
2.521848 -0.132892 0.000000 -3.466596 -2.375100 8919.763232 0.000000 2212 4793 1 0 1 
-1.308515 -1.925538 0.000000 3.676936 -6.783845 8966.178059 0.000000 2212 4794 1 0 1 
1.907390 -1.131119 0.000000 -0.841099 -1.705361 8869.250612 0.000000 2212 4795 1 0 1 
-0.434475 1.477891 0.000000 -0.382240 2.543258 8863.436603 0.000000 2212 4796 1 0 1 
-1.045806 1.415949 0.000000 1.343938 -1.092025 8898.191723 0.000000 2212 4797 1 0 1 
-1.480635 -0.311403 0.000000 -0.249196 -1.435562 8908.757854 0.000000 2212 4798 1 0 1 
1.284422 1.188277 0.000000 -1.204448 0.158713 8899.771998 0.000000 2212 4799 1 0 1 
-0.507775 0.724953 0.000000 -0.369615 2.266440 8880.308860 0.000000 2212 4800 1 0 1 
0.492071 -0.355492 0.000000 -2.073386 1.342390 8863.116783 0.000000 2212 4801 1 0 1 
-3.761522 -1.258526 0.000000 5.280733 -1.358534 8901.884701 0.000000 2212 4802 1 0 1 
-1.570981 4.764540 0.000000 0.213234 8.306652 8826.250151 0.000000 2212 4803 1 0 1 
-0.419721 -1.665447 0.000000 -1.371345 0.356499 8889.877118 0.000000 2212 4804 1 0 1 
-0.423292 -0.550936 0.000000 -0.478129 0.446689 8893.332394 0.000000 2212 4805 1 0 1 
-2.071432 -1.453461 0.000000 4.526655 -1.004557 8914.441152 0.000000 2212 4806 1 0 1 
1.646748 -0.324663 0.000000 -2.787897 3.140530 8832.755791 0.000000 2212 4807 1 0 1 
-1.856754 1.790170 0.000000 3.519348 -1.432506 8904.747312 0.000000 2212 4808 1 0 1 
0.761931 0.712333 0.000000 -0.950343 1.627293 8868.918310 0.000000 2212 4809 1 0 1 
0.430942 -1.418658 0.000000 0.962158 -2.418255 8908.861441 0.000000 2212 4810 1 0 1 
-1.391978 -1.016218 0.000000 -0.880261 -2.011831 8944.853729 0.000000 2212 4811 1 0 1 
2.648869 0.285789 0.000000 -3.504297 3.707394 8864.693486 0.000000 2212 4812 1 0 1 
-0.965374 -0.235314 0.000000 -0.251729 -1.001167 8930.538773 0.000000 2212 4813 1 0 1 
1.474353 -2.052857 0.000000 0.179792 -4.541826 8896.613686 0.000000 2212 4814 1 0 1 
-1.154640 -1.599758 0.000000 0.208418 -0.672581 8866.130854 0.000000 2212 4815 1 0 1 
-0.003777 0.751223 0.000000 -0.621958 1.381693 8848.690856 0.000000 2212 4816 1 0 1 
-1.695156 -0.361236 0.000000 2.094907 -0.009241 8901.177237 0.000000 2212 4817 1 0 1 
3.097945 -0.114662 0.000000 -3.378941 3.328996 8869.413867 0.000000 2212 4818 1 0 1 
-1.885822 1.184637 0.000000 4.258858 0.779944 8851.167149 0.000000 2212 4819 1 0 1 
1.166719 0.052144 0.000000 -0.948116 0.395165 8868.120927 0.000000 2212 4820 1 0 1 
1.149047 -0.555519 0.000000 -2.748483 -1.299253 8865.640863 0.000000 2212 4821 1 0 1 
-0.570978 -1.364715 0.000000 1.385405 -6.278887 8960.890106 0.000000 2212 4822 1 0 1 
0.281866 0.210539 0.000000 -0.242944 1.139845 8879.462284 0.000000 2212 4823 1 0 1 
0.175725 -1.346375 0.000000 0.456861 -2.857956 8898.504238 0.000000 2212 4824 1 0 1 
-1.527000 0.208676 0.000000 0.929719 0.615939 8897.706402 0.000000 2212 4825 1 0 1 
1.448489 -0.283745 0.000000 -1.489593 -4.389437 8929.607291 0.000000 2212 4826 1 0 1 
1.645918 0.696059 0.000000 -2.334120 3.709521 8862.964578 0.000000 2212 4827 1 0 1 
-1.454294 1.719390 0.000000 0.939761 5.517415 8886.854702 0.000000 2212 4828 1 0 1 
-1.865816 -0.134678 0.000000 3.470290 -6.457661 8926.832590 0.000000 2212 4829 1 0 1 
-1.261614 -0.780445 0.000000 0.969783 3.923855 8865.089962 0.000000 2212 4830 1 0 1 
-0.170571 0.461735 0.000000 0.109360 0.405130 8889.508538 0.000000 2212 4831 1 0 1 
1.150131 -1.453514 0.000000 -3.466468 -4.461787 8911.441392 0.000000 2212 4832 1 0 1 
-1.397821 -0.403283 0.000000 2.397848 -0.452483 8891.810624 0.000000 2212 4833 1 0 1 
2.862188 0.438226 0.000000 -4.467181 -2.847906 8909.823783 0.000000 2212 4834 1 0 1 
-2.737026 -1.080437 0.000000 3.688743 -2.683367 8866.699273 0.000000 2212 4835 1 0 1 
0.540871 0.404696 0.000000 1.728378 -4.597090 8926.969591 0.000000 2212 4836 1 0 1 
-0.368964 -1.246890 0.000000 0.963115 -4.639766 8909.544273 0.000000 2212 4837 1 0 1 
1.952356 -0.441559 0.000000 -3.324910 -4.028053 8904.745576 0.000000 2212 4838 1 0 1 
-0.277760 -0.479461 0.000000 2.028145 0.086878 8897.687619 0.000000 2212 4839 1 0 1 
-0.563146 2.723498 0.000000 -0.141662 3.053209 8870.920769 0.000000 2212 4840 1 0 1 
-0.042136 1.417033 0.000000 -1.001917 1.649171 8906.717031 0.000000 2212 4841 1 0 1 
-2.696440 0.670600 0.000000 4.410057 2.010855 8852.646977 0.000000 2212 4842 1 0 1 
0.894839 0.338350 0.000000 -1.312090 2.149489 8852.422222 0.000000 2212 4843 1 0 1 
-0.106162 -0.987968 0.000000 1.486952 -1.236769 8923.575639 0.000000 2212 4844 1 0 1 
1.722122 -0.742490 0.000000 0.561308 -1.534664 8872.834464 0.000000 2212 4845 1 0 1 
-0.100384 0.934020 0.000000 -0.706107 1.347186 8850.908253 0.000000 2212 4846 1 0 1 
-0.739743 -0.995229 0.000000 -1.027512 -2.588644 8937.720452 0.000000 2212 4847 1 0 1 
1.197793 1.768116 0.000000 -2.534499 1.033362 8897.732599 0.000000 2212 4848 1 0 1 
-0.816655 -0.474447 0.000000 0.468962 -2.111003 8911.559689 0.000000 2212 4849 1 0 1 
2.560513 0.842875 0.000000 -3.409674 6.080938 8815.632084 0.000000 2212 4850 1 0 1 
0.557365 -0.467187 0.000000 0.177053 -0.877737 8901.882143 0.000000 2212 4851 1 0 1 
0.587590 -0.786392 0.000000 1.129846 -0.813097 8872.801714 0.000000 2212 4852 1 0 1 
1.096095 2.688419 0.000000 -1.716587 5.837553 8802.367444 0.000000 2212 4853 1 0 1 
2.110493 0.133862 0.000000 -2.644575 -1.901983 8914.654951 0.000000 2212 4854 1 0 1 
0.093728 -0.383742 0.000000 -1.732872 1.901583 8893.447137 0.000000 2212 4855 1 0 1 
2.689771 0.174565 0.000000 -2.863764 0.178460 8890.250807 0.000000 2212 4856 1 0 1 
0.419283 -1.027951 0.000000 -0.624905 0.231253 8893.509548 0.000000 2212 4857 1 0 1 
0.995621 -0.690048 0.000000 -3.077618 1.647767 8844.582895 0.000000 2212 4858 1 0 1 
1.886926 0.534462 0.000000 -4.346076 3.990739 8902.608030 0.000000 2212 4859 1 0 1 
-1.559119 0.451916 0.000000 1.090562 2.942688 8877.077090 0.000000 2212 4860 1 0 1 
1.744797 -1.553814 0.000000 -0.664881 -0.363918 8877.180703 0.000000 2212 4861 1 0 1 
0.058515 -1.884124 0.000000 -0.428969 -4.113736 8900.402953 0.000000 2212 4862 1 0 1 
4.050948 1.118088 0.000000 -5.270785 4.004192 8897.816793 0.000000 2212 4863 1 0 1 
-0.511722 2.200375 0.000000 -1.820005 3.014998 8836.850892 0.000000 2212 4864 1 0 1 
-0.103502 -2.409302 0.000000 -0.767429 -2.224710 8900.265191 0.000000 2212 4865 1 0 1 
0.088638 -0.279874 0.000000 -0.892286 0.213513 8860.920822 0.000000 2212 4866 1 0 1 
-0.164010 -0.229096 0.000000 0.061172 1.330872 8881.531307 0.000000 2212 4867 1 0 1 
1.986176 2.935354 0.000000 -3.110510 5.864516 8851.940140 0.000000 2212 4868 1 0 1 
0.106020 0.055609 0.000000 -2.312727 -0.882826 8900.062155 0.000000 2212 4869 1 0 1 
-0.204360 -1.249616 0.000000 -1.318444 -1.596987 8892.295424 0.000000 2212 4870 1 0 1 
-0.603404 -1.174615 0.000000 1.839682 -2.231141 8905.873780 0.000000 2212 4871 1 0 1 
1.083834 -1.025486 0.000000 -3.421362 -0.179638 8861.554677 0.000000 2212 4872 1 0 1 
1.414383 -0.188636 0.000000 -1.305027 -1.593682 8923.854700 0.000000 2212 4873 1 0 1 
-3.759586 -0.261263 0.000000 4.891633 -0.506644 8894.994997 0.000000 2212 4874 1 0 1 
1.157398 1.707742 0.000000 -2.654410 5.075942 8828.330654 0.000000 2212 4875 1 0 1 
-0.790480 1.983541 0.000000 -0.018567 4.937802 8876.777867 0.000000 2212 4876 1 0 1 
0.925302 -0.206575 0.000000 -1.605635 1.106128 8897.981881 0.000000 2212 4877 1 0 1 
2.144865 1.068994 0.000000 -3.513142 0.962789 8863.177726 0.000000 2212 4878 1 0 1 
5.088054 -0.296250 0.000000 -8.676317 1.338571 8884.880021 0.000000 2212 4879 1 0 1 
1.230627 -1.745604 0.000000 -1.983508 0.764482 8857.832437 0.000000 2212 4880 1 0 1 
0.199888 1.272147 0.000000 -0.506899 3.424791 8873.593014 0.000000 2212 4881 1 0 1 
0.786111 1.682902 0.000000 -1.787163 -1.187877 8919.255793 0.000000 2212 4882 1 0 1 
0.856071 0.065373 0.000000 -0.835015 2.454830 8874.059582 0.000000 2212 4883 1 0 1 
0.734885 1.265405 0.000000 -1.282765 -0.643286 8923.695847 0.000000 2212 4884 1 0 1 
-2.031621 0.329017 0.000000 2.104842 1.011986 8874.898424 0.000000 2212 4885 1 0 1 
0.726339 -0.899452 0.000000 -0.746503 -2.075928 8882.546996 0.000000 2212 4886 1 0 1 
-0.960274 0.511016 0.000000 -0.604478 2.147600 8894.875998 0.000000 2212 4887 1 0 1 
-0.034005 1.447387 0.000000 -3.095831 0.432110 8908.041434 0.000000 2212 4888 1 0 1 
-1.163648 1.454480 0.000000 1.547922 4.906857 8822.417303 0.000000 2212 4889 1 0 1 
0.699996 1.203692 0.000000 -2.533191 2.356967 8885.688049 0.000000 2212 4890 1 0 1 
2.609380 -0.431075 0.000000 -1.747403 -5.319168 8948.213515 0.000000 2212 4891 1 0 1 
0.348253 1.389585 0.000000 -1.259584 1.434289 8871.556582 0.000000 2212 4892 1 0 1 
0.727932 -1.165085 0.000000 0.452614 2.604139 8866.458955 0.000000 2212 4893 1 0 1 
3.158546 0.179866 0.000000 -5.939745 -5.009675 8974.746839 0.000000 2212 4894 1 0 1 
-0.528856 -0.311751 0.000000 0.194675 0.148204 8882.696877 0.000000 2212 4895 1 0 1 
4.774124 2.547586 0.000000 -5.809624 3.703810 8888.383046 0.000000 2212 4896 1 0 1 
0.517266 3.793994 0.000000 -1.655109 5.769204 8877.516731 0.000000 2212 4897 1 0 1 
-0.034716 0.049051 0.000000 0.342582 0.076244 8894.408540 0.000000 2212 4898 1 0 1 
0.442379 0.493770 0.000000 -2.449342 -0.240736 8891.740961 0.000000 2212 4899 1 0 1 
1.123984 0.794548 0.000000 -3.549878 -0.105347 8918.118922 0.000000 2212 4900 1 0 1 
-3.249370 0.861360 0.000000 3.389645 4.061912 8854.374521 0.000000 2212 4901 1 0 1 
0.114808 -0.060690 0.000000 0.707149 -0.909855 8905.325014 0.000000 2212 4902 1 0 1 
-1.967401 -0.726206 0.000000 2.532679 -0.530073 8931.575880 0.000000 2212 4903 1 0 1 
0.044661 -0.359383 0.000000 0.893042 0.029128 8895.955757 0.000000 2212 4904 1 0 1 
-1.875304 1.246933 0.000000 1.959912 3.494964 8872.327607 0.000000 2212 4905 1 0 1 
-0.632690 0.734216 0.000000 2.331993 -0.411485 8897.519635 0.000000 2212 4906 1 0 1 
-3.708069 0.068363 0.000000 5.403725 2.251053 8860.503307 0.000000 2212 4907 1 0 1 
-3.555911 -0.294837 0.000000 4.402665 -0.220977 8874.615111 0.000000 2212 4908 1 0 1 
3.275739 0.023400 0.000000 -3.686019 0.546508 8897.541092 0.000000 2212 4909 1 0 1 
-1.124089 0.215693 0.000000 -0.235846 -0.741230 8886.174402 0.000000 2212 4910 1 0 1 
-2.184679 2.299593 0.000000 4.965638 6.646045 8865.217716 0.000000 2212 4911 1 0 1 
-0.277934 -0.198091 0.000000 -0.074775 -0.679930 8931.243040 0.000000 2212 4912 1 0 1 
0.643541 0.461039 0.000000 -0.503321 -2.193742 8892.195947 0.000000 2212 4913 1 0 1 
2.399553 -0.296445 0.000000 -4.738688 -5.073927 8946.289618 0.000000 2212 4914 1 0 1 
-0.516238 0.223401 0.000000 1.623184 -1.976621 8908.460248 0.000000 2212 4915 1 0 1 
-2.092657 -0.304646 0.000000 2.353774 -0.861109 8902.514635 0.000000 2212 4916 1 0 1 
-0.190342 1.548999 0.000000 -1.227075 0.943272 8861.509048 0.000000 2212 4917 1 0 1 
0.442089 -0.387804 0.000000 -0.718951 3.259178 8882.887117 0.000000 2212 4918 1 0 1 
-0.158409 -0.881601 0.000000 2.731855 -2.081196 8904.377169 0.000000 2212 4919 1 0 1 
-1.010146 -0.134714 0.000000 0.650757 -0.764347 8870.717692 0.000000 2212 4920 1 0 1 
-1.257620 1.956992 0.000000 0.176548 7.000413 8810.658262 0.000000 2212 4921 1 0 1 
-0.422498 -0.346453 0.000000 -0.548790 -2.657293 8902.589851 0.000000 2212 4922 1 0 1 
0.561158 2.949287 0.000000 0.373060 5.487117 8850.404201 0.000000 2212 4923 1 0 1 
-0.393531 0.935413 0.000000 -1.865988 -5.706875 8936.590605 0.000000 2212 4924 1 0 1 
-3.030593 -2.066895 0.000000 3.542996 -2.239053 8914.937940 0.000000 2212 4925 1 0 1 
-1.835260 0.516546 0.000000 1.775442 3.171975 8843.195012 0.000000 2212 4926 1 0 1 
-0.429290 0.684116 0.000000 3.042714 5.415761 8858.330288 0.000000 2212 4927 1 0 1 
-0.550861 -0.689260 0.000000 -1.421065 0.269409 8910.972253 0.000000 2212 4928 1 0 1 
1.776866 2.607619 0.000000 -2.966802 2.879466 8883.405824 0.000000 2212 4929 1 0 1 
0.435190 0.791567 0.000000 1.051061 1.698716 8876.106718 0.000000 2212 4930 1 0 1 
0.437414 0.270015 0.000000 -2.482813 5.008321 8837.999441 0.000000 2212 4931 1 0 1 
-1.685608 0.039223 0.000000 2.196599 2.759897 8835.106064 0.000000 2212 4932 1 0 1 
1.100542 -0.841368 0.000000 -1.305690 1.176067 8893.625985 0.000000 2212 4933 1 0 1 
-0.634639 1.891273 0.000000 0.280821 3.693882 8877.535962 0.000000 2212 4934 1 0 1 
1.042658 -1.988588 0.000000 -0.917841 -3.887279 8923.124737 0.000000 2212 4935 1 0 1 
0.795641 1.596662 0.000000 -0.679066 2.386503 8873.141190 0.000000 2212 4936 1 0 1 
-1.114614 -0.005868 0.000000 0.596598 -1.448166 8900.669879 0.000000 2212 4937 1 0 1 
0.026236 -0.398152 0.000000 -0.411876 0.804036 8929.907509 0.000000 2212 4938 1 0 1 
-1.550253 2.874442 0.000000 4.175278 7.999660 8862.715707 0.000000 2212 4939 1 0 1 
2.048185 -0.614092 0.000000 -1.223515 1.943519 8913.957943 0.000000 2212 4940 1 0 1 
-1.618775 2.304363 0.000000 3.022606 7.763922 8803.946297 0.000000 2212 4941 1 0 1 
-0.799090 0.326881 0.000000 1.520110 -0.984224 8910.442021 0.000000 2212 4942 1 0 1 
0.015269 0.306207 0.000000 -3.058007 2.341607 8877.166895 0.000000 2212 4943 1 0 1 
0.255007 1.661700 0.000000 -1.550357 1.388453 8906.025333 0.000000 2212 4944 1 0 1 
0.291188 -1.452966 0.000000 1.276371 -0.917550 8866.709820 0.000000 2212 4945 1 0 1 
-2.538144 1.524985 0.000000 4.612021 4.233623 8865.687740 0.000000 2212 4946 1 0 1 
-2.020139 -0.285469 0.000000 2.036635 1.186804 8893.899453 0.000000 2212 4947 1 0 1 
0.817725 0.192205 0.000000 -1.509394 -0.222583 8895.664963 0.000000 2212 4948 1 0 1 
0.486513 -1.793122 0.000000 -0.570323 -5.480756 8896.325047 0.000000 2212 4949 1 0 1 
1.638017 -0.678907 0.000000 -1.313044 0.197869 8859.921692 0.000000 2212 4950 1 0 1 
1.479953 1.369654 0.000000 -3.121025 2.237969 8852.594109 0.000000 2212 4951 1 0 1 
-0.149941 0.351128 0.000000 1.603238 -3.537935 8926.666680 0.000000 2212 4952 1 0 1 
1.168945 2.076008 0.000000 -1.186640 3.898291 8858.321188 0.000000 2212 4953 1 0 1 
0.252568 -1.873782 0.000000 -0.817607 -3.259675 8893.028275 0.000000 2212 4954 1 0 1 
-1.229481 -1.420222 0.000000 2.979483 -0.105295 8866.124729 0.000000 2212 4955 1 0 1 
-2.057649 -2.701638 0.000000 2.302106 -2.820530 8894.624272 0.000000 2212 4956 1 0 1 
0.016162 1.459108 0.000000 -0.390598 -1.245922 8917.130264 0.000000 2212 4957 1 0 1 
1.034943 -2.084982 0.000000 -2.540319 1.235021 8900.522103 0.000000 2212 4958 1 0 1 
0.532599 -0.575737 0.000000 0.654863 1.025102 8901.416026 0.000000 2212 4959 1 0 1 
2.155133 -0.895378 0.000000 -2.593907 -1.077421 8880.527269 0.000000 2212 4960 1 0 1 
-2.066348 0.923005 0.000000 1.784674 1.788418 8868.730201 0.000000 2212 4961 1 0 1 
2.706951 -0.051481 0.000000 -3.835420 1.186029 8867.840900 0.000000 2212 4962 1 0 1 
1.312850 -2.069598 0.000000 -1.179657 -6.085280 8947.769038 0.000000 2212 4963 1 0 1 
1.574984 1.204087 0.000000 -1.975041 -3.586123 8935.398264 0.000000 2212 4964 1 0 1 
2.407237 1.850815 0.000000 -2.962950 1.470125 8905.248166 0.000000 2212 4965 1 0 1 
2.276258 -0.677958 0.000000 -5.291852 -6.329770 8917.423393 0.000000 2212 4966 1 0 1 
1.493349 -0.546044 0.000000 -0.631532 2.765820 8886.503989 0.000000 2212 4967 1 0 1 
2.858072 2.755500 0.000000 -3.703425 5.276590 8866.077227 0.000000 2212 4968 1 0 1 
-0.780835 0.476247 0.000000 2.502122 2.485350 8888.174438 0.000000 2212 4969 1 0 1 
0.754513 -2.023505 0.000000 -2.423003 -2.784072 8943.929340 0.000000 2212 4970 1 0 1 
1.564566 -0.195045 0.000000 0.409549 0.837723 8879.053926 0.000000 2212 4971 1 0 1 
2.501093 -3.148000 0.000000 -4.272711 -2.997047 8888.300731 0.000000 2212 4972 1 0 1 
0.669825 1.538166 0.000000 -0.200500 3.559784 8890.337948 0.000000 2212 4973 1 0 1 
0.030723 0.427928 0.000000 1.739422 0.377910 8915.104839 0.000000 2212 4974 1 0 1 
3.120837 0.486711 0.000000 -2.921295 -1.957153 8893.473912 0.000000 2212 4975 1 0 1 
0.508570 -0.517764 0.000000 -0.342638 -1.890110 8894.854156 0.000000 2212 4976 1 0 1 
-2.484260 0.426360 0.000000 1.425291 -0.932612 8931.176057 0.000000 2212 4977 1 0 1 
-2.848343 -0.213125 0.000000 2.642262 -2.671957 8904.080883 0.000000 2212 4978 1 0 1 
0.322007 -0.043858 0.000000 -2.098566 2.159668 8841.109260 0.000000 2212 4979 1 0 1 
-1.301466 -0.194765 0.000000 2.415664 -6.528185 8958.822764 0.000000 2212 4980 1 0 1 
-0.245518 -1.009760 0.000000 -0.757116 0.172118 8883.050486 0.000000 2212 4981 1 0 1 
1.078543 0.978708 0.000000 -0.008522 -3.009951 8899.195540 0.000000 2212 4982 1 0 1 
1.102522 0.838883 0.000000 0.105903 -1.057557 8893.679437 0.000000 2212 4983 1 0 1 
-0.199829 0.884661 0.000000 0.442775 3.611464 8891.157524 0.000000 2212 4984 1 0 1 
-1.793571 0.812281 0.000000 3.890506 -3.652537 8963.204287 0.000000 2212 4985 1 0 1 
1.391619 -0.756610 0.000000 -2.253352 0.273764 8881.044201 0.000000 2212 4986 1 0 1 
-1.237810 -0.122102 0.000000 0.263381 1.807680 8842.938815 0.000000 2212 4987 1 0 1 
1.839053 -1.175569 0.000000 -5.482734 -4.135089 8938.885314 0.000000 2212 4988 1 0 1 
-1.143268 -0.151314 0.000000 0.760549 0.206002 8872.331704 0.000000 2212 4989 1 0 1 
-1.072768 -1.590005 0.000000 0.618970 -4.374997 8889.365292 0.000000 2212 4990 1 0 1 
0.635075 -0.114262 0.000000 -0.529682 4.001528 8825.578956 0.000000 2212 4991 1 0 1 
-1.238167 1.452234 0.000000 -1.252072 4.009509 8822.628993 0.000000 2212 4992 1 0 1 
-0.577146 0.871348 0.000000 2.567687 0.402991 8923.386397 0.000000 2212 4993 1 0 1 
1.660506 -1.341596 0.000000 -2.408394 -4.267155 8931.873808 0.000000 2212 4994 1 0 1 
-2.150905 0.876086 0.000000 2.610095 2.584836 8872.116961 0.000000 2212 4995 1 0 1 
0.152545 1.222821 0.000000 1.334985 4.518167 8866.097886 0.000000 2212 4996 1 0 1 
-1.374604 0.236743 0.000000 1.806913 -0.977323 8904.818866 0.000000 2212 4997 1 0 1 
-0.349125 -0.949471 0.000000 0.732519 -0.300403 8890.289368 0.000000 2212 4998 1 0 1 
-3.762306 -0.849866 0.000000 3.307102 3.881215 8858.164230 0.000000 2212 4999 1 0 1 
1.270038 0.182942 0.000000 -1.417586 -2.809737 8941.784299 0.000000 2212 5000 1 0 1 
-3.567267 1.008440 0.000000 5.882960 2.218661 8906.839136 0.000000 2212 5001 1 0 1 
-0.368728 -1.036682 0.000000 0.316275 -2.149948 8897.760309 0.000000 2212 5002 1 0 1 
1.236585 2.252216 0.000000 -1.486327 4.417376 8849.601330 0.000000 2212 5003 1 0 1 
2.775849 -0.222997 0.000000 -2.901621 -0.165405 8882.737265 0.000000 2212 5004 1 0 1 
1.252415 -1.931754 0.000000 -0.061192 -4.913020 8927.404366 0.000000 2212 5005 1 0 1 
-1.849908 0.371989 0.000000 -0.383164 0.449951 8899.692982 0.000000 2212 5006 1 0 1 
-0.624405 0.163188 0.000000 1.247824 -2.339008 8919.990045 0.000000 2212 5007 1 0 1 
2.883744 0.460181 0.000000 -4.119574 2.730655 8849.270310 0.000000 2212 5008 1 0 1 
1.392663 -1.760399 0.000000 -3.337257 -1.942997 8889.813398 0.000000 2212 5009 1 0 1 
2.858908 -1.351357 0.000000 -5.123982 -3.639613 8899.930523 0.000000 2212 5010 1 0 1 
1.574495 0.406663 0.000000 -1.617297 1.159615 8877.430325 0.000000 2212 5011 1 0 1 
0.046332 0.585904 0.000000 1.650332 -0.831245 8918.602174 0.000000 2212 5012 1 0 1 
-2.553223 -1.929832 0.000000 3.877742 -2.068105 8895.823293 0.000000 2212 5013 1 0 1 
1.214400 0.495578 0.000000 -2.263311 0.176650 8886.791998 0.000000 2212 5014 1 0 1 
-0.538454 0.304553 0.000000 0.137364 3.432539 8865.974622 0.000000 2212 5015 1 0 1 
-1.680083 1.790448 0.000000 2.465976 1.993118 8880.390056 0.000000 2212 5016 1 0 1 
-2.808531 0.205888 0.000000 3.206555 -3.224463 8904.161578 0.000000 2212 5017 1 0 1 
-0.607591 -0.136144 0.000000 -0.684848 -0.058142 8904.958303 0.000000 2212 5018 1 0 1 
0.194427 -1.311784 0.000000 -0.930639 -4.559012 8901.009163 0.000000 2212 5019 1 0 1 
2.720950 -0.627455 0.000000 -2.831914 1.838812 8898.033406 0.000000 2212 5020 1 0 1 
1.057616 -1.502893 0.000000 -1.977706 -4.123132 8931.564765 0.000000 2212 5021 1 0 1 
-3.470996 0.863574 0.000000 3.477265 3.425514 8847.878168 0.000000 2212 5022 1 0 1 
1.133289 0.419576 0.000000 0.796222 0.072472 8886.243827 0.000000 2212 5023 1 0 1 
0.166957 -1.507849 0.000000 0.332520 -4.390727 8917.680340 0.000000 2212 5024 1 0 1 
0.824641 -0.782395 0.000000 -0.625907 -1.627379 8882.395830 0.000000 2212 5025 1 0 1 
1.245587 -0.810260 0.000000 -3.118605 0.188155 8913.257136 0.000000 2212 5026 1 0 1 
1.825387 1.223223 0.000000 -2.326704 -0.280414 8923.488034 0.000000 2212 5027 1 0 1 
-0.540208 -0.051373 0.000000 2.482788 -0.297912 8910.941799 0.000000 2212 5028 1 0 1 
0.964569 0.130406 0.000000 -0.222648 0.776558 8908.468112 0.000000 2212 5029 1 0 1 
0.633789 -2.413393 0.000000 -2.169116 -4.667986 8885.573913 0.000000 2212 5030 1 0 1 
3.158743 1.247939 0.000000 -4.076640 2.864567 8876.784485 0.000000 2212 5031 1 0 1 
0.810105 -1.317833 0.000000 -2.358390 0.042456 8881.309187 0.000000 2212 5032 1 0 1 
-2.710936 -0.805712 0.000000 3.539730 -0.568401 8916.533455 0.000000 2212 5033 1 0 1 
1.058054 -0.421037 0.000000 1.389879 -1.909548 8902.148281 0.000000 2212 5034 1 0 1 
-0.401576 -0.497126 0.000000 2.430708 -2.901243 8934.237242 0.000000 2212 5035 1 0 1 
1.251969 -0.561462 0.000000 -2.422339 3.104001 8842.561504 0.000000 2212 5036 1 0 1 
-0.544589 0.318069 0.000000 -1.038355 -1.129608 8903.434107 0.000000 2212 5037 1 0 1 
-2.594377 3.150302 0.000000 3.904259 3.006525 8899.545306 0.000000 2212 5038 1 0 1 
-2.806302 2.071604 0.000000 4.066369 4.398456 8869.083218 0.000000 2212 5039 1 0 1 
0.412846 -1.877707 0.000000 -0.864402 -6.842947 8908.630794 0.000000 2212 5040 1 0 1 
-1.686509 0.621531 0.000000 0.843945 1.787496 8893.983642 0.000000 2212 5041 1 0 1 
-2.514988 -0.983016 0.000000 2.459443 2.811946 8848.517661 0.000000 2212 5042 1 0 1 
0.382984 0.457557 0.000000 -1.632575 4.057361 8867.295640 0.000000 2212 5043 1 0 1 
-0.971749 -0.342583 0.000000 2.290878 4.285867 8863.229046 0.000000 2212 5044 1 0 1 
2.180375 0.594371 0.000000 -3.093654 1.284260 8869.528951 0.000000 2212 5045 1 0 1 
1.953251 0.676705 0.000000 -2.139060 3.654087 8880.583052 0.000000 2212 5046 1 0 1 
-4.207818 0.380920 0.000000 6.357811 2.745783 8904.020991 0.000000 2212 5047 1 0 1 
1.425001 2.013964 0.000000 -2.732540 0.485558 8907.024660 0.000000 2212 5048 1 0 1 
-1.731076 -0.285393 0.000000 1.820636 1.417571 8860.326872 0.000000 2212 5049 1 0 1 
0.054572 0.079512 0.000000 -1.026040 2.176062 8866.406952 0.000000 2212 5050 1 0 1 
-0.591846 -0.172971 0.000000 -0.167305 1.883358 8913.459214 0.000000 2212 5051 1 0 1 
-0.088241 -2.717684 0.000000 -1.469425 -3.794611 8873.812618 0.000000 2212 5052 1 0 1 
-0.388754 -1.924588 0.000000 1.397376 -4.111096 8920.451986 0.000000 2212 5053 1 0 1 
-0.332394 -0.972438 0.000000 -0.759641 -2.574248 8935.551594 0.000000 2212 5054 1 0 1 
-2.383902 1.160575 0.000000 0.595164 1.001932 8866.730631 0.000000 2212 5055 1 0 1 
0.273435 0.589756 0.000000 1.621446 2.913247 8880.756140 0.000000 2212 5056 1 0 1 
4.902813 -0.670821 0.000000 -8.767304 -4.796925 8925.235101 0.000000 2212 5057 1 0 1 
-1.961977 0.010572 0.000000 1.846290 -1.954095 8893.027015 0.000000 2212 5058 1 0 1 
0.291114 -0.539746 0.000000 -0.524804 2.511708 8889.126080 0.000000 2212 5059 1 0 1 
3.823645 -1.911716 0.000000 -3.614217 -3.779632 8951.791666 0.000000 2212 5060 1 0 1 
2.091979 -0.973207 0.000000 -3.326337 4.389844 8855.240355 0.000000 2212 5061 1 0 1 
-2.690499 -1.584219 0.000000 2.382314 -7.371193 8887.606400 0.000000 2212 5062 1 0 1 
1.203464 0.007623 0.000000 -1.286440 1.157810 8876.990359 0.000000 2212 5063 1 0 1 
-1.383097 0.858426 0.000000 1.210083 -0.264889 8904.907702 0.000000 2212 5064 1 0 1 
0.779292 2.057505 0.000000 -1.450535 5.262760 8839.864257 0.000000 2212 5065 1 0 1 
1.911232 1.564123 0.000000 -4.391449 1.432122 8867.515234 0.000000 2212 5066 1 0 1 
-1.020367 1.643764 0.000000 3.339457 3.231207 8864.869266 0.000000 2212 5067 1 0 1 
-3.109448 0.327063 0.000000 4.397740 -0.367269 8882.642174 0.000000 2212 5068 1 0 1 
0.412150 -0.117884 0.000000 -1.196959 -0.543939 8897.268309 0.000000 2212 5069 1 0 1 
1.492822 0.154245 0.000000 -2.769013 -0.179372 8881.849615 0.000000 2212 5070 1 0 1 
-1.671851 -0.375781 0.000000 0.176884 -2.277818 8910.727703 0.000000 2212 5071 1 0 1 
0.189174 -0.149167 0.000000 -0.473035 -3.835114 8911.912155 0.000000 2212 5072 1 0 1 
1.106905 2.153877 0.000000 -1.009762 0.927491 8872.579365 0.000000 2212 5073 1 0 1 
1.266495 -0.370216 0.000000 -1.933615 -2.124429 8883.234834 0.000000 2212 5074 1 0 1 
-0.012405 -0.227438 0.000000 -1.810185 -2.775936 8887.798570 0.000000 2212 5075 1 0 1 
1.029329 1.026503 0.000000 -2.503142 0.795005 8878.577900 0.000000 2212 5076 1 0 1 
-0.196527 -2.780511 0.000000 0.876245 -2.709002 8865.761459 0.000000 2212 5077 1 0 1 
-0.742943 3.173037 0.000000 -1.570845 6.588028 8847.196405 0.000000 2212 5078 1 0 1 
-0.140307 0.363386 0.000000 -0.317709 2.800874 8840.168185 0.000000 2212 5079 1 0 1 
-1.382117 -0.186108 0.000000 2.762530 -0.405864 8921.045581 0.000000 2212 5080 1 0 1 
0.090568 2.415151 0.000000 -2.453881 4.977595 8822.605964 0.000000 2212 5081 1 0 1 
3.282340 -1.497166 0.000000 -3.350242 -1.466904 8908.188852 0.000000 2212 5082 1 0 1 
0.239260 0.147210 0.000000 0.186316 -0.925895 8921.518172 0.000000 2212 5083 1 0 1 
-4.028164 -0.899581 0.000000 3.978956 -1.534516 8895.505011 0.000000 2212 5084 1 0 1 
-1.361114 1.272647 0.000000 0.797956 0.176492 8911.994534 0.000000 2212 5085 1 0 1 
1.938307 1.033371 0.000000 -3.123677 -0.000310 8926.435573 0.000000 2212 5086 1 0 1 
1.634936 -0.483871 0.000000 -2.464311 -0.117661 8910.847031 0.000000 2212 5087 1 0 1 
-3.142551 0.161076 0.000000 4.148762 1.700789 8895.565297 0.000000 2212 5088 1 0 1 
-3.567416 1.805801 0.000000 2.416270 2.186384 8861.307237 0.000000 2212 5089 1 0 1 
-2.719611 2.394140 0.000000 4.258129 -1.303214 8912.897327 0.000000 2212 5090 1 0 1 
2.235184 1.497158 0.000000 -4.749018 2.694353 8904.509161 0.000000 2212 5091 1 0 1 
-0.203679 -0.440704 0.000000 1.794515 4.053702 8862.316339 0.000000 2212 5092 1 0 1 
0.340981 0.570454 0.000000 -0.588396 -2.293264 8916.897401 0.000000 2212 5093 1 0 1 
-0.314585 0.465418 0.000000 0.486302 3.226289 8894.306512 0.000000 2212 5094 1 0 1 
-0.654684 0.006078 0.000000 3.575896 -0.610947 8896.039241 0.000000 2212 5095 1 0 1 
0.041476 0.049464 0.000000 0.484715 0.416223 8833.414218 0.000000 2212 5096 1 0 1 
0.777498 0.857877 0.000000 -0.762019 6.191371 8862.790187 0.000000 2212 5097 1 0 1 
1.409306 -0.496664 0.000000 -3.126874 0.648512 8848.243759 0.000000 2212 5098 1 0 1 
-0.246627 -1.467274 0.000000 -1.381283 -1.737313 8921.641031 0.000000 2212 5099 1 0 1 
3.312749 0.626222 0.000000 -3.171524 -2.272829 8867.569276 0.000000 2212 5100 1 0 1 
-0.212427 -0.223737 0.000000 0.902192 3.853419 8835.046937 0.000000 2212 5101 1 0 1 
1.867439 2.837739 0.000000 -4.128095 3.986614 8905.023293 0.000000 2212 5102 1 0 1 
0.007198 -1.236372 0.000000 1.187170 -5.429612 8926.775070 0.000000 2212 5103 1 0 1 
1.503695 -1.257305 0.000000 -0.536023 0.557290 8924.511327 0.000000 2212 5104 1 0 1 
-2.145635 2.925625 0.000000 2.640111 4.029084 8876.966136 0.000000 2212 5105 1 0 1 
1.993208 -1.848063 0.000000 -2.869763 -6.359066 8937.927544 0.000000 2212 5106 1 0 1 
2.445655 -3.100948 0.000000 -2.334968 -3.027164 8872.407292 0.000000 2212 5107 1 0 1 
1.648482 -2.126881 0.000000 -2.492984 0.328845 8879.494053 0.000000 2212 5108 1 0 1 
1.417273 0.497846 0.000000 -1.024895 -0.109109 8848.495249 0.000000 2212 5109 1 0 1 
0.066867 2.031138 0.000000 -0.050901 1.302529 8893.573470 0.000000 2212 5110 1 0 1 
1.363379 0.868767 0.000000 -2.859339 2.592863 8878.321865 0.000000 2212 5111 1 0 1 
0.747453 -0.041822 0.000000 -1.774708 -1.543807 8887.299121 0.000000 2212 5112 1 0 1 
-0.981801 1.287391 0.000000 1.383725 -0.368391 8888.197193 0.000000 2212 5113 1 0 1 
0.395645 0.394515 0.000000 2.384685 -4.975838 8953.882739 0.000000 2212 5114 1 0 1 
-1.131874 1.795468 0.000000 1.424578 -0.766274 8911.695393 0.000000 2212 5115 1 0 1 
-3.752138 -0.124555 0.000000 3.130558 -0.624763 8899.145007 0.000000 2212 5116 1 0 1 
-2.849995 0.648779 0.000000 5.738549 2.595792 8887.927258 0.000000 2212 5117 1 0 1 
2.342238 -0.754246 0.000000 -2.304314 -5.459420 8925.770993 0.000000 2212 5118 1 0 1 
-1.488185 1.001149 0.000000 2.429316 -0.669025 8900.201043 0.000000 2212 5119 1 0 1 
1.739086 0.309849 0.000000 -3.103056 3.672463 8867.226132 0.000000 2212 5120 1 0 1 
1.716473 -0.603068 0.000000 -0.704166 -3.359416 8915.963444 0.000000 2212 5121 1 0 1 
1.759168 -1.315912 0.000000 -1.292264 -2.797479 8886.284996 0.000000 2212 5122 1 0 1 
-0.763757 -0.577170 0.000000 1.501614 -2.853636 8892.660389 0.000000 2212 5123 1 0 1 
1.620091 -3.478754 0.000000 -1.922494 -2.893647 8906.873858 0.000000 2212 5124 1 0 1 
-0.427430 -1.320772 0.000000 0.056001 -0.848201 8884.805001 0.000000 2212 5125 1 0 1 
1.094681 -2.183081 0.000000 -3.377998 2.662018 8869.405668 0.000000 2212 5126 1 0 1 
-1.387850 -0.193272 0.000000 2.397879 1.072579 8867.063973 0.000000 2212 5127 1 0 1 
0.741432 0.280335 0.000000 -1.069945 0.085439 8924.907260 0.000000 2212 5128 1 0 1 
1.998174 -1.109057 0.000000 -2.170950 -2.100510 8887.394554 0.000000 2212 5129 1 0 1 
0.006950 0.021396 0.000000 -2.683971 1.560320 8875.109253 0.000000 2212 5130 1 0 1 
0.284198 0.415411 0.000000 -0.594106 2.496356 8898.088567 0.000000 2212 5131 1 0 1 
0.740137 1.941826 0.000000 -1.058064 0.092210 8931.972167 0.000000 2212 5132 1 0 1 
0.372544 1.409089 0.000000 -1.234622 4.996824 8888.507323 0.000000 2212 5133 1 0 1 
-1.097212 0.040040 0.000000 2.146541 -0.689969 8895.462033 0.000000 2212 5134 1 0 1 
-0.395892 0.624016 0.000000 -0.430877 -0.116535 8866.885106 0.000000 2212 5135 1 0 1 
0.688444 -0.229353 0.000000 -0.689472 -0.356224 8900.879702 0.000000 2212 5136 1 0 1 
1.652811 -0.123563 0.000000 -2.422603 0.875252 8866.934509 0.000000 2212 5137 1 0 1 
1.454750 0.057502 0.000000 -1.725045 -1.057263 8896.400851 0.000000 2212 5138 1 0 1 
0.702174 -0.176692 0.000000 -0.861102 2.906899 8902.184514 0.000000 2212 5139 1 0 1 
2.158798 0.123046 0.000000 -2.824751 2.696919 8842.080580 0.000000 2212 5140 1 0 1 
-0.310739 -0.378130 0.000000 1.479450 -1.565720 8925.203055 0.000000 2212 5141 1 0 1 
-0.022420 0.033277 0.000000 -1.047596 0.650447 8861.542016 0.000000 2212 5142 1 0 1 
-2.356769 0.408934 0.000000 1.546952 1.889538 8862.422210 0.000000 2212 5143 1 0 1 
-0.307045 -0.720934 0.000000 1.847698 0.218988 8899.373354 0.000000 2212 5144 1 0 1 
1.311103 1.140245 0.000000 -1.237711 2.290265 8847.845929 0.000000 2212 5145 1 0 1 
-1.367383 1.414842 0.000000 1.486991 4.832764 8828.199460 0.000000 2212 5146 1 0 1 
-1.803177 1.300244 0.000000 1.172603 4.152550 8856.566436 0.000000 2212 5147 1 0 1 
2.852409 0.360938 0.000000 -2.983534 3.957182 8880.518837 0.000000 2212 5148 1 0 1 
0.527006 0.887513 0.000000 -1.579341 -1.430895 8857.097565 0.000000 2212 5149 1 0 1 
-1.927137 1.164003 0.000000 1.821889 4.154660 8880.993377 0.000000 2212 5150 1 0 1 
2.339542 0.145345 0.000000 -4.096465 0.555167 8869.240793 0.000000 2212 5151 1 0 1 
-2.859738 -1.584000 0.000000 5.833168 -1.782219 8906.132915 0.000000 2212 5152 1 0 1 
-1.240845 1.440983 0.000000 0.403611 2.256736 8868.575949 0.000000 2212 5153 1 0 1 
-0.114794 -1.044755 0.000000 1.632397 -1.881902 8891.342527 0.000000 2212 5154 1 0 1 
3.145704 -2.241589 0.000000 -5.451394 -0.568420 8854.480250 0.000000 2212 5155 1 0 1 
-0.954343 -2.437538 0.000000 1.281306 -1.332638 8874.670786 0.000000 2212 5156 1 0 1 
0.591871 0.276626 0.000000 -1.050214 -5.038425 8909.443925 0.000000 2212 5157 1 0 1 
0.204577 0.437177 0.000000 -0.956506 -1.929360 8905.237057 0.000000 2212 5158 1 0 1 
-5.289884 1.096961 0.000000 7.684263 -2.910248 8900.640442 0.000000 2212 5159 1 0 1 
-1.390764 -0.265662 0.000000 2.188485 0.381848 8912.255280 0.000000 2212 5160 1 0 1 
-0.886802 0.926995 0.000000 -0.320572 2.696030 8844.181360 0.000000 2212 5161 1 0 1 
-0.932458 0.342741 0.000000 0.393612 -2.336027 8902.963040 0.000000 2212 5162 1 0 1 
3.566380 -1.708960 0.000000 -5.937348 -0.267733 8876.264633 0.000000 2212 5163 1 0 1 
-1.287594 -1.503058 0.000000 2.736947 0.656198 8937.198858 0.000000 2212 5164 1 0 1 
2.896779 -0.207551 0.000000 -3.929603 -1.658918 8865.866106 0.000000 2212 5165 1 0 1 
-1.333442 -1.221507 0.000000 0.926146 -5.087669 8887.968647 0.000000 2212 5166 1 0 1 
-0.824846 0.890293 0.000000 2.324240 2.174060 8899.288862 0.000000 2212 5167 1 0 1 
0.730468 -0.259805 0.000000 -0.079327 -1.668035 8900.281819 0.000000 2212 5168 1 0 1 
4.122185 0.039742 0.000000 -5.448424 -2.939810 8917.459884 0.000000 2212 5169 1 0 1 
0.243336 1.011236 0.000000 1.718483 0.845821 8914.403954 0.000000 2212 5170 1 0 1 
2.345498 0.329007 0.000000 -3.156597 -0.004439 8916.435285 0.000000 2212 5171 1 0 1 
-0.457284 -1.201751 0.000000 1.110715 1.618483 8876.550504 0.000000 2212 5172 1 0 1 
0.703769 0.276054 0.000000 -0.567336 -1.792372 8897.832987 0.000000 2212 5173 1 0 1 
0.148958 0.363433 0.000000 0.035485 -0.085782 8890.732457 0.000000 2212 5174 1 0 1 
-0.033410 0.931418 0.000000 0.188262 2.639832 8881.227033 0.000000 2212 5175 1 0 1 
-3.736233 -0.577319 0.000000 5.408365 2.957324 8880.830237 0.000000 2212 5176 1 0 1 
-2.800028 1.718268 0.000000 5.335613 4.820572 8877.103519 0.000000 2212 5177 1 0 1 
0.125555 -1.069366 0.000000 -0.780907 2.385236 8875.941168 0.000000 2212 5178 1 0 1 
-1.081839 -0.121979 0.000000 0.640972 3.043369 8881.658044 0.000000 2212 5179 1 0 1 
1.266540 0.420049 0.000000 -1.937671 -0.130246 8902.555631 0.000000 2212 5180 1 0 1 
0.988640 1.267858 0.000000 -3.661757 1.257427 8876.715972 0.000000 2212 5181 1 0 1 
-0.161626 -0.637211 0.000000 0.480262 -0.984786 8937.067921 0.000000 2212 5182 1 0 1 
3.920915 -1.077028 0.000000 -6.325700 -1.103446 8861.830790 0.000000 2212 5183 1 0 1 
-0.750656 -2.380037 0.000000 -0.048675 -1.109935 8860.612817 0.000000 2212 5184 1 0 1 
1.412771 -1.352164 0.000000 -1.258670 -1.255473 8913.704286 0.000000 2212 5185 1 0 1 
-0.478204 0.590920 0.000000 1.364774 -1.562745 8915.202635 0.000000 2212 5186 1 0 1 
-0.055063 -1.038486 0.000000 0.538903 0.291470 8875.026326 0.000000 2212 5187 1 0 1 
-0.822096 -1.044372 0.000000 0.687571 -1.334520 8913.006599 0.000000 2212 5188 1 0 1 
-0.369950 -1.525591 0.000000 0.584530 -5.417527 8891.958872 0.000000 2212 5189 1 0 1 
-2.148144 -0.058473 0.000000 5.568752 2.366213 8892.227985 0.000000 2212 5190 1 0 1 
0.873137 1.578865 0.000000 -1.400540 1.249916 8909.907391 0.000000 2212 5191 1 0 1 
1.853731 -0.885152 0.000000 -2.729399 -1.846076 8891.636321 0.000000 2212 5192 1 0 1 
-0.413404 -0.303046 0.000000 1.356276 0.033474 8931.091025 0.000000 2212 5193 1 0 1 
-0.168201 -0.674154 0.000000 0.245902 -2.812284 8883.256365 0.000000 2212 5194 1 0 1 
1.608172 0.638061 0.000000 -3.761556 -1.487849 8871.375113 0.000000 2212 5195 1 0 1 
1.532323 0.669812 0.000000 -3.184842 1.571114 8886.083453 0.000000 2212 5196 1 0 1 
1.904016 1.624927 0.000000 -1.935500 -0.346860 8896.617768 0.000000 2212 5197 1 0 1 
-3.914772 -0.150218 0.000000 5.367818 1.481865 8899.708224 0.000000 2212 5198 1 0 1 
0.480257 0.650994 0.000000 -1.092700 2.132945 8854.662472 0.000000 2212 5199 1 0 1 
-0.341809 -0.000429 0.000000 1.021779 5.562330 8812.358136 0.000000 2212 5200 1 0 1 
2.473130 0.437867 0.000000 -2.535997 2.008152 8846.164699 0.000000 2212 5201 1 0 1 
2.493282 -0.667499 0.000000 -2.401268 -1.368999 8897.226747 0.000000 2212 5202 1 0 1 
-1.219799 -0.827122 0.000000 2.804328 -5.027811 8934.321857 0.000000 2212 5203 1 0 1 
0.921470 -1.990575 0.000000 -1.248529 -4.840578 8919.317520 0.000000 2212 5204 1 0 1 
-3.961057 1.153830 0.000000 3.777625 3.586601 8910.569012 0.000000 2212 5205 1 0 1 
1.503885 0.621852 0.000000 -2.729869 -4.674347 8924.363079 0.000000 2212 5206 1 0 1 
1.846255 -1.342206 0.000000 -5.281151 1.737911 8874.119152 0.000000 2212 5207 1 0 1 
2.449180 -1.199353 0.000000 -3.342334 0.606480 8875.045340 0.000000 2212 5208 1 0 1 
1.186866 -0.321969 0.000000 -1.897506 2.414706 8837.156322 0.000000 2212 5209 1 0 1 
-2.215150 0.258316 0.000000 3.184672 0.586369 8902.139147 0.000000 2212 5210 1 0 1 
-0.791221 2.020054 0.000000 1.473991 0.701973 8891.300033 0.000000 2212 5211 1 0 1 
-1.192302 -0.332718 0.000000 1.423694 3.639268 8873.338423 0.000000 2212 5212 1 0 1 
2.264566 0.288288 0.000000 -4.190643 -0.773275 8882.546189 0.000000 2212 5213 1 0 1 
-2.501518 0.564115 0.000000 3.276866 -1.485356 8876.685581 0.000000 2212 5214 1 0 1 
0.916427 -0.540994 0.000000 -1.200406 1.645404 8898.205829 0.000000 2212 5215 1 0 1 
0.617956 2.297998 0.000000 0.120969 1.493570 8867.135382 0.000000 2212 5216 1 0 1 
-1.034173 -0.837956 0.000000 3.654858 -0.556309 8885.027831 0.000000 2212 5217 1 0 1 
1.659580 0.694379 0.000000 -2.240202 -2.005686 8934.797541 0.000000 2212 5218 1 0 1 
-1.253788 2.126073 0.000000 2.623840 4.905488 8879.721818 0.000000 2212 5219 1 0 1 
-1.783370 -1.003727 0.000000 1.939927 0.466447 8850.544513 0.000000 2212 5220 1 0 1 
0.733872 0.187622 0.000000 -0.551618 -0.980219 8895.090204 0.000000 2212 5221 1 0 1 
-0.284204 3.590275 0.000000 -1.384993 7.557361 8843.654066 0.000000 2212 5222 1 0 1 
0.554083 0.065390 0.000000 0.550690 0.767688 8884.047358 0.000000 2212 5223 1 0 1 
0.703431 0.527457 0.000000 0.700621 -0.296727 8886.289666 0.000000 2212 5224 1 0 1 
-0.086816 0.566280 0.000000 0.812274 0.306204 8881.121219 0.000000 2212 5225 1 0 1 
-0.971284 0.628000 0.000000 1.468914 -2.294955 8889.657778 0.000000 2212 5226 1 0 1 
-2.202028 0.037648 0.000000 5.138183 2.320459 8853.347789 0.000000 2212 5227 1 0 1 
3.001544 -0.701068 0.000000 -3.810986 -1.362440 8937.100887 0.000000 2212 5228 1 0 1 
-0.669943 -1.271419 0.000000 3.427231 -0.806798 8938.486722 0.000000 2212 5229 1 0 1 
2.317404 -1.475471 0.000000 -3.529398 -4.646155 8907.923850 0.000000 2212 5230 1 0 1 
-0.265151 -0.610961 0.000000 1.667306 -1.392396 8894.982062 0.000000 2212 5231 1 0 1 
-2.556192 1.059632 0.000000 4.614438 1.335189 8855.870476 0.000000 2212 5232 1 0 1 
3.795855 -1.234111 0.000000 -4.911830 -4.226696 8885.227888 0.000000 2212 5233 1 0 1 
2.540956 -1.436841 0.000000 -1.704028 -1.445299 8906.830244 0.000000 2212 5234 1 0 1 
-1.675294 1.296079 0.000000 0.642206 3.065147 8861.358062 0.000000 2212 5235 1 0 1 
2.058400 -0.279537 0.000000 -2.640938 2.643186 8879.272195 0.000000 2212 5236 1 0 1 
-1.898574 0.872801 0.000000 4.362287 1.041869 8866.116528 0.000000 2212 5237 1 0 1 
-0.108745 1.705844 0.000000 -3.201289 0.579639 8869.742618 0.000000 2212 5238 1 0 1 
-1.741399 1.827428 0.000000 1.166076 1.504351 8854.757081 0.000000 2212 5239 1 0 1 
2.621346 -0.237318 0.000000 -2.661274 -0.997473 8892.511226 0.000000 2212 5240 1 0 1 
0.316020 0.419024 0.000000 -3.054698 2.768685 8864.060860 0.000000 2212 5241 1 0 1 
-1.144342 1.691440 0.000000 2.481322 0.729308 8903.600524 0.000000 2212 5242 1 0 1 
-1.589604 -0.401127 0.000000 0.773693 -4.598816 8930.292358 0.000000 2212 5243 1 0 1 
-1.103670 0.472936 0.000000 0.241576 4.100593 8849.392800 0.000000 2212 5244 1 0 1 
1.077987 3.074699 0.000000 -2.934591 4.077479 8840.649570 0.000000 2212 5245 1 0 1 
-1.460430 0.058102 0.000000 2.225521 1.516155 8868.260191 0.000000 2212 5246 1 0 1 
2.154053 -0.958973 0.000000 -3.572739 1.343831 8856.025500 0.000000 2212 5247 1 0 1 
-0.162849 2.169024 0.000000 -0.950701 -0.705814 8879.255554 0.000000 2212 5248 1 0 1 
0.166517 -2.400305 0.000000 2.758932 -8.688005 8948.074813 0.000000 2212 5249 1 0 1 
-0.602741 0.218895 0.000000 1.024086 -1.555779 8915.990765 0.000000 2212 5250 1 0 1 
-0.054011 -0.312731 0.000000 0.053865 -1.081753 8885.851068 0.000000 2212 5251 1 0 1 
-0.123055 0.707365 0.000000 -1.273472 2.175765 8844.892995 0.000000 2212 5252 1 0 1 
0.114487 -0.058400 0.000000 0.538746 -0.247948 8883.180437 0.000000 2212 5253 1 0 1 
0.286413 -0.720801 0.000000 0.532497 -1.180697 8877.729305 0.000000 2212 5254 1 0 1 
-0.203622 1.882474 0.000000 -1.411048 2.731765 8895.508858 0.000000 2212 5255 1 0 1 
-1.761598 1.511251 0.000000 4.248101 1.428590 8876.948798 0.000000 2212 5256 1 0 1 
0.406895 -1.116218 0.000000 0.630133 -1.145146 8897.617966 0.000000 2212 5257 1 0 1 
2.278524 0.078800 0.000000 -4.500037 1.496053 8838.781473 0.000000 2212 5258 1 0 1 
-1.136843 1.639189 0.000000 -1.311783 -1.617412 8902.365107 0.000000 2212 5259 1 0 1 
0.791951 -1.196929 0.000000 -1.752740 -1.986781 8942.356254 0.000000 2212 5260 1 0 1 
3.996735 -0.416591 0.000000 -2.642922 -1.712871 8921.311471 0.000000 2212 5261 1 0 1 
0.543228 1.591138 0.000000 -1.080069 1.179969 8900.606991 0.000000 2212 5262 1 0 1 
0.912297 2.224459 0.000000 -2.037888 5.616564 8822.991048 0.000000 2212 5263 1 0 1 
0.479772 -0.195390 0.000000 0.918382 -0.625561 8918.457322 0.000000 2212 5264 1 0 1 
-0.305352 -0.430386 0.000000 1.495500 0.108912 8889.518135 0.000000 2212 5265 1 0 1 
-2.388862 -0.080221 0.000000 4.525244 -0.660328 8911.045995 0.000000 2212 5266 1 0 1 
-0.469406 -0.332226 0.000000 -0.826603 1.898815 8883.680796 0.000000 2212 5267 1 0 1 
-1.122708 0.068874 0.000000 2.509345 3.928119 8842.356403 0.000000 2212 5268 1 0 1 
0.554548 0.832926 0.000000 -1.645756 2.457218 8885.674255 0.000000 2212 5269 1 0 1 
2.823583 -0.090221 0.000000 -3.939247 0.260091 8869.435220 0.000000 2212 5270 1 0 1 
-2.366170 0.014772 0.000000 1.631665 -1.755317 8910.982945 0.000000 2212 5271 1 0 1 
-4.852172 -0.845067 0.000000 5.031342 -3.827757 8923.093582 0.000000 2212 5272 1 0 1 
-0.310408 -0.793858 0.000000 0.798653 -3.602372 8901.241570 0.000000 2212 5273 1 0 1 
1.256739 -1.871272 0.000000 -0.761045 -0.511118 8860.978756 0.000000 2212 5274 1 0 1 
0.307948 0.348056 0.000000 -0.560777 5.245730 8837.065726 0.000000 2212 5275 1 0 1 
0.346918 0.123298 0.000000 1.076627 -2.808973 8917.964106 0.000000 2212 5276 1 0 1 
-3.012445 -1.181869 0.000000 6.314989 -2.913589 8890.996960 0.000000 2212 5277 1 0 1 
-1.741347 -0.674031 0.000000 2.155563 1.872062 8869.008396 0.000000 2212 5278 1 0 1 
1.121068 0.653310 0.000000 -2.648600 0.705129 8885.385229 0.000000 2212 5279 1 0 1 
-2.326955 0.983094 0.000000 3.962210 8.027905 8840.858843 0.000000 2212 5280 1 0 1 
1.892188 -0.476818 0.000000 -1.623452 1.094562 8883.860236 0.000000 2212 5281 1 0 1 
-0.933993 1.877345 0.000000 -0.371418 8.092230 8790.809900 0.000000 2212 5282 1 0 1 
1.225936 1.324942 0.000000 -2.682423 0.640702 8909.679264 0.000000 2212 5283 1 0 1 
1.805446 -1.123751 0.000000 1.260958 -2.614890 8959.926946 0.000000 2212 5284 1 0 1 
-0.274073 -1.084050 0.000000 -0.686979 -0.067692 8878.740936 0.000000 2212 5285 1 0 1 
-1.393012 1.198664 0.000000 3.356426 1.989791 8894.976248 0.000000 2212 5286 1 0 1 
2.748714 1.348211 0.000000 -5.929497 4.742294 8846.566204 0.000000 2212 5287 1 0 1 
-2.452932 1.346665 0.000000 5.187311 -0.940155 8876.772712 0.000000 2212 5288 1 0 1 
1.516346 2.366584 0.000000 -2.154558 0.151335 8872.142909 0.000000 2212 5289 1 0 1 
-1.481029 0.456708 0.000000 4.108031 -5.160363 8898.273877 0.000000 2212 5290 1 0 1 
-1.742772 -1.947087 0.000000 3.428353 0.709097 8880.829703 0.000000 2212 5291 1 0 1 
3.370413 0.493909 0.000000 -6.690387 2.869205 8895.641645 0.000000 2212 5292 1 0 1 
-1.944816 0.292952 0.000000 2.763130 -0.053729 8878.627635 0.000000 2212 5293 1 0 1 
2.650814 0.234421 0.000000 -4.584928 2.256710 8878.851345 0.000000 2212 5294 1 0 1 
-2.456181 3.108934 0.000000 2.132378 1.614171 8859.996914 0.000000 2212 5295 1 0 1 
-2.936680 -1.385660 0.000000 4.295888 2.792278 8836.801805 0.000000 2212 5296 1 0 1 
-0.696712 1.232175 0.000000 -1.434092 2.221806 8903.689077 0.000000 2212 5297 1 0 1 
-2.252006 1.151894 0.000000 4.519569 2.534196 8915.276113 0.000000 2212 5298 1 0 1 
0.915142 1.417496 0.000000 0.043980 5.655753 8846.297631 0.000000 2212 5299 1 0 1 
-1.208218 -0.506030 0.000000 1.721586 -3.924919 8920.876341 0.000000 2212 5300 1 0 1 
-3.274895 -0.953238 0.000000 1.366093 1.243751 8888.101586 0.000000 2212 5301 1 0 1 
-2.157455 -1.087580 0.000000 5.091905 -2.168165 8876.090539 0.000000 2212 5302 1 0 1 
-2.577334 -0.712752 0.000000 4.857304 -1.354314 8903.610164 0.000000 2212 5303 1 0 1 
0.632056 -0.487599 0.000000 1.211838 -0.665033 8896.587185 0.000000 2212 5304 1 0 1 
-0.752291 0.681995 0.000000 0.945984 0.450678 8891.839144 0.000000 2212 5305 1 0 1 
1.434254 -0.364852 0.000000 0.604242 -3.961480 8944.268143 0.000000 2212 5306 1 0 1 
3.574045 0.400187 0.000000 -6.065935 2.356691 8878.691410 0.000000 2212 5307 1 0 1 
-0.868313 -0.812965 0.000000 4.334804 -4.555428 8940.019943 0.000000 2212 5308 1 0 1 
0.591144 -0.416003 0.000000 -0.149337 -3.349055 8913.959327 0.000000 2212 5309 1 0 1 
0.128424 0.137334 0.000000 -0.819900 -3.262633 8942.382495 0.000000 2212 5310 1 0 1 
-2.742622 0.171848 0.000000 3.658761 -1.342003 8900.585792 0.000000 2212 5311 1 0 1 
-1.108256 -2.920671 0.000000 -0.786836 -2.781002 8898.382644 0.000000 2212 5312 1 0 1 
0.547783 -0.374200 0.000000 -1.723442 5.245319 8879.974874 0.000000 2212 5313 1 0 1 
-0.775036 -1.458332 0.000000 1.036026 1.551240 8877.526270 0.000000 2212 5314 1 0 1 
2.001217 2.227573 0.000000 -2.751416 0.938186 8917.835310 0.000000 2212 5315 1 0 1 
-0.199716 -0.297892 0.000000 1.316503 0.417472 8925.291707 0.000000 2212 5316 1 0 1 
0.765800 -0.085986 0.000000 -0.247365 -2.247948 8880.256933 0.000000 2212 5317 1 0 1 
0.711859 0.716185 0.000000 -2.793943 3.403911 8897.406734 0.000000 2212 5318 1 0 1 
3.589928 1.450007 0.000000 -3.332539 0.497084 8893.441718 0.000000 2212 5319 1 0 1 
-0.318609 -0.950354 0.000000 -0.404211 2.094313 8855.294826 0.000000 2212 5320 1 0 1 
0.137668 0.267864 0.000000 0.326905 2.822978 8834.862531 0.000000 2212 5321 1 0 1 
-1.534028 1.843835 0.000000 2.666490 4.302082 8854.549611 0.000000 2212 5322 1 0 1 
-0.931653 2.024163 0.000000 0.444338 3.466540 8855.652036 0.000000 2212 5323 1 0 1 
1.095261 1.716234 0.000000 -3.184511 -0.645983 8898.419497 0.000000 2212 5324 1 0 1 
-0.816978 1.134767 0.000000 1.598464 4.710158 8872.160683 0.000000 2212 5325 1 0 1 
0.742785 1.519145 0.000000 -2.678952 4.482820 8868.908307 0.000000 2212 5326 1 0 1 
0.504471 0.344779 0.000000 -1.377592 -2.344524 8927.449782 0.000000 2212 5327 1 0 1 
-1.058022 -0.218587 0.000000 0.378672 -5.710924 8926.469879 0.000000 2212 5328 1 0 1 
3.626487 -1.151054 0.000000 -6.784063 -1.691628 8884.146799 0.000000 2212 5329 1 0 1 
1.040643 -0.389913 0.000000 -0.671568 1.149923 8867.698975 0.000000 2212 5330 1 0 1 
-1.449081 -0.720309 0.000000 2.902615 -3.463262 8920.787557 0.000000 2212 5331 1 0 1 
1.861001 0.465840 0.000000 -3.497773 -0.099860 8854.661898 0.000000 2212 5332 1 0 1 
0.771718 0.204107 0.000000 -1.097136 1.768559 8883.931736 0.000000 2212 5333 1 0 1 
1.058387 0.628679 0.000000 -0.830787 -1.218567 8885.940913 0.000000 2212 5334 1 0 1 
-1.131159 -0.074112 0.000000 3.006794 -2.489906 8903.164468 0.000000 2212 5335 1 0 1 
1.837537 0.762246 0.000000 -2.614342 6.908969 8857.657841 0.000000 2212 5336 1 0 1 
1.156326 -1.810600 0.000000 -0.147802 -6.578330 8932.502641 0.000000 2212 5337 1 0 1 
0.289882 -0.413067 0.000000 0.130193 4.186808 8854.794396 0.000000 2212 5338 1 0 1 
-3.851782 0.188023 0.000000 4.633422 -2.236434 8906.465278 0.000000 2212 5339 1 0 1 
3.225597 1.553794 0.000000 -2.015273 3.926399 8875.974845 0.000000 2212 5340 1 0 1 
-0.786559 -1.395152 0.000000 -1.566788 -4.984833 8935.493283 0.000000 2212 5341 1 0 1 
-2.716179 -1.127853 0.000000 3.762505 2.649469 8887.659485 0.000000 2212 5342 1 0 1 
-0.219577 -2.520282 0.000000 1.604301 -4.378665 8890.510501 0.000000 2212 5343 1 0 1 
0.573184 -0.547541 0.000000 -0.344153 -1.147318 8911.773146 0.000000 2212 5344 1 0 1 
0.876333 0.589737 0.000000 -0.406198 -1.336659 8863.838425 0.000000 2212 5345 1 0 1 
0.482772 -1.222591 0.000000 0.415804 1.493215 8857.016868 0.000000 2212 5346 1 0 1 
3.776795 1.078577 0.000000 -6.883218 0.810560 8857.674839 0.000000 2212 5347 1 0 1 
1.148248 -1.998102 0.000000 -1.284786 -1.529906 8898.464887 0.000000 2212 5348 1 0 1 
-0.625996 -1.619685 0.000000 0.787209 0.850544 8867.616706 0.000000 2212 5349 1 0 1 
0.207034 -0.296908 0.000000 0.364064 1.208707 8920.122010 0.000000 2212 5350 1 0 1 
4.858219 0.794574 0.000000 -6.540536 -1.337706 8882.862972 0.000000 2212 5351 1 0 1 
1.033571 -2.020536 0.000000 0.900307 -2.443324 8921.415730 0.000000 2212 5352 1 0 1 
-0.379319 2.142678 0.000000 0.423364 -1.695048 8950.884076 0.000000 2212 5353 1 0 1 
0.610598 0.584051 0.000000 -0.416852 -3.394827 8918.488128 0.000000 2212 5354 1 0 1 
0.182606 -0.463824 0.000000 -1.106525 0.890048 8882.575250 0.000000 2212 5355 1 0 1 
-0.566746 -0.437695 0.000000 1.123016 -3.286951 8914.041836 0.000000 2212 5356 1 0 1 
0.700067 -0.151057 0.000000 -1.639003 2.573197 8852.260199 0.000000 2212 5357 1 0 1 
1.600231 0.515556 0.000000 -2.861909 3.629492 8857.829877 0.000000 2212 5358 1 0 1 
0.015458 0.832310 0.000000 0.784553 4.254150 8859.992844 0.000000 2212 5359 1 0 1 
0.878625 0.747864 0.000000 -2.023219 1.669774 8884.354704 0.000000 2212 5360 1 0 1 
-1.985420 -0.098603 0.000000 5.170857 1.721505 8901.545487 0.000000 2212 5361 1 0 1 
-0.749525 1.795353 0.000000 2.048073 1.099616 8898.214296 0.000000 2212 5362 1 0 1 
-0.522341 0.626519 0.000000 -0.176961 -0.924727 8960.663302 0.000000 2212 5363 1 0 1 
-2.470696 -0.078522 0.000000 5.874359 -1.996636 8932.022306 0.000000 2212 5364 1 0 1 
0.526451 0.886426 0.000000 -1.108633 1.601205 8853.564620 0.000000 2212 5365 1 0 1 
-2.272926 1.137096 0.000000 2.806973 3.101819 8874.260474 0.000000 2212 5366 1 0 1 
-2.337696 0.310591 0.000000 3.988699 2.600116 8867.162899 0.000000 2212 5367 1 0 1 
-0.709341 0.867852 0.000000 2.858550 0.727802 8888.847029 0.000000 2212 5368 1 0 1 
-0.854897 0.420462 0.000000 1.399209 -0.284304 8883.626373 0.000000 2212 5369 1 0 1 
3.038482 -1.263634 0.000000 -4.790367 -3.706872 8931.499051 0.000000 2212 5370 1 0 1 
2.092726 0.916785 0.000000 -1.917921 -1.112985 8867.838424 0.000000 2212 5371 1 0 1 
1.070055 -0.103668 0.000000 -2.715534 -1.078745 8888.523828 0.000000 2212 5372 1 0 1 
-0.344753 -0.744544 0.000000 2.285131 -1.375917 8948.536024 0.000000 2212 5373 1 0 1 
-1.078157 1.329229 0.000000 1.432236 0.946902 8844.542423 0.000000 2212 5374 1 0 1 
-0.579868 1.378084 0.000000 1.482537 -0.289326 8925.476031 0.000000 2212 5375 1 0 1 
-0.521726 2.084952 0.000000 -0.029683 3.412565 8849.057236 0.000000 2212 5376 1 0 1 
0.666037 -0.140777 0.000000 -1.903306 -1.195660 8898.995999 0.000000 2212 5377 1 0 1 
-0.336440 -0.165431 0.000000 1.064927 -4.601989 8920.479873 0.000000 2212 5378 1 0 1 
-0.683158 0.044158 0.000000 -0.535821 0.249948 8892.132772 0.000000 2212 5379 1 0 1 
1.479226 -0.553528 0.000000 -1.438015 -2.164876 8869.710491 0.000000 2212 5380 1 0 1 
-3.133408 2.316284 0.000000 4.784405 5.798469 8876.005669 0.000000 2212 5381 1 0 1 
2.426631 0.677021 0.000000 -3.026977 0.789711 8862.315661 0.000000 2212 5382 1 0 1 
0.814769 0.562408 0.000000 -2.243639 -2.131075 8900.730067 0.000000 2212 5383 1 0 1 
1.823621 -2.615560 0.000000 -2.347104 -3.256113 8875.692710 0.000000 2212 5384 1 0 1 
1.816449 1.943309 0.000000 1.042357 3.258058 8870.424122 0.000000 2212 5385 1 0 1 
-0.725205 0.819617 0.000000 -0.254968 2.875031 8868.331094 0.000000 2212 5386 1 0 1 
-1.443685 0.828770 0.000000 3.168018 3.072375 8892.576352 0.000000 2212 5387 1 0 1 
1.130175 0.611921 0.000000 -1.673561 0.745591 8872.187425 0.000000 2212 5388 1 0 1 
-0.705327 -2.679989 0.000000 1.514109 -4.215544 8912.493034 0.000000 2212 5389 1 0 1 
0.405041 -0.468731 0.000000 -1.595406 1.312920 8872.843689 0.000000 2212 5390 1 0 1 
-1.206013 -1.184829 0.000000 0.863610 -4.322322 8933.785496 0.000000 2212 5391 1 0 1 
0.780885 -0.405149 0.000000 0.247321 4.573571 8837.281842 0.000000 2212 5392 1 0 1 
-1.776860 -0.971238 0.000000 0.838488 -0.843254 8865.748659 0.000000 2212 5393 1 0 1 
1.228740 -0.975003 0.000000 -1.654823 -0.539775 8870.042015 0.000000 2212 5394 1 0 1 
-2.122071 -1.068470 0.000000 4.400941 -4.201412 8920.152394 0.000000 2212 5395 1 0 1 
2.435254 1.360283 0.000000 -4.319103 1.527437 8857.560033 0.000000 2212 5396 1 0 1 
-2.128159 1.032017 0.000000 2.135337 4.785083 8862.430012 0.000000 2212 5397 1 0 1 
-0.316694 1.265030 0.000000 -0.084538 1.214207 8879.343211 0.000000 2212 5398 1 0 1 
-1.750382 1.928703 0.000000 2.735199 2.664247 8906.886490 0.000000 2212 5399 1 0 1 
1.955410 0.450317 0.000000 -3.720277 0.767493 8927.908048 0.000000 2212 5400 1 0 1 
0.534961 0.487098 0.000000 0.358476 -1.244977 8923.766606 0.000000 2212 5401 1 0 1 
-2.745520 -0.201234 0.000000 2.871159 -0.605342 8892.171279 0.000000 2212 5402 1 0 1 
0.297853 0.255774 0.000000 -0.326618 0.100334 8877.988673 0.000000 2212 5403 1 0 1 
3.555897 0.963175 0.000000 -4.918295 -0.635024 8928.939890 0.000000 2212 5404 1 0 1 
0.572870 -0.323722 0.000000 -1.119124 -0.915359 8863.196239 0.000000 2212 5405 1 0 1 
-3.146178 1.746902 0.000000 2.404046 2.226807 8870.594931 0.000000 2212 5406 1 0 1 
3.074492 -1.873941 0.000000 -4.889079 -2.446951 8880.326831 0.000000 2212 5407 1 0 1 
-2.527095 -1.378087 0.000000 4.679853 -5.703016 8946.515369 0.000000 2212 5408 1 0 1 
-0.724838 1.014461 0.000000 0.371841 5.105935 8860.181736 0.000000 2212 5409 1 0 1 
2.665240 -1.095456 0.000000 -4.209337 -2.276590 8905.850631 0.000000 2212 5410 1 0 1 
-1.969301 -0.126610 0.000000 1.473524 -0.493474 8859.204154 0.000000 2212 5411 1 0 1 
0.183031 0.028053 0.000000 0.965561 -3.348917 8915.716331 0.000000 2212 5412 1 0 1 
1.885881 -0.498255 0.000000 -2.393927 0.094217 8867.325838 0.000000 2212 5413 1 0 1 
2.432303 0.060115 0.000000 -3.137825 3.329067 8875.720539 0.000000 2212 5414 1 0 1 
-1.989990 -0.712583 0.000000 0.447089 5.682719 8836.942796 0.000000 2212 5415 1 0 1 
-0.494157 3.453874 0.000000 1.665969 6.065169 8839.726440 0.000000 2212 5416 1 0 1 
2.362430 -0.263584 0.000000 -2.876009 -4.692185 8945.563112 0.000000 2212 5417 1 0 1 
3.247857 -1.447525 0.000000 -2.162085 -3.564041 8959.113163 0.000000 2212 5418 1 0 1 
0.613670 -1.014271 0.000000 -3.099509 5.795217 8845.655830 0.000000 2212 5419 1 0 1 
-0.054392 -0.652420 0.000000 0.096344 -0.658461 8899.369372 0.000000 2212 5420 1 0 1 
-1.096752 0.092352 0.000000 2.279291 -0.270648 8911.918318 0.000000 2212 5421 1 0 1 
-0.450828 -1.623242 0.000000 0.088801 -5.219375 8888.991462 0.000000 2212 5422 1 0 1 
-0.144467 -0.695021 0.000000 -1.738334 1.998316 8867.811818 0.000000 2212 5423 1 0 1 
-1.607532 1.725219 0.000000 3.482418 1.157524 8869.804524 0.000000 2212 5424 1 0 1 
-0.054421 -1.252327 0.000000 -0.601733 -0.725106 8891.055413 0.000000 2212 5425 1 0 1 
0.489727 1.350541 0.000000 -1.045944 5.097850 8868.161137 0.000000 2212 5426 1 0 1 
-0.261237 -1.957739 0.000000 0.574093 -2.371289 8914.134936 0.000000 2212 5427 1 0 1 
2.393458 1.257203 0.000000 -3.823170 2.672313 8850.437438 0.000000 2212 5428 1 0 1 
2.590546 -1.012664 0.000000 -1.800316 -0.501328 8879.330568 0.000000 2212 5429 1 0 1 
-0.268071 -1.810326 0.000000 0.955785 -3.325452 8910.718216 0.000000 2212 5430 1 0 1 
-2.454136 2.933087 0.000000 3.346512 3.156035 8898.165673 0.000000 2212 5431 1 0 1 
-0.336167 1.084978 0.000000 0.469164 7.023794 8869.283218 0.000000 2212 5432 1 0 1 
-1.575306 0.613595 0.000000 1.957198 -1.736032 8908.033344 0.000000 2212 5433 1 0 1 
-0.004141 -0.222239 0.000000 -0.224886 3.472167 8859.049143 0.000000 2212 5434 1 0 1 
1.129723 -0.838268 0.000000 -1.365514 -4.112957 8908.758573 0.000000 2212 5435 1 0 1 
-2.918972 -0.249866 0.000000 3.354802 1.433879 8865.712843 0.000000 2212 5436 1 0 1 
0.327600 1.153752 0.000000 0.569382 1.837543 8907.833640 0.000000 2212 5437 1 0 1 
-1.075504 0.674955 0.000000 2.411604 -1.133169 8898.738726 0.000000 2212 5438 1 0 1 
0.170913 1.367212 0.000000 2.550113 -0.654518 8880.533763 0.000000 2212 5439 1 0 1 
-3.234271 -0.374039 0.000000 3.319096 1.964051 8882.999635 0.000000 2212 5440 1 0 1 
-0.828911 -1.532846 0.000000 1.305368 -2.134027 8892.664844 0.000000 2212 5441 1 0 1 
-1.563997 -0.402451 0.000000 2.936823 2.590836 8870.630421 0.000000 2212 5442 1 0 1 
-2.611158 1.507294 0.000000 1.431320 -0.731001 8931.068516 0.000000 2212 5443 1 0 1 
-1.196275 0.055010 0.000000 3.679445 -1.690975 8933.796187 0.000000 2212 5444 1 0 1 
0.865168 0.239031 0.000000 -1.003353 0.694319 8896.398092 0.000000 2212 5445 1 0 1 
-0.274173 0.346987 0.000000 0.113123 -0.973656 8904.370726 0.000000 2212 5446 1 0 1 
-0.607878 -0.338289 0.000000 1.519814 0.343474 8895.439615 0.000000 2212 5447 1 0 1 
2.953088 0.320822 0.000000 -4.345967 -0.449110 8867.194989 0.000000 2212 5448 1 0 1 
-0.633445 -3.136379 0.000000 2.451817 -5.204575 8942.112191 0.000000 2212 5449 1 0 1 
3.256718 -0.724607 0.000000 -5.144228 3.186805 8893.486485 0.000000 2212 5450 1 0 1 
4.118773 -0.710624 0.000000 -4.550345 0.996970 8878.749080 0.000000 2212 5451 1 0 1 
2.386532 0.889983 0.000000 -2.599925 -0.456557 8877.835133 0.000000 2212 5452 1 0 1 
-3.398228 -1.258644 0.000000 5.701165 -6.480386 8936.425498 0.000000 2212 5453 1 0 1 
-1.074248 -1.486418 0.000000 2.397213 -4.660400 8912.969514 0.000000 2212 5454 1 0 1 
-1.442306 -1.171573 0.000000 1.276778 -0.891271 8904.991533 0.000000 2212 5455 1 0 1 
-1.244764 -1.107832 0.000000 0.819861 -1.359819 8881.544852 0.000000 2212 5456 1 0 1 
-0.018729 -2.084670 0.000000 0.975196 -7.702516 8979.635427 0.000000 2212 5457 1 0 1 
1.110914 0.589631 0.000000 -1.783034 5.264071 8876.001755 0.000000 2212 5458 1 0 1 
-1.045832 0.543157 0.000000 -0.653001 0.234768 8898.234723 0.000000 2212 5459 1 0 1 
0.833381 0.909004 0.000000 0.307836 -2.546959 8933.546202 0.000000 2212 5460 1 0 1 
-0.899903 1.047452 0.000000 0.427940 1.536191 8882.027540 0.000000 2212 5461 1 0 1 
-0.209989 1.589219 0.000000 1.464335 2.861655 8831.058919 0.000000 2212 5462 1 0 1 
-1.322099 -1.415902 0.000000 2.541679 3.419139 8867.228469 0.000000 2212 5463 1 0 1 
-1.318628 -0.698267 0.000000 0.713003 2.287408 8875.214725 0.000000 2212 5464 1 0 1 
2.511845 -0.528525 0.000000 -4.063165 -3.172218 8924.447846 0.000000 2212 5465 1 0 1 
-0.855031 0.743623 0.000000 -0.773202 -0.883564 8862.127262 0.000000 2212 5466 1 0 1 
0.768921 1.219770 0.000000 -1.724584 1.139221 8863.491235 0.000000 2212 5467 1 0 1 
-0.052429 -1.986358 0.000000 -4.329073 -1.876521 8872.225326 0.000000 2212 5468 1 0 1 
-0.455902 0.711420 0.000000 0.082885 -2.317895 8919.242487 0.000000 2212 5469 1 0 1 
0.898719 -1.478568 0.000000 -1.634844 -0.300052 8872.265449 0.000000 2212 5470 1 0 1 
-1.467805 0.746447 0.000000 1.754351 -0.015739 8887.273089 0.000000 2212 5471 1 0 1 
2.228032 0.197701 0.000000 -0.907884 -5.184106 8916.200544 0.000000 2212 5472 1 0 1 
-0.886317 1.433638 0.000000 -1.738882 0.240014 8918.076698 0.000000 2212 5473 1 0 1 
2.343187 -0.941350 0.000000 -1.644244 -2.680119 8889.964931 0.000000 2212 5474 1 0 1 
0.640648 2.270303 0.000000 -2.716474 0.450935 8894.237502 0.000000 2212 5475 1 0 1 
0.636482 -0.217088 0.000000 -1.025613 0.744118 8894.691847 0.000000 2212 5476 1 0 1 
-1.976251 2.008210 0.000000 3.181420 3.672927 8871.471316 0.000000 2212 5477 1 0 1 
0.690546 -0.198581 0.000000 -0.013836 -0.590004 8930.820793 0.000000 2212 5478 1 0 1 
0.776038 0.594010 0.000000 0.768955 -2.882202 8902.512038 0.000000 2212 5479 1 0 1 
-2.467516 -1.965040 0.000000 4.759772 -0.022426 8883.215036 0.000000 2212 5480 1 0 1 
0.912839 1.756996 0.000000 -1.523501 5.390729 8839.970069 0.000000 2212 5481 1 0 1 
2.458298 -1.129275 0.000000 -2.570340 -5.022004 8935.468972 0.000000 2212 5482 1 0 1 
-2.084255 1.292982 0.000000 2.365075 1.962817 8919.051906 0.000000 2212 5483 1 0 1 
3.431084 0.372531 0.000000 -3.910781 -4.789094 8926.262290 0.000000 2212 5484 1 0 1 
3.593454 0.769674 0.000000 -4.386605 -1.698647 8923.124035 0.000000 2212 5485 1 0 1 
1.950057 -2.422009 0.000000 -4.170469 -3.525301 8905.566721 0.000000 2212 5486 1 0 1 
0.857101 0.527244 0.000000 0.280487 -5.028828 8888.694490 0.000000 2212 5487 1 0 1 
0.233240 1.348289 0.000000 -0.164917 -0.921628 8886.149169 0.000000 2212 5488 1 0 1 
0.093358 -2.037390 0.000000 -0.932651 -3.051470 8931.163159 0.000000 2212 5489 1 0 1 
-0.369501 1.851409 0.000000 1.242846 0.792038 8926.365101 0.000000 2212 5490 1 0 1 
-1.877596 1.029574 0.000000 0.986551 0.464050 8864.610795 0.000000 2212 5491 1 0 1 
0.670151 -0.842101 0.000000 -0.960908 -1.710875 8882.347637 0.000000 2212 5492 1 0 1 
-0.268923 -2.794993 0.000000 0.227338 -2.643124 8895.874924 0.000000 2212 5493 1 0 1 
0.268523 0.594453 0.000000 -1.398799 0.470837 8882.568704 0.000000 2212 5494 1 0 1 
-1.209609 0.413334 0.000000 1.899113 3.449636 8881.349034 0.000000 2212 5495 1 0 1 
2.986201 -0.999462 0.000000 -2.983486 -0.240969 8888.659707 0.000000 2212 5496 1 0 1 
-0.318486 1.158795 0.000000 2.834850 -0.168344 8887.852064 0.000000 2212 5497 1 0 1 
1.796391 0.724675 0.000000 -4.041452 0.528867 8882.831516 0.000000 2212 5498 1 0 1 
2.826254 -0.543658 0.000000 -1.567708 -5.061817 8957.961415 0.000000 2212 5499 1 0 1 
-0.267788 1.258380 0.000000 0.021716 6.039718 8863.497040 0.000000 2212 5500 1 0 1 
0.082979 1.098677 0.000000 -1.248983 1.662534 8911.431518 0.000000 2212 5501 1 0 1 
0.397419 -0.625882 0.000000 -1.514200 -4.631827 8941.711123 0.000000 2212 5502 1 0 1 
-1.525657 0.585789 0.000000 0.486637 3.095481 8897.865325 0.000000 2212 5503 1 0 1 
0.143760 -1.290287 0.000000 2.037113 -0.755217 8892.777648 0.000000 2212 5504 1 0 1 
2.848185 0.201590 0.000000 -5.994400 -1.006159 8865.812337 0.000000 2212 5505 1 0 1 
1.663884 -0.068763 0.000000 -3.355444 -4.788905 8942.641309 0.000000 2212 5506 1 0 1 
1.470850 -0.664473 0.000000 -1.101341 -3.437358 8909.128980 0.000000 2212 5507 1 0 1 
0.934374 -0.717858 0.000000 0.119490 -4.396000 8968.209790 0.000000 2212 5508 1 0 1 
-0.128682 -1.967118 0.000000 1.074222 -4.809233 8923.393398 0.000000 2212 5509 1 0 1 
1.647080 -0.192501 0.000000 -3.678712 -0.864183 8899.723697 0.000000 2212 5510 1 0 1 
-2.204801 2.424913 0.000000 1.801379 4.498943 8845.903830 0.000000 2212 5511 1 0 1 
0.492672 -0.512732 0.000000 -2.964118 2.845242 8881.168566 0.000000 2212 5512 1 0 1 
-3.577531 -2.337208 0.000000 5.442844 -3.779470 8901.442221 0.000000 2212 5513 1 0 1 
1.067232 -0.658442 0.000000 -3.868195 -3.460830 8913.442996 0.000000 2212 5514 1 0 1 
-1.826160 -0.923417 0.000000 1.489363 -0.452402 8877.068305 0.000000 2212 5515 1 0 1 
0.881867 0.008552 0.000000 -3.265628 -0.758630 8922.065571 0.000000 2212 5516 1 0 1 
-1.120648 -0.690161 0.000000 0.275169 1.381615 8923.843298 0.000000 2212 5517 1 0 1 
0.139666 1.247629 0.000000 1.007165 1.261052 8953.161855 0.000000 2212 5518 1 0 1 
-0.820557 -0.389927 0.000000 1.398101 -1.097490 8880.440004 0.000000 2212 5519 1 0 1 
0.302556 0.959374 0.000000 -0.422495 2.261171 8901.171657 0.000000 2212 5520 1 0 1 
-2.095346 0.462711 0.000000 3.609454 1.021210 8867.329328 0.000000 2212 5521 1 0 1 
-0.745893 -1.268498 0.000000 -0.382421 3.694904 8857.102170 0.000000 2212 5522 1 0 1 
0.350312 0.231610 0.000000 1.609448 4.596200 8836.544474 0.000000 2212 5523 1 0 1 
-0.894737 2.806963 0.000000 -0.451389 -1.849437 8901.533195 0.000000 2212 5524 1 0 1 
1.362298 -0.494000 0.000000 -2.919728 0.630783 8879.138180 0.000000 2212 5525 1 0 1 
-0.789811 -2.719373 0.000000 3.406800 -2.010217 8903.711048 0.000000 2212 5526 1 0 1 
-0.758034 -0.635856 0.000000 1.933582 -0.527767 8902.598632 0.000000 2212 5527 1 0 1 
-2.868222 2.369150 0.000000 4.239909 2.263646 8868.033123 0.000000 2212 5528 1 0 1 
1.094316 0.335408 0.000000 0.535765 0.546137 8889.426132 0.000000 2212 5529 1 0 1 
1.062882 1.528289 0.000000 -2.129710 5.692761 8835.141313 0.000000 2212 5530 1 0 1 
-0.421776 -0.112402 0.000000 0.509477 -3.770219 8889.600277 0.000000 2212 5531 1 0 1 
-1.153856 -0.760441 0.000000 2.985237 -2.302924 8893.879073 0.000000 2212 5532 1 0 1 
-2.115778 0.621239 0.000000 3.722162 1.960610 8864.407995 0.000000 2212 5533 1 0 1 
2.176529 1.041484 0.000000 -3.314823 3.942320 8897.227016 0.000000 2212 5534 1 0 1 
-0.134076 -0.072009 0.000000 -0.755482 3.836678 8851.882716 0.000000 2212 5535 1 0 1 
3.361337 0.525252 0.000000 -4.816482 1.939703 8879.736059 0.000000 2212 5536 1 0 1 
1.867913 0.368986 0.000000 -3.077042 -0.351763 8923.694872 0.000000 2212 5537 1 0 1 
-2.828395 0.059779 0.000000 3.557157 4.127700 8858.717236 0.000000 2212 5538 1 0 1 
0.641985 0.022156 0.000000 -0.378425 -2.310397 8925.268635 0.000000 2212 5539 1 0 1 
-1.806128 1.515955 0.000000 3.011813 1.703000 8864.500223 0.000000 2212 5540 1 0 1 
-3.979206 0.291749 0.000000 6.911377 -3.177235 8903.876775 0.000000 2212 5541 1 0 1 
-3.480601 -0.483271 0.000000 3.193738 -0.869305 8890.014068 0.000000 2212 5542 1 0 1 
0.185970 -0.746543 0.000000 -0.445813 3.950390 8879.568774 0.000000 2212 5543 1 0 1 
-1.223004 0.960825 0.000000 3.769951 0.569199 8881.120175 0.000000 2212 5544 1 0 1 
1.857889 0.351066 0.000000 -3.591928 -1.279015 8916.532712 0.000000 2212 5545 1 0 1 
3.305633 1.021135 0.000000 -4.217556 1.610972 8913.021176 0.000000 2212 5546 1 0 1 
0.800413 0.635117 0.000000 -0.570419 2.792275 8863.891656 0.000000 2212 5547 1 0 1 
2.179498 -0.290541 0.000000 -3.247786 2.294270 8852.384489 0.000000 2212 5548 1 0 1 
0.935670 1.089301 0.000000 -0.554619 3.131824 8865.606587 0.000000 2212 5549 1 0 1 
-1.678529 1.426612 0.000000 3.372865 0.700216 8899.602874 0.000000 2212 5550 1 0 1 
-1.863188 -1.949847 0.000000 3.076271 -2.859614 8907.567277 0.000000 2212 5551 1 0 1 
-0.508458 -2.432316 0.000000 -0.581629 -4.019918 8921.876656 0.000000 2212 5552 1 0 1 
1.036435 0.641092 0.000000 -2.694405 5.133732 8874.694848 0.000000 2212 5553 1 0 1 
-0.040319 -1.065554 0.000000 -1.082738 -3.285012 8927.355721 0.000000 2212 5554 1 0 1 
-0.611182 -1.299488 0.000000 -0.075964 0.012463 8901.046491 0.000000 2212 5555 1 0 1 
-0.841747 -3.717903 0.000000 0.040439 -3.534929 8903.561418 0.000000 2212 5556 1 0 1 
0.945216 -0.413118 0.000000 -1.584754 -1.693194 8933.868134 0.000000 2212 5557 1 0 1 
-1.022087 1.090838 0.000000 0.201192 1.746529 8898.083041 0.000000 2212 5558 1 0 1 
1.345431 1.878891 0.000000 -3.405771 2.252536 8891.789015 0.000000 2212 5559 1 0 1 
-3.436139 1.185191 0.000000 5.976915 0.798092 8900.008669 0.000000 2212 5560 1 0 1 
1.304638 1.923620 0.000000 0.737225 -1.681898 8858.808598 0.000000 2212 5561 1 0 1 
0.750847 -0.964536 0.000000 0.495532 -2.497315 8908.229078 0.000000 2212 5562 1 0 1 
-0.166231 1.555689 0.000000 -1.125408 0.844488 8905.633500 0.000000 2212 5563 1 0 1 
-2.842629 2.500114 0.000000 4.145171 3.657538 8858.680826 0.000000 2212 5564 1 0 1 
-2.123255 -1.903944 0.000000 3.214379 0.130509 8905.567781 0.000000 2212 5565 1 0 1 
1.357964 0.872760 0.000000 -2.713659 2.172258 8859.614046 0.000000 2212 5566 1 0 1 
1.328025 0.962977 0.000000 0.068098 4.421558 8862.718045 0.000000 2212 5567 1 0 1 
1.596972 0.859608 0.000000 -4.262986 -0.819034 8870.532589 0.000000 2212 5568 1 0 1 
-0.078074 -1.546179 0.000000 0.496431 -0.737628 8910.551393 0.000000 2212 5569 1 0 1 
2.511295 -1.047531 0.000000 -2.628027 -1.703137 8925.199970 0.000000 2212 5570 1 0 1 
3.848815 -1.675687 0.000000 -6.547830 0.092079 8869.319738 0.000000 2212 5571 1 0 1 
-0.844206 -0.340732 0.000000 -0.997111 1.012010 8865.036252 0.000000 2212 5572 1 0 1 
-1.500311 -1.140289 0.000000 1.299891 -3.610905 8899.977563 0.000000 2212 5573 1 0 1 
4.670779 1.089335 0.000000 -6.435024 4.082253 8877.469865 0.000000 2212 5574 1 0 1 
-1.902575 -0.123849 0.000000 2.526009 -0.254241 8879.607777 0.000000 2212 5575 1 0 1 
1.506507 0.094136 0.000000 -1.374143 -3.262276 8944.900374 0.000000 2212 5576 1 0 1 
1.617372 1.363336 0.000000 -0.447735 2.698982 8878.784093 0.000000 2212 5577 1 0 1 
1.365134 -1.694895 0.000000 -0.969109 -2.726958 8911.186320 0.000000 2212 5578 1 0 1 
-3.015876 0.790578 0.000000 1.719966 2.032954 8925.474194 0.000000 2212 5579 1 0 1 
0.039146 -0.221954 0.000000 -1.285943 1.185646 8920.467133 0.000000 2212 5580 1 0 1 
-0.697495 -0.198658 0.000000 0.057284 -2.287542 8887.210699 0.000000 2212 5581 1 0 1 
1.343656 -2.208285 0.000000 -1.543764 -5.799241 8931.082541 0.000000 2212 5582 1 0 1 
0.421197 -1.585884 0.000000 -2.189183 0.390654 8894.182609 0.000000 2212 5583 1 0 1 
-0.043557 1.100512 0.000000 -0.509135 -4.366182 8934.308268 0.000000 2212 5584 1 0 1 
-2.880791 -1.118292 0.000000 5.166547 -3.988016 8903.133624 0.000000 2212 5585 1 0 1 
3.619836 -3.306683 0.000000 -3.052503 -1.574274 8883.051596 0.000000 2212 5586 1 0 1 
1.727241 1.359959 0.000000 -2.896066 5.179743 8858.075573 0.000000 2212 5587 1 0 1 
0.987677 0.620754 0.000000 -1.539869 1.346066 8868.508346 0.000000 2212 5588 1 0 1 
2.721523 -0.375604 0.000000 -4.658875 -0.984104 8894.269411 0.000000 2212 5589 1 0 1 
0.868615 -0.829052 0.000000 -0.174140 -1.915178 8942.129197 0.000000 2212 5590 1 0 1 
2.035300 -0.101379 0.000000 -1.926860 -0.294801 8917.638854 0.000000 2212 5591 1 0 1 
-3.560075 -0.705214 0.000000 5.213103 -6.448836 8951.096916 0.000000 2212 5592 1 0 1 
-3.401677 -1.243628 0.000000 6.893277 -4.437759 8966.103551 0.000000 2212 5593 1 0 1 
2.007177 -1.023692 0.000000 -1.205464 0.819411 8865.173006 0.000000 2212 5594 1 0 1 
2.107960 0.263118 0.000000 -4.665715 0.381756 8892.707434 0.000000 2212 5595 1 0 1 
1.856212 -0.709382 0.000000 -1.380578 -1.063300 8888.909118 0.000000 2212 5596 1 0 1 
-1.940619 1.488006 0.000000 3.127630 -0.897185 8946.555449 0.000000 2212 5597 1 0 1 
-0.458677 1.312779 0.000000 0.794937 3.210074 8870.949304 0.000000 2212 5598 1 0 1 
0.969755 -1.891471 0.000000 -2.656913 -0.528074 8917.571387 0.000000 2212 5599 1 0 1 
1.115562 -1.949514 0.000000 -2.145349 -3.691496 8913.742000 0.000000 2212 5600 1 0 1 
-2.159226 2.146187 0.000000 0.482938 3.214226 8854.909198 0.000000 2212 5601 1 0 1 
1.674522 2.591688 0.000000 -1.218212 -2.472812 8928.638292 0.000000 2212 5602 1 0 1 
-0.306188 -0.834240 0.000000 2.003776 -0.073786 8891.054346 0.000000 2212 5603 1 0 1 
-2.943617 0.350392 0.000000 5.310631 2.175133 8886.654569 0.000000 2212 5604 1 0 1 
-1.686313 -0.823472 0.000000 4.122376 -5.332705 8912.227256 0.000000 2212 5605 1 0 1 
2.533696 -2.448295 0.000000 -3.784573 -4.641000 8934.721197 0.000000 2212 5606 1 0 1 
1.487824 -0.929972 0.000000 -1.660104 -5.003192 8913.086556 0.000000 2212 5607 1 0 1 
1.002875 0.323109 0.000000 -0.932836 3.260489 8887.520042 0.000000 2212 5608 1 0 1 
-2.244449 1.993662 0.000000 4.304841 0.339606 8876.329536 0.000000 2212 5609 1 0 1 
3.514720 0.357672 0.000000 -4.770099 0.053717 8882.058027 0.000000 2212 5610 1 0 1 
-0.542374 0.615878 0.000000 1.549742 2.644771 8870.724994 0.000000 2212 5611 1 0 1 
-1.032202 -0.941133 0.000000 0.521914 0.183258 8853.124257 0.000000 2212 5612 1 0 1 
-2.996856 -1.262624 0.000000 3.759372 -3.302157 8930.041854 0.000000 2212 5613 1 0 1 
1.802121 1.009217 0.000000 -3.338286 0.747985 8901.317287 0.000000 2212 5614 1 0 1 
-1.421630 -2.012902 0.000000 3.509982 -1.346576 8896.253034 0.000000 2212 5615 1 0 1 
-0.537430 0.253951 0.000000 3.406613 3.195383 8896.388439 0.000000 2212 5616 1 0 1 
-1.335287 -1.246460 0.000000 2.713776 1.662092 8909.587049 0.000000 2212 5617 1 0 1 
-1.108820 1.488410 0.000000 2.174783 -5.864720 8915.972354 0.000000 2212 5618 1 0 1 
-0.077349 -1.257258 0.000000 -0.964683 1.790975 8863.416940 0.000000 2212 5619 1 0 1 
0.116071 1.949376 0.000000 -1.964018 2.460720 8880.673726 0.000000 2212 5620 1 0 1 
-0.640765 -2.005905 0.000000 2.224700 -5.063662 8901.552797 0.000000 2212 5621 1 0 1 
0.176339 -1.018471 0.000000 0.300696 -1.988121 8966.450731 0.000000 2212 5622 1 0 1 
-0.560069 -1.440207 0.000000 -0.088538 -1.045436 8910.082086 0.000000 2212 5623 1 0 1 
-3.476458 0.125138 0.000000 5.003115 -2.531726 8894.813701 0.000000 2212 5624 1 0 1 
0.199632 -0.056025 0.000000 -1.225958 2.382928 8846.153018 0.000000 2212 5625 1 0 1 
-2.082164 0.751649 0.000000 3.775478 -1.820255 8885.289345 0.000000 2212 5626 1 0 1 
2.201420 -1.225141 0.000000 -5.045018 2.572515 8897.274774 0.000000 2212 5627 1 0 1 
-2.011762 2.027557 0.000000 3.943142 2.653308 8922.963139 0.000000 2212 5628 1 0 1 
2.025694 1.524864 0.000000 -3.195536 2.089662 8877.721633 0.000000 2212 5629 1 0 1 
0.916316 -0.792147 0.000000 -3.439957 -1.119524 8885.370008 0.000000 2212 5630 1 0 1 
-2.017225 1.151879 0.000000 1.834922 2.031456 8840.497582 0.000000 2212 5631 1 0 1 
2.238936 -0.277779 0.000000 -1.342242 2.975764 8878.339697 0.000000 2212 5632 1 0 1 
0.462608 -2.162494 0.000000 -3.574324 -2.052575 8857.801047 0.000000 2212 5633 1 0 1 
1.407749 1.315059 0.000000 -2.364484 0.383452 8930.070213 0.000000 2212 5634 1 0 1 
-0.742817 0.226327 0.000000 2.111320 0.573281 8876.147486 0.000000 2212 5635 1 0 1 
0.683291 -0.297180 0.000000 -1.914442 -4.412210 8901.384664 0.000000 2212 5636 1 0 1 
0.929448 -0.723554 0.000000 -1.300746 -4.298562 8923.606678 0.000000 2212 5637 1 0 1 
-3.006439 -1.640955 0.000000 3.554917 -3.648440 8933.253621 0.000000 2212 5638 1 0 1 
1.277294 -0.779992 0.000000 -3.889933 0.321707 8915.236188 0.000000 2212 5639 1 0 1 
-2.318704 1.434967 0.000000 1.838788 2.711727 8881.282855 0.000000 2212 5640 1 0 1 
-0.235836 0.355940 0.000000 -0.032927 1.599966 8875.065548 0.000000 2212 5641 1 0 1 
-1.894193 0.635100 0.000000 4.230606 0.688903 8925.400047 0.000000 2212 5642 1 0 1 
-0.534410 1.311582 0.000000 -0.635367 6.664145 8869.772053 0.000000 2212 5643 1 0 1 
-0.067377 1.346856 0.000000 0.205895 3.994802 8877.529768 0.000000 2212 5644 1 0 1 
-1.472205 -1.954481 0.000000 1.001166 -4.453971 8908.547372 0.000000 2212 5645 1 0 1 
-0.779532 1.175372 0.000000 -1.048633 2.329967 8858.886137 0.000000 2212 5646 1 0 1 
-2.102806 0.526824 0.000000 1.841377 0.949973 8873.079480 0.000000 2212 5647 1 0 1 
0.384053 -0.344090 0.000000 -1.826774 -2.810742 8887.066553 0.000000 2212 5648 1 0 1 
-0.364349 0.582924 0.000000 -0.614610 -2.862851 8921.817989 0.000000 2212 5649 1 0 1 
0.252455 -0.343573 0.000000 -0.399446 -3.070135 8895.714319 0.000000 2212 5650 1 0 1 
1.510254 -1.967464 0.000000 -1.478585 -5.894916 8969.189627 0.000000 2212 5651 1 0 1 
0.586313 -1.884919 0.000000 -2.996228 -4.078174 8908.575948 0.000000 2212 5652 1 0 1 
-1.588440 -2.045155 0.000000 4.312786 -6.759442 8907.459398 0.000000 2212 5653 1 0 1 
-0.592767 0.955582 0.000000 0.213534 0.136418 8902.882947 0.000000 2212 5654 1 0 1 
1.526087 -0.209732 0.000000 -3.003176 1.418456 8859.497290 0.000000 2212 5655 1 0 1 
2.657464 0.072717 0.000000 -5.076600 1.940262 8881.592881 0.000000 2212 5656 1 0 1 
-0.523245 0.274058 0.000000 -1.986745 -2.497179 8916.245118 0.000000 2212 5657 1 0 1 
-1.164758 0.803939 0.000000 0.968778 2.245390 8874.534376 0.000000 2212 5658 1 0 1 
-3.446792 -1.514054 0.000000 4.494029 -8.026404 8927.893143 0.000000 2212 5659 1 0 1 
-1.329785 -1.561744 0.000000 3.854272 1.282875 8879.278368 0.000000 2212 5660 1 0 1 
-0.310022 0.059593 0.000000 0.637111 -2.402704 8907.968091 0.000000 2212 5661 1 0 1 
4.729204 0.682608 0.000000 -5.233757 -3.613038 8924.438386 0.000000 2212 5662 1 0 1 
3.323195 1.863088 0.000000 -5.064660 -1.493968 8887.720516 0.000000 2212 5663 1 0 1 
-0.077592 -0.349944 0.000000 0.264093 -1.667118 8906.211014 0.000000 2212 5664 1 0 1 
0.530094 1.938380 0.000000 -1.994111 -0.378183 8872.850369 0.000000 2212 5665 1 0 1 
2.076672 0.090834 0.000000 -1.399873 1.226522 8887.769362 0.000000 2212 5666 1 0 1 
-0.360629 -0.384288 0.000000 -0.055593 -1.130656 8885.248085 0.000000 2212 5667 1 0 1 
0.632245 -0.777581 0.000000 0.597613 0.954450 8931.127577 0.000000 2212 5668 1 0 1 
0.567809 1.794099 0.000000 -1.259023 2.750066 8857.626971 0.000000 2212 5669 1 0 1 
0.153212 0.721263 0.000000 1.155183 1.150819 8910.790357 0.000000 2212 5670 1 0 1 
-2.963522 -0.297241 0.000000 4.881661 -2.021709 8942.791532 0.000000 2212 5671 1 0 1 
-0.833029 -0.792190 0.000000 2.240688 -3.050976 8915.676112 0.000000 2212 5672 1 0 1 
3.151906 2.401014 0.000000 -6.229936 0.774465 8856.262694 0.000000 2212 5673 1 0 1 
-2.588439 1.036652 0.000000 0.821514 0.274642 8888.558045 0.000000 2212 5674 1 0 1 
-0.251050 -1.448552 0.000000 -0.402891 -0.950403 8858.524236 0.000000 2212 5675 1 0 1 
-0.461888 -0.650581 0.000000 -0.207473 -1.815348 8910.933502 0.000000 2212 5676 1 0 1 
-3.181489 1.727452 0.000000 4.115049 2.890361 8858.697951 0.000000 2212 5677 1 0 1 
1.677528 -2.433760 0.000000 -2.571320 -6.406844 8961.101172 0.000000 2212 5678 1 0 1 
-2.821370 -0.574360 0.000000 4.519634 -1.643649 8921.710159 0.000000 2212 5679 1 0 1 
3.137453 -0.779826 0.000000 -3.113729 -2.199160 8924.469861 0.000000 2212 5680 1 0 1 
-0.751207 2.099560 0.000000 1.621118 2.975752 8869.119156 0.000000 2212 5681 1 0 1 
-2.671285 -2.255386 0.000000 4.796370 -3.591908 8927.156184 0.000000 2212 5682 1 0 1 
-1.271442 -0.038130 0.000000 0.546930 0.123750 8863.543319 0.000000 2212 5683 1 0 1 
2.752915 -0.630640 0.000000 -3.099133 -0.338834 8857.630309 0.000000 2212 5684 1 0 1 
-1.238496 1.020256 0.000000 0.370379 4.475020 8850.162685 0.000000 2212 5685 1 0 1 
-2.619407 0.646785 0.000000 4.153928 -2.909101 8904.335520 0.000000 2212 5686 1 0 1 
-2.227847 0.525293 0.000000 2.710011 -2.673309 8945.471890 0.000000 2212 5687 1 0 1 
2.264399 -0.019313 0.000000 -3.757664 -4.268682 8908.580436 0.000000 2212 5688 1 0 1 
1.999353 -0.601858 0.000000 -4.125497 -0.864550 8905.870645 0.000000 2212 5689 1 0 1 
0.439234 -0.514850 0.000000 -2.269691 -1.769691 8906.977980 0.000000 2212 5690 1 0 1 
-2.364106 2.421882 0.000000 4.472972 5.824485 8829.871418 0.000000 2212 5691 1 0 1 
-1.809394 0.569896 0.000000 1.480309 4.284962 8845.205534 0.000000 2212 5692 1 0 1 
0.857219 2.104598 0.000000 -1.852704 4.413917 8839.783994 0.000000 2212 5693 1 0 1 
2.073795 -0.314398 0.000000 -1.398230 1.736623 8895.694071 0.000000 2212 5694 1 0 1 
1.744416 -0.904786 0.000000 -2.709620 -0.181537 8880.118146 0.000000 2212 5695 1 0 1 
-3.435616 0.655689 0.000000 4.807923 -2.572701 8895.621356 0.000000 2212 5696 1 0 1 
0.261278 0.951671 0.000000 -0.648108 -1.087700 8893.558950 0.000000 2212 5697 1 0 1 
-0.221353 1.960330 0.000000 1.702974 4.935891 8857.979377 0.000000 2212 5698 1 0 1 
3.047740 1.592065 0.000000 -1.612502 3.033222 8867.522297 0.000000 2212 5699 1 0 1 
-1.598299 0.625000 0.000000 1.936819 0.356906 8872.956830 0.000000 2212 5700 1 0 1 
-0.879074 -1.314829 0.000000 1.575141 -3.549393 8913.807785 0.000000 2212 5701 1 0 1 
-2.411846 -1.457485 0.000000 3.928275 -5.276414 8928.375283 0.000000 2212 5702 1 0 1 
-0.872461 0.193735 0.000000 2.358456 1.911260 8884.311401 0.000000 2212 5703 1 0 1 
-2.909084 1.661068 0.000000 4.691171 1.544300 8862.897024 0.000000 2212 5704 1 0 1 
0.611783 -0.141418 0.000000 -1.515918 -0.793135 8918.105967 0.000000 2212 5705 1 0 1 
2.125470 0.442007 0.000000 -2.117001 0.553550 8894.910126 0.000000 2212 5706 1 0 1 
1.215393 0.522528 0.000000 -1.383318 0.311900 8907.603844 0.000000 2212 5707 1 0 1 
-0.110248 -2.786665 0.000000 0.803081 -5.751624 8941.431026 0.000000 2212 5708 1 0 1 
-1.019903 -0.574002 0.000000 2.836245 6.272716 8841.859235 0.000000 2212 5709 1 0 1 
1.065511 0.938270 0.000000 -1.075552 3.749128 8853.957417 0.000000 2212 5710 1 0 1 
2.322228 0.436792 0.000000 -0.887606 -3.207947 8914.633080 0.000000 2212 5711 1 0 1 
-0.281780 -0.516563 0.000000 -2.537515 0.905145 8899.630194 0.000000 2212 5712 1 0 1 
1.583759 0.875768 0.000000 -3.044295 2.620984 8880.677494 0.000000 2212 5713 1 0 1 
2.000378 0.387435 0.000000 -1.862910 -1.311727 8904.448109 0.000000 2212 5714 1 0 1 
3.694760 0.404978 0.000000 -3.296345 -0.261431 8848.894600 0.000000 2212 5715 1 0 1 
2.049103 1.241424 0.000000 -4.391897 -0.934247 8876.581840 0.000000 2212 5716 1 0 1 
-2.198966 0.587212 0.000000 4.823046 -1.185222 8904.529907 0.000000 2212 5717 1 0 1 
1.943111 0.265098 0.000000 -3.979465 -4.231999 8891.887536 0.000000 2212 5718 1 0 1 
2.593764 -0.333519 0.000000 -5.661362 1.469069 8842.039560 0.000000 2212 5719 1 0 1 
1.195914 0.669637 0.000000 -3.475879 2.519714 8839.133122 0.000000 2212 5720 1 0 1 
3.330929 1.045903 0.000000 -3.531937 -0.118841 8890.349138 0.000000 2212 5721 1 0 1 
0.937993 -0.018247 0.000000 -1.753930 -2.706926 8928.372474 0.000000 2212 5722 1 0 1 
0.128976 -1.389673 0.000000 -0.902614 0.585565 8818.703017 0.000000 2212 5723 1 0 1 
0.478359 1.997373 0.000000 0.291118 2.773822 8888.766002 0.000000 2212 5724 1 0 1 
1.114417 -0.867779 0.000000 -3.548623 2.006756 8841.297716 0.000000 2212 5725 1 0 1 
2.849252 -2.648968 0.000000 -3.887752 2.156695 8904.371344 0.000000 2212 5726 1 0 1 
1.315218 1.036010 0.000000 -2.709411 0.584383 8906.161968 0.000000 2212 5727 1 0 1 
2.450371 0.085400 0.000000 -5.284754 -0.989924 8903.976029 0.000000 2212 5728 1 0 1 
-1.490251 1.683333 0.000000 -0.696839 2.192558 8878.137600 0.000000 2212 5729 1 0 1 
-1.285990 -0.428302 0.000000 5.101573 -0.971037 8867.379420 0.000000 2212 5730 1 0 1 
-0.632120 -0.186398 0.000000 1.749369 1.710093 8899.964216 0.000000 2212 5731 1 0 1 
2.826868 0.693430 0.000000 -3.977611 6.540150 8806.104951 0.000000 2212 5732 1 0 1 
-1.750154 1.403726 0.000000 3.762052 3.785289 8882.570624 0.000000 2212 5733 1 0 1 
0.337486 -0.926598 0.000000 -2.705613 -1.950393 8866.708107 0.000000 2212 5734 1 0 1 
1.818667 -0.829539 0.000000 -2.821295 -2.726364 8930.544963 0.000000 2212 5735 1 0 1 
1.532059 -1.115292 0.000000 -2.563001 0.252492 8870.081155 0.000000 2212 5736 1 0 1 
3.109569 -0.496006 0.000000 -3.506079 -3.050425 8935.925152 0.000000 2212 5737 1 0 1 
-1.495944 -0.647922 0.000000 1.704058 0.840398 8894.338583 0.000000 2212 5738 1 0 1 
0.750576 -0.842932 0.000000 -3.002884 0.849773 8921.521893 0.000000 2212 5739 1 0 1 
-1.530581 -0.295555 0.000000 3.055456 -3.583539 8936.739865 0.000000 2212 5740 1 0 1 
-0.913811 0.895707 0.000000 0.549025 -2.047609 8913.981630 0.000000 2212 5741 1 0 1 
0.684741 -0.270150 0.000000 -0.851944 -1.078552 8912.615628 0.000000 2212 5742 1 0 1 
0.295608 -2.597457 0.000000 0.338904 -2.358047 8891.566914 0.000000 2212 5743 1 0 1 
1.742459 -2.266016 0.000000 -1.766039 -7.324696 8914.733587 0.000000 2212 5744 1 0 1 
0.434273 -1.250279 0.000000 -0.971178 2.554714 8869.141444 0.000000 2212 5745 1 0 1 
-1.091667 -0.605304 0.000000 0.325963 0.173835 8898.342690 0.000000 2212 5746 1 0 1 
-0.015353 -0.526807 0.000000 0.508106 -1.483213 8909.910638 0.000000 2212 5747 1 0 1 
-1.434118 -2.024346 0.000000 1.768356 -3.533081 8923.507625 0.000000 2212 5748 1 0 1 
-0.179930 0.395282 0.000000 1.580566 -2.246206 8893.950721 0.000000 2212 5749 1 0 1 
1.662980 0.274863 0.000000 -1.919212 2.342714 8866.608414 0.000000 2212 5750 1 0 1 
-2.462045 -0.813605 0.000000 -0.247655 1.353878 8880.334328 0.000000 2212 5751 1 0 1 
0.738992 2.158741 0.000000 0.735346 2.863373 8882.878193 0.000000 2212 5752 1 0 1 
-0.044113 1.239285 0.000000 0.412381 1.880026 8870.739814 0.000000 2212 5753 1 0 1 
1.475284 0.040108 0.000000 -2.288256 0.336256 8897.219111 0.000000 2212 5754 1 0 1 
0.454941 -0.338700 0.000000 -2.494775 -0.781694 8922.311924 0.000000 2212 5755 1 0 1 
1.714077 -3.611794 0.000000 -3.360310 -3.377667 8853.523208 0.000000 2212 5756 1 0 1 
0.111708 -1.944821 0.000000 0.441492 -3.232011 8877.608423 0.000000 2212 5757 1 0 1 
0.181513 -1.704630 0.000000 -1.590031 -0.712559 8862.490192 0.000000 2212 5758 1 0 1 
-0.702074 -0.091164 0.000000 0.251172 -4.938548 8939.883537 0.000000 2212 5759 1 0 1 
1.700625 -1.531766 0.000000 -2.283081 -2.790232 8892.030118 0.000000 2212 5760 1 0 1 
-0.310663 -0.156000 0.000000 -0.583680 1.348461 8858.520993 0.000000 2212 5761 1 0 1 
-2.304193 2.941436 0.000000 3.808491 4.716453 8848.351827 0.000000 2212 5762 1 0 1 
3.118623 0.553389 0.000000 -5.332335 4.281104 8860.335268 0.000000 2212 5763 1 0 1 
-4.272804 -0.308779 0.000000 6.378705 0.151591 8869.395845 0.000000 2212 5764 1 0 1 
0.096849 -1.104989 0.000000 1.682183 -1.728330 8912.103984 0.000000 2212 5765 1 0 1 
-0.936442 3.357799 0.000000 0.245166 6.739198 8859.256335 0.000000 2212 5766 1 0 1 
0.403161 1.003432 0.000000 -1.729058 1.063501 8884.952918 0.000000 2212 5767 1 0 1 
1.023990 -0.209898 0.000000 -2.540568 1.417397 8844.925066 0.000000 2212 5768 1 0 1 
-0.226976 -1.240254 0.000000 1.287099 -3.436109 8860.718079 0.000000 2212 5769 1 0 1 
1.884281 -0.820620 0.000000 -3.415199 -2.021261 8887.165784 0.000000 2212 5770 1 0 1 
-0.613464 0.120496 0.000000 1.953670 -3.093249 8941.997245 0.000000 2212 5771 1 0 1 
2.226658 0.645156 0.000000 -2.482818 -2.176326 8919.401642 0.000000 2212 5772 1 0 1 
-1.668396 -1.149062 0.000000 3.145060 -3.052932 8882.315280 0.000000 2212 5773 1 0 1 
-0.854952 -0.037954 0.000000 2.704106 -2.326034 8896.967703 0.000000 2212 5774 1 0 1 
-2.518027 -1.115943 0.000000 5.227753 3.220897 8835.951983 0.000000 2212 5775 1 0 1 
0.052339 1.341968 0.000000 0.033992 0.470916 8888.035586 0.000000 2212 5776 1 0 1 
0.286347 -2.814342 0.000000 -2.083456 0.457341 8868.038668 0.000000 2212 5777 1 0 1 
-0.292510 0.427100 0.000000 -0.058612 -0.144804 8902.258825 0.000000 2212 5778 1 0 1 
0.878600 1.766693 0.000000 -2.407051 2.321183 8881.091767 0.000000 2212 5779 1 0 1 
2.532262 -1.487734 0.000000 -3.180816 2.060655 8900.316253 0.000000 2212 5780 1 0 1 
1.632745 3.684896 0.000000 -2.706839 6.088773 8864.616386 0.000000 2212 5781 1 0 1 
0.988313 1.451203 0.000000 -0.447698 2.673730 8885.724584 0.000000 2212 5782 1 0 1 
-2.201242 -0.982029 0.000000 3.290920 -0.104681 8905.886223 0.000000 2212 5783 1 0 1 
-0.169162 0.026768 0.000000 -0.126145 0.658697 8848.063937 0.000000 2212 5784 1 0 1 
1.517358 -1.231628 0.000000 -1.870420 1.950152 8912.430225 0.000000 2212 5785 1 0 1 
2.887616 0.198467 0.000000 -2.412112 -5.964808 8925.516693 0.000000 2212 5786 1 0 1 
1.604466 -0.917993 0.000000 -2.236809 -2.715590 8888.812796 0.000000 2212 5787 1 0 1 
-2.635280 -1.533681 0.000000 1.794354 2.973490 8854.129177 0.000000 2212 5788 1 0 1 
0.761985 0.675434 0.000000 -1.814373 -0.349423 8875.904084 0.000000 2212 5789 1 0 1 
-1.280503 0.507722 0.000000 2.149980 0.759423 8849.435204 0.000000 2212 5790 1 0 1 
-1.054822 0.066107 0.000000 2.870846 -0.466584 8886.437213 0.000000 2212 5791 1 0 1 
0.708089 -0.554203 0.000000 -3.759801 -0.518351 8891.382807 0.000000 2212 5792 1 0 1 
-0.424414 2.276741 0.000000 0.248107 5.117104 8859.102335 0.000000 2212 5793 1 0 1 
-1.284121 0.989756 0.000000 0.668805 1.371904 8880.689248 0.000000 2212 5794 1 0 1 
1.322854 -0.570090 0.000000 -0.706784 -1.120962 8911.764507 0.000000 2212 5795 1 0 1 
-0.967223 -0.319069 0.000000 3.899682 0.152924 8895.903174 0.000000 2212 5796 1 0 1 
-0.586088 -0.219427 0.000000 0.142054 1.172776 8887.649222 0.000000 2212 5797 1 0 1 
0.799152 1.865419 0.000000 -1.261356 1.426678 8880.468521 0.000000 2212 5798 1 0 1 
-0.729295 -0.090647 0.000000 -0.135885 -1.343547 8942.699516 0.000000 2212 5799 1 0 1 
0.536820 -2.740393 0.000000 0.026398 -1.655141 8890.818859 0.000000 2212 5800 1 0 1 
-4.044960 0.689382 0.000000 6.125350 3.982345 8830.504088 0.000000 2212 5801 1 0 1 
-0.572783 1.287008 0.000000 -1.005352 5.670636 8852.420887 0.000000 2212 5802 1 0 1 
1.653525 0.735691 0.000000 -2.228272 -0.311756 8892.699589 0.000000 2212 5803 1 0 1 
0.760285 0.293368 0.000000 -2.240953 -2.444347 8881.668538 0.000000 2212 5804 1 0 1 
-1.384610 -0.094997 0.000000 2.557714 -0.038453 8868.709997 0.000000 2212 5805 1 0 1 
1.508976 -0.917979 0.000000 -1.884408 -0.576037 8892.891477 0.000000 2212 5806 1 0 1 
-0.019424 0.676746 0.000000 -2.416286 3.843376 8835.618713 0.000000 2212 5807 1 0 1 
-2.625531 1.041045 0.000000 2.809160 2.889622 8842.365117 0.000000 2212 5808 1 0 1 
0.732220 1.757975 0.000000 -0.505134 3.138864 8893.651684 0.000000 2212 5809 1 0 1 
-0.668255 -0.850210 0.000000 0.159088 1.835150 8875.208732 0.000000 2212 5810 1 0 1 
3.694225 0.630596 0.000000 -4.945390 -2.780872 8947.480923 0.000000 2212 5811 1 0 1 
-0.280276 1.294722 0.000000 -0.454471 1.586049 8940.129517 0.000000 2212 5812 1 0 1 
-2.289410 0.589621 0.000000 3.602676 5.011451 8841.250250 0.000000 2212 5813 1 0 1 
0.267867 0.768400 0.000000 -1.213534 6.180596 8848.829100 0.000000 2212 5814 1 0 1 
0.680354 0.060804 0.000000 -1.499055 1.108739 8916.497446 0.000000 2212 5815 1 0 1 
0.754600 1.485973 0.000000 -2.437357 2.303935 8937.321105 0.000000 2212 5816 1 0 1 
3.257418 -0.078473 0.000000 -6.214926 2.337827 8919.162254 0.000000 2212 5817 1 0 1 
1.772706 -0.335304 0.000000 -4.133465 0.320568 8841.229149 0.000000 2212 5818 1 0 1 
3.246555 1.948645 0.000000 -5.171124 5.554417 8877.551757 0.000000 2212 5819 1 0 1 
2.545220 -0.903908 0.000000 -3.036832 -0.107483 8870.452433 0.000000 2212 5820 1 0 1 
0.652107 -0.379123 0.000000 -0.312287 -0.198348 8870.036814 0.000000 2212 5821 1 0 1 
-0.353428 -0.645659 0.000000 1.506967 -3.575823 8906.752808 0.000000 2212 5822 1 0 1 
-2.934192 -1.548864 0.000000 6.923462 -3.335841 8888.289350 0.000000 2212 5823 1 0 1 
0.033546 -1.952370 0.000000 -0.690662 -2.002425 8881.614825 0.000000 2212 5824 1 0 1 
2.202495 -1.427352 0.000000 -3.157542 -5.124520 8897.166412 0.000000 2212 5825 1 0 1 
0.557962 0.716476 0.000000 -2.405606 6.768675 8809.341718 0.000000 2212 5826 1 0 1 
0.686150 0.364563 0.000000 -3.347396 1.248275 8871.701439 0.000000 2212 5827 1 0 1 
-0.258680 -0.357874 0.000000 0.786833 0.558090 8881.964030 0.000000 2212 5828 1 0 1 
-1.565589 -0.034898 0.000000 1.052474 0.494129 8857.659496 0.000000 2212 5829 1 0 1 
1.066528 0.751702 0.000000 -3.137073 1.998329 8879.094104 0.000000 2212 5830 1 0 1 
2.282163 -0.164513 0.000000 -2.961598 -1.568852 8891.445140 0.000000 2212 5831 1 0 1 
-0.024847 -1.543460 0.000000 -1.621855 -3.309892 8910.296322 0.000000 2212 5832 1 0 1 
1.581609 0.200647 0.000000 -2.031866 -0.952693 8896.418084 0.000000 2212 5833 1 0 1 
-1.971062 -2.157366 0.000000 3.699496 -5.431726 8904.404218 0.000000 2212 5834 1 0 1 
-2.071847 -0.235109 0.000000 0.934805 -0.853071 8897.474224 0.000000 2212 5835 1 0 1 
-2.882409 1.198853 0.000000 4.310285 3.726327 8857.764012 0.000000 2212 5836 1 0 1 
1.073890 -1.708814 0.000000 -2.054441 -3.262549 8887.344990 0.000000 2212 5837 1 0 1 
0.072430 -1.537421 0.000000 -0.183879 -2.125494 8923.984908 0.000000 2212 5838 1 0 1 
1.607092 0.987580 0.000000 -1.222411 -1.926102 8919.647288 0.000000 2212 5839 1 0 1 
2.841790 0.322321 0.000000 -4.707687 2.662311 8921.852294 0.000000 2212 5840 1 0 1 
-1.249459 -0.354683 0.000000 2.969618 1.572496 8891.867266 0.000000 2212 5841 1 0 1 
2.360264 0.294540 0.000000 -4.637712 -3.027378 8945.543937 0.000000 2212 5842 1 0 1 
0.357461 2.106127 0.000000 -0.153594 0.558619 8901.857766 0.000000 2212 5843 1 0 1 
2.895847 -0.191252 0.000000 -3.224271 -0.812914 8919.126414 0.000000 2212 5844 1 0 1 
-0.590909 -0.693372 0.000000 0.699393 -3.769184 8905.038710 0.000000 2212 5845 1 0 1 
-0.147622 0.395899 0.000000 0.902252 -0.639016 8914.281935 0.000000 2212 5846 1 0 1 
1.361445 0.558352 0.000000 -2.437091 0.443788 8897.280017 0.000000 2212 5847 1 0 1 
0.755383 0.041895 0.000000 -2.338871 -0.729548 8899.445309 0.000000 2212 5848 1 0 1 
-0.641851 0.648607 0.000000 1.712314 3.638159 8861.684921 0.000000 2212 5849 1 0 1 
-0.039714 0.279123 0.000000 1.024121 2.558831 8884.737127 0.000000 2212 5850 1 0 1 
2.554541 -0.031789 0.000000 0.075729 1.772829 8882.777192 0.000000 2212 5851 1 0 1 
1.603259 0.619034 0.000000 -1.539265 2.163930 8850.201803 0.000000 2212 5852 1 0 1 
-1.557016 1.110326 0.000000 0.327600 0.169787 8918.975999 0.000000 2212 5853 1 0 1 
-5.500452 -0.204957 0.000000 8.690174 2.041569 8868.993838 0.000000 2212 5854 1 0 1 
1.914233 1.431338 0.000000 -1.788458 1.654930 8883.061461 0.000000 2212 5855 1 0 1 
-0.547000 -0.309972 0.000000 0.331729 -0.216236 8902.418804 0.000000 2212 5856 1 0 1 
-1.703857 0.938427 0.000000 2.972772 1.513720 8868.025780 0.000000 2212 5857 1 0 1 
0.560383 -0.578673 0.000000 -0.638785 1.716055 8871.972981 0.000000 2212 5858 1 0 1 
-1.127832 0.470880 0.000000 1.759170 -2.082525 8894.355503 0.000000 2212 5859 1 0 1 
-2.670260 0.300132 0.000000 3.807153 -5.496241 8908.908519 0.000000 2212 5860 1 0 1 
1.809000 1.152072 0.000000 -1.698066 1.417382 8850.334621 0.000000 2212 5861 1 0 1 
2.645813 -1.140063 0.000000 -2.057502 0.887444 8867.266197 0.000000 2212 5862 1 0 1 
2.728879 -1.392516 0.000000 -3.266048 -2.122556 8916.118424 0.000000 2212 5863 1 0 1 
1.380263 -0.300130 0.000000 -2.647844 -1.841382 8917.029533 0.000000 2212 5864 1 0 1 
-0.087156 0.083783 0.000000 -2.761681 2.072120 8879.111206 0.000000 2212 5865 1 0 1 
-2.150205 0.326098 0.000000 0.398851 1.069106 8905.417541 0.000000 2212 5866 1 0 1 
-1.421405 -1.784745 0.000000 0.806894 -5.795260 8873.275441 0.000000 2212 5867 1 0 1 
-1.169896 1.340961 0.000000 2.557880 -3.067455 8951.576654 0.000000 2212 5868 1 0 1 
1.358972 1.036578 0.000000 -4.276283 0.786166 8869.755234 0.000000 2212 5869 1 0 1 
1.738237 -0.398939 0.000000 -1.707512 -1.779172 8924.618451 0.000000 2212 5870 1 0 1 
-1.349556 0.199667 0.000000 0.734328 2.223712 8853.114733 0.000000 2212 5871 1 0 1 
1.956317 -0.994072 0.000000 -2.310237 0.475294 8888.067366 0.000000 2212 5872 1 0 1 
-2.045401 -0.060401 0.000000 5.279835 4.086795 8889.226243 0.000000 2212 5873 1 0 1 
-0.356020 0.225176 0.000000 1.225062 -2.715070 8912.744448 0.000000 2212 5874 1 0 1 
1.844956 -1.782126 0.000000 -0.875981 -4.135157 8948.448637 0.000000 2212 5875 1 0 1 
-0.479418 0.099684 0.000000 1.011470 4.017528 8856.659645 0.000000 2212 5876 1 0 1 
-1.030504 -0.598813 0.000000 2.746329 3.143348 8862.577912 0.000000 2212 5877 1 0 1 
-0.065596 0.627607 0.000000 -1.287571 0.484589 8882.487734 0.000000 2212 5878 1 0 1 
1.172065 -0.177610 0.000000 0.186459 -0.074173 8906.438791 0.000000 2212 5879 1 0 1 
-0.925190 -1.856689 0.000000 0.946717 1.822277 8853.735239 0.000000 2212 5880 1 0 1 
1.201718 1.193648 0.000000 -2.190123 7.498313 8820.787758 0.000000 2212 5881 1 0 1 
-1.958006 -0.095229 0.000000 2.431438 -2.482544 8887.085340 0.000000 2212 5882 1 0 1 
0.406103 0.256819 0.000000 0.116319 -0.223932 8927.851046 0.000000 2212 5883 1 0 1 
-1.582911 0.472817 0.000000 1.516859 -1.795909 8904.202566 0.000000 2212 5884 1 0 1 
1.632824 0.418499 0.000000 -3.224730 4.969199 8855.140601 0.000000 2212 5885 1 0 1 
-0.680513 2.212733 0.000000 -0.417414 2.315036 8871.043710 0.000000 2212 5886 1 0 1 
3.124455 -0.025762 0.000000 -6.540627 3.129696 8880.560276 0.000000 2212 5887 1 0 1 
-2.309010 -1.619279 0.000000 2.579054 -3.504207 8912.580487 0.000000 2212 5888 1 0 1 
-1.273012 0.402808 0.000000 2.921003 2.247958 8844.351001 0.000000 2212 5889 1 0 1 
-1.753674 0.386801 0.000000 2.722351 -0.616868 8929.525847 0.000000 2212 5890 1 0 1 
-0.344554 0.438544 0.000000 0.348267 -2.011231 8877.636989 0.000000 2212 5891 1 0 1 
0.655563 -1.640307 0.000000 -0.689045 -4.223340 8927.874438 0.000000 2212 5892 1 0 1 
0.102712 0.562953 0.000000 0.860326 -3.928046 8906.336166 0.000000 2212 5893 1 0 1 
-2.254730 -0.766472 0.000000 3.135631 -6.269076 8913.830979 0.000000 2212 5894 1 0 1 
-1.042337 0.191790 0.000000 -1.630090 0.009073 8868.608187 0.000000 2212 5895 1 0 1 
-1.114862 -0.452378 0.000000 2.061036 -4.797171 8949.118297 0.000000 2212 5896 1 0 1 
1.917544 -0.657250 0.000000 -2.809196 -3.257016 8956.997277 0.000000 2212 5897 1 0 1 
-0.796024 0.826094 0.000000 1.482355 -0.164341 8895.305888 0.000000 2212 5898 1 0 1 
1.463878 1.389031 0.000000 -2.632429 2.391530 8889.762183 0.000000 2212 5899 1 0 1 
-0.821849 0.240723 0.000000 1.868766 -4.412446 8945.586269 0.000000 2212 5900 1 0 1 
2.816707 1.682762 0.000000 -3.601850 4.866741 8866.060782 0.000000 2212 5901 1 0 1 
-1.050046 -0.692430 0.000000 0.360284 -4.189351 8930.155185 0.000000 2212 5902 1 0 1 
0.683190 -0.571791 0.000000 -0.941975 -3.034181 8880.498214 0.000000 2212 5903 1 0 1 
2.354732 -1.969507 0.000000 -4.868551 -4.286532 8893.681578 0.000000 2212 5904 1 0 1 
-1.749376 0.548148 0.000000 3.347162 -2.973449 8895.347554 0.000000 2212 5905 1 0 1 
0.026830 0.825485 0.000000 -1.158591 1.588993 8882.355225 0.000000 2212 5906 1 0 1 
0.965228 0.270881 0.000000 0.704405 3.330203 8873.597486 0.000000 2212 5907 1 0 1 
2.630289 -0.670915 0.000000 -3.541999 -0.108060 8882.892721 0.000000 2212 5908 1 0 1 
1.540476 -1.230959 0.000000 -2.941987 -3.576697 8919.683838 0.000000 2212 5909 1 0 1 
-0.399085 0.316665 0.000000 -0.754410 -2.076687 8879.113611 0.000000 2212 5910 1 0 1 
0.389855 -0.470592 0.000000 -0.881060 0.539801 8859.068059 0.000000 2212 5911 1 0 1 
1.726715 0.268779 0.000000 -1.699772 3.891205 8868.839001 0.000000 2212 5912 1 0 1 
1.564562 -0.791694 0.000000 -2.763098 -1.779725 8937.691235 0.000000 2212 5913 1 0 1 
2.751216 -0.628256 0.000000 -2.146166 -6.239535 8917.242115 0.000000 2212 5914 1 0 1 
-2.726136 1.085809 0.000000 6.029345 1.403435 8870.218495 0.000000 2212 5915 1 0 1 
-1.823174 -0.329735 0.000000 2.662872 -3.079752 8888.154631 0.000000 2212 5916 1 0 1 
-0.120960 1.180106 0.000000 -1.140659 -0.704561 8911.095787 0.000000 2212 5917 1 0 1 
0.406517 2.621550 0.000000 -0.100022 2.916957 8871.791207 0.000000 2212 5918 1 0 1 
-1.678560 -0.397918 0.000000 1.930594 -0.846994 8876.670256 0.000000 2212 5919 1 0 1 
0.428933 -0.876189 0.000000 -0.128313 -1.333063 8921.864282 0.000000 2212 5920 1 0 1 
-1.505534 -2.301065 0.000000 1.635720 -2.261098 8873.294282 0.000000 2212 5921 1 0 1 
-0.991459 -0.754961 0.000000 0.562373 -0.569844 8882.440728 0.000000 2212 5922 1 0 1 
-0.961719 -0.561309 0.000000 -0.074097 -6.237209 8954.306740 0.000000 2212 5923 1 0 1 
-3.687140 1.757147 0.000000 5.523695 2.316269 8860.205228 0.000000 2212 5924 1 0 1 
2.140595 -2.373936 0.000000 -3.743591 -5.640460 8903.528764 0.000000 2212 5925 1 0 1 
0.350700 -0.419390 0.000000 -0.658331 0.304600 8900.679761 0.000000 2212 5926 1 0 1 
1.258458 0.682879 0.000000 -1.058729 -3.135871 8888.762894 0.000000 2212 5927 1 0 1 
0.236543 0.296227 0.000000 -3.066974 -1.706315 8881.946362 0.000000 2212 5928 1 0 1 
-0.326969 -2.293569 0.000000 1.025724 0.462731 8927.406497 0.000000 2212 5929 1 0 1 
0.625638 1.112772 0.000000 -0.427458 -4.173956 8937.712661 0.000000 2212 5930 1 0 1 
1.020339 -0.054059 0.000000 -3.111307 0.645907 8894.513042 0.000000 2212 5931 1 0 1 
0.853783 -1.130232 0.000000 -4.125099 -1.009582 8897.473127 0.000000 2212 5932 1 0 1 
0.963382 -0.345079 0.000000 1.258122 -4.382845 8948.344619 0.000000 2212 5933 1 0 1 
1.721334 -1.180074 0.000000 -3.008980 -0.527182 8861.549526 0.000000 2212 5934 1 0 1 
0.989354 0.369914 0.000000 -0.172124 -0.787387 8894.243403 0.000000 2212 5935 1 0 1 
-0.886530 2.547630 0.000000 1.693270 6.381168 8845.133994 0.000000 2212 5936 1 0 1 
-2.640404 1.540548 0.000000 3.490074 2.038650 8891.335938 0.000000 2212 5937 1 0 1 
-0.268818 0.794472 0.000000 1.137940 2.029544 8852.748825 0.000000 2212 5938 1 0 1 
-1.350205 -0.929692 0.000000 1.879969 -5.961870 8936.392767 0.000000 2212 5939 1 0 1 
-0.284396 0.561878 0.000000 1.587146 -3.073410 8899.122473 0.000000 2212 5940 1 0 1 
1.797580 0.239827 0.000000 -1.028850 -0.310400 8934.854629 0.000000 2212 5941 1 0 1 
1.318466 1.177924 0.000000 -1.918363 -0.195237 8879.221802 0.000000 2212 5942 1 0 1 
1.105475 -0.261306 0.000000 -0.640999 -3.301484 8938.135971 0.000000 2212 5943 1 0 1 
0.562063 0.269745 0.000000 0.481584 3.674135 8856.531006 0.000000 2212 5944 1 0 1 
-3.132356 -2.846020 0.000000 4.078005 -0.611987 8896.681464 0.000000 2212 5945 1 0 1 
-3.108321 0.258106 0.000000 3.138069 0.451209 8878.479277 0.000000 2212 5946 1 0 1 
0.999060 -2.108431 0.000000 -0.302594 -2.514968 8913.564111 0.000000 2212 5947 1 0 1 
-5.141060 -0.149165 0.000000 7.063418 4.642907 8836.798408 0.000000 2212 5948 1 0 1 
-1.221885 -0.838152 0.000000 3.514536 1.349407 8890.391292 0.000000 2212 5949 1 0 1 
-1.302615 -0.739767 0.000000 0.925197 -4.935987 8883.888820 0.000000 2212 5950 1 0 1 
3.412988 -0.363999 0.000000 -2.729195 -2.193451 8935.404130 0.000000 2212 5951 1 0 1 
-1.084295 -0.410735 0.000000 -0.970705 2.154058 8856.827667 0.000000 2212 5952 1 0 1 
-2.250525 0.828820 0.000000 4.552158 -2.055775 8902.464466 0.000000 2212 5953 1 0 1 
-3.434205 0.166045 0.000000 5.523009 -2.885705 8920.380867 0.000000 2212 5954 1 0 1 
1.309239 -2.482745 0.000000 -3.906305 0.555968 8893.678105 0.000000 2212 5955 1 0 1 
1.503717 0.589199 0.000000 -2.331190 -0.312225 8894.608237 0.000000 2212 5956 1 0 1 
1.582469 -1.767279 0.000000 -4.838121 -1.051328 8863.322930 0.000000 2212 5957 1 0 1 
-1.453741 -1.013425 0.000000 1.658679 -7.028214 8938.804359 0.000000 2212 5958 1 0 1 
-2.037323 1.071921 0.000000 2.832177 -1.359084 8932.889811 0.000000 2212 5959 1 0 1 
0.080887 -1.560099 0.000000 -0.701970 -3.849095 8905.790747 0.000000 2212 5960 1 0 1 
-1.725981 1.755743 0.000000 1.538581 0.614314 8918.411106 0.000000 2212 5961 1 0 1 
-0.530458 0.514386 0.000000 2.002543 1.963038 8878.897740 0.000000 2212 5962 1 0 1 
-1.280714 1.079655 0.000000 2.733338 1.059294 8869.532580 0.000000 2212 5963 1 0 1 
0.143054 0.261175 0.000000 0.232283 0.402048 8920.140962 0.000000 2212 5964 1 0 1 
1.407689 0.800734 0.000000 -2.662546 4.683604 8846.758132 0.000000 2212 5965 1 0 1 
0.976244 0.042650 0.000000 -0.664414 -2.144525 8901.438382 0.000000 2212 5966 1 0 1 
-0.080901 1.156678 0.000000 -0.660065 -0.157824 8903.989463 0.000000 2212 5967 1 0 1 
1.312154 0.724331 0.000000 -2.105599 -0.564779 8911.105227 0.000000 2212 5968 1 0 1 
-1.822152 -1.379055 0.000000 1.624057 -2.059993 8879.628735 0.000000 2212 5969 1 0 1 
0.156796 0.150448 0.000000 0.647322 -2.159820 8909.539392 0.000000 2212 5970 1 0 1 
-1.293427 2.551308 0.000000 1.888882 3.756177 8868.147276 0.000000 2212 5971 1 0 1 
1.619098 2.065702 0.000000 -2.486016 6.615081 8874.338763 0.000000 2212 5972 1 0 1 
-1.223724 0.975763 0.000000 0.546600 3.220881 8853.595096 0.000000 2212 5973 1 0 1 
0.768138 0.863463 0.000000 -1.634145 1.315843 8886.909226 0.000000 2212 5974 1 0 1 
-0.587795 -0.094074 0.000000 -1.617015 2.039587 8859.625324 0.000000 2212 5975 1 0 1 
0.541476 0.009296 0.000000 -3.718312 2.247620 8836.564009 0.000000 2212 5976 1 0 1 
1.433696 -1.872892 0.000000 -1.528947 -2.279869 8902.326054 0.000000 2212 5977 1 0 1 
0.792315 -0.446640 0.000000 0.197299 2.884108 8880.677409 0.000000 2212 5978 1 0 1 
1.641725 0.786847 0.000000 -1.831444 2.125679 8893.338497 0.000000 2212 5979 1 0 1 
-0.682565 -1.090215 0.000000 -0.233183 -1.700834 8888.269019 0.000000 2212 5980 1 0 1 
1.863251 -0.531306 0.000000 -1.261759 -2.971108 8900.940959 0.000000 2212 5981 1 0 1 
4.378306 1.496531 0.000000 -7.411037 1.849600 8884.765814 0.000000 2212 5982 1 0 1 
1.497644 -1.392398 0.000000 -4.131946 -0.287592 8869.984072 0.000000 2212 5983 1 0 1 
0.109121 0.070020 0.000000 0.981017 1.669856 8856.872067 0.000000 2212 5984 1 0 1 
-1.424746 0.215291 0.000000 2.914097 0.364164 8877.688400 0.000000 2212 5985 1 0 1 
-0.766297 0.141927 0.000000 1.432380 -1.935539 8897.804729 0.000000 2212 5986 1 0 1 
1.182386 -0.680778 0.000000 -1.606824 2.771115 8872.977511 0.000000 2212 5987 1 0 1 
-2.292999 -2.060186 0.000000 4.039902 -2.250455 8874.050160 0.000000 2212 5988 1 0 1 
1.453244 0.661444 0.000000 -2.663201 2.951312 8866.933301 0.000000 2212 5989 1 0 1 
0.584494 2.085925 0.000000 -1.342971 2.704868 8865.584740 0.000000 2212 5990 1 0 1 
3.318119 0.326345 0.000000 -5.426697 -0.887916 8878.886183 0.000000 2212 5991 1 0 1 
0.897818 2.316291 0.000000 -0.301177 -3.400998 8957.140677 0.000000 2212 5992 1 0 1 
-1.419257 1.099499 0.000000 2.084129 0.235518 8903.091518 0.000000 2212 5993 1 0 1 
-0.498116 -1.296528 0.000000 1.427786 -3.134108 8908.301115 0.000000 2212 5994 1 0 1 
-1.476200 -0.716836 0.000000 3.025266 -0.011990 8918.758670 0.000000 2212 5995 1 0 1 
3.040690 0.527505 0.000000 -3.762986 2.607104 8917.051563 0.000000 2212 5996 1 0 1 
-0.371558 2.199289 0.000000 1.047848 1.039108 8867.955516 0.000000 2212 5997 1 0 1 
1.565362 0.087255 0.000000 -0.863800 -2.398113 8911.441959 0.000000 2212 5998 1 0 1 
-3.732587 0.192635 0.000000 5.733415 -0.287626 8851.855804 0.000000 2212 5999 1 0 1 
0.798623 -1.259361 0.000000 -2.176571 -1.366636 8917.114963 0.000000 2212 6000 1 0 1 
0.308575 -1.675934 0.000000 -2.279882 -4.090028 8919.819879 0.000000 2212 6001 1 0 1 
0.913401 0.146218 0.000000 -1.193960 3.223359 8829.936292 0.000000 2212 6002 1 0 1 
2.859740 -0.128884 0.000000 -4.455494 -4.359588 8970.851554 0.000000 2212 6003 1 0 1 
-0.782708 -0.415193 0.000000 1.900964 -0.978952 8906.405325 0.000000 2212 6004 1 0 1 
-0.702408 0.022504 0.000000 -0.246184 3.449169 8858.269032 0.000000 2212 6005 1 0 1 
1.831453 -1.252671 0.000000 -5.714626 -3.159352 8874.414245 0.000000 2212 6006 1 0 1 
2.414011 1.197452 0.000000 -3.176836 -0.074816 8917.399187 0.000000 2212 6007 1 0 1 
-1.990659 -0.221786 0.000000 1.670319 3.405133 8861.610199 0.000000 2212 6008 1 0 1 
-0.293903 0.489799 0.000000 2.349252 -2.134758 8910.933574 0.000000 2212 6009 1 0 1 
-0.411856 -1.966127 0.000000 2.109603 -4.743922 8955.044001 0.000000 2212 6010 1 0 1 
-1.159334 0.636453 0.000000 1.379423 0.663614 8907.361801 0.000000 2212 6011 1 0 1 
-0.141221 -1.413579 0.000000 1.103936 -3.417637 8912.168338 0.000000 2212 6012 1 0 1 
-0.692795 -0.137885 0.000000 2.873070 5.117283 8845.140749 0.000000 2212 6013 1 0 1 
0.417498 0.334639 0.000000 -1.625314 4.711333 8870.046156 0.000000 2212 6014 1 0 1 
-0.620943 0.484739 0.000000 -0.869887 2.761862 8836.479718 0.000000 2212 6015 1 0 1 
-1.197178 -1.354809 0.000000 -0.154624 -3.483256 8913.737330 0.000000 2212 6016 1 0 1 
-1.124709 -0.098833 0.000000 0.400519 0.588454 8890.638618 0.000000 2212 6017 1 0 1 
-2.072690 -0.969047 0.000000 2.169549 -0.441912 8840.984760 0.000000 2212 6018 1 0 1 
-1.323674 -0.499280 0.000000 3.364109 -0.988666 8911.918175 0.000000 2212 6019 1 0 1 
-0.659394 0.505961 0.000000 -0.688682 -2.633574 8881.661454 0.000000 2212 6020 1 0 1 
0.806235 0.947280 0.000000 -0.223290 2.010113 8896.841633 0.000000 2212 6021 1 0 1 
-1.870588 1.019045 0.000000 2.395431 -0.794213 8906.197012 0.000000 2212 6022 1 0 1 
2.128514 1.259195 0.000000 -1.896773 -4.579722 8923.023594 0.000000 2212 6023 1 0 1 
-0.063857 -0.423156 0.000000 -1.776835 1.650669 8866.413742 0.000000 2212 6024 1 0 1 
3.131106 -2.212362 0.000000 -3.247147 -1.843515 8922.466072 0.000000 2212 6025 1 0 1 
-2.208308 0.269298 0.000000 4.773518 -0.510471 8882.478008 0.000000 2212 6026 1 0 1 
-0.511617 -0.729868 0.000000 2.549372 -0.198663 8918.640714 0.000000 2212 6027 1 0 1 
2.105676 0.800249 0.000000 -3.513288 4.640237 8850.809745 0.000000 2212 6028 1 0 1 
1.286010 -2.359659 0.000000 0.204824 -4.216942 8926.357397 0.000000 2212 6029 1 0 1 
1.621130 -1.123727 0.000000 -2.319120 0.379450 8864.307159 0.000000 2212 6030 1 0 1 
1.722682 0.653262 0.000000 -0.455990 5.109134 8830.145513 0.000000 2212 6031 1 0 1 
0.338304 0.123946 0.000000 1.113072 -3.846676 8935.014090 0.000000 2212 6032 1 0 1 
-0.690352 -0.400986 0.000000 -0.069374 2.043715 8842.888197 0.000000 2212 6033 1 0 1 
0.325734 -1.901155 0.000000 -1.881217 -5.974829 8919.515763 0.000000 2212 6034 1 0 1 
-1.067092 0.665102 0.000000 2.002140 0.068310 8913.345050 0.000000 2212 6035 1 0 1 
1.041070 -2.770050 0.000000 2.357450 -6.030625 8954.494334 0.000000 2212 6036 1 0 1 
0.267812 1.224773 0.000000 0.676179 4.334137 8844.291646 0.000000 2212 6037 1 0 1 
-0.444108 0.110576 0.000000 -0.141811 -3.626550 8921.944946 0.000000 2212 6038 1 0 1 
-1.733579 0.643149 0.000000 0.744991 3.768816 8878.090186 0.000000 2212 6039 1 0 1 
2.086055 0.012568 0.000000 -2.054019 -4.391181 8926.479257 0.000000 2212 6040 1 0 1 
-1.804485 -2.133370 0.000000 4.508169 -5.347859 8898.406991 0.000000 2212 6041 1 0 1 
-1.740595 -0.533826 0.000000 2.244459 1.753073 8914.367309 0.000000 2212 6042 1 0 1 
-1.430422 -0.381459 0.000000 2.269599 2.202667 8882.738769 0.000000 2212 6043 1 0 1 
-1.730952 -0.066497 0.000000 0.730145 -0.432592 8920.269743 0.000000 2212 6044 1 0 1 
-0.035242 0.159323 0.000000 -0.502040 0.199585 8877.133088 0.000000 2212 6045 1 0 1 
0.363597 -3.774469 0.000000 -0.571176 -11.521837 8962.179214 0.000000 2212 6046 1 0 1 
-0.340339 -1.034667 0.000000 0.498998 -0.132802 8854.806745 0.000000 2212 6047 1 0 1 
-4.423209 4.405764 0.000000 5.425276 6.785818 8870.880694 0.000000 2212 6048 1 0 1 
-1.756967 0.866662 0.000000 3.210592 -2.835726 8895.406183 0.000000 2212 6049 1 0 1 
1.839800 2.359407 0.000000 -2.506017 1.049375 8883.086073 0.000000 2212 6050 1 0 1 
-0.310835 1.939154 0.000000 -0.310787 4.398017 8846.208135 0.000000 2212 6051 1 0 1 
1.029025 -1.464479 0.000000 -2.063061 0.156613 8894.528426 0.000000 2212 6052 1 0 1 
1.204687 -0.019181 0.000000 -3.075719 1.765986 8897.279840 0.000000 2212 6053 1 0 1 
-0.413911 -2.323462 0.000000 2.153626 0.161130 8840.151086 0.000000 2212 6054 1 0 1 
-1.723639 0.432627 0.000000 0.747665 -0.594752 8873.313874 0.000000 2212 6055 1 0 1 
1.733091 -2.146953 0.000000 -2.464927 -6.697419 8926.262258 0.000000 2212 6056 1 0 1 
2.101788 0.103874 0.000000 -3.971215 1.165868 8880.822356 0.000000 2212 6057 1 0 1 
-0.789550 1.205291 0.000000 2.536142 1.298806 8873.906965 0.000000 2212 6058 1 0 1 
-3.453890 -0.638640 0.000000 6.144330 1.005274 8855.048473 0.000000 2212 6059 1 0 1 
-1.891158 -0.322155 0.000000 1.669176 -2.204588 8909.030956 0.000000 2212 6060 1 0 1 
-0.122521 -2.641837 0.000000 0.620494 -6.107762 8926.960680 0.000000 2212 6061 1 0 1 
1.490398 0.678268 0.000000 -1.702766 1.871451 8894.643817 0.000000 2212 6062 1 0 1 
2.988594 -1.215499 0.000000 -4.707055 0.320068 8922.809462 0.000000 2212 6063 1 0 1 
-1.993797 -0.086048 0.000000 3.327976 0.281583 8904.084564 0.000000 2212 6064 1 0 1 
1.339284 0.352191 0.000000 -1.224082 2.110084 8852.099918 0.000000 2212 6065 1 0 1 
-3.310526 -1.955510 0.000000 5.497747 -5.583887 8920.282877 0.000000 2212 6066 1 0 1 
0.096594 -1.916034 0.000000 2.777717 -3.167650 8895.366381 0.000000 2212 6067 1 0 1 
1.242448 -1.030291 0.000000 -1.661901 -1.500292 8899.207457 0.000000 2212 6068 1 0 1 
0.419407 1.227003 0.000000 -0.167385 -1.144596 8874.456272 0.000000 2212 6069 1 0 1 
2.129292 0.440618 0.000000 -2.341818 1.073208 8869.716910 0.000000 2212 6070 1 0 1 
-0.788052 1.935546 0.000000 -0.552464 2.814392 8811.269402 0.000000 2212 6071 1 0 1 
-1.328038 -1.364434 0.000000 1.334408 -2.039069 8918.250511 0.000000 2212 6072 1 0 1 
0.215312 -0.362514 0.000000 1.101685 -0.562534 8887.811982 0.000000 2212 6073 1 0 1 
2.353935 -0.455405 0.000000 -2.990604 -3.307138 8933.849287 0.000000 2212 6074 1 0 1 
-1.284937 -1.408352 0.000000 0.297463 -2.653191 8895.379267 0.000000 2212 6075 1 0 1 
-2.081474 -1.118059 0.000000 4.267340 -3.945945 8949.201784 0.000000 2212 6076 1 0 1 
-0.730524 2.641226 0.000000 3.373650 5.122735 8820.701334 0.000000 2212 6077 1 0 1 
-0.293516 0.508425 0.000000 -0.098058 -5.455761 8926.522154 0.000000 2212 6078 1 0 1 
-1.531591 -0.482225 0.000000 0.670466 0.437795 8892.218085 0.000000 2212 6079 1 0 1 
-3.527692 3.673427 0.000000 6.546253 10.628417 8806.536505 0.000000 2212 6080 1 0 1 
1.533091 1.486284 0.000000 -3.503301 4.055467 8847.280306 0.000000 2212 6081 1 0 1 
-0.773521 1.153220 0.000000 2.577842 5.807720 8875.643546 0.000000 2212 6082 1 0 1 
-1.650398 -0.452673 0.000000 3.308254 -2.253976 8917.790363 0.000000 2212 6083 1 0 1 
-0.483199 0.244959 0.000000 -0.124503 0.086935 8886.463398 0.000000 2212 6084 1 0 1 
3.132079 -0.389124 0.000000 -3.710014 3.847257 8840.710448 0.000000 2212 6085 1 0 1 
0.538547 0.708137 0.000000 -2.700833 -1.100104 8878.436803 0.000000 2212 6086 1 0 1 
5.503626 -1.567248 0.000000 -7.315985 -8.416202 8975.805761 0.000000 2212 6087 1 0 1 
0.333411 -0.324778 0.000000 0.597802 2.416256 8863.941093 0.000000 2212 6088 1 0 1 
-3.527644 -0.768785 0.000000 3.917206 2.141152 8887.813009 0.000000 2212 6089 1 0 1 
0.180310 -0.257120 0.000000 -0.211171 3.388987 8894.695239 0.000000 2212 6090 1 0 1 
-3.107196 -0.481691 0.000000 6.804817 -4.833983 8952.823370 0.000000 2212 6091 1 0 1 
-0.174366 -0.360495 0.000000 -0.993978 -0.195282 8894.328843 0.000000 2212 6092 1 0 1 
-0.882169 -0.240192 0.000000 2.476500 -6.385855 8921.725946 0.000000 2212 6093 1 0 1 
-1.522113 0.737519 0.000000 2.000963 1.473675 8900.758613 0.000000 2212 6094 1 0 1 
0.957632 -1.222288 0.000000 -0.263835 -4.782648 8944.672064 0.000000 2212 6095 1 0 1 
0.690587 0.365816 0.000000 -1.511003 -1.199869 8881.253320 0.000000 2212 6096 1 0 1 
0.593082 -0.023506 0.000000 -2.023820 -0.927784 8854.187750 0.000000 2212 6097 1 0 1 
-3.849468 -0.356183 0.000000 5.774177 -1.315605 8902.238456 0.000000 2212 6098 1 0 1 
-3.748901 2.938094 0.000000 3.049056 7.776957 8800.565219 0.000000 2212 6099 1 0 1 
-2.628821 -0.571186 0.000000 2.669539 -0.730482 8897.756010 0.000000 2212 6100 1 0 1 
-2.914525 -0.526711 0.000000 2.840333 -2.156247 8878.080819 0.000000 2212 6101 1 0 1 
-2.089012 -0.717691 0.000000 3.294367 -1.569437 8886.900558 0.000000 2212 6102 1 0 1 
2.601589 -0.010391 0.000000 -3.545811 3.678867 8897.275847 0.000000 2212 6103 1 0 1 
0.148017 1.598426 0.000000 -0.978954 5.384966 8858.617595 0.000000 2212 6104 1 0 1 
-1.851121 -1.125311 0.000000 2.366928 -1.810556 8867.466175 0.000000 2212 6105 1 0 1 
1.995158 3.813195 0.000000 -4.774319 3.379049 8876.284361 0.000000 2212 6106 1 0 1 
-3.824949 -2.001756 0.000000 4.593313 -3.908042 8926.466567 0.000000 2212 6107 1 0 1 
-0.369726 -0.890135 0.000000 -0.199168 0.984348 8894.979341 0.000000 2212 6108 1 0 1 
-4.839954 1.193011 0.000000 9.001457 1.257005 8898.344847 0.000000 2212 6109 1 0 1 
3.081968 -0.333291 0.000000 -2.499498 -3.555879 8895.299529 0.000000 2212 6110 1 0 1 
-2.575281 -0.754995 0.000000 4.262663 -2.714823 8888.732856 0.000000 2212 6111 1 0 1 
-0.103188 0.012709 0.000000 -0.466298 -2.670705 8925.348332 0.000000 2212 6112 1 0 1 
-1.406571 1.703194 0.000000 1.270990 0.906267 8882.196617 0.000000 2212 6113 1 0 1 
0.464421 -0.330291 0.000000 -0.249845 4.343552 8892.855257 0.000000 2212 6114 1 0 1 
0.105546 1.321328 0.000000 -0.094314 5.475271 8837.004544 0.000000 2212 6115 1 0 1 
-1.198414 -1.403812 0.000000 0.914754 -6.878279 8881.809543 0.000000 2212 6116 1 0 1 
1.371837 2.177587 0.000000 -2.058995 1.061362 8887.367967 0.000000 2212 6117 1 0 1 
-1.905647 -1.408240 0.000000 3.233669 -0.219114 8922.487235 0.000000 2212 6118 1 0 1 
1.416762 -0.698233 0.000000 0.192520 0.053733 8862.748644 0.000000 2212 6119 1 0 1 
0.463994 0.144181 0.000000 -0.644444 -2.188027 8946.143405 0.000000 2212 6120 1 0 1 
2.112583 -1.524677 0.000000 -4.358693 -5.043207 8968.040217 0.000000 2212 6121 1 0 1 
0.241115 0.926392 0.000000 0.300705 1.527738 8883.121771 0.000000 2212 6122 1 0 1 
2.319409 0.767369 0.000000 -1.685471 -1.744292 8929.544661 0.000000 2212 6123 1 0 1 
3.246891 0.415133 0.000000 -5.465810 2.337716 8882.424669 0.000000 2212 6124 1 0 1 
2.169986 -0.297723 0.000000 -0.811780 -5.394438 8916.769036 0.000000 2212 6125 1 0 1 
1.593294 -1.710103 0.000000 -3.089547 -1.807320 8910.306135 0.000000 2212 6126 1 0 1 
0.670459 -0.849133 0.000000 0.113883 -1.798086 8922.738304 0.000000 2212 6127 1 0 1 
1.105202 -1.878560 0.000000 -0.329326 -2.944902 8866.241531 0.000000 2212 6128 1 0 1 
-1.039051 1.520888 0.000000 2.916288 1.213993 8912.899370 0.000000 2212 6129 1 0 1 
2.226595 0.310553 0.000000 -4.496565 4.446624 8865.575428 0.000000 2212 6130 1 0 1 
0.946287 -2.749558 0.000000 -0.699490 -8.928042 8948.327749 0.000000 2212 6131 1 0 1 
-2.072034 1.583597 0.000000 1.822226 4.345901 8902.440918 0.000000 2212 6132 1 0 1 
-0.072287 -0.871544 0.000000 -0.184237 2.866470 8885.390076 0.000000 2212 6133 1 0 1 
-2.797502 0.100950 0.000000 3.943190 -0.648042 8897.806569 0.000000 2212 6134 1 0 1 
-1.751314 0.654216 0.000000 1.440547 5.336678 8849.338456 0.000000 2212 6135 1 0 1 
-2.784939 -0.796438 0.000000 1.989856 -0.896180 8849.948086 0.000000 2212 6136 1 0 1 
1.576070 -0.756796 0.000000 -1.975903 5.416192 8848.687219 0.000000 2212 6137 1 0 1 
-0.922655 0.980545 0.000000 2.240492 -0.630453 8873.585748 0.000000 2212 6138 1 0 1 
-0.247273 -1.126028 0.000000 0.286152 0.651965 8890.546626 0.000000 2212 6139 1 0 1 
0.122437 0.215021 0.000000 0.963986 0.917568 8881.341252 0.000000 2212 6140 1 0 1 
-0.105336 1.866679 0.000000 0.482117 1.117473 8858.773121 0.000000 2212 6141 1 0 1 
0.624231 0.948004 0.000000 0.747167 1.600956 8875.481581 0.000000 2212 6142 1 0 1 
1.482981 1.472072 0.000000 -0.964703 7.812534 8851.627416 0.000000 2212 6143 1 0 1 
-1.898724 -0.047297 0.000000 3.400287 -0.524207 8870.184333 0.000000 2212 6144 1 0 1 
-1.588371 1.713510 0.000000 4.390151 3.899399 8873.851388 0.000000 2212 6145 1 0 1 
0.168705 0.458724 0.000000 0.388000 -0.163140 8874.649009 0.000000 2212 6146 1 0 1 
-2.518489 -0.894040 0.000000 4.698163 -1.000479 8871.778423 0.000000 2212 6147 1 0 1 
1.417855 0.440029 0.000000 -0.164709 -1.530458 8882.087217 0.000000 2212 6148 1 0 1 
-0.694716 0.689582 0.000000 5.017002 -2.258994 8914.234804 0.000000 2212 6149 1 0 1 
-4.444143 0.399976 0.000000 6.180488 3.745517 8848.466278 0.000000 2212 6150 1 0 1 
1.804748 -0.212014 0.000000 -2.630490 -0.867666 8904.179010 0.000000 2212 6151 1 0 1 
0.624967 2.525210 0.000000 -1.034666 7.263912 8834.060093 0.000000 2212 6152 1 0 1 
-1.421117 -0.097636 0.000000 1.109940 1.939255 8879.064850 0.000000 2212 6153 1 0 1 
1.208201 0.589001 0.000000 -1.336637 1.257404 8888.973853 0.000000 2212 6154 1 0 1 
1.944051 0.265337 0.000000 -4.079762 -1.958769 8897.673983 0.000000 2212 6155 1 0 1 
3.971122 -0.304182 0.000000 -5.803969 -0.045923 8903.585118 0.000000 2212 6156 1 0 1 
5.057996 -0.040888 0.000000 -8.339591 1.357767 8868.877592 0.000000 2212 6157 1 0 1 
-3.315125 -1.209014 0.000000 4.675930 -3.117290 8884.854704 0.000000 2212 6158 1 0 1 
1.298113 -1.095750 0.000000 -1.736499 -5.006057 8936.985051 0.000000 2212 6159 1 0 1 
-1.353349 -1.617194 0.000000 2.266176 -0.611008 8868.135070 0.000000 2212 6160 1 0 1 
-2.045181 -0.098658 0.000000 2.828868 -0.616981 8887.230023 0.000000 2212 6161 1 0 1 
1.597668 1.149280 0.000000 -1.648832 4.744059 8860.962773 0.000000 2212 6162 1 0 1 
4.166253 0.074825 0.000000 -4.793952 -0.669867 8923.337107 0.000000 2212 6163 1 0 1 
-0.192693 0.044984 0.000000 1.226511 -3.197570 8869.357920 0.000000 2212 6164 1 0 1 
-0.134885 2.099661 0.000000 0.444865 2.965170 8853.033530 0.000000 2212 6165 1 0 1 
-1.561063 -1.284394 0.000000 3.425417 -5.584029 8904.022555 0.000000 2212 6166 1 0 1 
-1.836028 -0.181761 0.000000 3.740124 -3.283680 8904.021890 0.000000 2212 6167 1 0 1 
0.887557 1.508167 0.000000 -1.693340 2.815548 8875.729234 0.000000 2212 6168 1 0 1 
0.925751 0.827814 0.000000 -3.350863 5.700084 8842.556481 0.000000 2212 6169 1 0 1 
-0.999228 1.495096 0.000000 0.560206 4.496341 8835.013572 0.000000 2212 6170 1 0 1 
-1.317333 0.000700 0.000000 2.030202 1.039826 8856.507914 0.000000 2212 6171 1 0 1 
2.694105 -1.611523 0.000000 -3.932889 -6.196386 8929.353759 0.000000 2212 6172 1 0 1 
-0.234374 1.250554 0.000000 0.509621 2.558960 8856.576395 0.000000 2212 6173 1 0 1 
-1.165253 -0.111260 0.000000 0.831853 -4.206397 8925.796266 0.000000 2212 6174 1 0 1 
0.491553 -0.162904 0.000000 0.513869 -2.775586 8914.201329 0.000000 2212 6175 1 0 1 
2.423714 -1.381984 0.000000 -2.014328 -1.436220 8926.021933 0.000000 2212 6176 1 0 1 
3.520744 -0.720973 0.000000 -5.232331 0.776123 8914.332409 0.000000 2212 6177 1 0 1 
1.206784 1.609809 0.000000 -2.267765 -3.631724 8932.563577 0.000000 2212 6178 1 0 1 
-0.141413 -1.023646 0.000000 -0.653807 -2.980502 8931.337679 0.000000 2212 6179 1 0 1 
1.337346 1.485949 0.000000 -4.372757 1.538238 8887.944306 0.000000 2212 6180 1 0 1 
0.526282 0.474324 0.000000 -3.456340 3.628491 8855.922814 0.000000 2212 6181 1 0 1 
-3.803666 0.355285 0.000000 3.882286 0.984514 8904.505159 0.000000 2212 6182 1 0 1 
1.981844 1.947730 0.000000 -1.299393 0.007179 8906.819621 0.000000 2212 6183 1 0 1 
0.998462 -0.340297 0.000000 -1.565088 -0.068678 8865.040800 0.000000 2212 6184 1 0 1 
0.790134 -1.462782 0.000000 0.329035 -5.143829 8893.595060 0.000000 2212 6185 1 0 1 
-1.232494 -0.648398 0.000000 3.054674 -2.374853 8941.106782 0.000000 2212 6186 1 0 1 
-2.233374 -0.443594 0.000000 2.902835 -4.271482 8942.455211 0.000000 2212 6187 1 0 1 
1.051187 1.208563 0.000000 1.254647 1.903979 8873.408608 0.000000 2212 6188 1 0 1 
-0.103415 -2.261491 0.000000 1.257843 -2.880370 8875.995884 0.000000 2212 6189 1 0 1 
1.203580 -0.724183 0.000000 0.257188 -4.923189 8934.309437 0.000000 2212 6190 1 0 1 
4.544430 -0.600853 0.000000 -8.948953 -0.778019 8872.278251 0.000000 2212 6191 1 0 1 
-1.397833 2.047541 0.000000 1.361150 2.995436 8894.613955 0.000000 2212 6192 1 0 1 
0.638754 0.398301 0.000000 -1.354480 -2.917773 8899.712437 0.000000 2212 6193 1 0 1 
-1.679943 2.628042 0.000000 2.233920 3.023956 8891.078552 0.000000 2212 6194 1 0 1 
0.297788 -0.696370 0.000000 0.584519 -0.931053 8892.574285 0.000000 2212 6195 1 0 1 
0.762959 -0.172277 0.000000 -2.744552 4.698443 8867.846090 0.000000 2212 6196 1 0 1 
0.032232 0.640073 0.000000 -0.524657 1.690855 8867.784825 0.000000 2212 6197 1 0 1 
0.315297 0.646314 0.000000 -1.084601 -1.687953 8885.591807 0.000000 2212 6198 1 0 1 
-0.297924 3.704745 0.000000 -1.888809 5.305664 8843.674885 0.000000 2212 6199 1 0 1 
-2.148687 1.019333 0.000000 1.224243 6.338008 8870.067955 0.000000 2212 6200 1 0 1 
2.345116 0.901814 0.000000 -6.440769 6.206823 8821.997281 0.000000 2212 6201 1 0 1 
3.727716 1.962850 0.000000 -5.753374 5.544401 8835.761428 0.000000 2212 6202 1 0 1 
1.699725 0.462349 0.000000 -4.138188 -2.950209 8885.674217 0.000000 2212 6203 1 0 1 
-0.666042 1.289733 0.000000 1.670008 1.123122 8890.280872 0.000000 2212 6204 1 0 1 
-2.869769 -0.564241 0.000000 3.383599 -0.368747 8863.060147 0.000000 2212 6205 1 0 1 
-0.152011 0.741955 0.000000 0.186881 5.206796 8843.677653 0.000000 2212 6206 1 0 1 
2.011777 1.402318 0.000000 -3.903666 1.163835 8871.593505 0.000000 2212 6207 1 0 1 
0.166850 -1.448911 0.000000 0.798788 -4.405467 8871.792217 0.000000 2212 6208 1 0 1 
-1.435545 0.800913 0.000000 5.689153 -0.382332 8915.077557 0.000000 2212 6209 1 0 1 
-4.017608 1.402218 0.000000 5.855674 -0.720759 8920.638562 0.000000 2212 6210 1 0 1 
0.720775 -0.721250 0.000000 -3.243028 0.121725 8864.747606 0.000000 2212 6211 1 0 1 
1.814820 0.235690 0.000000 -2.078274 -0.362640 8905.913492 0.000000 2212 6212 1 0 1 
-1.566182 0.205140 0.000000 3.338550 3.421203 8914.242369 0.000000 2212 6213 1 0 1 
-2.935801 0.549292 0.000000 3.774021 2.262983 8850.155051 0.000000 2212 6214 1 0 1 
0.976819 -0.530458 0.000000 -1.164440 -0.133174 8907.742168 0.000000 2212 6215 1 0 1 
-1.809323 0.070102 0.000000 1.383856 -6.030322 8960.856385 0.000000 2212 6216 1 0 1 
0.228671 0.405688 0.000000 -0.221432 -1.002997 8899.022718 0.000000 2212 6217 1 0 1 
2.511642 -0.867497 0.000000 -2.213146 -0.374644 8873.749093 0.000000 2212 6218 1 0 1 
-0.048673 -0.777371 0.000000 0.428497 3.931278 8851.847513 0.000000 2212 6219 1 0 1 
-1.337085 -0.421519 0.000000 4.219794 0.408278 8904.532900 0.000000 2212 6220 1 0 1 
-0.066695 -1.399241 0.000000 -0.593296 -2.236247 8954.448446 0.000000 2212 6221 1 0 1 
0.195774 2.457209 0.000000 0.247636 -0.655268 8892.620355 0.000000 2212 6222 1 0 1 
-0.272684 -1.049264 0.000000 -0.062403 -0.988446 8903.213166 0.000000 2212 6223 1 0 1 
1.651516 0.463699 0.000000 -0.827623 -1.622622 8899.868630 0.000000 2212 6224 1 0 1 
3.106012 2.262387 0.000000 -2.176156 4.049281 8845.074930 0.000000 2212 6225 1 0 1 
4.255572 -0.057605 0.000000 -5.942754 -1.963826 8908.440799 0.000000 2212 6226 1 0 1 
1.543533 2.838563 0.000000 -2.393170 6.462445 8855.513430 0.000000 2212 6227 1 0 1 
0.451581 -0.962064 0.000000 0.126682 -3.363986 8947.577475 0.000000 2212 6228 1 0 1 
-2.741524 3.406933 0.000000 3.629096 2.548032 8870.796421 0.000000 2212 6229 1 0 1 
1.716630 1.296530 0.000000 -0.912702 1.749531 8867.662367 0.000000 2212 6230 1 0 1 
-1.232585 -1.640247 0.000000 2.298924 -1.889532 8905.585461 0.000000 2212 6231 1 0 1 
0.117804 -1.198476 0.000000 -2.273717 -4.320946 8875.798280 0.000000 2212 6232 1 0 1 
-0.648529 0.475811 0.000000 3.391589 -1.310830 8909.963722 0.000000 2212 6233 1 0 1 
0.879311 -0.254884 0.000000 0.657130 -2.872521 8922.898630 0.000000 2212 6234 1 0 1 
-0.185505 0.139974 0.000000 -0.161348 -0.406462 8871.976473 0.000000 2212 6235 1 0 1 
1.757681 0.928826 0.000000 -3.561209 -0.672752 8913.507248 0.000000 2212 6236 1 0 1 
-0.596869 0.679532 0.000000 -0.390067 -1.229612 8923.582964 0.000000 2212 6237 1 0 1 
0.056609 0.793712 0.000000 2.050289 0.255442 8881.709297 0.000000 2212 6238 1 0 1 
0.024113 0.545438 0.000000 -0.864665 2.685255 8863.283752 0.000000 2212 6239 1 0 1 
-0.510822 -2.060724 0.000000 2.199245 0.410080 8892.938671 0.000000 2212 6240 1 0 1 
0.083087 1.159801 0.000000 -2.477256 0.323654 8895.433541 0.000000 2212 6241 1 0 1 
1.133158 1.659521 0.000000 -3.363197 6.430206 8883.275924 0.000000 2212 6242 1 0 1 
-0.125343 2.321864 0.000000 1.165844 1.818118 8917.545750 0.000000 2212 6243 1 0 1 
2.692138 -0.477272 0.000000 -6.243773 2.210180 8861.537014 0.000000 2212 6244 1 0 1 
-0.576414 2.344067 0.000000 -0.989905 4.451324 8902.344548 0.000000 2212 6245 1 0 1 
4.950444 1.165219 0.000000 -4.907817 2.113590 8914.877284 0.000000 2212 6246 1 0 1 
1.239009 -0.671261 0.000000 0.846669 -3.548389 8907.547601 0.000000 2212 6247 1 0 1 
1.241375 2.022467 0.000000 -0.519097 5.774363 8832.977279 0.000000 2212 6248 1 0 1 
-0.785321 0.498339 0.000000 2.698066 0.535264 8876.909590 0.000000 2212 6249 1 0 1 
-0.176138 -2.267834 0.000000 -0.426219 -1.891259 8902.150179 0.000000 2212 6250 1 0 1 
0.305327 -0.425329 0.000000 1.165614 2.279170 8866.782645 0.000000 2212 6251 1 0 1 
-0.168100 0.610277 0.000000 -0.861966 1.053077 8879.874996 0.000000 2212 6252 1 0 1 
2.533740 0.958160 0.000000 -4.834971 -2.172581 8895.047856 0.000000 2212 6253 1 0 1 
3.054274 2.160072 0.000000 -3.800524 3.638175 8871.717640 0.000000 2212 6254 1 0 1 
-2.107291 -0.951731 0.000000 3.190760 -5.270764 8919.012282 0.000000 2212 6255 1 0 1 
-2.422801 -1.237490 0.000000 1.980628 -1.108745 8892.516675 0.000000 2212 6256 1 0 1 
0.225417 -0.558623 0.000000 -0.833980 0.553194 8920.359373 0.000000 2212 6257 1 0 1 
-1.513562 -1.682504 0.000000 3.101835 0.987778 8902.132178 0.000000 2212 6258 1 0 1 
0.322911 -1.468435 0.000000 0.076107 -4.152798 8930.997538 0.000000 2212 6259 1 0 1 
0.118287 -2.897424 0.000000 1.095219 -2.507938 8903.307644 0.000000 2212 6260 1 0 1 
-1.464545 0.324858 0.000000 3.612695 0.011309 8880.954250 0.000000 2212 6261 1 0 1 
-3.430220 -0.574505 0.000000 4.301246 -2.720482 8913.849579 0.000000 2212 6262 1 0 1 
-1.538599 2.043213 0.000000 0.712339 7.295534 8807.993448 0.000000 2212 6263 1 0 1 
-0.387803 -0.443412 0.000000 0.074218 2.130753 8885.956770 0.000000 2212 6264 1 0 1 
-0.106833 -2.639684 0.000000 1.381152 1.287017 8851.880366 0.000000 2212 6265 1 0 1 
-2.023055 -1.592923 0.000000 1.660167 -1.955704 8917.734732 0.000000 2212 6266 1 0 1 
2.175503 0.160179 0.000000 -2.473964 1.407778 8840.780741 0.000000 2212 6267 1 0 1 
0.413206 0.097266 0.000000 -1.934433 -0.516841 8873.024821 0.000000 2212 6268 1 0 1 
0.342093 -1.752607 0.000000 -1.375397 -4.196062 8877.082710 0.000000 2212 6269 1 0 1 
0.350404 0.712184 0.000000 -1.619020 2.137261 8898.357455 0.000000 2212 6270 1 0 1 
-0.986192 0.117214 0.000000 1.340190 1.673777 8883.602323 0.000000 2212 6271 1 0 1 
4.203828 -1.037005 0.000000 -5.793212 -1.453881 8914.671016 0.000000 2212 6272 1 0 1 
-1.990389 -1.499470 0.000000 3.673309 -2.089583 8893.456895 0.000000 2212 6273 1 0 1 
1.506569 0.550451 0.000000 -2.831238 -0.367793 8917.910344 0.000000 2212 6274 1 0 1 
-2.116199 -1.675372 0.000000 -0.006946 -1.338513 8911.087233 0.000000 2212 6275 1 0 1 
-0.412554 -1.243985 0.000000 0.230427 -2.158114 8896.060314 0.000000 2212 6276 1 0 1 
-0.895577 0.297379 0.000000 2.693024 -2.097748 8883.231765 0.000000 2212 6277 1 0 1 
1.373044 1.148448 0.000000 1.124364 4.850500 8825.322232 0.000000 2212 6278 1 0 1 
1.367644 0.109189 0.000000 -1.579672 -3.675419 8907.573367 0.000000 2212 6279 1 0 1 
0.261197 1.086020 0.000000 -0.047062 2.588484 8863.322353 0.000000 2212 6280 1 0 1 
1.101132 -0.953025 0.000000 0.031485 -6.099010 8923.699187 0.000000 2212 6281 1 0 1 
-2.267673 -2.355408 0.000000 4.283958 -3.590553 8890.734945 0.000000 2212 6282 1 0 1 
-0.593776 2.442529 0.000000 1.355964 3.002789 8860.018300 0.000000 2212 6283 1 0 1 
-2.937271 -0.211909 0.000000 6.304899 -0.089888 8891.208058 0.000000 2212 6284 1 0 1 
-0.425215 2.199695 0.000000 2.034251 0.086982 8939.541692 0.000000 2212 6285 1 0 1 
-0.270371 -2.205223 0.000000 0.962005 -1.045205 8883.673891 0.000000 2212 6286 1 0 1 
-0.229530 -1.997127 0.000000 -0.345268 0.708219 8847.291129 0.000000 2212 6287 1 0 1 
0.242144 0.272508 0.000000 -0.761531 6.040642 8840.861692 0.000000 2212 6288 1 0 1 
0.671842 -2.369745 0.000000 2.564232 -2.950303 8944.531178 0.000000 2212 6289 1 0 1 
1.405042 2.368743 0.000000 -0.463653 5.187621 8812.615506 0.000000 2212 6290 1 0 1 
0.435098 -0.934894 0.000000 0.570883 -2.901853 8913.838994 0.000000 2212 6291 1 0 1 
-1.350567 -0.168420 0.000000 3.520793 -0.225402 8869.676493 0.000000 2212 6292 1 0 1 
-1.379154 1.058760 0.000000 1.372823 -1.621577 8899.310173 0.000000 2212 6293 1 0 1 
-1.321365 0.954742 0.000000 0.827677 -1.442875 8897.098130 0.000000 2212 6294 1 0 1 
0.480105 -0.297831 0.000000 -3.210716 -2.600152 8919.895822 0.000000 2212 6295 1 0 1 
-0.114171 -1.366876 0.000000 1.271778 -0.033208 8895.918624 0.000000 2212 6296 1 0 1 
-1.028590 -0.637991 0.000000 2.592669 1.494929 8842.962051 0.000000 2212 6297 1 0 1 
-2.035266 0.187668 0.000000 2.113607 2.756279 8873.968217 0.000000 2212 6298 1 0 1 
-1.040439 -0.205485 0.000000 3.564953 2.358426 8909.140323 0.000000 2212 6299 1 0 1 
0.504990 -0.217730 0.000000 -4.813801 -0.401607 8900.386144 0.000000 2212 6300 1 0 1 
-0.957715 1.671461 0.000000 0.264355 -0.184217 8903.064634 0.000000 2212 6301 1 0 1 
0.299639 -1.199112 0.000000 0.625752 -1.808984 8907.716181 0.000000 2212 6302 1 0 1 
1.055303 -1.501309 0.000000 -0.812819 -3.296048 8903.966048 0.000000 2212 6303 1 0 1 
-2.031422 -1.439941 0.000000 3.537690 -3.170421 8919.258540 0.000000 2212 6304 1 0 1 
-0.320339 -0.813181 0.000000 -0.185905 1.524251 8867.672563 0.000000 2212 6305 1 0 1 
-0.694866 1.847654 0.000000 2.201089 0.873674 8904.058947 0.000000 2212 6306 1 0 1 
1.368790 -0.079308 0.000000 -1.411895 -4.037784 8932.834311 0.000000 2212 6307 1 0 1 
0.300209 1.520940 0.000000 0.885831 4.516599 8870.785611 0.000000 2212 6308 1 0 1 
-0.141367 0.139825 0.000000 -1.029369 4.029886 8887.960758 0.000000 2212 6309 1 0 1 
-0.305040 0.542574 0.000000 -1.036799 -0.393462 8858.578406 0.000000 2212 6310 1 0 1 
-3.589057 1.199759 0.000000 6.982237 -4.683172 8939.547100 0.000000 2212 6311 1 0 1 
0.348420 0.205824 0.000000 1.550013 2.677212 8879.185849 0.000000 2212 6312 1 0 1 
-0.052511 0.937640 0.000000 -2.129415 2.462369 8857.380540 0.000000 2212 6313 1 0 1 
0.232498 0.142530 0.000000 -0.239108 5.992010 8869.794878 0.000000 2212 6314 1 0 1 
-2.029860 1.262187 0.000000 1.722174 3.505287 8877.721693 0.000000 2212 6315 1 0 1 
-0.136901 -1.017935 0.000000 0.481320 -5.340188 8927.554902 0.000000 2212 6316 1 0 1 
-2.956312 0.825286 0.000000 3.337499 -1.780060 8942.647828 0.000000 2212 6317 1 0 1 
0.422829 1.616687 0.000000 0.501039 -1.577362 8906.929517 0.000000 2212 6318 1 0 1 
-2.486524 0.269781 0.000000 3.955905 -1.813118 8930.629220 0.000000 2212 6319 1 0 1 
0.810153 0.956789 0.000000 -3.295520 2.894823 8888.179577 0.000000 2212 6320 1 0 1 
1.391596 -0.461183 0.000000 -1.682293 0.581031 8874.222957 0.000000 2212 6321 1 0 1 
4.170836 -1.920832 0.000000 -5.011156 -5.629447 8926.463073 0.000000 2212 6322 1 0 1 
-3.423769 0.573940 0.000000 8.030417 2.425088 8869.071340 0.000000 2212 6323 1 0 1 
0.444126 -1.792033 0.000000 0.211317 -3.565413 8885.032070 0.000000 2212 6324 1 0 1 
-0.659278 -1.082882 0.000000 0.017828 0.175371 8894.528538 0.000000 2212 6325 1 0 1 
-5.270327 2.984002 0.000000 6.784395 2.995324 8904.605544 0.000000 2212 6326 1 0 1 
-0.888855 1.572230 0.000000 1.916258 -0.238940 8866.444772 0.000000 2212 6327 1 0 1 
-0.193001 -0.702852 0.000000 -0.035268 -0.902376 8873.456309 0.000000 2212 6328 1 0 1 
-1.047496 -0.745247 0.000000 -1.179937 -3.844768 8945.578378 0.000000 2212 6329 1 0 1 
-1.491462 -0.385444 0.000000 1.340013 -2.968123 8902.937179 0.000000 2212 6330 1 0 1 
0.976093 -0.035376 0.000000 -3.399484 2.698251 8868.985089 0.000000 2212 6331 1 0 1 
-1.297490 0.286304 0.000000 4.773554 0.335007 8874.248899 0.000000 2212 6332 1 0 1 
0.828972 -0.019144 0.000000 -1.736722 1.748910 8879.157415 0.000000 2212 6333 1 0 1 
2.356615 -1.270801 0.000000 -4.198829 2.725919 8869.661041 0.000000 2212 6334 1 0 1 
2.289672 -1.150716 0.000000 -3.656672 -2.526586 8895.062824 0.000000 2212 6335 1 0 1 
-1.000074 -1.308799 0.000000 -1.010271 -2.163199 8924.265331 0.000000 2212 6336 1 0 1 
-0.785680 1.601397 0.000000 0.960376 2.124096 8884.955134 0.000000 2212 6337 1 0 1 
1.214164 -0.907196 0.000000 -1.290441 -0.073673 8907.571590 0.000000 2212 6338 1 0 1 
0.655960 -1.762224 0.000000 -1.123545 -1.621671 8928.230362 0.000000 2212 6339 1 0 1 
2.950494 -0.091255 0.000000 -3.761064 1.466113 8862.733280 0.000000 2212 6340 1 0 1 
0.496399 -2.101531 0.000000 -0.971574 -6.045953 8921.974677 0.000000 2212 6341 1 0 1 
-0.067960 -0.002102 0.000000 -0.504815 -5.580648 8971.017245 0.000000 2212 6342 1 0 1 
1.406392 0.393819 0.000000 -0.674582 -2.000591 8874.421813 0.000000 2212 6343 1 0 1 
-0.891141 1.395432 0.000000 4.023779 -1.040839 8903.776155 0.000000 2212 6344 1 0 1 
1.060067 1.181099 0.000000 -1.003400 -2.263603 8904.387537 0.000000 2212 6345 1 0 1 
-0.027653 0.082700 0.000000 0.815076 -1.510644 8895.802019 0.000000 2212 6346 1 0 1 
1.601893 -0.551845 0.000000 -0.850852 0.104289 8918.356540 0.000000 2212 6347 1 0 1 
1.529525 0.112703 0.000000 -0.074089 -2.023512 8919.407692 0.000000 2212 6348 1 0 1 
-0.430708 -0.405490 0.000000 2.448542 2.320180 8888.054628 0.000000 2212 6349 1 0 1 
-3.227745 -1.013140 0.000000 4.862709 2.518361 8896.917840 0.000000 2212 6350 1 0 1 
0.964222 1.796744 0.000000 -1.208842 1.508087 8840.283322 0.000000 2212 6351 1 0 1 
-0.224867 0.787241 0.000000 2.731173 0.187340 8940.862685 0.000000 2212 6352 1 0 1 
1.199824 0.643604 0.000000 0.283837 -3.026728 8932.867666 0.000000 2212 6353 1 0 1 
0.622269 0.665620 0.000000 -0.743046 -0.082975 8907.839336 0.000000 2212 6354 1 0 1 
3.048828 0.349677 0.000000 -4.718726 -0.881681 8897.600654 0.000000 2212 6355 1 0 1 
1.104883 0.263386 0.000000 -2.377252 -2.928288 8904.376995 0.000000 2212 6356 1 0 1 
-0.482706 -1.054326 0.000000 -1.126286 -1.602871 8867.229375 0.000000 2212 6357 1 0 1 
1.419866 1.772078 0.000000 -1.024006 1.517337 8909.981573 0.000000 2212 6358 1 0 1 
3.023682 1.005735 0.000000 -4.589758 2.533241 8872.490927 0.000000 2212 6359 1 0 1 
0.844477 0.977202 0.000000 -2.423225 -2.046530 8878.137769 0.000000 2212 6360 1 0 1 
-2.627298 0.178407 0.000000 3.353407 3.950138 8844.600766 0.000000 2212 6361 1 0 1 
0.075505 1.879807 0.000000 -0.220514 0.037564 8905.147952 0.000000 2212 6362 1 0 1 
0.082449 2.091317 0.000000 -0.268614 3.013149 8839.259364 0.000000 2212 6363 1 0 1 
-1.708255 1.230007 0.000000 0.800412 5.860518 8822.499237 0.000000 2212 6364 1 0 1 
0.852864 -2.222216 0.000000 0.741025 0.221508 8950.759439 0.000000 2212 6365 1 0 1 
0.053060 -1.749562 0.000000 -0.672809 0.000244 8865.819232 0.000000 2212 6366 1 0 1 
0.600142 0.258177 0.000000 -1.707882 -0.336667 8902.008168 0.000000 2212 6367 1 0 1 
-1.348688 2.673789 0.000000 2.681361 0.054293 8921.181618 0.000000 2212 6368 1 0 1 
1.593868 0.621283 0.000000 -1.987222 -1.932704 8936.637454 0.000000 2212 6369 1 0 1 
-0.269089 -1.880546 0.000000 0.622020 -3.057434 8905.888133 0.000000 2212 6370 1 0 1 
1.451017 -0.389597 0.000000 -2.479041 -0.043257 8892.846950 0.000000 2212 6371 1 0 1 
1.383143 0.119027 0.000000 -0.673221 -1.061049 8926.673128 0.000000 2212 6372 1 0 1 
0.528427 0.144328 0.000000 -0.984296 1.370457 8884.206103 0.000000 2212 6373 1 0 1 
1.945269 1.052120 0.000000 -2.816422 1.812042 8857.237322 0.000000 2212 6374 1 0 1 
1.912593 0.086922 0.000000 -0.860769 2.482851 8905.770562 0.000000 2212 6375 1 0 1 
-1.104007 0.724455 0.000000 2.349824 2.631696 8862.161215 0.000000 2212 6376 1 0 1 
-4.064278 -0.299035 0.000000 6.931792 1.530300 8886.552110 0.000000 2212 6377 1 0 1 
0.259935 3.103722 0.000000 -0.391629 10.524504 8826.299657 0.000000 2212 6378 1 0 1 
1.383054 -0.871233 0.000000 -2.373356 -2.603175 8935.754472 0.000000 2212 6379 1 0 1 
-1.033947 1.394262 0.000000 4.547139 4.295087 8866.313952 0.000000 2212 6380 1 0 1 
-0.897048 0.365824 0.000000 1.325437 -1.486175 8915.572617 0.000000 2212 6381 1 0 1 
0.358234 1.311633 0.000000 -0.523599 3.288836 8872.334785 0.000000 2212 6382 1 0 1 
-0.827268 0.503014 0.000000 1.644449 0.078686 8878.391374 0.000000 2212 6383 1 0 1 
1.287890 -0.398810 0.000000 -1.244936 -2.570289 8897.452533 0.000000 2212 6384 1 0 1 
-1.991956 0.499486 0.000000 2.864127 -5.029274 8920.312819 0.000000 2212 6385 1 0 1 
-1.087816 -0.364844 0.000000 2.813966 -0.932436 8912.138444 0.000000 2212 6386 1 0 1 
0.184539 -1.238544 0.000000 -0.658326 -6.526288 8944.510391 0.000000 2212 6387 1 0 1 
0.808396 0.412669 0.000000 -2.097405 -1.896936 8910.512315 0.000000 2212 6388 1 0 1 
2.716685 -0.825858 0.000000 -7.246018 -0.922312 8881.402885 0.000000 2212 6389 1 0 1 
-2.986766 1.058992 0.000000 3.039078 -1.163108 8908.467894 0.000000 2212 6390 1 0 1 
0.884388 -1.274144 0.000000 -1.247337 -2.682094 8923.385185 0.000000 2212 6391 1 0 1 
0.481513 0.609419 0.000000 0.180685 -0.863101 8920.339563 0.000000 2212 6392 1 0 1 
1.951338 -0.596030 0.000000 -1.765629 -2.268595 8903.270367 0.000000 2212 6393 1 0 1 
-0.324870 -0.960255 0.000000 -1.253466 -2.288021 8906.292725 0.000000 2212 6394 1 0 1 
1.318733 -0.280808 0.000000 -1.771928 -5.498285 8919.750822 0.000000 2212 6395 1 0 1 
-1.100741 -1.917440 0.000000 3.139161 -2.956432 8928.979980 0.000000 2212 6396 1 0 1 
1.983485 -0.862292 0.000000 -1.887649 -5.700245 8937.649793 0.000000 2212 6397 1 0 1 
0.907016 -0.026235 0.000000 1.469448 -2.221983 8957.437120 0.000000 2212 6398 1 0 1 
2.131883 -1.757947 0.000000 -2.682300 -4.203634 8919.519413 0.000000 2212 6399 1 0 1 
-1.253869 -1.081048 0.000000 0.473086 -0.330372 8898.143145 0.000000 2212 6400 1 0 1 
2.371693 0.376254 0.000000 -3.619036 -0.944321 8934.022296 0.000000 2212 6401 1 0 1 
-1.097380 0.296697 0.000000 2.064517 1.711717 8899.878945 0.000000 2212 6402 1 0 1 
2.482637 2.501349 0.000000 -4.255516 -2.212199 8879.827994 0.000000 2212 6403 1 0 1 
0.621841 -2.425462 0.000000 -1.221048 0.764609 8897.725598 0.000000 2212 6404 1 0 1 
-1.479493 -1.102973 0.000000 4.485916 -2.606983 8906.731374 0.000000 2212 6405 1 0 1 
0.223776 -1.081036 0.000000 -0.018568 0.160976 8868.290822 0.000000 2212 6406 1 0 1 
0.162832 -1.217841 0.000000 1.632685 -4.113171 8886.420478 0.000000 2212 6407 1 0 1 
-2.682976 -1.805954 0.000000 5.534670 -3.787710 8922.912938 0.000000 2212 6408 1 0 1 
-1.190168 -1.111702 0.000000 3.316337 0.048639 8892.371439 0.000000 2212 6409 1 0 1 
0.265770 0.818622 0.000000 0.627019 3.660275 8843.559345 0.000000 2212 6410 1 0 1 
-1.625048 -0.204287 0.000000 4.477944 -2.662479 8893.617316 0.000000 2212 6411 1 0 1 
-0.136281 -0.896287 0.000000 1.462920 -0.512102 8877.766456 0.000000 2212 6412 1 0 1 
0.648186 1.415180 0.000000 -3.355427 3.265922 8865.698697 0.000000 2212 6413 1 0 1 
-1.470664 -1.121574 0.000000 0.094283 -3.797826 8897.537111 0.000000 2212 6414 1 0 1 
3.822939 -0.540078 0.000000 -3.266882 -2.892535 8941.283676 0.000000 2212 6415 1 0 1 
-1.862264 0.124339 0.000000 2.566930 -1.287326 8852.821212 0.000000 2212 6416 1 0 1 
-0.062594 1.018109 0.000000 1.434326 1.114344 8913.238083 0.000000 2212 6417 1 0 1 
-1.221980 0.632116 0.000000 1.420901 -1.528149 8879.170960 0.000000 2212 6418 1 0 1 
-1.097602 0.079903 0.000000 1.377581 -2.472037 8884.554747 0.000000 2212 6419 1 0 1 
2.879453 0.448674 0.000000 -3.453379 -0.129323 8878.250632 0.000000 2212 6420 1 0 1 
-0.096191 -0.403293 0.000000 0.705440 -3.055008 8921.644356 0.000000 2212 6421 1 0 1 
-2.603308 -2.088163 0.000000 3.258520 -0.029517 8883.966124 0.000000 2212 6422 1 0 1 
1.078332 0.913779 0.000000 -1.226709 -1.973239 8898.725022 0.000000 2212 6423 1 0 1 
-1.603165 -0.627678 0.000000 0.793725 2.766604 8854.236331 0.000000 2212 6424 1 0 1 
0.792392 -0.007309 0.000000 -2.670586 -5.085486 8929.399174 0.000000 2212 6425 1 0 1 
-0.249266 -0.896765 0.000000 -1.738838 1.877162 8860.608928 0.000000 2212 6426 1 0 1 
-2.557870 -0.627027 0.000000 3.260219 0.013673 8905.112547 0.000000 2212 6427 1 0 1 
1.847804 -0.394387 0.000000 -0.218528 1.103245 8889.189721 0.000000 2212 6428 1 0 1 
0.228383 -0.335942 0.000000 -0.630699 -1.168234 8945.181675 0.000000 2212 6429 1 0 1 
3.532894 -1.953597 0.000000 -6.709662 -5.555472 8917.999780 0.000000 2212 6430 1 0 1 
0.413721 -0.691885 0.000000 -1.176328 0.567425 8889.376580 0.000000 2212 6431 1 0 1 
0.974647 -0.055170 0.000000 0.744602 -0.944015 8894.687428 0.000000 2212 6432 1 0 1 
-1.207570 -0.294836 0.000000 1.867021 2.776700 8843.814845 0.000000 2212 6433 1 0 1 
0.805366 1.482147 0.000000 -2.580781 -1.470058 8911.316317 0.000000 2212 6434 1 0 1 
-2.871296 0.627011 0.000000 2.431705 -5.013924 8916.956502 0.000000 2212 6435 1 0 1 
1.033155 -0.040890 0.000000 -1.868281 0.717134 8857.826107 0.000000 2212 6436 1 0 1 
-3.886583 0.063406 0.000000 6.580989 -2.794793 8930.849588 0.000000 2212 6437 1 0 1 
1.422954 -0.549689 0.000000 -3.111371 -1.512565 8904.486153 0.000000 2212 6438 1 0 1 
-1.980129 -0.475818 0.000000 3.046201 1.797834 8844.086763 0.000000 2212 6439 1 0 1 
2.167206 0.153452 0.000000 -1.352347 1.356843 8909.192616 0.000000 2212 6440 1 0 1 
-2.326039 -0.975394 0.000000 1.311003 -1.684274 8912.808656 0.000000 2212 6441 1 0 1 
0.282074 3.092503 0.000000 -2.422017 5.957884 8829.680247 0.000000 2212 6442 1 0 1 
-1.235222 0.220524 0.000000 1.101772 2.093157 8832.039876 0.000000 2212 6443 1 0 1 
1.901538 1.195558 0.000000 -2.306300 -2.384166 8899.721721 0.000000 2212 6444 1 0 1 
1.343106 -0.627889 0.000000 -0.941498 -2.200515 8859.619484 0.000000 2212 6445 1 0 1 
0.357623 -1.720553 0.000000 0.956522 -1.395885 8897.527858 0.000000 2212 6446 1 0 1 
-0.400157 2.582888 0.000000 -3.029851 6.989863 8841.137235 0.000000 2212 6447 1 0 1 
2.468210 -0.422322 0.000000 -4.328141 1.614796 8906.783714 0.000000 2212 6448 1 0 1 
2.553822 1.473387 0.000000 -4.977536 3.020193 8878.928006 0.000000 2212 6449 1 0 1 
-1.428506 -0.378275 0.000000 3.554483 -1.470747 8918.084556 0.000000 2212 6450 1 0 1 
-1.740491 -0.146435 0.000000 5.343110 -4.039164 8963.685938 0.000000 2212 6451 1 0 1 
-0.779055 -0.222008 0.000000 2.790218 -3.980425 8932.850558 0.000000 2212 6452 1 0 1 
-2.753162 -1.288059 0.000000 3.518864 -0.873342 8912.138339 0.000000 2212 6453 1 0 1 
3.220068 2.143996 0.000000 -2.769440 3.324618 8861.568838 0.000000 2212 6454 1 0 1 
0.876792 -0.080793 0.000000 -3.836013 3.027941 8851.006670 0.000000 2212 6455 1 0 1 
1.926094 0.299558 0.000000 -2.984378 -1.055742 8887.501995 0.000000 2212 6456 1 0 1 
-1.991001 -0.554911 0.000000 0.313032 1.559289 8886.368657 0.000000 2212 6457 1 0 1 
3.036405 -0.584401 0.000000 -4.234620 -1.831019 8872.696801 0.000000 2212 6458 1 0 1 
-0.791844 -0.252119 0.000000 -0.392661 1.505515 8862.210768 0.000000 2212 6459 1 0 1 
-0.041850 2.205856 0.000000 -0.911980 0.947475 8909.038694 0.000000 2212 6460 1 0 1 
2.965272 0.156783 0.000000 -3.812435 2.756105 8876.224494 0.000000 2212 6461 1 0 1 
1.183616 1.526341 0.000000 -1.109981 0.364810 8931.450618 0.000000 2212 6462 1 0 1 
-2.741713 -1.212596 0.000000 1.604970 -4.412044 8887.539872 0.000000 2212 6463 1 0 1 
-1.535115 0.385737 0.000000 1.925711 -2.714544 8879.953113 0.000000 2212 6464 1 0 1 
-1.079911 -0.061972 0.000000 1.324436 -0.308133 8904.165392 0.000000 2212 6465 1 0 1 
0.814354 1.587456 0.000000 -2.805281 -3.067739 8948.144722 0.000000 2212 6466 1 0 1 
0.555454 -1.281481 0.000000 -1.144048 -3.289591 8915.200179 0.000000 2212 6467 1 0 1 
0.542465 -2.806273 0.000000 -1.023391 -2.826123 8906.095318 0.000000 2212 6468 1 0 1 
1.553270 -2.286211 0.000000 -1.615996 -5.670998 8943.141570 0.000000 2212 6469 1 0 1 
-1.588493 1.337983 0.000000 2.016860 0.486628 8876.308769 0.000000 2212 6470 1 0 1 
-0.850683 0.794584 0.000000 1.674434 2.350111 8886.189472 0.000000 2212 6471 1 0 1 
0.379740 0.550473 0.000000 1.568008 -4.995933 8964.543801 0.000000 2212 6472 1 0 1 
0.233945 -0.852517 0.000000 0.159454 0.232286 8902.506898 0.000000 2212 6473 1 0 1 
-1.427748 2.530035 0.000000 0.195789 5.573025 8865.682491 0.000000 2212 6474 1 0 1 
-1.749315 -0.999125 0.000000 1.200880 2.153739 8820.094551 0.000000 2212 6475 1 0 1 
1.085424 -2.370102 0.000000 -0.465409 -4.991098 8933.732102 0.000000 2212 6476 1 0 1 
-2.494623 1.021918 0.000000 3.218162 -1.539140 8895.500371 0.000000 2212 6477 1 0 1 
0.224358 0.679707 0.000000 1.271146 1.412219 8879.542404 0.000000 2212 6478 1 0 1 
0.056037 0.004309 0.000000 1.312992 -0.162088 8892.209232 0.000000 2212 6479 1 0 1 
-1.065326 -1.532193 0.000000 3.185031 -1.981302 8906.166302 0.000000 2212 6480 1 0 1 
-0.001614 0.796042 0.000000 -1.545940 5.906724 8852.564872 0.000000 2212 6481 1 0 1 
-0.995541 0.368004 0.000000 0.332871 -0.458191 8896.489168 0.000000 2212 6482 1 0 1 
-0.065627 -1.001991 0.000000 0.711519 -4.068907 8926.899206 0.000000 2212 6483 1 0 1 
1.668965 -0.345083 0.000000 -2.038127 1.083536 8900.645547 0.000000 2212 6484 1 0 1 
0.570903 0.216575 0.000000 -1.482140 -1.888336 8889.178419 0.000000 2212 6485 1 0 1 
0.072388 1.355322 0.000000 0.138676 1.316529 8889.410607 0.000000 2212 6486 1 0 1 
1.639908 -0.345115 0.000000 -2.675840 -0.842668 8854.755306 0.000000 2212 6487 1 0 1 
-1.108066 1.459862 0.000000 0.987700 -1.255557 8932.547482 0.000000 2212 6488 1 0 1 
-0.689940 0.872121 0.000000 1.122402 -0.679784 8858.369145 0.000000 2212 6489 1 0 1 
-1.455527 2.008820 0.000000 1.333132 2.806075 8869.548330 0.000000 2212 6490 1 0 1 
2.701916 1.569193 0.000000 -0.681623 1.168994 8865.743180 0.000000 2212 6491 1 0 1 
1.636728 2.204317 0.000000 -2.918145 3.381172 8819.797168 0.000000 2212 6492 1 0 1 
-4.302398 -0.946635 0.000000 3.774045 0.944955 8867.489636 0.000000 2212 6493 1 0 1 
-0.383362 -0.747418 0.000000 0.987034 -1.279829 8906.573944 0.000000 2212 6494 1 0 1 
-1.111472 -0.306015 0.000000 1.840533 1.106305 8856.049445 0.000000 2212 6495 1 0 1 
0.268747 0.705240 0.000000 0.612904 0.614693 8854.071929 0.000000 2212 6496 1 0 1 
-0.162319 2.334749 0.000000 -0.863417 1.164860 8893.220246 0.000000 2212 6497 1 0 1 
-2.083927 3.684370 0.000000 2.181516 6.019322 8821.951367 0.000000 2212 6498 1 0 1 
-2.735489 -1.654502 0.000000 3.282937 -2.656796 8892.050248 0.000000 2212 6499 1 0 1 
1.076246 0.593637 0.000000 -2.805855 3.134247 8881.261676 0.000000 2212 6500 1 0 1 
-3.119434 -2.897285 0.000000 5.611610 -3.084490 8951.091385 0.000000 2212 6501 1 0 1 
1.037653 -1.084515 0.000000 -1.641048 3.395331 8881.839481 0.000000 2212 6502 1 0 1 
-2.007440 -0.135541 0.000000 3.001299 -1.589956 8887.666302 0.000000 2212 6503 1 0 1 
-3.676022 -0.233539 0.000000 4.630013 -3.774648 8945.257546 0.000000 2212 6504 1 0 1 
-2.017516 -0.279818 0.000000 2.608060 -0.389095 8921.647376 0.000000 2212 6505 1 0 1 
-1.949642 0.928559 0.000000 4.979331 4.720872 8881.417199 0.000000 2212 6506 1 0 1 
0.122216 1.103707 0.000000 -0.954161 4.980127 8869.513381 0.000000 2212 6507 1 0 1 
1.928931 -1.235444 0.000000 -2.574429 -5.339240 8932.694566 0.000000 2212 6508 1 0 1 
0.507296 -2.797440 0.000000 -2.533165 -0.412703 8883.235068 0.000000 2212 6509 1 0 1 
4.161511 -0.693764 0.000000 -3.808423 -5.715910 8924.625118 0.000000 2212 6510 1 0 1 
-0.352110 0.758370 0.000000 -0.363177 2.000038 8882.400786 0.000000 2212 6511 1 0 1 
-0.071498 -1.497686 0.000000 -0.822799 -5.257338 8973.733147 0.000000 2212 6512 1 0 1 
-3.474485 -0.825341 0.000000 4.676733 -0.278584 8872.178699 0.000000 2212 6513 1 0 1 
0.194539 -1.489997 0.000000 2.352790 2.423864 8838.522285 0.000000 2212 6514 1 0 1 
0.918319 0.973742 0.000000 -0.916781 -0.862536 8920.153976 0.000000 2212 6515 1 0 1 
0.239704 1.336215 0.000000 -1.526005 6.052856 8845.241411 0.000000 2212 6516 1 0 1 
-0.495370 0.987454 0.000000 3.881186 -3.672409 8927.514379 0.000000 2212 6517 1 0 1 
-0.860160 0.035987 0.000000 0.428380 0.703894 8859.126282 0.000000 2212 6518 1 0 1 
-3.536857 0.155178 0.000000 2.704215 1.367096 8856.179102 0.000000 2212 6519 1 0 1 
-0.588448 -0.056490 0.000000 1.974479 -0.437142 8870.688110 0.000000 2212 6520 1 0 1 
-0.799130 0.763248 0.000000 1.010522 4.282919 8866.098006 0.000000 2212 6521 1 0 1 
-1.446027 2.391265 0.000000 0.580218 5.031676 8841.757241 0.000000 2212 6522 1 0 1 
1.140626 1.251554 0.000000 -0.333817 -2.942582 8892.021482 0.000000 2212 6523 1 0 1 
-2.127634 2.602866 0.000000 1.976069 6.217185 8860.587217 0.000000 2212 6524 1 0 1 
-2.811325 -2.444482 0.000000 3.730940 0.040236 8868.730585 0.000000 2212 6525 1 0 1 
-1.645176 -1.224199 0.000000 2.754324 -0.798159 8857.949538 0.000000 2212 6526 1 0 1 
1.725446 -2.452124 0.000000 -1.489621 0.715207 8879.262186 0.000000 2212 6527 1 0 1 
1.062800 0.072759 0.000000 -1.106899 -2.195853 8883.507378 0.000000 2212 6528 1 0 1 
-0.743772 0.890620 0.000000 2.278788 1.785675 8870.177696 0.000000 2212 6529 1 0 1 
2.407044 -1.475319 0.000000 -2.256883 -4.365437 8895.966004 0.000000 2212 6530 1 0 1 
0.624688 -2.020694 0.000000 -2.234036 -1.668578 8925.947993 0.000000 2212 6531 1 0 1 
2.014581 0.250083 0.000000 -3.093334 0.962279 8866.215697 0.000000 2212 6532 1 0 1 
1.401879 -0.040172 0.000000 -1.521993 0.020899 8928.800664 0.000000 2212 6533 1 0 1 
-1.509025 0.495940 0.000000 0.336695 3.244074 8844.594752 0.000000 2212 6534 1 0 1 
-0.744490 -1.070582 0.000000 3.269014 -5.563168 8958.759549 0.000000 2212 6535 1 0 1 
-3.563174 0.078034 0.000000 4.094610 0.720510 8856.929616 0.000000 2212 6536 1 0 1 
0.301270 0.324613 0.000000 -3.639511 1.279688 8881.134951 0.000000 2212 6537 1 0 1 
1.070556 1.194474 0.000000 0.568127 1.663900 8903.754529 0.000000 2212 6538 1 0 1 
-0.666901 -0.379503 0.000000 -0.168130 -0.354900 8895.259296 0.000000 2212 6539 1 0 1 
3.355435 1.027833 0.000000 -3.393305 0.105750 8868.900544 0.000000 2212 6540 1 0 1 
1.689318 2.014641 0.000000 -2.401540 0.593689 8893.912724 0.000000 2212 6541 1 0 1 
0.519593 -0.327702 0.000000 -1.868937 -1.699971 8932.282872 0.000000 2212 6542 1 0 1 
-2.584189 -2.085240 0.000000 4.271743 -5.837971 8949.686563 0.000000 2212 6543 1 0 1 
-0.220540 1.607018 0.000000 0.797597 -0.175080 8905.075139 0.000000 2212 6544 1 0 1 
3.681756 0.353407 0.000000 -2.716387 -2.118074 8888.147126 0.000000 2212 6545 1 0 1 
-0.470067 0.860717 0.000000 -2.372247 1.320275 8894.514562 0.000000 2212 6546 1 0 1 
1.749106 0.419896 0.000000 -4.777988 3.932532 8846.378225 0.000000 2212 6547 1 0 1 
-1.547413 -1.321105 0.000000 1.796635 -2.349477 8908.654645 0.000000 2212 6548 1 0 1 
-0.583365 -0.000361 0.000000 -0.497577 2.945045 8875.287545 0.000000 2212 6549 1 0 1 
-0.032061 -1.846732 0.000000 -0.693165 -3.289613 8881.265998 0.000000 2212 6550 1 0 1 
0.075924 -0.058834 0.000000 -0.756231 -0.663637 8897.834823 0.000000 2212 6551 1 0 1 
0.273026 -0.115908 0.000000 -1.732526 0.648087 8864.889127 0.000000 2212 6552 1 0 1 
2.930034 1.551055 0.000000 -5.136323 5.006463 8840.255973 0.000000 2212 6553 1 0 1 
3.364931 3.035742 0.000000 -6.449459 7.287866 8822.401954 0.000000 2212 6554 1 0 1 
0.941366 -2.381674 0.000000 -0.724521 -4.526707 8894.210248 0.000000 2212 6555 1 0 1 
-1.094491 -0.896152 0.000000 1.723421 -1.341632 8877.448452 0.000000 2212 6556 1 0 1 
1.967258 -0.258999 0.000000 -0.629945 2.091895 8849.257214 0.000000 2212 6557 1 0 1 
1.730054 -0.127609 0.000000 -1.403058 -0.384911 8899.975699 0.000000 2212 6558 1 0 1 
1.147094 1.808562 0.000000 -4.024769 3.181496 8883.672023 0.000000 2212 6559 1 0 1 
1.897837 0.831732 0.000000 -4.851869 1.280195 8885.537922 0.000000 2212 6560 1 0 1 
1.762300 -1.789534 0.000000 -4.213147 1.045182 8901.664538 0.000000 2212 6561 1 0 1 
2.410573 -1.332110 0.000000 -3.007271 1.376214 8887.274951 0.000000 2212 6562 1 0 1 
-0.713675 0.138874 0.000000 0.874820 0.759144 8852.772360 0.000000 2212 6563 1 0 1 
2.009097 -0.960803 0.000000 -2.951786 -0.121048 8888.996137 0.000000 2212 6564 1 0 1 
-0.250492 1.562413 0.000000 2.390780 -4.312200 8898.430386 0.000000 2212 6565 1 0 1 
1.414961 -0.336866 0.000000 -2.989175 6.031099 8824.457603 0.000000 2212 6566 1 0 1 
0.569614 -1.109283 0.000000 -0.644534 2.803525 8871.499302 0.000000 2212 6567 1 0 1 
-2.795771 -1.192112 0.000000 3.107666 3.964452 8810.855761 0.000000 2212 6568 1 0 1 
-0.725524 0.035805 0.000000 -1.090058 -0.874949 8937.787261 0.000000 2212 6569 1 0 1 
0.103336 0.622688 0.000000 -1.072559 3.861308 8853.753384 0.000000 2212 6570 1 0 1 
-0.500636 1.680822 0.000000 3.542325 5.873839 8860.905382 0.000000 2212 6571 1 0 1 
-1.277639 -0.441697 0.000000 3.512229 -0.987224 8880.214574 0.000000 2212 6572 1 0 1 
0.367977 -0.673372 0.000000 -0.365807 -0.344728 8874.996565 0.000000 2212 6573 1 0 1 
0.298552 -0.296748 0.000000 -1.843025 0.758579 8847.971279 0.000000 2212 6574 1 0 1 
-0.140180 -1.473211 0.000000 1.479783 -0.642592 8835.287218 0.000000 2212 6575 1 0 1 
-0.249807 -0.871540 0.000000 0.062494 -2.605471 8903.078868 0.000000 2212 6576 1 0 1 
-0.309466 -0.437056 0.000000 -1.024778 -3.624860 8915.523058 0.000000 2212 6577 1 0 1 
0.684562 0.178739 0.000000 -1.622118 -0.500773 8878.383020 0.000000 2212 6578 1 0 1 
-0.664806 1.164465 0.000000 0.994512 -0.075604 8921.032556 0.000000 2212 6579 1 0 1 
-2.098558 -0.318480 0.000000 2.899831 1.048145 8908.468698 0.000000 2212 6580 1 0 1 
-1.493383 -0.281085 0.000000 3.983693 0.796749 8887.439924 0.000000 2212 6581 1 0 1 
-1.947233 1.806888 0.000000 -0.677392 4.591904 8888.440947 0.000000 2212 6582 1 0 1 
1.947251 -0.231089 0.000000 -1.587740 -0.630130 8883.848997 0.000000 2212 6583 1 0 1 
1.911249 -0.653353 0.000000 -2.575430 1.514829 8869.731968 0.000000 2212 6584 1 0 1 
1.910319 0.132546 0.000000 -0.616322 -1.473237 8913.440322 0.000000 2212 6585 1 0 1 
1.062090 0.785067 0.000000 0.106771 -1.890321 8895.859034 0.000000 2212 6586 1 0 1 
-1.412974 0.556785 0.000000 0.289769 1.492522 8894.792576 0.000000 2212 6587 1 0 1 
-0.503124 -0.307480 0.000000 2.094082 -2.975315 8930.552593 0.000000 2212 6588 1 0 1 
1.331251 0.774945 0.000000 -0.270545 4.267812 8881.509595 0.000000 2212 6589 1 0 1 
-0.474711 -1.558400 0.000000 0.828495 -0.527951 8894.949148 0.000000 2212 6590 1 0 1 
1.594558 -0.490234 0.000000 -2.943759 -5.319814 8918.849494 0.000000 2212 6591 1 0 1 
2.726910 -2.134846 0.000000 -1.779654 -7.904645 8951.476928 0.000000 2212 6592 1 0 1 
-0.500776 -0.604760 0.000000 -0.960497 -2.748472 8921.544233 0.000000 2212 6593 1 0 1 
-0.679919 -0.384216 0.000000 0.292230 0.683364 8890.375805 0.000000 2212 6594 1 0 1 
-0.427902 -1.037574 0.000000 0.058239 -0.187453 8887.950141 0.000000 2212 6595 1 0 1 
-0.915958 -1.335116 0.000000 0.920292 -2.805181 8945.784421 0.000000 2212 6596 1 0 1 
1.688732 -0.027780 0.000000 -2.745806 0.273591 8889.101415 0.000000 2212 6597 1 0 1 
-2.033178 0.710532 0.000000 1.420567 1.077424 8901.795697 0.000000 2212 6598 1 0 1 
-1.108445 1.416882 0.000000 3.334579 4.864374 8868.873781 0.000000 2212 6599 1 0 1 
-0.902808 1.344313 0.000000 0.042535 1.941677 8883.676451 0.000000 2212 6600 1 0 1 
-0.366190 0.115098 0.000000 0.039230 1.473092 8833.639057 0.000000 2212 6601 1 0 1 
-1.728496 -0.331022 0.000000 3.664538 2.249262 8885.395531 0.000000 2212 6602 1 0 1 
0.192858 -0.882835 0.000000 -0.163639 3.010858 8846.281522 0.000000 2212 6603 1 0 1 
0.541855 1.576866 0.000000 1.014061 4.933630 8885.770415 0.000000 2212 6604 1 0 1 
2.508740 0.467620 0.000000 -2.476278 2.744060 8849.295586 0.000000 2212 6605 1 0 1 
-0.595741 -1.741291 0.000000 3.278925 -2.295407 8912.781040 0.000000 2212 6606 1 0 1 
-2.236542 -1.438820 0.000000 3.471609 4.288627 8832.016792 0.000000 2212 6607 1 0 1 
1.302286 -0.146213 0.000000 0.688867 -1.870950 8928.994239 0.000000 2212 6608 1 0 1 
0.722938 -1.283092 0.000000 -1.823345 -1.423714 8876.749934 0.000000 2212 6609 1 0 1 
2.876936 -0.268959 0.000000 -5.492113 -1.928962 8901.926178 0.000000 2212 6610 1 0 1 
-1.611511 -0.007503 0.000000 1.372117 1.858276 8895.092360 0.000000 2212 6611 1 0 1 
0.451467 0.759643 0.000000 -0.225386 1.619162 8858.176136 0.000000 2212 6612 1 0 1 
2.044384 -0.166868 0.000000 -4.346926 2.433828 8862.333459 0.000000 2212 6613 1 0 1 
-1.023761 -0.181965 0.000000 1.625960 -0.682185 8905.417090 0.000000 2212 6614 1 0 1 
-0.057601 0.339301 0.000000 -0.852448 -2.905834 8930.764234 0.000000 2212 6615 1 0 1 
3.154038 0.105431 0.000000 -3.710053 -5.453596 8938.383651 0.000000 2212 6616 1 0 1 
0.833645 1.335422 0.000000 -1.466741 -2.712147 8915.892635 0.000000 2212 6617 1 0 1 
-0.528818 0.462466 0.000000 1.197081 1.345783 8920.471804 0.000000 2212 6618 1 0 1 
0.084541 -0.473274 0.000000 0.751818 -2.287568 8904.568249 0.000000 2212 6619 1 0 1 
2.707641 -0.567707 0.000000 -3.788942 2.030041 8870.430423 0.000000 2212 6620 1 0 1 
-2.643798 2.921534 0.000000 4.428988 4.490406 8862.522507 0.000000 2212 6621 1 0 1 
-0.449058 -1.178220 0.000000 0.242185 -5.440818 8935.516890 0.000000 2212 6622 1 0 1 
-0.021685 0.701065 0.000000 -1.316462 1.305532 8888.272419 0.000000 2212 6623 1 0 1 
-3.616837 -0.521384 0.000000 5.614525 -1.246183 8915.445496 0.000000 2212 6624 1 0 1 
0.276840 0.948047 0.000000 -0.888308 2.138270 8875.431587 0.000000 2212 6625 1 0 1 
0.324163 -0.900360 0.000000 1.233723 -3.286151 8903.113112 0.000000 2212 6626 1 0 1 
-2.663696 1.002033 0.000000 4.109140 0.217484 8866.482274 0.000000 2212 6627 1 0 1 
1.313434 -0.039547 0.000000 -2.130089 2.517641 8842.135084 0.000000 2212 6628 1 0 1 
0.401334 0.478516 0.000000 -1.595977 2.977321 8851.149066 0.000000 2212 6629 1 0 1 
-0.441750 1.029716 0.000000 -0.005827 1.687811 8861.970312 0.000000 2212 6630 1 0 1 
1.053986 2.680897 0.000000 -3.216272 1.003687 8861.847087 0.000000 2212 6631 1 0 1 
0.865631 1.180383 0.000000 -1.092330 4.080773 8852.479001 0.000000 2212 6632 1 0 1 
0.884252 0.589881 0.000000 -0.368794 0.962493 8874.129725 0.000000 2212 6633 1 0 1 
-0.386217 1.125574 0.000000 1.858638 -0.366160 8900.848827 0.000000 2212 6634 1 0 1 
-0.036733 -0.298287 0.000000 -2.675832 -1.530035 8889.344845 0.000000 2212 6635 1 0 1 
0.567125 0.127107 0.000000 -2.036239 3.566408 8843.868330 0.000000 2212 6636 1 0 1 
-2.323541 -0.314310 0.000000 3.839731 -2.993068 8899.476508 0.000000 2212 6637 1 0 1 
-1.150924 -0.339243 0.000000 3.373779 3.852303 8836.876787 0.000000 2212 6638 1 0 1 
-0.721037 0.840312 0.000000 -2.790621 5.230820 8829.562851 0.000000 2212 6639 1 0 1 
-1.754435 -0.138277 0.000000 3.308054 1.395253 8846.331236 0.000000 2212 6640 1 0 1 
1.739235 1.515259 0.000000 -4.141322 1.580348 8882.421722 0.000000 2212 6641 1 0 1 
2.214592 1.780851 0.000000 -1.602444 -1.189452 8911.269418 0.000000 2212 6642 1 0 1 
0.297920 -0.610242 0.000000 -0.717824 -3.083196 8896.951249 0.000000 2212 6643 1 0 1 
-1.445624 0.937720 0.000000 2.718536 2.539912 8907.928102 0.000000 2212 6644 1 0 1 
-0.799916 2.536464 0.000000 1.600444 4.447972 8893.138052 0.000000 2212 6645 1 0 1 
-0.428185 0.024394 0.000000 -1.036673 3.187961 8895.542718 0.000000 2212 6646 1 0 1 
1.750601 1.528793 0.000000 -1.658478 5.824767 8888.367120 0.000000 2212 6647 1 0 1 
-1.728198 1.106261 0.000000 0.970990 4.150896 8847.387129 0.000000 2212 6648 1 0 1 
0.565606 0.769356 0.000000 -0.399407 -0.940887 8858.495044 0.000000 2212 6649 1 0 1 
1.708748 0.659887 0.000000 -2.131562 -3.176417 8897.834132 0.000000 2212 6650 1 0 1 
0.507648 -1.517923 0.000000 -2.179871 -3.258239 8924.492600 0.000000 2212 6651 1 0 1 
-1.480792 -1.206066 0.000000 4.295918 0.015775 8925.410757 0.000000 2212 6652 1 0 1 
-3.944806 2.581733 0.000000 6.997424 7.406234 8863.502209 0.000000 2212 6653 1 0 1 
-0.498383 1.228336 0.000000 1.692012 -0.376199 8929.080590 0.000000 2212 6654 1 0 1 
-5.021527 0.872086 0.000000 6.746749 -1.222566 8903.478967 0.000000 2212 6655 1 0 1 
1.713749 0.371724 0.000000 -2.056434 -0.179602 8858.277274 0.000000 2212 6656 1 0 1 
2.504056 -1.759921 0.000000 -2.698604 -2.970191 8890.652785 0.000000 2212 6657 1 0 1 
1.725819 -1.752409 0.000000 -1.707471 2.979376 8879.903806 0.000000 2212 6658 1 0 1 
-2.629554 -1.290456 0.000000 4.294637 3.291258 8891.720568 0.000000 2212 6659 1 0 1 
0.963134 -0.822405 0.000000 -4.187381 -1.486921 8910.371149 0.000000 2212 6660 1 0 1 
-0.545765 -0.072806 0.000000 1.183310 0.775074 8887.120583 0.000000 2212 6661 1 0 1 
-2.118337 0.051818 0.000000 3.261488 -2.442651 8887.552845 0.000000 2212 6662 1 0 1 
-0.266474 0.035726 0.000000 -0.901665 -6.011086 8914.971120 0.000000 2212 6663 1 0 1 
-1.392185 -1.087814 0.000000 1.413523 -4.098654 8882.918516 0.000000 2212 6664 1 0 1 
2.086327 0.913382 0.000000 -3.063263 1.078023 8916.170283 0.000000 2212 6665 1 0 1 
-1.242299 -0.821447 0.000000 0.749535 -0.757124 8914.711181 0.000000 2212 6666 1 0 1 
-3.612012 0.406125 0.000000 5.418839 0.652843 8894.025393 0.000000 2212 6667 1 0 1 
0.443700 1.870140 0.000000 2.039594 4.557208 8856.028359 0.000000 2212 6668 1 0 1 
-0.800510 1.677977 0.000000 2.304801 3.860275 8845.243685 0.000000 2212 6669 1 0 1 
1.904134 -0.889862 0.000000 -6.080938 -5.929626 8955.275369 0.000000 2212 6670 1 0 1 
1.081634 -0.222624 0.000000 -1.707135 -1.566837 8870.336553 0.000000 2212 6671 1 0 1 
2.259336 -2.272395 0.000000 -3.245977 -3.158264 8865.187525 0.000000 2212 6672 1 0 1 
0.405747 0.905184 0.000000 -2.145457 0.058074 8866.733033 0.000000 2212 6673 1 0 1 
0.165246 -1.803461 0.000000 -0.631076 -1.556153 8909.351658 0.000000 2212 6674 1 0 1 
0.313722 -1.512435 0.000000 0.269818 -5.682304 8941.656300 0.000000 2212 6675 1 0 1 
0.161960 0.719518 0.000000 -2.788359 1.392904 8888.930857 0.000000 2212 6676 1 0 1 
-1.093506 0.385440 0.000000 -0.703291 -0.012311 8879.112976 0.000000 2212 6677 1 0 1 
0.275445 -0.338586 0.000000 -0.022279 0.892364 8874.813500 0.000000 2212 6678 1 0 1 
0.507663 0.452119 0.000000 0.107891 -0.807662 8894.693381 0.000000 2212 6679 1 0 1 
-1.362620 -0.050258 0.000000 2.798816 3.163221 8884.296268 0.000000 2212 6680 1 0 1 
2.471061 -0.934440 0.000000 -3.762624 1.927191 8871.235459 0.000000 2212 6681 1 0 1 
0.775713 1.962373 0.000000 -2.421994 7.267442 8811.142154 0.000000 2212 6682 1 0 1 
-0.572865 -0.676579 0.000000 3.186355 -3.115192 8890.912037 0.000000 2212 6683 1 0 1 
-1.279417 -1.495114 0.000000 4.591621 -5.394363 8902.296275 0.000000 2212 6684 1 0 1 
0.286386 -0.739750 0.000000 -2.520912 -4.575426 8933.336083 0.000000 2212 6685 1 0 1 
-0.421500 0.576244 0.000000 0.256599 3.097023 8881.421150 0.000000 2212 6686 1 0 1 
-1.366192 -0.134340 0.000000 1.758345 -0.186990 8868.766478 0.000000 2212 6687 1 0 1 
1.004524 -0.642330 0.000000 -1.288840 3.742486 8875.775979 0.000000 2212 6688 1 0 1 
-0.473787 1.651487 0.000000 2.189912 1.441161 8902.758822 0.000000 2212 6689 1 0 1 
-4.111413 -2.763123 0.000000 8.578336 -3.600923 8932.538701 0.000000 2212 6690 1 0 1 
-0.388544 -0.963968 0.000000 3.342891 3.900195 8894.819266 0.000000 2212 6691 1 0 1 
-4.461771 0.519929 0.000000 6.204995 1.874843 8881.081603 0.000000 2212 6692 1 0 1 
-0.315054 1.563224 0.000000 -1.019337 0.179187 8915.614291 0.000000 2212 6693 1 0 1 
1.902848 -0.295774 0.000000 -2.294918 -3.459340 8907.419919 0.000000 2212 6694 1 0 1 
0.810881 1.957826 0.000000 -1.443654 2.497479 8871.513298 0.000000 2212 6695 1 0 1 
-0.599816 -2.118136 0.000000 2.116532 -4.754734 8914.340864 0.000000 2212 6696 1 0 1 
0.309795 -1.887423 0.000000 -3.218171 -3.199319 8879.658887 0.000000 2212 6697 1 0 1 
-1.272165 -0.603157 0.000000 1.280824 0.054051 8845.606550 0.000000 2212 6698 1 0 1 
-0.046354 -0.921511 0.000000 2.502776 -4.728581 8932.227197 0.000000 2212 6699 1 0 1 
-2.510271 -0.215952 0.000000 1.710209 -0.349303 8912.881481 0.000000 2212 6700 1 0 1 
-1.446447 -1.088203 0.000000 2.073350 -2.454918 8940.110682 0.000000 2212 6701 1 0 1 
-0.118397 -1.565534 0.000000 0.855471 -4.510275 8935.131475 0.000000 2212 6702 1 0 1 
-0.620080 0.647181 0.000000 -0.192701 -3.094102 8944.935855 0.000000 2212 6703 1 0 1 
-0.346751 -1.488673 0.000000 1.440507 -0.499781 8810.487304 0.000000 2212 6704 1 0 1 
0.631205 0.981833 0.000000 -0.719374 -0.905277 8926.390415 0.000000 2212 6705 1 0 1 
2.013294 -0.058116 0.000000 -0.601578 -2.002618 8926.745456 0.000000 2212 6706 1 0 1 
-0.650745 1.352066 0.000000 2.489221 1.693324 8918.147998 0.000000 2212 6707 1 0 1 
-0.188905 -0.207763 0.000000 -0.017070 0.497899 8885.875305 0.000000 2212 6708 1 0 1 
2.777092 0.814539 0.000000 -5.420779 2.077631 8874.478592 0.000000 2212 6709 1 0 1 
-0.384066 -0.130905 0.000000 2.464813 2.663179 8883.920844 0.000000 2212 6710 1 0 1 
0.878582 0.064755 0.000000 -0.655548 -3.952894 8965.147116 0.000000 2212 6711 1 0 1 
-2.702510 1.821707 0.000000 4.014846 6.203231 8869.688328 0.000000 2212 6712 1 0 1 
2.294020 -2.466516 0.000000 -4.002431 -4.996984 8895.284641 0.000000 2212 6713 1 0 1 
1.027390 -0.139444 0.000000 -3.649479 -4.016834 8897.560624 0.000000 2212 6714 1 0 1 
-2.020762 -0.776861 0.000000 2.597624 -2.647617 8909.078473 0.000000 2212 6715 1 0 1 
-0.520851 1.334929 0.000000 1.574274 -1.722301 8939.265142 0.000000 2212 6716 1 0 1 
-1.719827 -1.379527 0.000000 3.254188 -2.635998 8886.437096 0.000000 2212 6717 1 0 1 
-1.667396 0.209375 0.000000 3.606211 0.895645 8904.097483 0.000000 2212 6718 1 0 1 
0.895603 0.471715 0.000000 0.018805 0.874891 8934.635419 0.000000 2212 6719 1 0 1 
1.162330 -0.570662 0.000000 -1.094400 -6.150928 8947.418065 0.000000 2212 6720 1 0 1 
-0.575701 0.309494 0.000000 0.224117 0.815676 8855.511103 0.000000 2212 6721 1 0 1 
1.529606 0.579377 0.000000 -1.989041 -3.541788 8971.137181 0.000000 2212 6722 1 0 1 
0.631665 -0.269905 0.000000 -1.707342 0.504013 8873.970471 0.000000 2212 6723 1 0 1 
-2.923248 1.699757 0.000000 2.325380 -0.013752 8878.390529 0.000000 2212 6724 1 0 1 
0.193368 -1.854421 0.000000 0.633797 -1.452256 8884.183065 0.000000 2212 6725 1 0 1 
-1.390513 2.155788 0.000000 2.303757 3.426484 8840.164383 0.000000 2212 6726 1 0 1 
-1.259407 -1.795991 0.000000 2.614311 -5.858658 8971.419839 0.000000 2212 6727 1 0 1 
-1.452067 -0.014273 0.000000 2.302938 2.810158 8874.211364 0.000000 2212 6728 1 0 1 
-2.140249 0.547819 0.000000 3.005610 -0.607243 8896.433125 0.000000 2212 6729 1 0 1 
-0.044518 -0.991336 0.000000 0.051872 -3.969734 8931.797387 0.000000 2212 6730 1 0 1 
-0.530210 -0.470282 0.000000 0.222109 -3.769185 8925.555849 0.000000 2212 6731 1 0 1 
-2.114255 0.949794 0.000000 2.930113 7.692794 8827.354741 0.000000 2212 6732 1 0 1 
1.273408 1.968545 0.000000 -0.782190 -0.387589 8894.858235 0.000000 2212 6733 1 0 1 
-0.794949 2.770561 0.000000 0.789381 4.150665 8812.939768 0.000000 2212 6734 1 0 1 
0.850807 0.711161 0.000000 -3.201816 -1.396431 8884.503897 0.000000 2212 6735 1 0 1 
-0.114845 -0.834048 0.000000 2.001390 -1.957282 8932.535654 0.000000 2212 6736 1 0 1 
3.476533 -0.250235 0.000000 -6.356571 -4.032971 8932.325576 0.000000 2212 6737 1 0 1 
0.099733 2.959127 0.000000 -1.334822 7.989101 8803.420856 0.000000 2212 6738 1 0 1 
-1.519073 0.010124 0.000000 0.900579 0.508182 8859.801585 0.000000 2212 6739 1 0 1 
-0.119369 0.515887 0.000000 -0.895318 3.705208 8878.376788 0.000000 2212 6740 1 0 1 
-1.089024 1.746588 0.000000 1.231706 4.346496 8846.625802 0.000000 2212 6741 1 0 1 
-0.484964 -0.627385 0.000000 0.389282 -2.523474 8883.776918 0.000000 2212 6742 1 0 1 
-1.619223 1.572442 0.000000 1.233919 3.516664 8860.771081 0.000000 2212 6743 1 0 1 
-1.072081 -0.676763 0.000000 3.573266 1.228777 8870.028932 0.000000 2212 6744 1 0 1 
0.514736 -1.686304 0.000000 -1.886533 -0.135441 8907.913471 0.000000 2212 6745 1 0 1 
-2.325439 2.731946 0.000000 4.881727 4.545320 8847.121279 0.000000 2212 6746 1 0 1 
1.561227 0.971150 0.000000 0.628557 1.461905 8885.775285 0.000000 2212 6747 1 0 1 
-0.696516 0.858106 0.000000 -0.293877 0.269847 8866.749534 0.000000 2212 6748 1 0 1 
1.453760 -2.447194 0.000000 -0.852688 -3.334125 8919.168818 0.000000 2212 6749 1 0 1 
-0.866892 -0.363938 0.000000 1.576215 1.685150 8882.589942 0.000000 2212 6750 1 0 1 
-1.380287 -0.535194 0.000000 1.216569 -2.650255 8912.445850 0.000000 2212 6751 1 0 1 
1.439265 -1.345629 0.000000 -0.850633 2.705724 8833.692256 0.000000 2212 6752 1 0 1 
0.594920 -0.183115 0.000000 0.427637 1.487082 8902.867525 0.000000 2212 6753 1 0 1 
-1.677831 0.100748 0.000000 1.634313 -1.963394 8895.826177 0.000000 2212 6754 1 0 1 
2.072086 -1.263466 0.000000 -2.466523 1.977567 8850.351258 0.000000 2212 6755 1 0 1 
0.364614 0.032574 0.000000 -1.544790 4.639588 8826.425558 0.000000 2212 6756 1 0 1 
1.627905 0.266379 0.000000 -0.932354 -0.635184 8899.768353 0.000000 2212 6757 1 0 1 
1.366260 -0.741800 0.000000 -2.158904 0.719670 8874.823799 0.000000 2212 6758 1 0 1 
-0.377604 0.159240 0.000000 1.436018 -1.112918 8901.567770 0.000000 2212 6759 1 0 1 
0.637746 1.405580 0.000000 -0.929852 0.641213 8896.289140 0.000000 2212 6760 1 0 1 
1.314263 0.755085 0.000000 -3.786441 -1.020810 8880.788181 0.000000 2212 6761 1 0 1 
1.491907 -1.776937 0.000000 -0.573066 -1.198866 8890.532604 0.000000 2212 6762 1 0 1 
0.666702 1.418557 0.000000 -0.096832 6.082993 8867.613689 0.000000 2212 6763 1 0 1 
1.856130 -0.578849 0.000000 -2.438581 -1.193240 8913.821310 0.000000 2212 6764 1 0 1 
-1.117692 0.759452 0.000000 1.691661 -1.022524 8881.534139 0.000000 2212 6765 1 0 1 
-0.359652 -1.703472 0.000000 0.037941 -5.630868 8896.570266 0.000000 2212 6766 1 0 1 
-0.224041 -0.097300 0.000000 -2.344823 1.052847 8914.248484 0.000000 2212 6767 1 0 1 
-1.031285 1.375391 0.000000 3.065099 5.365500 8854.240948 0.000000 2212 6768 1 0 1 
0.636326 1.990544 0.000000 0.045084 -0.338285 8884.303640 0.000000 2212 6769 1 0 1 
0.967061 -1.064784 0.000000 -1.953095 2.078236 8830.718883 0.000000 2212 6770 1 0 1 
0.015084 0.542501 0.000000 -1.286241 0.291373 8862.624231 0.000000 2212 6771 1 0 1 
0.980752 -1.461908 0.000000 -4.275442 -1.952880 8902.026466 0.000000 2212 6772 1 0 1 
-1.645634 -2.081129 0.000000 2.202620 -5.442778 8939.873032 0.000000 2212 6773 1 0 1 
0.360743 1.957192 0.000000 -0.897149 2.189178 8883.616195 0.000000 2212 6774 1 0 1 
1.715487 0.892330 0.000000 0.113003 2.761467 8877.650476 0.000000 2212 6775 1 0 1 
-0.903306 0.179295 0.000000 3.197825 0.789765 8882.358978 0.000000 2212 6776 1 0 1 
0.610176 0.503767 0.000000 -1.055532 0.822100 8847.285594 0.000000 2212 6777 1 0 1 
-2.701876 0.402644 0.000000 3.271278 -1.600487 8910.046278 0.000000 2212 6778 1 0 1 
2.086286 -2.464037 0.000000 -3.836757 -4.589854 8922.310818 0.000000 2212 6779 1 0 1 
-3.475976 2.628350 0.000000 4.105978 4.282656 8883.267606 0.000000 2212 6780 1 0 1 
0.418964 -0.588254 0.000000 -0.581381 4.828724 8880.955670 0.000000 2212 6781 1 0 1 
0.912283 0.171023 0.000000 -0.530585 -3.714638 8914.614242 0.000000 2212 6782 1 0 1 
-0.063319 -1.836387 0.000000 -0.620326 -3.973564 8916.272227 0.000000 2212 6783 1 0 1 
0.603087 -0.281881 0.000000 -1.835029 1.017065 8897.210668 0.000000 2212 6784 1 0 1 
1.064343 0.815309 0.000000 -2.289057 -1.980261 8920.756759 0.000000 2212 6785 1 0 1 
0.111003 3.101392 0.000000 -0.301068 7.201545 8804.918613 0.000000 2212 6786 1 0 1 
1.277200 1.281707 0.000000 -2.141644 4.513281 8848.093797 0.000000 2212 6787 1 0 1 
0.445458 0.729722 0.000000 -0.178185 -0.133143 8892.217188 0.000000 2212 6788 1 0 1 
-2.291340 -0.734871 0.000000 3.058494 0.309185 8865.550972 0.000000 2212 6789 1 0 1 
-1.758956 0.549009 0.000000 3.823138 0.844909 8885.348535 0.000000 2212 6790 1 0 1 
2.340139 -0.878223 0.000000 -3.132023 -0.009501 8883.390937 0.000000 2212 6791 1 0 1 
-1.320073 -0.675892 0.000000 -1.174037 -0.166556 8918.431229 0.000000 2212 6792 1 0 1 
1.190992 0.155401 0.000000 -2.361427 -1.537943 8899.384543 0.000000 2212 6793 1 0 1 
-1.789506 1.759885 0.000000 2.542179 -2.279419 8921.489995 0.000000 2212 6794 1 0 1 
-1.331119 -1.193733 0.000000 2.111682 -0.450994 8881.747496 0.000000 2212 6795 1 0 1 
-2.483781 2.024120 0.000000 2.599908 5.855044 8854.994099 0.000000 2212 6796 1 0 1 
0.185318 -0.666028 0.000000 1.538953 -4.269988 8944.497280 0.000000 2212 6797 1 0 1 
-1.531329 0.564351 0.000000 4.205226 -1.858352 8903.472102 0.000000 2212 6798 1 0 1 
0.463563 -0.732103 0.000000 0.921109 -1.220789 8848.033121 0.000000 2212 6799 1 0 1 
0.412887 1.201081 0.000000 0.228904 2.727099 8881.065412 0.000000 2212 6800 1 0 1 
0.314719 -0.130404 0.000000 -1.878675 1.931708 8847.688674 0.000000 2212 6801 1 0 1 
-0.389214 -1.389887 0.000000 2.416585 -4.500968 8889.970017 0.000000 2212 6802 1 0 1 
0.639200 0.774614 0.000000 1.056005 0.600681 8912.349345 0.000000 2212 6803 1 0 1 
4.226857 -2.038108 0.000000 -6.382227 0.965359 8892.886397 0.000000 2212 6804 1 0 1 
-2.393303 -0.078476 0.000000 3.441424 -3.280782 8906.068429 0.000000 2212 6805 1 0 1 
0.668089 -0.152905 0.000000 -2.182499 -1.257101 8920.739634 0.000000 2212 6806 1 0 1 
2.059038 0.907203 0.000000 -0.627130 0.167515 8875.494889 0.000000 2212 6807 1 0 1 
0.899636 1.714424 0.000000 -3.719326 5.798518 8817.733342 0.000000 2212 6808 1 0 1 
-0.417270 -0.096482 0.000000 1.697820 1.694902 8873.715579 0.000000 2212 6809 1 0 1 
2.195453 -0.998442 0.000000 -2.478585 0.796058 8891.412867 0.000000 2212 6810 1 0 1 
1.486717 -0.840882 0.000000 -2.595573 1.992174 8854.673927 0.000000 2212 6811 1 0 1 
-1.880198 -2.637158 0.000000 1.673439 -6.967634 8954.657895 0.000000 2212 6812 1 0 1 
3.220715 -1.741043 0.000000 -4.863297 -3.508591 8945.287283 0.000000 2212 6813 1 0 1 
0.252682 -1.163367 0.000000 1.075365 -1.225704 8923.213160 0.000000 2212 6814 1 0 1 
1.970725 -2.115982 0.000000 -4.638057 -1.573543 8889.829005 0.000000 2212 6815 1 0 1 
2.148120 -1.680617 0.000000 -3.777648 -3.305455 8962.005440 0.000000 2212 6816 1 0 1 
0.301748 2.249869 0.000000 -3.086090 4.297331 8845.505056 0.000000 2212 6817 1 0 1 
-0.492040 1.286667 0.000000 2.395839 0.931949 8888.007392 0.000000 2212 6818 1 0 1 
1.804629 -0.321509 0.000000 -1.287726 -1.019327 8913.452028 0.000000 2212 6819 1 0 1 
3.004666 -0.826612 0.000000 -5.597083 -0.670116 8879.932952 0.000000 2212 6820 1 0 1 
-1.676842 0.892714 0.000000 2.295414 -2.493588 8940.600095 0.000000 2212 6821 1 0 1 
0.359270 0.766564 0.000000 1.574138 -1.669050 8900.576695 0.000000 2212 6822 1 0 1 
-0.101671 -0.798335 0.000000 -0.344676 0.910415 8858.401652 0.000000 2212 6823 1 0 1 
1.223844 0.424732 0.000000 -2.377062 2.424190 8922.281313 0.000000 2212 6824 1 0 1 
-1.899696 -1.030075 0.000000 1.272403 -6.929957 8940.511759 0.000000 2212 6825 1 0 1 
-1.057369 0.290951 0.000000 4.948316 -0.509380 8955.555293 0.000000 2212 6826 1 0 1 
-1.737731 -0.087680 0.000000 5.394959 0.803105 8908.416210 0.000000 2212 6827 1 0 1 
2.663935 0.524138 0.000000 -3.490965 1.004637 8871.521847 0.000000 2212 6828 1 0 1 
1.852101 0.723284 0.000000 -3.160864 0.064276 8882.145629 0.000000 2212 6829 1 0 1 
0.618811 0.517023 0.000000 -0.652025 -1.291446 8886.368100 0.000000 2212 6830 1 0 1 
-1.974826 -0.123654 0.000000 2.848815 -0.373045 8884.016127 0.000000 2212 6831 1 0 1 
0.928241 1.275192 0.000000 -1.363052 1.705067 8901.676867 0.000000 2212 6832 1 0 1 
-1.800923 -1.416906 0.000000 -0.096172 -4.000841 8913.706489 0.000000 2212 6833 1 0 1 
4.117805 -2.012516 0.000000 -4.921957 -7.075012 8898.670076 0.000000 2212 6834 1 0 1 
1.141847 0.546624 0.000000 -1.472663 2.954024 8885.645227 0.000000 2212 6835 1 0 1 
3.038819 0.276256 0.000000 -4.913930 0.245933 8864.993597 0.000000 2212 6836 1 0 1 
-1.833161 0.470982 0.000000 1.848738 2.394480 8891.833117 0.000000 2212 6837 1 0 1 
1.240895 1.101359 0.000000 -0.921043 1.769738 8852.122188 0.000000 2212 6838 1 0 1 
2.050821 1.519162 0.000000 -1.227235 1.870102 8913.629796 0.000000 2212 6839 1 0 1 
2.168236 0.215385 0.000000 -4.480004 0.487072 8883.945208 0.000000 2212 6840 1 0 1 
-1.583985 -2.049803 0.000000 4.162591 -0.099338 8909.435626 0.000000 2212 6841 1 0 1 
2.895208 -2.825074 0.000000 -3.860019 -4.030045 8941.227186 0.000000 2212 6842 1 0 1 
-0.700797 0.855967 0.000000 0.408645 0.464057 8869.470916 0.000000 2212 6843 1 0 1 
1.709241 -0.979199 0.000000 -1.527454 1.787072 8875.515796 0.000000 2212 6844 1 0 1 
-1.380173 -0.085205 0.000000 0.988783 -0.729291 8850.389381 0.000000 2212 6845 1 0 1 
-0.954755 -0.602695 0.000000 1.618649 0.968918 8822.022377 0.000000 2212 6846 1 0 1 
-1.160606 -0.738599 0.000000 2.572512 -0.877620 8913.977237 0.000000 2212 6847 1 0 1 
-1.138599 0.926646 0.000000 2.162323 2.865037 8889.140419 0.000000 2212 6848 1 0 1 
-0.950159 0.455208 0.000000 -0.712309 -1.738227 8908.139453 0.000000 2212 6849 1 0 1 
1.269767 -1.076663 0.000000 -1.234183 -2.588344 8924.061237 0.000000 2212 6850 1 0 1 
1.305464 -0.082999 0.000000 -2.801267 0.510873 8910.706987 0.000000 2212 6851 1 0 1 
-0.402314 1.999431 0.000000 0.106373 2.122885 8883.651182 0.000000 2212 6852 1 0 1 
-0.655304 0.397757 0.000000 1.236189 1.602657 8883.482305 0.000000 2212 6853 1 0 1 
-0.070720 -0.860964 0.000000 -1.179024 -1.862549 8900.302532 0.000000 2212 6854 1 0 1 
-2.812334 1.075544 0.000000 0.676777 2.103725 8861.007034 0.000000 2212 6855 1 0 1 
-0.098432 -0.613141 0.000000 0.898167 -0.807378 8905.946739 0.000000 2212 6856 1 0 1 
-2.935097 0.477009 0.000000 3.890240 2.746189 8838.584805 0.000000 2212 6857 1 0 1 
1.507571 -0.115392 0.000000 -1.052769 1.304975 8904.540804 0.000000 2212 6858 1 0 1 
2.212342 -0.462092 0.000000 -4.320881 -0.090322 8893.090378 0.000000 2212 6859 1 0 1 
0.256777 -2.005537 0.000000 -2.404449 0.857070 8879.544012 0.000000 2212 6860 1 0 1 
0.390771 0.629172 0.000000 0.816535 1.294838 8899.417227 0.000000 2212 6861 1 0 1 
-0.487469 -0.930686 0.000000 -0.463851 -1.901921 8900.124006 0.000000 2212 6862 1 0 1 
-2.680355 0.642348 0.000000 4.623376 -1.143094 8928.787918 0.000000 2212 6863 1 0 1 
-3.026537 0.406716 0.000000 3.429342 6.465689 8850.836171 0.000000 2212 6864 1 0 1 
-0.190232 -1.659584 0.000000 -0.324464 -0.747702 8892.756390 0.000000 2212 6865 1 0 1 
0.857892 -1.361841 0.000000 -3.053865 -1.653054 8888.033307 0.000000 2212 6866 1 0 1 
-0.048490 -0.791608 0.000000 -3.896861 0.516413 8888.234241 0.000000 2212 6867 1 0 1 
0.731278 1.146564 0.000000 -0.216218 5.096501 8844.044616 0.000000 2212 6868 1 0 1 
-1.273906 0.221322 0.000000 0.642750 0.433640 8866.584657 0.000000 2212 6869 1 0 1 
-0.842249 0.438877 0.000000 -0.877384 -0.602002 8919.285562 0.000000 2212 6870 1 0 1 
4.037794 -0.085928 0.000000 -7.216895 -1.526994 8893.946767 0.000000 2212 6871 1 0 1 
3.835784 1.371641 0.000000 -5.641383 -1.604256 8886.385518 0.000000 2212 6872 1 0 1 
2.247830 0.149997 0.000000 -1.422770 1.313410 8908.283806 0.000000 2212 6873 1 0 1 
0.581578 -0.858886 0.000000 -1.212998 -0.959631 8892.804302 0.000000 2212 6874 1 0 1 
-1.801089 0.821872 0.000000 2.667978 2.238036 8898.502100 0.000000 2212 6875 1 0 1 
-1.816201 -2.929177 0.000000 2.101760 -2.792921 8862.007124 0.000000 2212 6876 1 0 1 
-0.906166 1.716048 0.000000 0.714310 2.079816 8901.337419 0.000000 2212 6877 1 0 1 
-4.290248 -0.843222 0.000000 3.940834 1.685750 8903.060566 0.000000 2212 6878 1 0 1 
1.927036 1.407044 0.000000 -3.928674 -2.181620 8897.387092 0.000000 2212 6879 1 0 1 
-1.843242 -0.975095 0.000000 1.579534 4.006623 8861.735844 0.000000 2212 6880 1 0 1 
-0.985971 -0.490455 0.000000 0.320125 3.266287 8843.319039 0.000000 2212 6881 1 0 1 
0.221419 1.683609 0.000000 -0.839374 3.789266 8880.081493 0.000000 2212 6882 1 0 1 
0.943205 -0.693812 0.000000 -1.080451 0.523121 8901.013705 0.000000 2212 6883 1 0 1 
0.333030 1.293833 0.000000 -1.843290 2.617870 8860.878005 0.000000 2212 6884 1 0 1 
1.565783 -1.281737 0.000000 -2.767372 -1.433003 8874.000946 0.000000 2212 6885 1 0 1 
-0.369720 0.497014 0.000000 1.411666 4.486191 8842.125954 0.000000 2212 6886 1 0 1 
-2.969196 -0.398532 0.000000 4.990078 0.857905 8880.653352 0.000000 2212 6887 1 0 1 
2.203545 1.003585 0.000000 -2.991448 3.629438 8889.180512 0.000000 2212 6888 1 0 1 
0.395506 -1.540532 0.000000 -1.284842 -1.463074 8877.075667 0.000000 2212 6889 1 0 1 
1.574751 0.579003 0.000000 -1.960380 -0.672506 8926.054149 0.000000 2212 6890 1 0 1 
0.164931 -0.681946 0.000000 0.640912 1.499244 8869.951338 0.000000 2212 6891 1 0 1 
-3.232023 -2.418860 0.000000 4.054174 -2.046485 8897.825219 0.000000 2212 6892 1 0 1 
0.244707 0.399221 0.000000 -0.230139 -1.609140 8893.152519 0.000000 2212 6893 1 0 1 
1.813856 0.325771 0.000000 -3.645593 -0.540856 8893.747588 0.000000 2212 6894 1 0 1 
-1.632008 0.853634 0.000000 3.037349 0.894565 8834.261295 0.000000 2212 6895 1 0 1 
-0.448869 -1.782301 0.000000 2.367183 -4.341187 8937.103426 0.000000 2212 6896 1 0 1 
0.580479 0.937717 0.000000 -0.529280 4.482390 8896.938035 0.000000 2212 6897 1 0 1 
-1.225603 0.320996 0.000000 2.455739 3.368775 8822.984463 0.000000 2212 6898 1 0 1 
-0.962547 1.314605 0.000000 -0.383633 -1.320079 8883.184988 0.000000 2212 6899 1 0 1 
0.587219 -0.734386 0.000000 -2.761583 -3.147246 8889.308288 0.000000 2212 6900 1 0 1 
-1.281390 -0.389587 0.000000 2.175313 1.766285 8849.324142 0.000000 2212 6901 1 0 1 
0.276307 -1.893488 0.000000 1.658616 -2.602195 8921.288362 0.000000 2212 6902 1 0 1 
1.812727 0.358025 0.000000 -4.807521 2.081595 8880.991402 0.000000 2212 6903 1 0 1 
1.080255 0.451557 0.000000 1.485726 -4.328558 8941.201965 0.000000 2212 6904 1 0 1 
0.077074 -1.552847 0.000000 0.692242 -2.126608 8900.402530 0.000000 2212 6905 1 0 1 
0.798027 -0.621666 0.000000 -1.229268 3.354023 8818.262813 0.000000 2212 6906 1 0 1 
0.751570 -0.751426 0.000000 -0.642156 -1.472724 8888.782292 0.000000 2212 6907 1 0 1 
0.346028 0.426235 0.000000 0.048229 1.734163 8880.493712 0.000000 2212 6908 1 0 1 
4.332786 -2.375724 0.000000 -5.240360 -6.350149 8901.039919 0.000000 2212 6909 1 0 1 
-0.215887 -0.714066 0.000000 0.724373 4.054393 8906.332304 0.000000 2212 6910 1 0 1 
-1.480829 0.944387 0.000000 1.523344 -0.040119 8896.830284 0.000000 2212 6911 1 0 1 
-2.530787 0.016303 0.000000 4.115291 -4.235503 8885.745746 0.000000 2212 6912 1 0 1 
0.250732 -0.230869 0.000000 0.140117 -3.574487 8952.672814 0.000000 2212 6913 1 0 1 
3.238011 -0.030642 0.000000 -5.918988 -1.303516 8879.029750 0.000000 2212 6914 1 0 1 
2.279688 -0.895198 0.000000 -3.811460 4.709687 8878.978926 0.000000 2212 6915 1 0 1 
1.511229 -0.360253 0.000000 -2.615340 -1.078100 8899.476327 0.000000 2212 6916 1 0 1 
2.051180 1.214970 0.000000 -3.432182 0.429897 8922.093090 0.000000 2212 6917 1 0 1 
1.551413 0.680836 0.000000 -1.259874 5.147524 8876.790605 0.000000 2212 6918 1 0 1 
2.485409 1.095700 0.000000 -3.434353 3.066029 8899.853772 0.000000 2212 6919 1 0 1 
3.138717 -1.013933 0.000000 -2.979454 -6.088686 8935.160236 0.000000 2212 6920 1 0 1 
-1.784903 2.053050 0.000000 1.491772 2.273952 8881.497113 0.000000 2212 6921 1 0 1 
-1.993825 -0.092153 0.000000 3.997420 0.256866 8866.857555 0.000000 2212 6922 1 0 1 
0.346214 0.617951 0.000000 -1.193525 2.667068 8873.779373 0.000000 2212 6923 1 0 1 
3.125905 0.057041 0.000000 -4.394687 0.958412 8876.693453 0.000000 2212 6924 1 0 1 
1.961289 0.617821 0.000000 -1.956486 -0.055610 8928.208353 0.000000 2212 6925 1 0 1 
-1.430448 -0.250697 0.000000 1.741404 1.321008 8867.855703 0.000000 2212 6926 1 0 1 
1.878442 -1.930890 0.000000 -3.483508 -6.176615 8921.380883 0.000000 2212 6927 1 0 1 
1.269053 0.466393 0.000000 -1.180634 2.792939 8842.622865 0.000000 2212 6928 1 0 1 
-0.009801 -0.813842 0.000000 0.354338 -0.304207 8889.127453 0.000000 2212 6929 1 0 1 
1.457767 -0.518606 0.000000 -0.228465 -0.535916 8884.362849 0.000000 2212 6930 1 0 1 
1.236366 -1.403067 0.000000 -1.769377 -2.740593 8871.690339 0.000000 2212 6931 1 0 1 
-0.486117 0.888879 0.000000 0.982192 -2.081799 8940.067449 0.000000 2212 6932 1 0 1 
1.159549 1.954525 0.000000 -2.464270 4.256547 8820.483564 0.000000 2212 6933 1 0 1 
-4.302336 -1.000975 0.000000 4.253974 0.653060 8886.385984 0.000000 2212 6934 1 0 1 
-1.494989 1.449617 0.000000 3.926502 1.032013 8920.352834 0.000000 2212 6935 1 0 1 
0.015833 -0.170936 0.000000 0.135919 -1.305256 8899.408756 0.000000 2212 6936 1 0 1 
0.069413 -0.027857 0.000000 1.013621 0.837741 8878.366617 0.000000 2212 6937 1 0 1 
2.032511 -0.410257 0.000000 -1.153042 -2.973992 8912.098888 0.000000 2212 6938 1 0 1 
1.065886 0.979689 0.000000 -3.071500 2.395359 8865.775518 0.000000 2212 6939 1 0 1 
0.532805 -0.720719 0.000000 1.916702 2.607983 8901.241213 0.000000 2212 6940 1 0 1 
-0.199037 0.461064 0.000000 0.854046 3.399388 8824.862978 0.000000 2212 6941 1 0 1 
0.131789 -1.424405 0.000000 -0.587456 1.213469 8856.503972 0.000000 2212 6942 1 0 1 
-1.542295 -1.286744 0.000000 -0.286624 -3.362823 8896.812257 0.000000 2212 6943 1 0 1 
-1.612508 -0.085668 0.000000 0.566261 0.409578 8914.340221 0.000000 2212 6944 1 0 1 
-0.935372 0.157792 0.000000 1.825834 5.026662 8853.609179 0.000000 2212 6945 1 0 1 
1.472522 -2.919782 0.000000 -2.927767 -3.768508 8891.305411 0.000000 2212 6946 1 0 1 
2.227342 1.208446 0.000000 -3.596995 -0.695734 8881.355094 0.000000 2212 6947 1 0 1 
-1.240373 -1.195207 0.000000 0.568548 -0.979448 8877.231112 0.000000 2212 6948 1 0 1 
0.915341 1.635469 0.000000 -0.857199 0.123103 8885.985521 0.000000 2212 6949 1 0 1 
-3.389009 -1.167614 0.000000 3.056057 -1.098025 8888.079066 0.000000 2212 6950 1 0 1 
-0.375231 -1.069613 0.000000 1.607353 -3.673754 8885.029088 0.000000 2212 6951 1 0 1 
3.125628 -1.902098 0.000000 -5.057681 -2.589037 8913.445769 0.000000 2212 6952 1 0 1 
0.683243 -1.651068 0.000000 -1.446490 -8.503104 8937.015704 0.000000 2212 6953 1 0 1 
0.222766 -0.504125 0.000000 -0.579171 1.086417 8901.360869 0.000000 2212 6954 1 0 1 
-0.136816 -1.441064 0.000000 -0.379319 2.578441 8898.645032 0.000000 2212 6955 1 0 1 
2.157608 0.901284 0.000000 -1.087210 0.877661 8886.531197 0.000000 2212 6956 1 0 1 
5.018979 1.639449 0.000000 -8.959740 3.971073 8886.790224 0.000000 2212 6957 1 0 1 
0.514895 3.148500 0.000000 -0.153890 3.796795 8810.527886 0.000000 2212 6958 1 0 1 
-0.802235 1.152971 0.000000 2.342860 6.429643 8808.658598 0.000000 2212 6959 1 0 1 
0.575088 1.023331 0.000000 -1.796666 3.201879 8860.488607 0.000000 2212 6960 1 0 1 
1.017785 -0.157501 0.000000 -0.975754 -3.948073 8906.303010 0.000000 2212 6961 1 0 1 
1.006785 0.797112 0.000000 -0.283156 -1.937723 8868.412282 0.000000 2212 6962 1 0 1 
0.086783 -1.227850 0.000000 -1.401165 -2.796227 8892.366328 0.000000 2212 6963 1 0 1 
1.361571 -0.299718 0.000000 -3.191196 -6.022240 8896.506107 0.000000 2212 6964 1 0 1 
-0.926778 -0.620260 0.000000 1.247453 1.535008 8869.017462 0.000000 2212 6965 1 0 1 
0.086864 -0.614846 0.000000 -0.625197 0.263339 8881.158850 0.000000 2212 6966 1 0 1 
-2.121581 1.914912 0.000000 2.068075 4.425119 8870.535741 0.000000 2212 6967 1 0 1 
-2.425987 0.279352 0.000000 1.832408 -4.424603 8940.069155 0.000000 2212 6968 1 0 1 
2.886132 0.477733 0.000000 -3.499841 2.782953 8867.957938 0.000000 2212 6969 1 0 1 
0.846775 0.897510 0.000000 -1.042054 -2.313250 8915.550242 0.000000 2212 6970 1 0 1 
-0.306483 -0.567082 0.000000 0.334715 -7.102208 8927.426973 0.000000 2212 6971 1 0 1 
2.550378 -0.334133 0.000000 -4.155649 2.145340 8900.403561 0.000000 2212 6972 1 0 1 
-2.694945 -0.137771 0.000000 5.050402 -0.169277 8885.161004 0.000000 2212 6973 1 0 1 
3.024594 0.867792 0.000000 -3.836341 2.356144 8840.312337 0.000000 2212 6974 1 0 1 
2.400843 -1.035054 0.000000 -4.047010 -1.453771 8915.226441 0.000000 2212 6975 1 0 1 
0.513211 0.856937 0.000000 -1.654102 1.382864 8878.509827 0.000000 2212 6976 1 0 1 
-1.435178 1.756546 0.000000 1.831506 3.782007 8843.855758 0.000000 2212 6977 1 0 1 
0.147655 0.414805 0.000000 -1.751539 -1.415460 8841.149780 0.000000 2212 6978 1 0 1 
-1.843673 1.407038 0.000000 3.305769 1.606985 8914.802146 0.000000 2212 6979 1 0 1 
0.653787 -3.349781 0.000000 -2.890886 -0.161709 8901.097186 0.000000 2212 6980 1 0 1 
2.966342 0.401099 0.000000 -1.660327 0.848282 8907.364631 0.000000 2212 6981 1 0 1 
1.250238 1.007107 0.000000 -3.307428 4.527248 8864.921667 0.000000 2212 6982 1 0 1 
-1.949854 1.049582 0.000000 3.081783 4.178027 8899.819794 0.000000 2212 6983 1 0 1 
2.737911 0.354690 0.000000 -4.888674 0.141922 8879.761057 0.000000 2212 6984 1 0 1 
-0.487454 0.503893 0.000000 1.189671 0.681007 8864.155539 0.000000 2212 6985 1 0 1 
1.826918 -0.208118 0.000000 -2.742632 0.263401 8906.130746 0.000000 2212 6986 1 0 1 
-0.994994 -1.074234 0.000000 -3.444855 1.357217 8860.259018 0.000000 2212 6987 1 0 1 
-4.720562 -1.331763 0.000000 8.351600 -1.859900 8947.284004 0.000000 2212 6988 1 0 1 
-1.946680 -0.521995 0.000000 4.668011 -0.695184 8880.177952 0.000000 2212 6989 1 0 1 
-3.754996 -0.196896 0.000000 6.624353 -0.159626 8899.042102 0.000000 2212 6990 1 0 1 
-0.423744 0.410265 0.000000 1.037080 0.814471 8908.855335 0.000000 2212 6991 1 0 1 
-2.201493 -0.686387 0.000000 2.048332 -2.058321 8915.284931 0.000000 2212 6992 1 0 1 
-1.073388 0.388473 0.000000 1.756290 -0.424767 8888.489839 0.000000 2212 6993 1 0 1 
-2.179129 -1.405307 0.000000 3.928922 -5.232113 8941.344524 0.000000 2212 6994 1 0 1 
-1.434523 -0.602168 0.000000 3.893289 1.866465 8928.494443 0.000000 2212 6995 1 0 1 
1.639554 -0.851692 0.000000 -3.259404 -0.086764 8896.783074 0.000000 2212 6996 1 0 1 
1.234831 0.685785 0.000000 -1.943583 3.694549 8835.146307 0.000000 2212 6997 1 0 1 
-2.200032 2.320338 0.000000 2.595345 10.273436 8818.959632 0.000000 2212 6998 1 0 1 
0.699757 -0.227978 0.000000 -0.319016 1.024983 8879.022704 0.000000 2212 6999 1 0 1 
4.519721 -1.491192 0.000000 -6.792787 -1.093724 8858.019710 0.000000 2212 7000 1 0 1 
0.145059 -3.373901 0.000000 -0.992365 -2.356572 8818.654559 0.000000 2212 7001 1 0 1 
1.091769 2.216163 0.000000 -4.669978 3.353364 8882.937165 0.000000 2212 7002 1 0 1 
0.811042 0.457846 0.000000 0.748726 -1.736222 8884.073808 0.000000 2212 7003 1 0 1 
0.955067 -2.915527 0.000000 0.505670 -0.668725 8873.380213 0.000000 2212 7004 1 0 1 
-1.792624 1.673677 0.000000 1.542739 5.833701 8846.604446 0.000000 2212 7005 1 0 1 
0.219133 -2.920328 0.000000 0.055041 -3.508507 8913.030330 0.000000 2212 7006 1 0 1 
-1.606348 1.478907 0.000000 2.824960 0.985821 8807.230234 0.000000 2212 7007 1 0 1 
-1.064855 -0.287096 0.000000 2.832922 3.593546 8877.842173 0.000000 2212 7008 1 0 1 
-2.532928 1.598518 0.000000 2.224071 3.160123 8896.484744 0.000000 2212 7009 1 0 1 
-0.182087 -0.044450 0.000000 -0.225332 0.478752 8886.020877 0.000000 2212 7010 1 0 1 
-0.828871 -0.638842 0.000000 1.543915 -2.954959 8940.915621 0.000000 2212 7011 1 0 1 
0.746850 0.120149 0.000000 -2.669650 -1.629255 8912.194785 0.000000 2212 7012 1 0 1 
-0.269195 -0.475476 0.000000 -0.206483 3.373264 8866.873702 0.000000 2212 7013 1 0 1 
-1.874753 -0.798053 0.000000 2.893804 -3.242465 8930.439921 0.000000 2212 7014 1 0 1 
-2.309012 0.061504 0.000000 1.098382 -2.315898 8888.361106 0.000000 2212 7015 1 0 1 
-0.377232 1.575156 0.000000 2.180178 2.507801 8905.105527 0.000000 2212 7016 1 0 1 
-1.380096 0.047824 0.000000 3.572525 -5.559600 8940.428915 0.000000 2212 7017 1 0 1 
1.066207 1.068326 0.000000 -3.420803 -0.464947 8901.361104 0.000000 2212 7018 1 0 1 
1.868191 -1.320101 0.000000 -3.241904 -2.366957 8907.555989 0.000000 2212 7019 1 0 1 
1.252164 1.152916 0.000000 -2.650725 0.909408 8886.094169 0.000000 2212 7020 1 0 1 
0.331132 -0.492637 0.000000 0.282037 0.992281 8883.368128 0.000000 2212 7021 1 0 1 
-1.399122 -0.339170 0.000000 1.133536 -0.478285 8868.821087 0.000000 2212 7022 1 0 1 
0.006185 -0.868052 0.000000 0.602977 -2.652541 8880.407932 0.000000 2212 7023 1 0 1 
1.141156 2.406787 0.000000 -1.692607 -0.715958 8878.100989 0.000000 2212 7024 1 0 1 
-1.578651 1.460257 0.000000 1.376332 7.444385 8852.249688 0.000000 2212 7025 1 0 1 
-1.375085 -0.857145 0.000000 1.419508 -0.457024 8891.566464 0.000000 2212 7026 1 0 1 
0.718886 0.296055 0.000000 0.294608 -2.207118 8906.475548 0.000000 2212 7027 1 0 1 
-1.425487 -0.574138 0.000000 1.412915 1.522055 8864.682802 0.000000 2212 7028 1 0 1 
1.946759 0.738583 0.000000 -2.503792 2.401024 8893.469786 0.000000 2212 7029 1 0 1 
0.259926 -0.108265 0.000000 -1.992333 2.385413 8892.560526 0.000000 2212 7030 1 0 1 
0.323886 0.354920 0.000000 -0.565260 -2.294773 8935.289529 0.000000 2212 7031 1 0 1 
1.404837 -0.720945 0.000000 -1.264602 -3.864860 8904.400080 0.000000 2212 7032 1 0 1 
2.210964 -0.669772 0.000000 -3.174964 0.770047 8894.918446 0.000000 2212 7033 1 0 1 
1.252696 -1.254131 0.000000 -0.812078 -1.891191 8905.549397 0.000000 2212 7034 1 0 1 
2.871176 -0.124001 0.000000 -3.152905 -2.389868 8953.379781 0.000000 2212 7035 1 0 1 
-2.247729 -1.581419 0.000000 2.827480 1.282297 8856.365108 0.000000 2212 7036 1 0 1 
-0.613004 0.017484 0.000000 0.404389 -3.342958 8923.671842 0.000000 2212 7037 1 0 1 
-0.981095 0.635037 0.000000 0.320576 1.224676 8876.183724 0.000000 2212 7038 1 0 1 
-1.504872 -1.463151 0.000000 1.549315 -3.709503 8863.680656 0.000000 2212 7039 1 0 1 
-3.221832 0.617540 0.000000 5.187140 -1.182336 8916.170665 0.000000 2212 7040 1 0 1 
-2.353417 0.019074 0.000000 3.066182 -5.530881 8940.157018 0.000000 2212 7041 1 0 1 
-0.761718 0.388182 0.000000 0.389466 1.516391 8905.724346 0.000000 2212 7042 1 0 1 
0.011474 -0.534643 0.000000 -1.030066 -1.476339 8900.591724 0.000000 2212 7043 1 0 1 
1.009511 2.658845 0.000000 -1.137357 1.891901 8885.266666 0.000000 2212 7044 1 0 1 
0.324792 0.714384 0.000000 -1.461380 2.463204 8858.152830 0.000000 2212 7045 1 0 1 
0.068798 0.494556 0.000000 3.531844 1.126222 8891.747040 0.000000 2212 7046 1 0 1 
-1.750379 2.285293 0.000000 3.694761 3.270168 8873.504905 0.000000 2212 7047 1 0 1 
-0.455550 -1.075505 0.000000 2.508861 -4.405436 8938.101994 0.000000 2212 7048 1 0 1 
0.610573 -1.759891 0.000000 -0.662950 -1.112028 8872.667738 0.000000 2212 7049 1 0 1 
4.600516 -0.490360 0.000000 -3.934138 -1.828085 8900.387417 0.000000 2212 7050 1 0 1 
-2.224198 -0.951824 0.000000 0.963023 -3.956085 8889.187696 0.000000 2212 7051 1 0 1 
2.201108 -1.711029 0.000000 -4.915241 -2.264057 8913.141040 0.000000 2212 7052 1 0 1 
0.495974 0.543974 0.000000 -0.747549 -0.545726 8875.503837 0.000000 2212 7053 1 0 1 
-1.533062 -2.648856 0.000000 3.277788 -4.689744 8923.075449 0.000000 2212 7054 1 0 1 
0.428524 -0.013060 0.000000 -1.181886 -0.623516 8909.766560 0.000000 2212 7055 1 0 1 
-0.024540 0.823965 0.000000 0.696608 2.604380 8858.589450 0.000000 2212 7056 1 0 1 
-2.895404 2.364963 0.000000 5.174070 2.483945 8871.993776 0.000000 2212 7057 1 0 1 
1.997342 -0.674554 0.000000 -2.906212 2.597712 8857.011771 0.000000 2212 7058 1 0 1 
1.061621 0.453059 0.000000 -3.058334 2.623101 8905.961995 0.000000 2212 7059 1 0 1 
-0.546332 -0.755183 0.000000 0.556129 -3.906486 8910.274273 0.000000 2212 7060 1 0 1 
2.308233 -0.297856 0.000000 -2.200548 1.708362 8891.751690 0.000000 2212 7061 1 0 1 
0.081869 1.264812 0.000000 1.703231 0.212826 8905.109580 0.000000 2212 7062 1 0 1 
-1.359010 2.075246 0.000000 0.194918 -2.153411 8899.765138 0.000000 2212 7063 1 0 1 
-0.914555 -0.831579 0.000000 1.762752 -2.408941 8901.303502 0.000000 2212 7064 1 0 1 
-0.112930 0.031063 0.000000 1.780418 -1.319688 8905.011132 0.000000 2212 7065 1 0 1 
-1.357183 -1.374418 0.000000 0.802616 -1.952386 8898.064216 0.000000 2212 7066 1 0 1 
3.465275 -1.850195 0.000000 -4.504938 -3.150050 8908.768604 0.000000 2212 7067 1 0 1 
-0.356779 -0.605499 0.000000 -0.639977 -0.474731 8874.187496 0.000000 2212 7068 1 0 1 
1.326171 -0.070639 0.000000 -1.273324 -1.588316 8915.371290 0.000000 2212 7069 1 0 1 
0.127765 -2.311946 0.000000 1.473351 -2.706828 8915.159386 0.000000 2212 7070 1 0 1 
-1.259180 1.802322 0.000000 2.234150 0.437727 8889.776202 0.000000 2212 7071 1 0 1 
4.275018 -0.056967 0.000000 -8.417921 2.708183 8856.635611 0.000000 2212 7072 1 0 1 
2.093227 1.869754 0.000000 -2.240538 5.732808 8890.709883 0.000000 2212 7073 1 0 1 
-0.907175 -2.302219 0.000000 2.932745 -5.008017 8904.970718 0.000000 2212 7074 1 0 1 
-1.293460 -0.671342 0.000000 2.039056 -0.413383 8909.271130 0.000000 2212 7075 1 0 1 
-0.950748 -1.638603 0.000000 2.007731 0.305927 8880.425026 0.000000 2212 7076 1 0 1 
0.158123 -0.353131 0.000000 0.979797 -3.385525 8933.667012 0.000000 2212 7077 1 0 1 
-0.334360 -0.505436 0.000000 2.041616 -1.193614 8883.883650 0.000000 2212 7078 1 0 1 
-0.011445 0.090225 0.000000 0.203771 -0.478129 8908.419719 0.000000 2212 7079 1 0 1 
-1.556099 0.676307 0.000000 0.994061 0.871300 8918.813414 0.000000 2212 7080 1 0 1 
-1.840013 -1.533233 0.000000 1.636592 -1.514869 8910.352914 0.000000 2212 7081 1 0 1 
-1.531637 -1.208774 0.000000 3.585881 3.974542 8854.858509 0.000000 2212 7082 1 0 1 
-0.711967 -0.301256 0.000000 3.954855 0.121949 8916.839901 0.000000 2212 7083 1 0 1 
3.190870 2.623231 0.000000 -4.873575 3.316866 8866.170401 0.000000 2212 7084 1 0 1 
-0.497849 0.480225 0.000000 -0.335812 1.464974 8876.341839 0.000000 2212 7085 1 0 1 
-0.787214 -0.802809 0.000000 0.242281 -1.831024 8889.118657 0.000000 2212 7086 1 0 1 
0.649434 -0.674859 0.000000 -0.103343 -0.464686 8934.181493 0.000000 2212 7087 1 0 1 
-3.015776 -0.124939 0.000000 5.134799 -0.197977 8926.183395 0.000000 2212 7088 1 0 1 
0.634972 -0.208452 0.000000 0.377493 2.003373 8884.215587 0.000000 2212 7089 1 0 1 
-0.574889 0.871753 0.000000 2.122402 -2.171988 8914.067739 0.000000 2212 7090 1 0 1 
1.275997 -0.658936 0.000000 0.238543 -5.658156 8952.204929 0.000000 2212 7091 1 0 1 
1.374977 0.711003 0.000000 0.259225 0.001289 8931.319253 0.000000 2212 7092 1 0 1 
2.947428 -0.234987 0.000000 -1.862263 -1.846399 8925.847026 0.000000 2212 7093 1 0 1 
-1.941884 -1.500078 0.000000 5.745766 -3.438029 8913.656192 0.000000 2212 7094 1 0 1 
-2.913957 2.675873 0.000000 2.521142 6.449813 8853.301499 0.000000 2212 7095 1 0 1 
1.687602 0.813454 0.000000 -1.551893 -1.436614 8896.522619 0.000000 2212 7096 1 0 1 
1.947509 0.028270 0.000000 -2.138352 -2.778572 8955.488902 0.000000 2212 7097 1 0 1 
-1.531770 -0.682915 0.000000 4.291273 -0.880916 8911.397573 0.000000 2212 7098 1 0 1 
0.018721 0.826630 0.000000 -1.938308 2.644405 8840.279672 0.000000 2212 7099 1 0 1 
0.671074 1.396202 0.000000 -2.053348 1.646614 8906.796239 0.000000 2212 7100 1 0 1 
2.393002 -0.014031 0.000000 -1.591249 -3.776412 8926.686215 0.000000 2212 7101 1 0 1 
0.465938 0.443477 0.000000 0.113163 -1.453082 8923.650785 0.000000 2212 7102 1 0 1 
-1.739492 0.218513 0.000000 2.221013 -0.062543 8883.752613 0.000000 2212 7103 1 0 1 
-3.022366 0.690771 0.000000 3.693125 1.184916 8866.275403 0.000000 2212 7104 1 0 1 
0.606776 -0.528381 0.000000 0.429172 -1.485582 8904.242783 0.000000 2212 7105 1 0 1 
-2.291155 -1.137136 0.000000 2.534070 -3.412323 8891.775003 0.000000 2212 7106 1 0 1 
-1.005365 1.031848 0.000000 2.333493 -0.579718 8873.988120 0.000000 2212 7107 1 0 1 
-2.124996 -0.763227 0.000000 1.599469 -2.400822 8895.173345 0.000000 2212 7108 1 0 1 
0.459936 2.098986 0.000000 -0.344435 3.825279 8853.941294 0.000000 2212 7109 1 0 1 
-1.304051 -1.613177 0.000000 2.512937 -1.493914 8879.678423 0.000000 2212 7110 1 0 1 
-0.682119 -0.364568 0.000000 2.062136 -0.053217 8891.775329 0.000000 2212 7111 1 0 1 
-2.514014 1.559343 0.000000 3.417572 1.673254 8912.467160 0.000000 2212 7112 1 0 1 
0.976051 1.149337 0.000000 -2.113297 7.901970 8828.654645 0.000000 2212 7113 1 0 1 
0.711013 -0.186726 0.000000 0.307839 -2.076935 8904.587733 0.000000 2212 7114 1 0 1 
0.625326 -0.201409 0.000000 -3.107002 2.668938 8877.862377 0.000000 2212 7115 1 0 1 
-0.756974 2.821065 0.000000 -2.524649 7.827656 8822.466911 0.000000 2212 7116 1 0 1 
1.141694 2.120230 0.000000 -1.305534 3.491747 8900.692106 0.000000 2212 7117 1 0 1 
0.539302 2.109524 0.000000 -1.950635 4.305654 8877.580006 0.000000 2212 7118 1 0 1 
2.660568 1.803019 0.000000 -4.895700 1.686431 8888.088997 0.000000 2212 7119 1 0 1 
-1.554904 -0.092119 0.000000 1.728767 0.023998 8910.279559 0.000000 2212 7120 1 0 1 
0.599551 0.625751 0.000000 0.838678 1.790412 8896.373456 0.000000 2212 7121 1 0 1 
1.775935 -0.879833 0.000000 -5.424957 -3.185628 8907.711607 0.000000 2212 7122 1 0 1 
1.886160 -0.486571 0.000000 -2.260833 -2.794715 8938.486232 0.000000 2212 7123 1 0 1 
0.585943 -1.552963 0.000000 1.241294 -3.506419 8902.251943 0.000000 2212 7124 1 0 1 
4.097844 -0.764591 0.000000 -5.113214 -2.036012 8907.735879 0.000000 2212 7125 1 0 1 
-0.129651 -1.209443 0.000000 -2.002327 -2.392766 8897.943733 0.000000 2212 7126 1 0 1 
0.994256 -1.742346 0.000000 -0.737449 0.073856 8869.232329 0.000000 2212 7127 1 0 1 
0.842486 -2.742221 0.000000 -2.104902 -2.039157 8879.417230 0.000000 2212 7128 1 0 1 
-0.286538 -1.258654 0.000000 1.550003 0.774286 8882.313384 0.000000 2212 7129 1 0 1 
3.723584 -0.692958 0.000000 -5.469914 -0.215474 8882.137081 0.000000 2212 7130 1 0 1 
-1.631001 0.860865 0.000000 2.536067 3.363536 8875.090435 0.000000 2212 7131 1 0 1 
-2.739120 0.604695 0.000000 4.647065 1.158712 8871.050910 0.000000 2212 7132 1 0 1 
2.169714 2.084169 0.000000 -3.002029 4.778881 8860.926896 0.000000 2212 7133 1 0 1 
2.367707 1.887454 0.000000 -1.923090 0.176786 8909.457316 0.000000 2212 7134 1 0 1 
-4.115851 0.711426 0.000000 6.493626 0.440273 8901.963495 0.000000 2212 7135 1 0 1 
-0.310430 2.496988 0.000000 -0.557661 5.201374 8834.389109 0.000000 2212 7136 1 0 1 
1.230185 0.968339 0.000000 -2.496447 -0.505342 8881.465967 0.000000 2212 7137 1 0 1 
2.447336 -0.389635 0.000000 -2.547164 -4.744745 8947.330192 0.000000 2212 7138 1 0 1 
3.508966 1.006033 0.000000 -5.353946 0.340557 8844.663418 0.000000 2212 7139 1 0 1 
-1.556121 2.821748 0.000000 2.575331 7.405032 8839.260583 0.000000 2212 7140 1 0 1 
-1.203630 -0.227680 0.000000 3.771816 1.524372 8901.599820 0.000000 2212 7141 1 0 1 
0.575477 0.079117 0.000000 -0.050008 -2.108676 8880.574565 0.000000 2212 7142 1 0 1 
-0.723095 -1.578115 0.000000 0.696398 -3.137409 8889.680368 0.000000 2212 7143 1 0 1 
0.042452 -1.260111 0.000000 2.006659 -2.238339 8908.185919 0.000000 2212 7144 1 0 1 
1.930301 -1.411460 0.000000 -3.127315 -1.001129 8874.428094 0.000000 2212 7145 1 0 1 
-1.501121 0.232748 0.000000 3.764146 -3.315313 8892.249857 0.000000 2212 7146 1 0 1 
0.855696 2.937984 0.000000 -1.499426 6.078749 8829.725317 0.000000 2212 7147 1 0 1 
-2.486055 2.960404 0.000000 4.165896 9.724227 8867.034299 0.000000 2212 7148 1 0 1 
1.206836 -0.787409 0.000000 -0.052214 0.429611 8873.793306 0.000000 2212 7149 1 0 1 
1.498577 -0.554925 0.000000 -0.794834 0.253506 8903.820665 0.000000 2212 7150 1 0 1 
-2.154560 0.709893 0.000000 2.418830 -0.066428 8878.141199 0.000000 2212 7151 1 0 1 
-0.264734 -0.188478 0.000000 -1.158074 0.894073 8847.973486 0.000000 2212 7152 1 0 1 
-2.040359 1.196602 0.000000 4.166927 -0.116230 8907.847965 0.000000 2212 7153 1 0 1 
-0.707615 -0.254915 0.000000 -0.294030 -2.849528 8897.692063 0.000000 2212 7154 1 0 1 
1.036234 0.883462 0.000000 -3.153844 2.940733 8898.104796 0.000000 2212 7155 1 0 1 
0.252210 1.035440 0.000000 -0.570445 -2.958448 8929.766022 0.000000 2212 7156 1 0 1 
-2.887897 1.756668 0.000000 4.340098 2.901614 8895.264038 0.000000 2212 7157 1 0 1 
-0.636483 0.670084 0.000000 1.110580 1.311492 8898.821099 0.000000 2212 7158 1 0 1 
1.411285 0.041488 0.000000 -0.870690 1.851810 8850.943876 0.000000 2212 7159 1 0 1 
-3.230233 -0.513571 0.000000 4.071357 0.493450 8861.780965 0.000000 2212 7160 1 0 1 
0.431177 -1.179870 0.000000 -0.569986 -1.922569 8907.490337 0.000000 2212 7161 1 0 1 
0.436732 -0.457731 0.000000 -0.013939 3.134037 8866.346966 0.000000 2212 7162 1 0 1 
2.871510 -1.835428 0.000000 -3.755266 -1.080744 8891.567805 0.000000 2212 7163 1 0 1 
1.179548 1.176041 0.000000 -0.437849 -2.303090 8917.305912 0.000000 2212 7164 1 0 1 
0.423808 0.821575 0.000000 -0.600314 1.449439 8897.631684 0.000000 2212 7165 1 0 1 
-5.594679 3.375743 0.000000 5.995589 6.409835 8842.710567 0.000000 2212 7166 1 0 1 
0.209274 2.483558 0.000000 -0.002327 5.160810 8876.170964 0.000000 2212 7167 1 0 1 
0.341759 0.617800 0.000000 -3.183135 2.421513 8835.657591 0.000000 2212 7168 1 0 1 
1.184649 -0.296741 0.000000 -1.013644 1.154788 8888.273797 0.000000 2212 7169 1 0 1 
-0.396243 -1.372826 0.000000 -1.926981 -1.317094 8856.990798 0.000000 2212 7170 1 0 1 
-0.958543 -0.724042 0.000000 1.554584 0.762470 8878.654197 0.000000 2212 7171 1 0 1 
1.156499 -0.592741 0.000000 0.144471 -2.440837 8886.938103 0.000000 2212 7172 1 0 1 
3.101053 -0.218591 0.000000 -6.288719 2.295207 8854.778021 0.000000 2212 7173 1 0 1 
0.413460 -1.574801 0.000000 0.718904 -2.943582 8866.659117 0.000000 2212 7174 1 0 1 
-2.603627 0.513850 0.000000 3.456657 0.651504 8894.032638 0.000000 2212 7175 1 0 1 
2.290230 0.405866 0.000000 -6.118039 0.347620 8864.371440 0.000000 2212 7176 1 0 1 
0.246038 0.747351 0.000000 -2.432159 2.774976 8846.860561 0.000000 2212 7177 1 0 1 
0.862051 -2.071484 0.000000 1.414009 -1.466615 8905.601394 0.000000 2212 7178 1 0 1 
-3.487037 -0.588820 0.000000 6.355354 1.095481 8872.088079 0.000000 2212 7179 1 0 1 
1.199435 -1.469775 0.000000 -1.640025 4.323284 8859.016393 0.000000 2212 7180 1 0 1 
0.860132 -0.279528 0.000000 -1.848083 -1.290001 8896.351737 0.000000 2212 7181 1 0 1 
-0.804830 -2.410047 0.000000 1.832125 -3.314875 8926.395997 0.000000 2212 7182 1 0 1 
-1.167382 -1.026448 0.000000 3.434036 -1.571687 8895.697845 0.000000 2212 7183 1 0 1 
0.665709 -1.912251 0.000000 0.206737 -2.772817 8936.630199 0.000000 2212 7184 1 0 1 
-1.249726 -0.443326 0.000000 2.161783 -0.810327 8880.446669 0.000000 2212 7185 1 0 1 
2.221512 -0.594264 0.000000 -3.225038 -2.413063 8931.735400 0.000000 2212 7186 1 0 1 
0.520907 0.716021 0.000000 -2.492583 -4.065330 8886.487656 0.000000 2212 7187 1 0 1 
1.698788 -0.973117 0.000000 -2.080056 1.774414 8860.638557 0.000000 2212 7188 1 0 1 
-2.126131 0.448723 0.000000 1.464793 0.922713 8856.951951 0.000000 2212 7189 1 0 1 
-2.470044 0.953290 0.000000 2.261946 2.000479 8858.479089 0.000000 2212 7190 1 0 1 
-1.587921 -0.649675 0.000000 -0.321453 0.622230 8897.251325 0.000000 2212 7191 1 0 1 
-1.265171 0.471673 0.000000 0.178795 -3.784009 8890.945975 0.000000 2212 7192 1 0 1 
0.419845 -0.915665 0.000000 0.455982 -0.599196 8889.826822 0.000000 2212 7193 1 0 1 
0.833677 1.969267 0.000000 -0.114127 2.298244 8891.541023 0.000000 2212 7194 1 0 1 
-1.236953 -0.357663 0.000000 4.038325 3.365202 8860.375075 0.000000 2212 7195 1 0 1 
0.181489 0.317173 0.000000 -0.927948 -0.748623 8908.072117 0.000000 2212 7196 1 0 1 
1.871414 1.673842 0.000000 -3.325906 1.104593 8846.352014 0.000000 2212 7197 1 0 1 
0.190135 -0.330108 0.000000 -4.765165 -2.861108 8904.135818 0.000000 2212 7198 1 0 1 
3.326956 -0.113401 0.000000 -7.422623 -0.049819 8882.615247 0.000000 2212 7199 1 0 1 
-3.596567 0.470238 0.000000 4.608155 1.355205 8895.043620 0.000000 2212 7200 1 0 1 
2.168231 -1.782020 0.000000 -1.287038 -0.933541 8891.798606 0.000000 2212 7201 1 0 1 
-0.423749 3.284409 0.000000 0.220322 3.337009 8844.243875 0.000000 2212 7202 1 0 1 
-0.559128 0.808877 0.000000 1.141675 5.349061 8856.111169 0.000000 2212 7203 1 0 1 
3.010557 -2.350357 0.000000 -5.585637 0.455607 8856.415802 0.000000 2212 7204 1 0 1 
0.802879 -0.416014 0.000000 -2.792485 -4.808597 8921.136895 0.000000 2212 7205 1 0 1 
0.036088 -0.843462 0.000000 -0.125182 -2.435833 8884.300692 0.000000 2212 7206 1 0 1 
-0.834507 1.275881 0.000000 0.986412 3.852439 8894.438027 0.000000 2212 7207 1 0 1 
0.757929 -0.082397 0.000000 -1.542837 -0.501577 8862.202973 0.000000 2212 7208 1 0 1 
-0.179587 0.527784 0.000000 -0.102151 5.432267 8838.614893 0.000000 2212 7209 1 0 1 
-2.556552 -0.508131 0.000000 1.225442 0.558388 8909.987810 0.000000 2212 7210 1 0 1 
-1.284283 -0.287404 0.000000 1.843784 -1.239353 8971.273834 0.000000 2212 7211 1 0 1 
0.059182 -0.090247 0.000000 -0.066011 -2.380290 8879.374812 0.000000 2212 7212 1 0 1 
2.512711 -1.195725 0.000000 -4.185707 -2.882142 8921.470923 0.000000 2212 7213 1 0 1 
-2.938795 -0.316899 0.000000 3.840752 -5.097292 8904.309720 0.000000 2212 7214 1 0 1 
1.095111 -1.030504 0.000000 -1.659566 -3.069258 8936.507273 0.000000 2212 7215 1 0 1 
-0.468270 1.817997 0.000000 -0.936265 5.614904 8852.916743 0.000000 2212 7216 1 0 1 
2.065768 0.695528 0.000000 -2.631991 -4.807930 8905.051648 0.000000 2212 7217 1 0 1 
-5.141874 3.229120 0.000000 8.480299 3.550410 8865.024118 0.000000 2212 7218 1 0 1 
-0.365574 -0.183122 0.000000 1.048991 2.585239 8907.954577 0.000000 2212 7219 1 0 1 
1.251600 0.741175 0.000000 -2.113686 -1.237289 8886.218279 0.000000 2212 7220 1 0 1 
-0.686576 -0.253420 0.000000 0.728327 -5.737382 8921.078199 0.000000 2212 7221 1 0 1 
0.246004 0.415739 0.000000 0.080982 4.398475 8845.251355 0.000000 2212 7222 1 0 1 
-0.656445 -0.696494 0.000000 0.713667 -1.992941 8873.790424 0.000000 2212 7223 1 0 1 
1.515728 0.706668 0.000000 -1.091617 1.398134 8863.453550 0.000000 2212 7224 1 0 1 
0.980744 -0.874077 0.000000 1.827015 0.430455 8833.412744 0.000000 2212 7225 1 0 1 
0.112976 -0.993450 0.000000 -1.448626 -1.887595 8938.057870 0.000000 2212 7226 1 0 1 
-0.318957 -2.182319 0.000000 1.084515 -3.994177 8894.602495 0.000000 2212 7227 1 0 1 
0.595120 -0.328670 0.000000 -3.284781 -1.398282 8873.613767 0.000000 2212 7228 1 0 1 
1.420955 2.530361 0.000000 -2.063872 4.033045 8877.596770 0.000000 2212 7229 1 0 1 
-3.256524 0.430855 0.000000 4.621140 3.363401 8887.369468 0.000000 2212 7230 1 0 1 
3.199551 0.050732 0.000000 -5.191492 -1.431636 8914.352601 0.000000 2212 7231 1 0 1 
-1.301565 0.092937 0.000000 2.551023 0.551649 8851.190982 0.000000 2212 7232 1 0 1 
-1.483350 0.745987 0.000000 1.549604 -1.944969 8955.443448 0.000000 2212 7233 1 0 1 
-0.745187 0.225267 0.000000 -0.254782 -2.487199 8919.171768 0.000000 2212 7234 1 0 1 
1.882097 1.625422 0.000000 -3.189688 2.005724 8913.978206 0.000000 2212 7235 1 0 1 
-0.624793 -0.823138 0.000000 -0.228952 -0.297664 8903.401446 0.000000 2212 7236 1 0 1 
-2.224387 -1.961244 0.000000 2.847285 -1.340136 8939.268829 0.000000 2212 7237 1 0 1 
0.570518 -1.519216 0.000000 -0.922040 0.677914 8903.674754 0.000000 2212 7238 1 0 1 
-0.736986 -1.613992 0.000000 1.870860 -3.856564 8940.054092 0.000000 2212 7239 1 0 1 
-2.785139 -2.016904 0.000000 4.682296 2.237557 8872.643227 0.000000 2212 7240 1 0 1 
-1.179042 -0.678745 0.000000 4.496551 2.379624 8863.046242 0.000000 2212 7241 1 0 1 
-0.392429 -0.580696 0.000000 0.841985 -5.989178 8922.373995 0.000000 2212 7242 1 0 1 
1.344251 0.383690 0.000000 -0.244475 -2.729259 8914.647593 0.000000 2212 7243 1 0 1 
-3.446329 -0.002786 0.000000 3.726961 1.003564 8861.955107 0.000000 2212 7244 1 0 1 
0.222380 3.786173 0.000000 0.374748 3.892715 8854.678440 0.000000 2212 7245 1 0 1 
-0.435590 0.401057 0.000000 -0.897179 3.679771 8815.244954 0.000000 2212 7246 1 0 1 
-0.875359 0.154189 0.000000 -0.265311 0.776236 8889.019138 0.000000 2212 7247 1 0 1 
1.330134 1.018275 0.000000 -2.536413 2.656186 8882.112626 0.000000 2212 7248 1 0 1 
1.855746 0.293417 0.000000 -3.187502 1.986735 8878.047757 0.000000 2212 7249 1 0 1 
1.808866 0.165320 0.000000 -2.571746 -0.323358 8886.487016 0.000000 2212 7250 1 0 1 
-0.733888 -1.849388 0.000000 2.141817 -2.257546 8891.635733 0.000000 2212 7251 1 0 1 
-1.740274 -1.149977 0.000000 1.843569 -5.631466 8914.885521 0.000000 2212 7252 1 0 1 
-2.285689 -0.518424 0.000000 7.075512 -2.490600 8879.604396 0.000000 2212 7253 1 0 1 
-0.706143 -0.853740 0.000000 2.872315 -0.143395 8906.279624 0.000000 2212 7254 1 0 1 
-3.784638 3.200243 0.000000 2.577719 3.737869 8861.422130 0.000000 2212 7255 1 0 1 
2.265877 0.666638 0.000000 -3.262675 2.971051 8923.322675 0.000000 2212 7256 1 0 1 
1.812246 -1.445546 0.000000 -0.916149 -10.647967 8963.797921 0.000000 2212 7257 1 0 1 
-3.620511 -1.299653 0.000000 5.265565 -4.541340 8897.780765 0.000000 2212 7258 1 0 1 
-1.765360 0.709937 0.000000 2.814922 -1.380519 8921.666750 0.000000 2212 7259 1 0 1 
-0.346388 -1.282336 0.000000 2.937277 -1.466018 8888.053387 0.000000 2212 7260 1 0 1 
-2.438104 -2.583379 0.000000 4.445671 -3.814157 8917.178505 0.000000 2212 7261 1 0 1 
-0.065600 2.111711 0.000000 1.332364 4.344727 8840.338449 0.000000 2212 7262 1 0 1 
-2.367146 -3.097429 0.000000 3.665950 -2.472717 8894.181266 0.000000 2212 7263 1 0 1 
-1.067015 -0.809637 0.000000 -0.542204 -2.878544 8922.817097 0.000000 2212 7264 1 0 1 
0.117514 0.494759 0.000000 -0.973704 3.441264 8900.369504 0.000000 2212 7265 1 0 1 
1.249802 0.305908 0.000000 -3.109824 0.123082 8876.653639 0.000000 2212 7266 1 0 1 
-2.309129 -1.262396 0.000000 2.325477 3.537444 8863.308751 0.000000 2212 7267 1 0 1 
-3.412015 -2.572238 0.000000 4.133781 -2.161003 8885.706964 0.000000 2212 7268 1 0 1 
0.664036 -1.988941 0.000000 -0.437213 0.281657 8894.048571 0.000000 2212 7269 1 0 1 
2.474321 -1.451097 0.000000 -3.152152 -5.387530 8965.300627 0.000000 2212 7270 1 0 1 
3.791609 1.895120 0.000000 -6.544147 4.491732 8884.996397 0.000000 2212 7271 1 0 1 
0.721937 -2.284664 0.000000 -1.532171 -4.221381 8882.030058 0.000000 2212 7272 1 0 1 
-0.042768 0.861156 0.000000 -2.146244 4.466214 8836.716520 0.000000 2212 7273 1 0 1 
-4.076886 -1.561525 0.000000 7.370728 0.702699 8868.426187 0.000000 2212 7274 1 0 1 
-1.881213 0.803117 0.000000 2.990389 -1.133392 8868.855757 0.000000 2212 7275 1 0 1 
-0.142685 -1.383869 0.000000 1.958416 -3.826701 8927.900534 0.000000 2212 7276 1 0 1 
0.464554 -1.082209 0.000000 -0.127737 1.858412 8883.931983 0.000000 2212 7277 1 0 1 
-1.631802 1.198315 0.000000 3.222357 4.280332 8895.414481 0.000000 2212 7278 1 0 1 
0.071788 1.213204 0.000000 -2.534076 5.079744 8837.317449 0.000000 2212 7279 1 0 1 
-1.961833 -0.742222 0.000000 4.087788 -3.495417 8903.131876 0.000000 2212 7280 1 0 1 
-2.413870 -0.835991 0.000000 3.347525 1.337312 8877.013446 0.000000 2212 7281 1 0 1 
-4.542616 -0.376684 0.000000 4.595437 1.181633 8855.647831 0.000000 2212 7282 1 0 1 
1.383621 1.145337 0.000000 -1.804465 1.595095 8893.669899 0.000000 2212 7283 1 0 1 
3.017979 1.147596 0.000000 -2.605605 -4.604340 8931.005578 0.000000 2212 7284 1 0 1 
-2.857437 -0.809821 0.000000 3.469766 -1.068675 8897.953251 0.000000 2212 7285 1 0 1 
0.941197 0.245556 0.000000 -0.620693 -0.572869 8891.328820 0.000000 2212 7286 1 0 1 
1.493989 0.612037 0.000000 -0.400097 5.975105 8879.918083 0.000000 2212 7287 1 0 1 
-2.063816 -0.803107 0.000000 2.137554 1.689021 8866.144459 0.000000 2212 7288 1 0 1 
-3.216094 -0.866808 0.000000 4.375836 0.644136 8881.813843 0.000000 2212 7289 1 0 1 
-3.487059 -1.303120 0.000000 2.873276 -5.437755 8939.449628 0.000000 2212 7290 1 0 1 
-1.902188 -0.987758 0.000000 2.553867 0.514996 8873.615388 0.000000 2212 7291 1 0 1 
1.385985 -0.010992 0.000000 -1.062791 1.046166 8917.282511 0.000000 2212 7292 1 0 1 
4.541174 -2.003197 0.000000 -3.265872 -5.266933 8927.983088 0.000000 2212 7293 1 0 1 
2.467344 0.109160 0.000000 -2.703805 2.164312 8887.081872 0.000000 2212 7294 1 0 1 
0.576938 1.384571 0.000000 1.635640 6.964685 8834.416435 0.000000 2212 7295 1 0 1 
2.187608 0.187407 0.000000 -4.252785 -1.496813 8948.116442 0.000000 2212 7296 1 0 1 
-0.891645 -1.184889 0.000000 0.060405 -0.171212 8853.256958 0.000000 2212 7297 1 0 1 
1.221833 0.450021 0.000000 -3.186612 2.537060 8873.487432 0.000000 2212 7298 1 0 1 
-3.128045 -0.617295 0.000000 4.550649 -2.605666 8924.235071 0.000000 2212 7299 1 0 1 
-0.781320 0.825883 0.000000 -0.318874 -0.209928 8911.915457 0.000000 2212 7300 1 0 1 
-1.861433 1.507221 0.000000 1.373317 -0.369081 8903.972873 0.000000 2212 7301 1 0 1 
0.752854 -1.147932 0.000000 -2.197584 2.622170 8860.394099 0.000000 2212 7302 1 0 1 
1.588659 -0.925112 0.000000 -1.279048 -3.754221 8920.148783 0.000000 2212 7303 1 0 1 
0.101690 0.910852 0.000000 1.544310 -0.301006 8893.490623 0.000000 2212 7304 1 0 1 
0.837570 -1.951260 0.000000 -1.889567 -3.601350 8938.677262 0.000000 2212 7305 1 0 1 
-0.114744 1.189853 0.000000 -1.551383 5.492375 8867.987092 0.000000 2212 7306 1 0 1 
0.194812 -0.546842 0.000000 -1.073299 -1.963164 8858.017219 0.000000 2212 7307 1 0 1 
1.234582 2.671993 0.000000 -2.108090 3.010716 8854.413861 0.000000 2212 7308 1 0 1 
4.135527 -0.875611 0.000000 -5.188711 -3.727458 8937.028015 0.000000 2212 7309 1 0 1 
-0.085401 0.301862 0.000000 -0.902188 -0.338568 8892.579106 0.000000 2212 7310 1 0 1 
0.733724 0.826737 0.000000 -1.299934 2.199362 8864.581941 0.000000 2212 7311 1 0 1 
0.611211 -1.491029 0.000000 -1.226907 -1.382481 8890.605195 0.000000 2212 7312 1 0 1 
-0.533035 0.505509 0.000000 0.651149 3.654274 8868.131347 0.000000 2212 7313 1 0 1 
1.242310 -0.171626 0.000000 -0.740535 1.973294 8875.963723 0.000000 2212 7314 1 0 1 
0.496919 -1.420596 0.000000 -1.491356 -0.032048 8909.047647 0.000000 2212 7315 1 0 1 
1.615648 0.768904 0.000000 -2.528740 6.144505 8834.638036 0.000000 2212 7316 1 0 1 
-3.186948 -0.471877 0.000000 2.991286 -1.190811 8888.996796 0.000000 2212 7317 1 0 1 
1.472765 1.446239 0.000000 -2.082022 1.871578 8869.173529 0.000000 2212 7318 1 0 1 
-3.250281 -1.937082 0.000000 5.110306 -0.204040 8887.036249 0.000000 2212 7319 1 0 1 
3.682128 1.450435 0.000000 -6.278309 6.087065 8851.488068 0.000000 2212 7320 1 0 1 
1.500912 1.319159 0.000000 -4.307020 -1.704609 8866.998185 0.000000 2212 7321 1 0 1 
1.548810 -0.925869 0.000000 -0.596010 -3.219878 8894.548192 0.000000 2212 7322 1 0 1 
-2.117490 -1.260861 0.000000 3.259666 -5.851413 8919.329256 0.000000 2212 7323 1 0 1 
0.374511 1.936479 0.000000 0.144064 1.446340 8917.005218 0.000000 2212 7324 1 0 1 
1.998341 -0.492889 0.000000 -1.653080 -0.909528 8918.693360 0.000000 2212 7325 1 0 1 
1.659181 0.096435 0.000000 -2.306319 2.920745 8871.578942 0.000000 2212 7326 1 0 1 
2.241802 -2.655818 0.000000 -1.997443 -1.950847 8912.241922 0.000000 2212 7327 1 0 1 
2.042196 0.486793 0.000000 -2.890746 3.458390 8858.455911 0.000000 2212 7328 1 0 1 
0.371446 1.808600 0.000000 3.120150 2.120431 8901.327655 0.000000 2212 7329 1 0 1 
3.379437 0.887226 0.000000 -3.850837 3.713697 8857.935429 0.000000 2212 7330 1 0 1 
-0.488346 0.025296 0.000000 -0.101866 -3.319384 8896.673729 0.000000 2212 7331 1 0 1 
1.099912 -2.924755 0.000000 -0.284585 -3.669725 8906.366861 0.000000 2212 7332 1 0 1 
-1.161669 -0.224794 0.000000 0.653749 -0.121911 8868.596045 0.000000 2212 7333 1 0 1 
0.107168 0.479948 0.000000 1.722305 1.353320 8872.799340 0.000000 2212 7334 1 0 1 
3.413459 -1.824961 0.000000 -2.939787 -1.710524 8899.468294 0.000000 2212 7335 1 0 1 
-1.042982 0.924055 0.000000 1.855428 1.019778 8862.715609 0.000000 2212 7336 1 0 1 
1.930668 -1.766166 0.000000 -2.765369 -1.015123 8916.972978 0.000000 2212 7337 1 0 1 
2.976501 -0.546194 0.000000 -4.803826 -4.837638 8911.956917 0.000000 2212 7338 1 0 1 
2.372015 -1.376629 0.000000 -2.391744 -3.926476 8919.766666 0.000000 2212 7339 1 0 1 
-3.671454 -0.428426 0.000000 4.125732 1.418692 8882.255237 0.000000 2212 7340 1 0 1 
-3.815038 0.835840 0.000000 6.040111 -0.602306 8905.825236 0.000000 2212 7341 1 0 1 
-1.220280 1.171655 0.000000 2.493037 4.000115 8858.191845 0.000000 2212 7342 1 0 1 
1.565974 0.040244 0.000000 -1.603784 -2.243388 8922.973647 0.000000 2212 7343 1 0 1 
0.859132 1.910563 0.000000 0.110784 4.695640 8887.641191 0.000000 2212 7344 1 0 1 
-0.992143 0.697686 0.000000 -0.309872 0.855268 8870.921182 0.000000 2212 7345 1 0 1 
0.923445 -0.311562 0.000000 -1.739072 -1.314772 8911.256042 0.000000 2212 7346 1 0 1 
-0.123710 -0.419310 0.000000 2.959979 -5.969719 8931.051007 0.000000 2212 7347 1 0 1 
0.534408 -0.374474 0.000000 -1.711311 -3.077975 8917.999100 0.000000 2212 7348 1 0 1 
-0.441326 0.411348 0.000000 2.103878 -1.136302 8869.826347 0.000000 2212 7349 1 0 1 
0.276125 1.742861 0.000000 -0.708080 -0.391970 8918.316278 0.000000 2212 7350 1 0 1 
-0.308367 1.635534 0.000000 -1.155623 6.216753 8826.245812 0.000000 2212 7351 1 0 1 
-1.677968 -0.382863 0.000000 3.756360 -1.477363 8896.981103 0.000000 2212 7352 1 0 1 
-0.158765 0.485785 0.000000 -1.500395 4.554895 8818.070354 0.000000 2212 7353 1 0 1 
-0.241771 1.032217 0.000000 -1.206927 -2.032105 8942.907865 0.000000 2212 7354 1 0 1 
2.408782 -1.258417 0.000000 -1.317803 -2.860600 8916.925672 0.000000 2212 7355 1 0 1 
-3.435416 -1.335062 0.000000 3.452838 -2.015230 8889.834367 0.000000 2212 7356 1 0 1 
-1.906827 0.971175 0.000000 2.548836 -1.216958 8831.455431 0.000000 2212 7357 1 0 1 
0.910334 0.684305 0.000000 -2.137731 -0.051681 8909.040613 0.000000 2212 7358 1 0 1 
-2.014011 0.586251 0.000000 2.410397 6.897435 8831.997104 0.000000 2212 7359 1 0 1 
-0.666644 -2.006600 0.000000 2.311492 -1.557412 8877.382313 0.000000 2212 7360 1 0 1 
0.986970 -0.422623 0.000000 -0.061917 -1.775742 8906.940732 0.000000 2212 7361 1 0 1 
-1.949759 -1.097055 0.000000 4.473977 -3.294557 8906.294075 0.000000 2212 7362 1 0 1 
2.087234 0.227801 0.000000 -4.164940 0.944792 8899.377096 0.000000 2212 7363 1 0 1 
0.044150 -0.855494 0.000000 0.574689 -2.268487 8857.706814 0.000000 2212 7364 1 0 1 
-2.738985 0.533900 0.000000 1.294791 4.910068 8812.752814 0.000000 2212 7365 1 0 1 
1.411625 0.106607 0.000000 -1.935160 0.558705 8900.899088 0.000000 2212 7366 1 0 1 
2.032924 -0.090958 0.000000 -3.138858 -2.959369 8910.980987 0.000000 2212 7367 1 0 1 
-0.218518 -0.517874 0.000000 -1.930587 2.635294 8823.231216 0.000000 2212 7368 1 0 1 
-1.382705 -1.581845 0.000000 -0.236051 -2.760226 8875.098211 0.000000 2212 7369 1 0 1 
3.991562 -0.331511 0.000000 -4.735953 -4.805594 8895.839096 0.000000 2212 7370 1 0 1 
0.484714 -0.890441 0.000000 -0.061991 -1.259288 8887.947834 0.000000 2212 7371 1 0 1 
-2.885127 2.108933 0.000000 3.916225 2.643520 8873.349470 0.000000 2212 7372 1 0 1 
0.417373 -1.071989 0.000000 0.020665 -6.379937 8921.479621 0.000000 2212 7373 1 0 1 
-1.221139 -0.064959 0.000000 3.157063 0.362461 8856.004873 0.000000 2212 7374 1 0 1 
1.976429 0.270954 0.000000 -2.244840 1.860969 8877.915641 0.000000 2212 7375 1 0 1 
1.488595 1.517054 0.000000 -3.776918 3.527229 8862.914176 0.000000 2212 7376 1 0 1 
1.632199 1.587635 0.000000 -3.805370 1.076787 8862.495092 0.000000 2212 7377 1 0 1 
-1.511465 1.385080 0.000000 2.094040 1.944311 8910.337145 0.000000 2212 7378 1 0 1 
0.735316 0.733340 0.000000 -2.190448 -1.743962 8921.901415 0.000000 2212 7379 1 0 1 
3.196614 1.420414 0.000000 -6.119713 -0.123692 8899.432030 0.000000 2212 7380 1 0 1 
1.093957 2.905794 0.000000 -3.501229 0.827105 8891.808444 0.000000 2212 7381 1 0 1 
-2.033066 -1.011386 0.000000 3.050622 -3.769849 8875.908764 0.000000 2212 7382 1 0 1 
3.744597 -0.775521 0.000000 -4.331379 0.020132 8860.425489 0.000000 2212 7383 1 0 1 
1.835955 -0.721811 0.000000 -1.460607 0.091896 8864.095963 0.000000 2212 7384 1 0 1 
-2.010471 -1.347061 0.000000 1.820762 -1.791104 8918.622065 0.000000 2212 7385 1 0 1 
-0.217235 0.264392 0.000000 1.580328 0.646866 8891.356517 0.000000 2212 7386 1 0 1 
4.714931 1.476085 0.000000 -8.164259 4.136111 8831.772741 0.000000 2212 7387 1 0 1 
-0.500157 -1.083657 0.000000 -0.168593 0.112801 8883.917112 0.000000 2212 7388 1 0 1 
-1.269602 -0.309858 0.000000 0.128106 -0.705993 8884.080290 0.000000 2212 7389 1 0 1 
0.120972 -0.646103 0.000000 -0.800695 -2.375969 8903.124836 0.000000 2212 7390 1 0 1 
1.468686 -0.459016 0.000000 -1.235892 2.539330 8864.022599 0.000000 2212 7391 1 0 1 
-2.660284 0.516551 0.000000 3.432183 -3.883268 8931.276993 0.000000 2212 7392 1 0 1 
-0.697219 0.884289 0.000000 1.778479 4.560751 8856.836289 0.000000 2212 7393 1 0 1 
-0.084738 2.064577 0.000000 -0.238723 1.040864 8882.402141 0.000000 2212 7394 1 0 1 
-1.606393 -1.151607 0.000000 2.865663 -3.281512 8922.515962 0.000000 2212 7395 1 0 1 
2.476590 0.564402 0.000000 -6.437005 0.483670 8882.710726 0.000000 2212 7396 1 0 1 
-2.733042 0.951261 0.000000 3.879943 0.644458 8901.212500 0.000000 2212 7397 1 0 1 
-3.266939 2.040567 0.000000 6.110254 2.352100 8897.621117 0.000000 2212 7398 1 0 1 
-0.550667 -1.461625 0.000000 -0.535511 -0.603175 8899.512794 0.000000 2212 7399 1 0 1 
-2.329711 0.978071 0.000000 2.021884 -0.359585 8874.795198 0.000000 2212 7400 1 0 1 
1.256573 0.610040 0.000000 -2.486216 1.223061 8883.975581 0.000000 2212 7401 1 0 1 
-1.355470 1.204047 0.000000 3.629862 0.739490 8870.861814 0.000000 2212 7402 1 0 1 
-0.486884 -0.087400 0.000000 1.791591 2.038859 8827.391343 0.000000 2212 7403 1 0 1 
0.864791 -0.995686 0.000000 -1.932495 -2.432531 8895.122091 0.000000 2212 7404 1 0 1 
0.134183 1.259593 0.000000 0.778406 1.926027 8897.365035 0.000000 2212 7405 1 0 1 
0.502092 2.831772 0.000000 -0.590305 4.456679 8878.553052 0.000000 2212 7406 1 0 1 
1.698739 1.079025 0.000000 -3.633536 -0.769649 8900.745061 0.000000 2212 7407 1 0 1 
-2.788745 -0.226000 0.000000 4.537806 -0.969523 8895.906321 0.000000 2212 7408 1 0 1 
0.258159 -1.171184 0.000000 -0.236791 -2.638902 8930.051803 0.000000 2212 7409 1 0 1 
-0.082293 0.292326 0.000000 -1.441721 0.352906 8859.764067 0.000000 2212 7410 1 0 1 
-0.351064 -0.532061 0.000000 -1.523322 -2.421616 8907.157488 0.000000 2212 7411 1 0 1 
1.594665 1.450698 0.000000 -2.875704 5.058882 8845.709507 0.000000 2212 7412 1 0 1 
0.989582 3.524905 0.000000 -2.558637 1.253054 8899.509690 0.000000 2212 7413 1 0 1 
0.339125 0.838920 0.000000 1.639788 0.027157 8908.235859 0.000000 2212 7414 1 0 1 
-1.116069 -0.014787 0.000000 3.035475 0.314798 8916.639525 0.000000 2212 7415 1 0 1 
3.059788 2.517381 0.000000 -2.653497 0.559227 8903.849646 0.000000 2212 7416 1 0 1 
-2.464969 -0.632233 0.000000 4.441020 -3.466492 8920.057195 0.000000 2212 7417 1 0 1 
0.034884 2.327286 0.000000 0.011066 5.652993 8851.755796 0.000000 2212 7418 1 0 1 
0.691416 0.218047 0.000000 -1.717806 2.475994 8851.229421 0.000000 2212 7419 1 0 1 
-3.034839 0.376052 0.000000 2.591421 0.702709 8887.816024 0.000000 2212 7420 1 0 1 
1.946889 -0.979495 0.000000 -2.038675 -0.161543 8954.092743 0.000000 2212 7421 1 0 1 
4.887582 -0.419333 0.000000 -5.450847 -1.723965 8862.545162 0.000000 2212 7422 1 0 1 
1.132076 0.531998 0.000000 -1.682571 -1.827486 8920.718085 0.000000 2212 7423 1 0 1 
-0.725049 -1.855682 0.000000 1.276410 -3.095906 8940.256583 0.000000 2212 7424 1 0 1 
2.519822 0.080577 0.000000 -4.923054 1.012837 8837.401849 0.000000 2212 7425 1 0 1 
-0.447445 -0.191077 0.000000 -0.309344 -4.976126 8939.805689 0.000000 2212 7426 1 0 1 
2.687805 1.327144 0.000000 0.121218 1.382135 8894.863235 0.000000 2212 7427 1 0 1 
1.874392 -0.717148 0.000000 -1.659880 1.026496 8890.672388 0.000000 2212 7428 1 0 1 
-0.798373 1.085863 0.000000 -0.007407 -0.077329 8892.169438 0.000000 2212 7429 1 0 1 
0.412241 0.450756 0.000000 2.141408 -0.059946 8901.585778 0.000000 2212 7430 1 0 1 
0.237200 -0.053884 0.000000 -0.577065 -2.367624 8946.083250 0.000000 2212 7431 1 0 1 
-0.359127 -0.410376 0.000000 -0.900406 -4.259092 8924.972555 0.000000 2212 7432 1 0 1 
-0.465257 0.625087 0.000000 1.408164 0.178951 8895.324747 0.000000 2212 7433 1 0 1 
1.373122 1.726690 0.000000 -0.501341 0.330988 8893.004761 0.000000 2212 7434 1 0 1 
-3.052005 0.189626 0.000000 3.491039 1.609493 8846.117607 0.000000 2212 7435 1 0 1 
-0.859591 0.726452 0.000000 0.898670 0.159804 8893.156864 0.000000 2212 7436 1 0 1 
-0.513027 0.248900 0.000000 0.660159 -5.902632 8945.265338 0.000000 2212 7437 1 0 1 
0.522695 -0.827022 0.000000 0.616809 -2.183121 8947.128199 0.000000 2212 7438 1 0 1 
-2.333632 0.340173 0.000000 2.609243 0.774426 8860.382617 0.000000 2212 7439 1 0 1 
0.514057 -0.786512 0.000000 -0.208537 2.276492 8880.568216 0.000000 2212 7440 1 0 1 
-0.430877 0.023535 0.000000 1.085637 -1.590489 8910.842697 0.000000 2212 7441 1 0 1 
-0.617958 0.141249 0.000000 -1.250283 -1.253977 8888.698940 0.000000 2212 7442 1 0 1 
-0.864997 1.524761 0.000000 -0.100562 -0.197666 8954.855305 0.000000 2212 7443 1 0 1 
0.566288 -0.125513 0.000000 0.366936 -2.648710 8898.882385 0.000000 2212 7444 1 0 1 
1.767348 -1.102497 0.000000 -1.990673 -0.441761 8878.457385 0.000000 2212 7445 1 0 1 
0.041573 -1.314529 0.000000 -0.457706 -2.621880 8896.092274 0.000000 2212 7446 1 0 1 
3.839988 0.595008 0.000000 -5.658814 -2.517275 8895.555988 0.000000 2212 7447 1 0 1 
2.319522 -1.313396 0.000000 -3.995549 -2.156600 8859.590914 0.000000 2212 7448 1 0 1 
1.558943 -0.023631 0.000000 -4.558288 -2.781538 8879.037514 0.000000 2212 7449 1 0 1 
0.441029 -1.528775 0.000000 -1.812348 -2.446144 8915.782981 0.000000 2212 7450 1 0 1 
3.368457 -0.424281 0.000000 -4.721830 -2.235399 8919.160278 0.000000 2212 7451 1 0 1 
1.057829 0.613016 0.000000 -1.938733 -0.611322 8917.477772 0.000000 2212 7452 1 0 1 
-1.661313 1.833531 0.000000 1.400959 3.012237 8869.415672 0.000000 2212 7453 1 0 1 
-0.413424 1.978041 0.000000 0.364328 4.885949 8873.457696 0.000000 2212 7454 1 0 1 
-2.728198 0.297033 0.000000 5.427562 -3.253191 8916.926213 0.000000 2212 7455 1 0 1 
0.215810 0.355339 0.000000 0.370314 3.411150 8883.874847 0.000000 2212 7456 1 0 1 
2.200512 -0.935438 0.000000 -3.755592 -3.119262 8910.491302 0.000000 2212 7457 1 0 1 
0.327882 0.056339 0.000000 -1.553982 2.164088 8860.518071 0.000000 2212 7458 1 0 1 
2.172477 -0.460669 0.000000 -1.812048 0.844262 8890.428747 0.000000 2212 7459 1 0 1 
-1.216806 0.865228 0.000000 0.048654 2.059297 8879.733346 0.000000 2212 7460 1 0 1 
2.722295 -0.581310 0.000000 -3.440320 -1.837204 8891.914764 0.000000 2212 7461 1 0 1 
-1.143055 -2.855513 0.000000 0.100489 -8.346548 8947.180949 0.000000 2212 7462 1 0 1 
0.730525 0.813767 0.000000 -1.708385 1.444724 8888.548326 0.000000 2212 7463 1 0 1 
-1.886745 -1.273627 0.000000 1.191017 -0.557361 8896.982340 0.000000 2212 7464 1 0 1 
0.967361 0.361725 0.000000 0.430786 0.408244 8849.445695 0.000000 2212 7465 1 0 1 
-2.663936 1.281741 0.000000 4.571916 3.562432 8907.439340 0.000000 2212 7466 1 0 1 
1.010816 0.049818 0.000000 -0.101095 -5.063093 8945.535340 0.000000 2212 7467 1 0 1 
0.323424 2.064704 0.000000 0.354746 2.327351 8884.497601 0.000000 2212 7468 1 0 1 
-0.163517 0.490952 0.000000 -0.523023 -0.659340 8909.372554 0.000000 2212 7469 1 0 1 
-1.590299 1.238670 0.000000 2.029708 3.001042 8867.706088 0.000000 2212 7470 1 0 1 
0.952526 0.497351 0.000000 -2.549325 -2.882844 8892.361571 0.000000 2212 7471 1 0 1 
0.635958 0.961250 0.000000 -2.527030 3.357783 8838.138035 0.000000 2212 7472 1 0 1 
1.444822 -2.011750 0.000000 -1.866065 -2.261318 8903.851581 0.000000 2212 7473 1 0 1 
0.576027 -0.069941 0.000000 -1.153411 3.099301 8888.522903 0.000000 2212 7474 1 0 1 
1.193558 -1.504198 0.000000 -2.597018 -4.226982 8905.997557 0.000000 2212 7475 1 0 1 
1.546092 -0.342592 0.000000 -2.405492 6.730765 8844.911088 0.000000 2212 7476 1 0 1 
-2.858191 -0.073273 0.000000 3.725281 2.068483 8868.613736 0.000000 2212 7477 1 0 1 
-2.999236 -0.389442 0.000000 4.632097 -3.643668 8936.372708 0.000000 2212 7478 1 0 1 
-2.447844 1.043436 0.000000 7.236413 0.805978 8911.693435 0.000000 2212 7479 1 0 1 
0.434217 2.658402 0.000000 -2.334885 4.377242 8885.076499 0.000000 2212 7480 1 0 1 
0.444122 -0.987087 0.000000 -1.623525 -0.388698 8875.854314 0.000000 2212 7481 1 0 1 
-0.141154 -2.427630 0.000000 -0.618872 -4.022830 8895.091027 0.000000 2212 7482 1 0 1 
-1.272777 0.331898 0.000000 0.474856 2.539753 8855.045457 0.000000 2212 7483 1 0 1 
-1.811563 1.395863 0.000000 3.015008 6.959897 8804.577012 0.000000 2212 7484 1 0 1 
-0.030686 1.402833 0.000000 -1.867292 -0.002975 8896.131492 0.000000 2212 7485 1 0 1 
-3.413622 -1.508038 0.000000 4.362202 0.885882 8887.429118 0.000000 2212 7486 1 0 1 
-1.473849 0.861059 0.000000 0.858717 2.930073 8874.803523 0.000000 2212 7487 1 0 1 
3.339165 -0.677013 0.000000 -4.598382 -2.323600 8936.494432 0.000000 2212 7488 1 0 1 
-1.462309 -1.761100 0.000000 1.675056 0.239244 8884.622171 0.000000 2212 7489 1 0 1 
-0.106166 -1.767370 0.000000 1.330770 -0.823759 8902.124063 0.000000 2212 7490 1 0 1 
-2.348960 -1.118404 0.000000 2.992674 -1.305492 8859.629974 0.000000 2212 7491 1 0 1 
1.721225 -0.660014 0.000000 -4.739638 -1.910451 8913.522026 0.000000 2212 7492 1 0 1 
3.841438 1.628579 0.000000 -5.423031 -0.025279 8866.956891 0.000000 2212 7493 1 0 1 
-1.217207 -1.087493 0.000000 0.988892 -3.891953 8932.685844 0.000000 2212 7494 1 0 1 
-0.092015 0.968866 0.000000 0.253646 2.134834 8862.032744 0.000000 2212 7495 1 0 1 
0.760975 0.646857 0.000000 -0.722077 6.019775 8866.978831 0.000000 2212 7496 1 0 1 
1.530337 0.425430 0.000000 -3.263321 -1.687334 8891.855283 0.000000 2212 7497 1 0 1 
-2.477076 0.789040 0.000000 0.276113 1.472522 8838.896702 0.000000 2212 7498 1 0 1 
4.232395 -0.977644 0.000000 -6.392699 -3.116434 8903.814618 0.000000 2212 7499 1 0 1 
0.495814 0.614955 0.000000 -0.755191 4.073329 8853.779605 0.000000 2212 7500 1 0 1 
-2.550535 1.948653 0.000000 3.479528 -0.879707 8914.639148 0.000000 2212 7501 1 0 1 
2.212420 1.673806 0.000000 -2.639978 0.779028 8918.685744 0.000000 2212 7502 1 0 1 
0.656252 0.950635 0.000000 -0.473673 -3.455913 8921.074658 0.000000 2212 7503 1 0 1 
0.424693 -0.050062 0.000000 0.309021 1.730158 8840.544339 0.000000 2212 7504 1 0 1 
1.141415 0.923932 0.000000 0.328265 0.064556 8887.702710 0.000000 2212 7505 1 0 1 
-0.679089 -0.562574 0.000000 3.318458 -2.203311 8871.368393 0.000000 2212 7506 1 0 1 
3.907578 0.024108 0.000000 -5.402827 -5.931618 8946.885908 0.000000 2212 7507 1 0 1 
0.707591 -1.952675 0.000000 -0.648818 -1.578036 8898.919509 0.000000 2212 7508 1 0 1 
-0.420375 -0.577821 0.000000 -0.247108 -3.369264 8912.050199 0.000000 2212 7509 1 0 1 
-0.485850 -0.479608 0.000000 1.222547 -2.190853 8925.939889 0.000000 2212 7510 1 0 1 
0.050830 -0.218018 0.000000 0.788079 -0.059561 8892.013816 0.000000 2212 7511 1 0 1 
0.237493 -2.176459 0.000000 -1.598657 -4.345828 8869.169496 0.000000 2212 7512 1 0 1 
0.109173 -0.760677 0.000000 -1.250269 -3.184459 8903.336309 0.000000 2212 7513 1 0 1 
-0.949055 -1.204747 0.000000 -0.166788 1.045127 8911.078065 0.000000 2212 7514 1 0 1 
0.864229 0.746519 0.000000 -0.667620 -1.389796 8884.748761 0.000000 2212 7515 1 0 1 
-1.579633 -1.144707 0.000000 3.037176 0.385122 8906.378188 0.000000 2212 7516 1 0 1 
-0.828956 -0.277261 0.000000 2.612898 -3.705301 8917.164053 0.000000 2212 7517 1 0 1 
1.499114 1.302190 0.000000 -2.834234 3.211067 8905.656082 0.000000 2212 7518 1 0 1 
4.002275 1.085177 0.000000 -6.396529 2.872117 8834.340648 0.000000 2212 7519 1 0 1 
-1.381946 0.363556 0.000000 1.589041 0.919421 8885.329473 0.000000 2212 7520 1 0 1 
-1.765226 -0.854320 0.000000 4.338025 -1.992243 8902.986809 0.000000 2212 7521 1 0 1 
3.537965 -1.169223 0.000000 -4.930437 -0.235696 8871.511887 0.000000 2212 7522 1 0 1 
0.938358 1.148699 0.000000 -0.528663 1.779460 8876.595600 0.000000 2212 7523 1 0 1 
-2.085581 0.742472 0.000000 1.688445 0.546273 8861.420111 0.000000 2212 7524 1 0 1 
-0.691937 0.465805 0.000000 -0.153028 1.724824 8859.254381 0.000000 2212 7525 1 0 1 
-3.074275 -1.383689 0.000000 1.885505 0.669436 8895.447130 0.000000 2212 7526 1 0 1 
0.537029 0.161397 0.000000 -0.979406 -3.933195 8934.234238 0.000000 2212 7527 1 0 1 
-1.459459 -1.098951 0.000000 2.196190 -3.614551 8926.669072 0.000000 2212 7528 1 0 1 
2.191101 1.788153 0.000000 -3.721574 -0.108148 8858.036491 0.000000 2212 7529 1 0 1 
1.922789 -2.894596 0.000000 -2.263466 -3.127532 8931.897541 0.000000 2212 7530 1 0 1 
1.127449 0.529523 0.000000 0.463311 -1.063345 8915.756290 0.000000 2212 7531 1 0 1 
2.144451 -0.929928 0.000000 -2.507328 -2.334893 8913.847022 0.000000 2212 7532 1 0 1 
-2.633779 0.618682 0.000000 3.709139 1.055297 8939.940821 0.000000 2212 7533 1 0 1 
1.878243 0.727873 0.000000 -2.116914 0.171728 8901.715056 0.000000 2212 7534 1 0 1 
4.552054 2.464329 0.000000 -6.320928 4.029451 8852.574808 0.000000 2212 7535 1 0 1 
-2.322154 -1.533071 0.000000 3.645148 2.095565 8893.961505 0.000000 2212 7536 1 0 1 
0.906630 2.609915 0.000000 -1.949629 3.391845 8852.258053 0.000000 2212 7537 1 0 1 
-1.937333 0.790476 0.000000 2.955463 2.008605 8833.747025 0.000000 2212 7538 1 0 1 
0.148758 0.417213 0.000000 0.844418 2.570020 8864.444622 0.000000 2212 7539 1 0 1 
-0.172740 1.624222 0.000000 0.149916 -3.202611 8921.532044 0.000000 2212 7540 1 0 1 
-3.388407 0.844784 0.000000 6.099303 4.660684 8873.707357 0.000000 2212 7541 1 0 1 
-1.777105 -0.336745 0.000000 2.443060 -1.924224 8907.388366 0.000000 2212 7542 1 0 1 
-0.888846 0.523144 0.000000 0.482686 2.128550 8869.842877 0.000000 2212 7543 1 0 1 
-0.438392 -0.137572 0.000000 0.580080 -2.980083 8878.066559 0.000000 2212 7544 1 0 1 
0.627925 -0.305127 0.000000 -3.919634 0.163503 8894.145740 0.000000 2212 7545 1 0 1 
0.127556 -1.237694 0.000000 1.001454 -2.286312 8908.941649 0.000000 2212 7546 1 0 1 
2.283714 0.915916 0.000000 -3.746720 0.037440 8912.139772 0.000000 2212 7547 1 0 1 
-3.060770 0.579439 0.000000 4.727865 2.968255 8848.246642 0.000000 2212 7548 1 0 1 
-0.984205 -0.125423 0.000000 -0.652996 0.867371 8869.474354 0.000000 2212 7549 1 0 1 
0.252165 -0.320594 0.000000 -2.202570 4.883628 8840.121980 0.000000 2212 7550 1 0 1 
-2.852951 -1.426465 0.000000 2.701487 -2.956186 8916.253588 0.000000 2212 7551 1 0 1 
0.058094 -0.325412 0.000000 0.288680 -1.083412 8887.658193 0.000000 2212 7552 1 0 1 
-1.040550 1.492973 0.000000 1.007244 -3.043243 8914.112752 0.000000 2212 7553 1 0 1 
1.451398 2.707395 0.000000 -3.769312 0.173919 8895.300475 0.000000 2212 7554 1 0 1 
-1.273969 -2.031368 0.000000 1.861868 -4.800383 8922.450685 0.000000 2212 7555 1 0 1 
3.360506 1.996984 0.000000 -6.727291 5.898301 8832.477547 0.000000 2212 7556 1 0 1 
1.721067 -0.066110 0.000000 -2.613490 1.699484 8882.614529 0.000000 2212 7557 1 0 1 
-0.013156 -1.310551 0.000000 -0.101549 1.044281 8911.223143 0.000000 2212 7558 1 0 1 
-1.993493 0.926473 0.000000 2.663860 1.413078 8878.767869 0.000000 2212 7559 1 0 1 
0.045480 0.729982 0.000000 1.327136 -1.996327 8883.346903 0.000000 2212 7560 1 0 1 
-0.356882 -2.170368 0.000000 1.008991 -3.981304 8902.590449 0.000000 2212 7561 1 0 1 
-1.507187 0.194267 0.000000 2.839571 0.257854 8917.108328 0.000000 2212 7562 1 0 1 
0.235495 -1.500483 0.000000 -1.064224 -3.079025 8896.459777 0.000000 2212 7563 1 0 1 
-0.086175 1.682767 0.000000 1.350281 3.378843 8838.082411 0.000000 2212 7564 1 0 1 
1.125720 1.053390 0.000000 -0.707449 1.638411 8882.338942 0.000000 2212 7565 1 0 1 
0.967562 1.294536 0.000000 -1.526569 0.714111 8864.384241 0.000000 2212 7566 1 0 1 
0.818714 1.925711 0.000000 1.335879 0.260149 8879.921442 0.000000 2212 7567 1 0 1 
-1.388714 1.205724 0.000000 0.845021 1.404892 8886.966913 0.000000 2212 7568 1 0 1 
0.743478 0.981795 0.000000 -2.058620 3.084456 8826.269610 0.000000 2212 7569 1 0 1 
2.498686 -0.336629 0.000000 -3.314519 -0.246005 8871.155588 0.000000 2212 7570 1 0 1 
-1.906876 0.119718 0.000000 2.511688 0.630454 8890.990314 0.000000 2212 7571 1 0 1 
2.058668 0.999026 0.000000 -2.545468 0.076780 8902.478393 0.000000 2212 7572 1 0 1 
2.154665 1.293812 0.000000 0.534614 4.262373 8874.472006 0.000000 2212 7573 1 0 1 
2.129855 0.439596 0.000000 -3.102004 3.799106 8879.233722 0.000000 2212 7574 1 0 1 
-3.146209 -1.151913 0.000000 6.043558 3.962431 8865.683759 0.000000 2212 7575 1 0 1 
0.042303 1.170709 0.000000 -0.723568 7.559792 8850.479457 0.000000 2212 7576 1 0 1 
-0.005597 1.229869 0.000000 2.137556 -2.320610 8903.683636 0.000000 2212 7577 1 0 1 
1.462164 2.331848 0.000000 -2.067271 4.080244 8865.787943 0.000000 2212 7578 1 0 1 
0.780825 -1.334573 0.000000 -2.929180 0.773770 8845.456577 0.000000 2212 7579 1 0 1 
1.824073 2.555140 0.000000 -0.907744 4.674933 8870.217964 0.000000 2212 7580 1 0 1 
0.103290 -0.206486 0.000000 -2.605606 2.575973 8857.362762 0.000000 2212 7581 1 0 1 
0.813866 1.328462 0.000000 -0.105256 0.943161 8889.022289 0.000000 2212 7582 1 0 1 
0.233494 0.751686 0.000000 -1.742632 0.555313 8907.029153 0.000000 2212 7583 1 0 1 
0.739820 0.806986 0.000000 -0.714247 -0.591408 8927.114815 0.000000 2212 7584 1 0 1 
1.212794 2.294900 0.000000 -0.321624 -0.966943 8910.091574 0.000000 2212 7585 1 0 1 
0.203440 -0.068544 0.000000 -1.806383 2.578613 8869.598354 0.000000 2212 7586 1 0 1 
-1.125374 0.849948 0.000000 2.854000 6.455075 8875.594742 0.000000 2212 7587 1 0 1 
-2.406771 1.677551 0.000000 5.231885 1.037270 8883.605000 0.000000 2212 7588 1 0 1 
-2.090713 -2.857205 0.000000 1.809521 -3.831271 8892.365991 0.000000 2212 7589 1 0 1 
0.102675 -0.230206 0.000000 -0.149545 -5.847628 8958.020456 0.000000 2212 7590 1 0 1 
1.026252 -0.065834 0.000000 -1.467940 -2.030059 8877.839109 0.000000 2212 7591 1 0 1 
0.052608 2.527577 0.000000 1.750369 -2.356112 8896.345798 0.000000 2212 7592 1 0 1 
-1.604831 0.324212 0.000000 2.170628 3.007419 8846.170499 0.000000 2212 7593 1 0 1 
-1.307742 -0.089487 0.000000 2.453857 2.115165 8913.690078 0.000000 2212 7594 1 0 1 
2.855027 0.724689 0.000000 -3.946577 2.988360 8863.462936 0.000000 2212 7595 1 0 1 
0.368237 2.061890 0.000000 1.220701 5.697716 8880.907105 0.000000 2212 7596 1 0 1 
0.653978 -0.465698 0.000000 -2.328233 -0.726014 8898.068114 0.000000 2212 7597 1 0 1 
-3.534553 -0.778554 0.000000 5.729223 -3.409443 8911.368173 0.000000 2212 7598 1 0 1 
-0.217986 2.553132 0.000000 -1.057331 6.845237 8832.641443 0.000000 2212 7599 1 0 1 
1.132120 -0.487002 0.000000 -1.137269 2.053856 8878.265134 0.000000 2212 7600 1 0 1 
-2.787137 -1.542325 0.000000 3.912635 -3.986207 8906.852129 0.000000 2212 7601 1 0 1 
1.380511 0.856724 0.000000 0.670234 4.676041 8833.241593 0.000000 2212 7602 1 0 1 
-2.098273 1.210207 0.000000 3.496671 -0.563687 8890.789465 0.000000 2212 7603 1 0 1 
-4.072321 2.045121 0.000000 4.628485 7.249422 8847.249526 0.000000 2212 7604 1 0 1 
-0.080668 0.000470 0.000000 -1.849283 -0.003978 8871.132582 0.000000 2212 7605 1 0 1 
1.487360 -0.898584 0.000000 -1.231644 -7.495411 8941.237970 0.000000 2212 7606 1 0 1 
-2.770921 -1.321934 0.000000 4.224223 -3.875310 8915.244190 0.000000 2212 7607 1 0 1 
-1.144326 -0.290418 0.000000 1.762876 -4.302701 8919.178888 0.000000 2212 7608 1 0 1 
2.859793 -0.922170 0.000000 -0.740219 -0.230206 8899.235487 0.000000 2212 7609 1 0 1 
-0.870051 0.246570 0.000000 0.086291 1.976000 8901.095165 0.000000 2212 7610 1 0 1 
0.611841 1.437559 0.000000 -1.745003 3.070072 8867.703399 0.000000 2212 7611 1 0 1 
2.152662 -1.760539 0.000000 -2.075065 -5.315263 8930.910511 0.000000 2212 7612 1 0 1 
-0.647686 -1.801265 0.000000 0.951612 -4.238408 8926.624473 0.000000 2212 7613 1 0 1 
2.696528 0.160554 0.000000 -4.962111 -4.063657 8910.531733 0.000000 2212 7614 1 0 1 
-0.312236 1.513572 0.000000 1.752350 1.140979 8872.694991 0.000000 2212 7615 1 0 1 
1.673377 1.763257 0.000000 -2.003317 0.727635 8886.604543 0.000000 2212 7616 1 0 1 
2.138494 -0.623323 0.000000 -5.476166 -1.740019 8893.932421 0.000000 2212 7617 1 0 1 
-1.532233 -1.287741 0.000000 0.436648 2.941959 8868.908564 0.000000 2212 7618 1 0 1 
-1.573257 0.242103 0.000000 1.657077 -0.739804 8909.665049 0.000000 2212 7619 1 0 1 
-2.586748 -1.282418 0.000000 3.430787 0.206658 8885.966381 0.000000 2212 7620 1 0 1 
-1.425822 2.424471 0.000000 1.328672 3.046239 8866.689073 0.000000 2212 7621 1 0 1 
2.369105 0.648792 0.000000 -3.336829 4.760992 8828.837305 0.000000 2212 7622 1 0 1 
-0.895121 0.335595 0.000000 2.090211 4.713469 8855.440616 0.000000 2212 7623 1 0 1 
-0.450076 -1.223926 0.000000 -0.537769 -1.728620 8916.726451 0.000000 2212 7624 1 0 1 
-2.562712 1.286597 0.000000 2.644908 2.846260 8847.091451 0.000000 2212 7625 1 0 1 
-0.828190 -1.836143 0.000000 2.407382 -4.009425 8902.359550 0.000000 2212 7626 1 0 1 
-4.229973 -0.018314 0.000000 5.368592 1.383862 8875.546588 0.000000 2212 7627 1 0 1 
3.543351 -0.832018 0.000000 -2.978046 2.163655 8856.283511 0.000000 2212 7628 1 0 1 
1.146384 1.597303 0.000000 -2.636843 2.147185 8854.563918 0.000000 2212 7629 1 0 1 
1.698905 1.230466 0.000000 -3.096025 -1.023999 8909.004553 0.000000 2212 7630 1 0 1 
2.710628 -0.726695 0.000000 -3.406738 -2.818912 8904.144968 0.000000 2212 7631 1 0 1 
-2.935112 -0.531667 0.000000 4.343345 -0.029130 8887.510214 0.000000 2212 7632 1 0 1 
1.593192 1.786153 0.000000 -3.040814 3.299007 8883.760799 0.000000 2212 7633 1 0 1 
2.793398 0.299136 0.000000 -2.187370 -1.785426 8910.674062 0.000000 2212 7634 1 0 1 
-1.017439 -0.374632 0.000000 1.141334 -3.164952 8916.491990 0.000000 2212 7635 1 0 1 
1.262597 0.314044 0.000000 0.696539 2.768305 8865.013646 0.000000 2212 7636 1 0 1 
0.091342 1.747069 0.000000 0.060751 0.878758 8883.347738 0.000000 2212 7637 1 0 1 
1.112352 0.758901 0.000000 -1.967448 -0.912978 8865.289401 0.000000 2212 7638 1 0 1 
0.599699 0.900485 0.000000 -1.719928 2.556675 8848.197113 0.000000 2212 7639 1 0 1 
-0.151118 -0.080053 0.000000 -0.396502 2.547095 8937.121533 0.000000 2212 7640 1 0 1 
0.708357 -0.668727 0.000000 0.686005 -3.663589 8916.023100 0.000000 2212 7641 1 0 1 
-1.173931 -1.312006 0.000000 3.363126 -0.953172 8876.953943 0.000000 2212 7642 1 0 1 
-3.023808 0.794859 0.000000 2.022531 4.276827 8893.208379 0.000000 2212 7643 1 0 1 
1.590863 -1.143194 0.000000 -2.613690 -4.118635 8945.376216 0.000000 2212 7644 1 0 1 
-4.411501 -0.364517 0.000000 4.783513 -3.032211 8949.763459 0.000000 2212 7645 1 0 1 
-0.713903 -0.718734 0.000000 2.871851 -2.904703 8942.493925 0.000000 2212 7646 1 0 1 
-0.622398 -1.150775 0.000000 1.172262 -2.757577 8926.030735 0.000000 2212 7647 1 0 1 
-1.256523 0.424999 0.000000 2.941135 4.190689 8873.746282 0.000000 2212 7648 1 0 1 
-2.838976 -0.888983 0.000000 0.593735 3.207055 8869.686788 0.000000 2212 7649 1 0 1 
-1.291062 1.909714 0.000000 -1.982425 6.410537 8838.903076 0.000000 2212 7650 1 0 1 
0.409522 1.864083 0.000000 -1.336601 0.737239 8885.159709 0.000000 2212 7651 1 0 1 
-2.994612 0.366141 0.000000 2.540744 0.804078 8882.326543 0.000000 2212 7652 1 0 1 
1.128865 -0.890118 0.000000 -1.107825 -1.588825 8887.986638 0.000000 2212 7653 1 0 1 
-0.736649 -0.936381 0.000000 0.271720 -0.365533 8875.012086 0.000000 2212 7654 1 0 1 
3.073425 2.218134 0.000000 -5.993450 3.732555 8839.075919 0.000000 2212 7655 1 0 1 
-1.604922 -0.304742 0.000000 3.379707 2.390907 8859.172281 0.000000 2212 7656 1 0 1 
-0.486242 0.496294 0.000000 2.072756 -0.586509 8912.159599 0.000000 2212 7657 1 0 1 
0.220939 1.035486 0.000000 -0.139943 0.790870 8927.644748 0.000000 2212 7658 1 0 1 
-0.441701 -1.389457 0.000000 1.088549 -4.474808 8900.679989 0.000000 2212 7659 1 0 1 
-0.905346 -0.520519 0.000000 0.641921 2.133350 8848.904437 0.000000 2212 7660 1 0 1 
-2.061456 -0.420393 0.000000 5.127093 0.031234 8896.347595 0.000000 2212 7661 1 0 1 
-1.169227 -0.663832 0.000000 1.918634 -2.852992 8918.288442 0.000000 2212 7662 1 0 1 
0.769353 -1.545170 0.000000 -0.294920 -0.793009 8887.220943 0.000000 2212 7663 1 0 1 
1.077481 1.487895 0.000000 -1.071513 2.741841 8899.031861 0.000000 2212 7664 1 0 1 
4.875690 -0.357145 0.000000 -7.222347 1.413211 8884.202413 0.000000 2212 7665 1 0 1 
1.325790 -1.172304 0.000000 -2.919846 -0.278856 8861.223054 0.000000 2212 7666 1 0 1 
0.073848 0.065154 0.000000 -0.408848 0.538589 8849.139441 0.000000 2212 7667 1 0 1 
1.257255 -0.468459 0.000000 -1.933186 0.770812 8916.394149 0.000000 2212 7668 1 0 1 
-0.661101 0.305281 0.000000 3.630339 -1.276651 8944.921205 0.000000 2212 7669 1 0 1 
-0.541154 -2.046796 0.000000 -0.027737 1.917900 8884.770221 0.000000 2212 7670 1 0 1 
-0.903430 1.563967 0.000000 2.719369 2.211826 8902.589204 0.000000 2212 7671 1 0 1 
2.033526 -0.954074 0.000000 0.375358 -5.790362 8941.575472 0.000000 2212 7672 1 0 1 
1.465366 0.068597 0.000000 -3.152939 -3.044225 8894.673762 0.000000 2212 7673 1 0 1 
-1.852054 2.026632 0.000000 3.128398 -1.215930 8899.451402 0.000000 2212 7674 1 0 1 
-0.213279 1.227721 0.000000 0.066669 2.767236 8872.025234 0.000000 2212 7675 1 0 1 
-2.050090 -0.356761 0.000000 4.355932 -3.116032 8937.818626 0.000000 2212 7676 1 0 1 
2.076924 -0.208347 0.000000 -3.539870 -0.517341 8909.373528 0.000000 2212 7677 1 0 1 
-1.160057 1.696863 0.000000 1.227552 1.072330 8872.068693 0.000000 2212 7678 1 0 1 
2.814784 0.939146 0.000000 -5.006162 3.362515 8883.298479 0.000000 2212 7679 1 0 1 
0.773970 1.132018 0.000000 -0.669961 3.505785 8819.094390 0.000000 2212 7680 1 0 1 
-0.155224 1.475840 0.000000 2.489927 1.433802 8873.301433 0.000000 2212 7681 1 0 1 
2.721628 -0.899913 0.000000 -3.822334 -2.713076 8899.248357 0.000000 2212 7682 1 0 1 
1.124691 0.515635 0.000000 -0.275009 -5.248080 8922.062858 0.000000 2212 7683 1 0 1 
-0.004510 -1.521385 0.000000 -1.275548 -1.042970 8874.192529 0.000000 2212 7684 1 0 1 
0.273300 0.689274 0.000000 -1.902620 -0.742605 8881.270375 0.000000 2212 7685 1 0 1 
0.521502 1.226392 0.000000 -1.549461 -3.870849 8903.670407 0.000000 2212 7686 1 0 1 
1.493223 0.277911 0.000000 0.315011 0.226883 8884.017912 0.000000 2212 7687 1 0 1 
-0.313644 0.109259 0.000000 -0.643993 1.094017 8892.558886 0.000000 2212 7688 1 0 1 
1.688124 -2.224278 0.000000 -0.854315 -6.376548 8913.971129 0.000000 2212 7689 1 0 1 
-0.149226 -1.325205 0.000000 -1.822125 -0.885165 8901.599515 0.000000 2212 7690 1 0 1 
-0.865076 -0.645782 0.000000 1.236717 0.075021 8881.254471 0.000000 2212 7691 1 0 1 
1.014532 0.069769 0.000000 -4.848422 3.299372 8864.675478 0.000000 2212 7692 1 0 1 
2.631280 -0.041006 0.000000 -6.096503 4.244678 8852.645875 0.000000 2212 7693 1 0 1 
-2.444356 1.221533 0.000000 4.962521 -1.170901 8882.720398 0.000000 2212 7694 1 0 1 
-3.580160 -1.299058 0.000000 3.679247 -3.557744 8899.650540 0.000000 2212 7695 1 0 1 
1.062995 0.206341 0.000000 -0.798040 -2.443928 8867.052131 0.000000 2212 7696 1 0 1 
-0.086567 -2.082329 0.000000 0.913237 -6.447254 8911.650249 0.000000 2212 7697 1 0 1 
1.415687 1.222074 0.000000 -0.867193 3.842454 8823.461498 0.000000 2212 7698 1 0 1 
2.803196 -0.093172 0.000000 -5.545665 6.612744 8852.210529 0.000000 2212 7699 1 0 1 
0.695445 -3.139593 0.000000 -1.879157 1.397844 8862.883813 0.000000 2212 7700 1 0 1 
3.630043 -1.436029 0.000000 -4.327652 1.192482 8880.736646 0.000000 2212 7701 1 0 1 
-0.363528 -1.984197 0.000000 1.140747 -3.799987 8881.036114 0.000000 2212 7702 1 0 1 
0.304952 -0.223389 0.000000 -1.357998 3.386225 8836.426316 0.000000 2212 7703 1 0 1 
1.491145 -0.158840 0.000000 -0.398356 -0.907737 8903.095824 0.000000 2212 7704 1 0 1 
4.278843 -1.174439 0.000000 -6.133537 -3.520762 8929.654973 0.000000 2212 7705 1 0 1 
0.883257 -1.057052 0.000000 -0.549277 2.300183 8886.939285 0.000000 2212 7706 1 0 1 
2.574811 -0.880623 0.000000 -5.019611 -3.350448 8911.547598 0.000000 2212 7707 1 0 1 
-0.502273 -1.484975 0.000000 2.245467 -0.761328 8864.128360 0.000000 2212 7708 1 0 1 
1.056258 -1.204842 0.000000 -4.246527 -5.180443 8886.814228 0.000000 2212 7709 1 0 1 
0.409449 0.786206 0.000000 -1.563726 4.453401 8871.015308 0.000000 2212 7710 1 0 1 
1.468140 0.741243 0.000000 -1.574300 -0.612043 8907.356460 0.000000 2212 7711 1 0 1 
1.065550 0.213450 0.000000 -0.814816 2.082754 8881.378686 0.000000 2212 7712 1 0 1 
1.046639 1.998977 0.000000 -0.264674 1.556970 8858.587899 0.000000 2212 7713 1 0 1 
-1.065762 -1.366835 0.000000 0.544218 -3.793670 8898.823617 0.000000 2212 7714 1 0 1 
0.397229 0.689885 0.000000 0.018780 5.228393 8862.930057 0.000000 2212 7715 1 0 1 
0.201882 0.013834 0.000000 1.294785 -4.417899 8890.364658 0.000000 2212 7716 1 0 1 
3.389269 -0.498548 0.000000 -2.619047 0.342404 8909.994828 0.000000 2212 7717 1 0 1 
4.392569 0.779062 0.000000 -6.962889 3.255362 8905.832643 0.000000 2212 7718 1 0 1 
-1.043009 -2.149987 0.000000 0.555082 -2.189107 8878.606562 0.000000 2212 7719 1 0 1 
1.484738 2.320338 0.000000 -1.920249 2.413333 8900.745156 0.000000 2212 7720 1 0 1 
-1.939932 0.275657 0.000000 4.427099 -1.452558 8910.646300 0.000000 2212 7721 1 0 1 
-0.682584 -1.458458 0.000000 1.940044 -7.650232 8935.989944 0.000000 2212 7722 1 0 1 
0.167217 -1.621008 0.000000 0.363939 -3.868333 8910.828544 0.000000 2212 7723 1 0 1 
-0.000227 -1.996403 0.000000 2.824969 -9.443319 8957.880927 0.000000 2212 7724 1 0 1 
2.159138 -0.708769 0.000000 -1.787590 -1.544319 8900.340279 0.000000 2212 7725 1 0 1 
-0.630633 0.338249 0.000000 1.228771 1.670179 8903.665816 0.000000 2212 7726 1 0 1 
-0.471416 -1.803877 0.000000 3.001733 -3.970301 8927.912493 0.000000 2212 7727 1 0 1 
1.111258 1.100811 0.000000 -0.205532 2.945291 8847.952874 0.000000 2212 7728 1 0 1 
0.577037 -0.476162 0.000000 1.242032 1.185057 8876.265297 0.000000 2212 7729 1 0 1 
-1.094528 0.845226 0.000000 2.955990 2.850118 8837.225785 0.000000 2212 7730 1 0 1 
-0.533075 0.186286 0.000000 1.139075 -1.654231 8894.228842 0.000000 2212 7731 1 0 1 
2.100505 -0.465683 0.000000 -0.465664 -2.168954 8924.881923 0.000000 2212 7732 1 0 1 
-3.041449 -1.026304 0.000000 4.668819 0.125236 8902.101062 0.000000 2212 7733 1 0 1 
-0.252651 -0.435270 0.000000 0.990845 -2.731063 8944.401253 0.000000 2212 7734 1 0 1 
-0.796862 -1.466250 0.000000 0.163081 -0.471447 8893.375171 0.000000 2212 7735 1 0 1 
1.637336 -1.417578 0.000000 -3.052814 -1.306715 8927.551299 0.000000 2212 7736 1 0 1 
1.002487 -0.694306 0.000000 -1.341132 -1.120720 8875.618943 0.000000 2212 7737 1 0 1 
-0.703408 -0.386061 0.000000 1.917275 -0.902867 8936.004429 0.000000 2212 7738 1 0 1 
-0.440565 0.932874 0.000000 0.565817 -2.363575 8917.726589 0.000000 2212 7739 1 0 1 
1.078076 0.108303 0.000000 -0.379452 0.555850 8907.664949 0.000000 2212 7740 1 0 1 
0.776397 -1.523608 0.000000 -0.442951 -2.476136 8918.233193 0.000000 2212 7741 1 0 1 
1.797350 -0.689754 0.000000 -2.700975 -1.025957 8878.769028 0.000000 2212 7742 1 0 1 
-1.886394 -0.336392 0.000000 4.116134 1.879968 8902.875238 0.000000 2212 7743 1 0 1 
0.073510 0.394783 0.000000 0.184831 -1.086842 8891.248796 0.000000 2212 7744 1 0 1 
-0.887254 0.806043 0.000000 1.345135 -3.024012 8878.669316 0.000000 2212 7745 1 0 1 
-0.258610 0.957699 0.000000 -0.212398 -0.923390 8895.312051 0.000000 2212 7746 1 0 1 
3.852996 1.864402 0.000000 -8.203590 3.520682 8837.779943 0.000000 2212 7747 1 0 1 
-3.750267 -0.711683 0.000000 4.304167 -2.870123 8941.064015 0.000000 2212 7748 1 0 1 
0.590698 -0.580778 0.000000 0.217478 -6.028530 8891.373177 0.000000 2212 7749 1 0 1 
0.114815 0.558158 0.000000 1.772687 1.106134 8858.982567 0.000000 2212 7750 1 0 1 
-1.079131 -0.072302 0.000000 0.931900 -5.889537 8947.499529 0.000000 2212 7751 1 0 1 
-0.936555 1.229684 0.000000 1.415534 0.241146 8916.208933 0.000000 2212 7752 1 0 1 
1.847375 1.476231 0.000000 -4.130471 2.436822 8889.895422 0.000000 2212 7753 1 0 1 
0.240697 -0.207806 0.000000 -1.278325 -3.320595 8914.960251 0.000000 2212 7754 1 0 1 
2.112096 -0.205306 0.000000 -1.352253 -2.368811 8926.487815 0.000000 2212 7755 1 0 1 
1.947347 -1.086655 0.000000 -3.000089 2.620933 8866.982147 0.000000 2212 7756 1 0 1 
2.598496 0.158542 0.000000 -0.317322 -2.395589 8943.554406 0.000000 2212 7757 1 0 1 
0.050451 0.667534 0.000000 -1.490256 -1.882095 8885.764801 0.000000 2212 7758 1 0 1 
-1.771482 -0.560294 0.000000 4.032185 -2.815185 8903.714826 0.000000 2212 7759 1 0 1 
2.109411 -0.797602 0.000000 -1.931757 -4.457627 8887.543718 0.000000 2212 7760 1 0 1 
-1.994723 -1.741598 0.000000 5.002149 -3.460287 8922.184241 0.000000 2212 7761 1 0 1 
-2.798307 -0.068758 0.000000 4.613555 1.920263 8883.576080 0.000000 2212 7762 1 0 1 
1.463213 0.548743 0.000000 -3.656597 -0.563864 8887.654164 0.000000 2212 7763 1 0 1 
-2.215414 -0.607379 0.000000 4.216426 -1.023260 8868.723036 0.000000 2212 7764 1 0 1 
0.903454 0.104115 0.000000 -0.634588 1.895160 8863.262869 0.000000 2212 7765 1 0 1 
-2.557031 2.509150 0.000000 2.579717 3.771139 8876.891659 0.000000 2212 7766 1 0 1 
-0.191293 1.266830 0.000000 2.340416 4.534661 8856.711336 0.000000 2212 7767 1 0 1 
0.057601 -0.978606 0.000000 -0.198371 -0.601411 8868.916904 0.000000 2212 7768 1 0 1 
0.328002 -1.124750 0.000000 -1.482060 -1.165289 8883.895634 0.000000 2212 7769 1 0 1 
-3.288024 0.486940 0.000000 5.595999 3.765541 8846.842100 0.000000 2212 7770 1 0 1 
0.055929 -0.231278 0.000000 1.411476 -1.434692 8876.978493 0.000000 2212 7771 1 0 1 
-2.026802 0.781258 0.000000 1.332767 4.514717 8852.013588 0.000000 2212 7772 1 0 1 
2.607934 0.423116 0.000000 -3.858324 3.058853 8887.882150 0.000000 2212 7773 1 0 1 
-4.051870 -0.293418 0.000000 3.142558 0.878910 8864.451266 0.000000 2212 7774 1 0 1 
-2.850463 -0.106518 0.000000 5.475226 2.234266 8840.159463 0.000000 2212 7775 1 0 1 
0.564204 -1.027202 0.000000 -0.154646 -0.998226 8918.827707 0.000000 2212 7776 1 0 1 
-5.587489 1.949759 0.000000 6.109389 5.207871 8834.703355 0.000000 2212 7777 1 0 1 
3.021046 1.515413 0.000000 -6.057341 0.286642 8886.783104 0.000000 2212 7778 1 0 1 
-0.505226 -1.296843 0.000000 -0.801826 0.107999 8917.759698 0.000000 2212 7779 1 0 1 
-0.715198 -2.329356 0.000000 2.580259 -6.566352 8957.416117 0.000000 2212 7780 1 0 1 
1.887216 0.051064 0.000000 -2.023766 -3.035186 8914.714880 0.000000 2212 7781 1 0 1 
-3.689740 1.408511 0.000000 4.712502 0.477912 8876.715326 0.000000 2212 7782 1 0 1 
2.492379 -0.107516 0.000000 -2.857026 -0.276167 8895.527332 0.000000 2212 7783 1 0 1 
-0.117058 -0.103974 0.000000 -0.597988 -0.827723 8872.640986 0.000000 2212 7784 1 0 1 
-0.170357 1.684471 0.000000 0.135603 -1.779905 8890.673870 0.000000 2212 7785 1 0 1 
-0.206673 0.984563 0.000000 2.233608 1.525073 8858.279581 0.000000 2212 7786 1 0 1 
-1.936846 0.035775 0.000000 4.019516 -2.111295 8928.039379 0.000000 2212 7787 1 0 1 
3.100176 0.161475 0.000000 -5.337180 1.113911 8888.366865 0.000000 2212 7788 1 0 1 
1.059541 -1.566212 0.000000 -2.515523 0.683872 8862.574056 0.000000 2212 7789 1 0 1 
-0.470642 1.117873 0.000000 -1.138584 5.269725 8822.601244 0.000000 2212 7790 1 0 1 
-0.735267 2.125271 0.000000 0.142193 5.965365 8831.123646 0.000000 2212 7791 1 0 1 
0.851408 0.200329 0.000000 0.247612 0.455777 8871.301296 0.000000 2212 7792 1 0 1 
0.257871 -0.887207 0.000000 0.073261 -1.663226 8910.728116 0.000000 2212 7793 1 0 1 
-1.717688 -2.150894 0.000000 1.426419 -3.601912 8913.758583 0.000000 2212 7794 1 0 1 
-0.413468 -1.099358 0.000000 0.260903 -1.629249 8888.621240 0.000000 2212 7795 1 0 1 
-2.156350 1.861155 0.000000 3.182702 -0.520834 8907.771541 0.000000 2212 7796 1 0 1 
0.107681 0.145050 0.000000 -1.858043 -1.943566 8928.879428 0.000000 2212 7797 1 0 1 
-1.865661 1.056767 0.000000 0.510957 0.200446 8875.801910 0.000000 2212 7798 1 0 1 
-0.101230 1.403818 0.000000 0.338845 0.542441 8905.175152 0.000000 2212 7799 1 0 1 
-0.504451 -0.735455 0.000000 3.006153 -0.153340 8921.492877 0.000000 2212 7800 1 0 1 
0.671947 3.295949 0.000000 -2.593217 7.620988 8830.269687 0.000000 2212 7801 1 0 1 
0.956372 -2.172273 0.000000 -1.065792 -5.462744 8905.890036 0.000000 2212 7802 1 0 1 
1.861039 -0.076532 0.000000 -1.502081 -0.170528 8870.733925 0.000000 2212 7803 1 0 1 
0.278321 -0.888035 0.000000 0.004681 -1.618545 8888.198707 0.000000 2212 7804 1 0 1 
1.138228 -1.034197 0.000000 -1.530086 -2.898954 8888.944589 0.000000 2212 7805 1 0 1 
4.991354 0.863875 0.000000 -7.112465 1.280067 8873.967576 0.000000 2212 7806 1 0 1 
-0.229708 -0.161673 0.000000 -1.041564 2.162093 8857.387941 0.000000 2212 7807 1 0 1 
-0.606568 -1.957144 0.000000 1.004431 -1.046582 8893.100947 0.000000 2212 7808 1 0 1 
-3.501376 -0.243931 0.000000 3.576377 4.368469 8847.291428 0.000000 2212 7809 1 0 1 
-2.684458 1.021958 0.000000 4.935210 1.907124 8901.969687 0.000000 2212 7810 1 0 1 
1.504383 -0.267659 0.000000 -1.892375 4.257679 8839.794549 0.000000 2212 7811 1 0 1 
-0.892620 -1.996717 0.000000 0.225706 -1.244881 8881.841084 0.000000 2212 7812 1 0 1 
-2.103892 -1.792546 0.000000 5.411139 -2.947352 8909.306625 0.000000 2212 7813 1 0 1 
1.959571 2.202019 0.000000 -4.058636 6.036219 8861.650419 0.000000 2212 7814 1 0 1 
1.697966 1.458219 0.000000 -2.127171 1.228883 8871.533823 0.000000 2212 7815 1 0 1 
-2.383401 -0.782476 0.000000 3.284792 0.275098 8880.086047 0.000000 2212 7816 1 0 1 
0.797914 -2.513102 0.000000 1.242452 -4.151882 8940.402747 0.000000 2212 7817 1 0 1 
2.006797 -0.753909 0.000000 -2.588062 -2.340761 8925.284720 0.000000 2212 7818 1 0 1 
-1.026989 0.345712 0.000000 0.701718 -1.058071 8906.230967 0.000000 2212 7819 1 0 1 
2.075917 -0.324816 0.000000 -4.073944 -0.858793 8918.015636 0.000000 2212 7820 1 0 1 
1.416601 -0.367407 0.000000 -0.036133 -1.203895 8906.951189 0.000000 2212 7821 1 0 1 
-0.482198 -1.608700 0.000000 0.447736 -0.007798 8837.195473 0.000000 2212 7822 1 0 1 
0.496114 -2.040767 0.000000 -1.069620 0.417853 8845.522538 0.000000 2212 7823 1 0 1 
-0.823980 -1.137047 0.000000 1.639182 1.863648 8867.346790 0.000000 2212 7824 1 0 1 
0.739748 -1.839098 0.000000 -2.931503 -2.035669 8923.318769 0.000000 2212 7825 1 0 1 
-2.358590 -1.127765 0.000000 3.948238 -3.278896 8884.968835 0.000000 2212 7826 1 0 1 
-1.639422 1.598283 0.000000 1.564522 -0.670235 8931.238637 0.000000 2212 7827 1 0 1 
2.614444 0.217411 0.000000 -3.325007 1.392676 8873.921136 0.000000 2212 7828 1 0 1 
1.072920 1.632706 0.000000 -1.938360 3.790161 8904.556269 0.000000 2212 7829 1 0 1 
-1.792162 0.926807 0.000000 0.316989 5.198140 8848.613199 0.000000 2212 7830 1 0 1 
-1.847363 -0.274263 0.000000 2.964392 -3.350126 8944.059778 0.000000 2212 7831 1 0 1 
0.734157 -2.457035 0.000000 0.563000 -6.351594 8933.228456 0.000000 2212 7832 1 0 1 
2.117004 0.459688 0.000000 -3.909550 1.241895 8875.614102 0.000000 2212 7833 1 0 1 
-1.830351 -2.601502 0.000000 1.145607 -5.587054 8941.976152 0.000000 2212 7834 1 0 1 
-1.310250 0.558056 0.000000 0.540196 5.170308 8866.074897 0.000000 2212 7835 1 0 1 
0.273902 -1.062500 0.000000 0.010662 0.731993 8885.392985 0.000000 2212 7836 1 0 1 
1.912347 0.844038 0.000000 -3.392815 -0.670595 8892.417969 0.000000 2212 7837 1 0 1 
0.338018 1.070741 0.000000 -0.561947 1.577037 8880.436434 0.000000 2212 7838 1 0 1 
0.162537 -1.600031 0.000000 0.051451 -5.049035 8939.964295 0.000000 2212 7839 1 0 1 
0.758124 -0.598553 0.000000 -1.449212 -2.163762 8895.611000 0.000000 2212 7840 1 0 1 
3.219560 0.513213 0.000000 -8.402098 0.759274 8869.162026 0.000000 2212 7841 1 0 1 
-1.015043 1.088391 0.000000 -0.271878 -0.025802 8887.604135 0.000000 2212 7842 1 0 1 
1.645743 -0.601647 0.000000 -1.245066 -0.623639 8824.084723 0.000000 2212 7843 1 0 1 
-0.659049 -0.260033 0.000000 -0.843570 -2.061918 8897.365967 0.000000 2212 7844 1 0 1 
3.198961 -0.376029 0.000000 -3.471484 -4.415887 8903.962826 0.000000 2212 7845 1 0 1 
-1.105061 -2.456520 0.000000 2.395447 -2.598518 8927.335169 0.000000 2212 7846 1 0 1 
0.977882 0.284065 0.000000 -2.167496 -2.826104 8926.889751 0.000000 2212 7847 1 0 1 
1.301135 1.513745 0.000000 -1.884242 -2.223969 8917.153212 0.000000 2212 7848 1 0 1 
-1.013229 0.018163 0.000000 2.866010 1.782004 8855.560390 0.000000 2212 7849 1 0 1 
1.323885 0.672058 0.000000 -1.496459 -0.148560 8912.799079 0.000000 2212 7850 1 0 1 
-0.467016 0.289459 0.000000 1.255521 -0.308173 8854.792423 0.000000 2212 7851 1 0 1 
1.745227 -0.211109 0.000000 -1.074601 2.172325 8862.245633 0.000000 2212 7852 1 0 1 
-2.357144 2.668606 0.000000 2.445526 2.599534 8862.714354 0.000000 2212 7853 1 0 1 
-0.007648 0.902478 0.000000 -1.327006 -1.488235 8891.237665 0.000000 2212 7854 1 0 1 
2.594307 -0.118125 0.000000 -5.362396 0.571557 8866.944682 0.000000 2212 7855 1 0 1 
2.598964 1.423731 0.000000 -5.065345 0.437386 8859.685753 0.000000 2212 7856 1 0 1 
0.666744 0.525708 0.000000 0.096412 1.741729 8872.549987 0.000000 2212 7857 1 0 1 
-0.336909 -0.637239 0.000000 1.367709 1.895520 8873.262980 0.000000 2212 7858 1 0 1 
2.034589 0.569395 0.000000 -4.866409 7.635691 8836.762934 0.000000 2212 7859 1 0 1 
-1.581225 0.533103 0.000000 2.310553 4.719445 8852.786260 0.000000 2212 7860 1 0 1 
0.845601 -0.446951 0.000000 -3.566224 0.251751 8864.382747 0.000000 2212 7861 1 0 1 
1.627764 0.634320 0.000000 -2.291220 2.250512 8854.864497 0.000000 2212 7862 1 0 1 
-0.777644 -1.281159 0.000000 1.111026 -0.920081 8906.242776 0.000000 2212 7863 1 0 1 
-0.850132 -0.960131 0.000000 1.701610 -2.699799 8841.066618 0.000000 2212 7864 1 0 1 
0.914085 0.045546 0.000000 -1.720654 5.710069 8893.687820 0.000000 2212 7865 1 0 1 
-1.430694 -0.356358 0.000000 0.629891 1.144090 8883.219093 0.000000 2212 7866 1 0 1 
0.917523 -1.611935 0.000000 -1.301669 -4.513678 8921.294006 0.000000 2212 7867 1 0 1 
3.213034 0.695378 0.000000 -4.375897 -3.537356 8918.980286 0.000000 2212 7868 1 0 1 
1.666107 0.694984 0.000000 -1.224213 0.544976 8890.451499 0.000000 2212 7869 1 0 1 
0.282312 0.390989 0.000000 -0.121993 0.129043 8829.641578 0.000000 2212 7870 1 0 1 
1.235395 1.910152 0.000000 -0.569648 5.095725 8879.086736 0.000000 2212 7871 1 0 1 
1.523583 -0.597153 0.000000 -3.113846 -2.037901 8924.904138 0.000000 2212 7872 1 0 1 
1.287561 -1.528624 0.000000 -2.013242 -6.791150 8915.271965 0.000000 2212 7873 1 0 1 
-1.480616 0.760046 0.000000 2.568495 0.228927 8905.658265 0.000000 2212 7874 1 0 1 
0.877178 -0.701665 0.000000 -1.281886 -2.398613 8897.764730 0.000000 2212 7875 1 0 1 
0.215132 0.474766 0.000000 0.357512 -1.602184 8942.825128 0.000000 2212 7876 1 0 1 
-1.590618 -0.839777 0.000000 2.396070 1.436785 8868.027531 0.000000 2212 7877 1 0 1 
-2.949255 0.489840 0.000000 3.851348 1.040405 8892.797442 0.000000 2212 7878 1 0 1 
0.780032 -0.008629 0.000000 -1.107789 -2.880233 8936.776911 0.000000 2212 7879 1 0 1 
-0.195814 -0.704970 0.000000 -0.463350 -2.395359 8948.029878 0.000000 2212 7880 1 0 1 
-1.201347 -2.364459 0.000000 0.277266 -1.675540 8889.979333 0.000000 2212 7881 1 0 1 
1.063735 -0.340569 0.000000 -1.071687 -1.673093 8884.069230 0.000000 2212 7882 1 0 1 
-1.442087 -0.966293 0.000000 2.248025 -0.468823 8890.992722 0.000000 2212 7883 1 0 1 
-0.936557 0.996137 0.000000 3.075971 -0.461698 8901.560671 0.000000 2212 7884 1 0 1 
2.520033 0.102039 0.000000 -4.815452 0.570534 8875.683548 0.000000 2212 7885 1 0 1 
-1.102451 -1.192133 0.000000 1.165998 -3.938490 8863.074398 0.000000 2212 7886 1 0 1 
-1.880805 1.506655 0.000000 2.845907 1.416874 8880.619544 0.000000 2212 7887 1 0 1 
-0.750329 -0.284246 0.000000 1.387143 -1.614583 8947.715136 0.000000 2212 7888 1 0 1 
0.131359 -1.609878 0.000000 -0.627146 -1.159478 8835.574153 0.000000 2212 7889 1 0 1 
-0.239027 0.522177 0.000000 0.161950 0.178287 8893.938511 0.000000 2212 7890 1 0 1 
2.715905 -0.733932 0.000000 -4.556748 -2.336989 8887.669905 0.000000 2212 7891 1 0 1 
1.472063 -0.029545 0.000000 -1.343893 0.019393 8859.097479 0.000000 2212 7892 1 0 1 
0.346614 0.350246 0.000000 -4.789342 4.714020 8854.063188 0.000000 2212 7893 1 0 1 
-1.900038 0.140148 0.000000 4.930848 1.157988 8869.159375 0.000000 2212 7894 1 0 1 
2.014452 1.927243 0.000000 -1.291498 1.272525 8854.940845 0.000000 2212 7895 1 0 1 
3.127824 0.526151 0.000000 -1.841935 -4.550478 8926.155905 0.000000 2212 7896 1 0 1 
-1.321807 1.729141 0.000000 2.020360 1.386614 8875.012150 0.000000 2212 7897 1 0 1 
0.724593 0.640082 0.000000 1.820630 -2.642469 8928.094166 0.000000 2212 7898 1 0 1 
-1.500925 0.484419 0.000000 2.111123 1.918261 8874.767711 0.000000 2212 7899 1 0 1 
3.483949 -1.536497 0.000000 -2.938091 -5.116197 8923.561758 0.000000 2212 7900 1 0 1 
-0.088281 1.633736 0.000000 -1.057855 2.892206 8844.783360 0.000000 2212 7901 1 0 1 
2.076314 -0.567188 0.000000 -3.523676 0.138602 8863.620132 0.000000 2212 7902 1 0 1 
-0.142394 0.969745 0.000000 0.926797 3.223797 8848.182499 0.000000 2212 7903 1 0 1 
-0.375680 1.015242 0.000000 -0.819667 2.484844 8865.250220 0.000000 2212 7904 1 0 1 
2.644467 -1.192576 0.000000 -3.924698 2.600599 8905.517443 0.000000 2212 7905 1 0 1 
1.355948 0.186972 0.000000 -2.480915 0.873678 8914.420509 0.000000 2212 7906 1 0 1 
-0.697284 0.432050 0.000000 0.399766 -4.542093 8909.990860 0.000000 2212 7907 1 0 1 
-1.690101 -2.044109 0.000000 2.025093 -3.766478 8910.394920 0.000000 2212 7908 1 0 1 
-0.162754 0.022399 0.000000 0.545467 -0.743835 8869.959750 0.000000 2212 7909 1 0 1 
-2.319698 -0.401355 0.000000 1.529433 1.283543 8878.364389 0.000000 2212 7910 1 0 1 
-1.910064 2.997215 0.000000 2.644837 -1.578558 8936.643291 0.000000 2212 7911 1 0 1 
-1.746069 0.970814 0.000000 1.315060 5.710324 8854.300733 0.000000 2212 7912 1 0 1 
-1.245365 -0.078749 0.000000 3.163274 2.651245 8885.240361 0.000000 2212 7913 1 0 1 
-2.650452 -0.051897 0.000000 3.015781 -0.734906 8923.470921 0.000000 2212 7914 1 0 1 
0.545453 -1.071090 0.000000 1.460484 2.018233 8879.638447 0.000000 2212 7915 1 0 1 
1.871503 -0.587699 0.000000 -2.809869 -0.686198 8878.939759 0.000000 2212 7916 1 0 1 
-2.422807 1.985731 0.000000 2.955476 -0.923697 8872.993368 0.000000 2212 7917 1 0 1 
1.114060 -1.865206 0.000000 -0.419616 -1.646066 8877.817581 0.000000 2212 7918 1 0 1 
1.359788 1.181170 0.000000 -1.762976 1.928826 8884.138512 0.000000 2212 7919 1 0 1 
0.879727 -0.370977 0.000000 0.538897 -2.584195 8900.499433 0.000000 2212 7920 1 0 1 
-1.077659 -1.413897 0.000000 0.410512 -3.824850 8875.715866 0.000000 2212 7921 1 0 1 
-1.338742 -0.312056 0.000000 0.552589 -0.082231 8885.154254 0.000000 2212 7922 1 0 1 
0.100405 -1.421252 0.000000 -0.739107 -5.441309 8896.518065 0.000000 2212 7923 1 0 1 
-1.270697 -1.854575 0.000000 1.142160 -7.882188 8967.287056 0.000000 2212 7924 1 0 1 
-0.162603 -2.174623 0.000000 1.815429 -5.574229 8918.926162 0.000000 2212 7925 1 0 1 
-0.678176 -0.247702 0.000000 0.075881 0.001370 8867.074152 0.000000 2212 7926 1 0 1 
-1.624269 -1.417808 0.000000 -0.755736 -4.586785 8952.366933 0.000000 2212 7927 1 0 1 
3.304263 -0.561333 0.000000 -4.013396 -4.490698 8906.576519 0.000000 2212 7928 1 0 1 
0.066737 -1.687043 0.000000 -1.111563 -5.480655 8923.173644 0.000000 2212 7929 1 0 1 
-2.691740 0.239573 0.000000 4.957810 3.542832 8864.624239 0.000000 2212 7930 1 0 1 
-0.071942 1.150764 0.000000 -0.747943 4.055531 8842.396847 0.000000 2212 7931 1 0 1 
0.361188 -0.175241 0.000000 -0.258017 3.702511 8827.298156 0.000000 2212 7932 1 0 1 
1.939686 -0.572218 0.000000 -3.726884 2.397472 8844.384190 0.000000 2212 7933 1 0 1 
0.861970 -0.697770 0.000000 -1.302526 -1.590304 8931.269870 0.000000 2212 7934 1 0 1 
0.969538 -0.822223 0.000000 -0.996858 -0.960958 8910.500407 0.000000 2212 7935 1 0 1 
2.614667 1.761394 0.000000 -1.647935 5.169592 8898.233304 0.000000 2212 7936 1 0 1 
2.231626 -1.602757 0.000000 -1.632904 -2.445956 8922.062724 0.000000 2212 7937 1 0 1 
2.715318 -0.365894 0.000000 -3.787454 -2.837784 8907.794226 0.000000 2212 7938 1 0 1 
-2.269085 -0.168847 0.000000 2.474421 1.562255 8899.615564 0.000000 2212 7939 1 0 1 
0.824830 0.746475 0.000000 -1.180477 0.280984 8898.817206 0.000000 2212 7940 1 0 1 
1.680261 0.816989 0.000000 -1.791824 -2.705440 8920.279842 0.000000 2212 7941 1 0 1 
1.131035 2.142098 0.000000 -0.127654 1.369259 8882.693503 0.000000 2212 7942 1 0 1 
-0.106087 1.745120 0.000000 2.795434 1.451893 8903.303686 0.000000 2212 7943 1 0 1 
0.927055 0.366161 0.000000 -0.873115 -3.977047 8919.869012 0.000000 2212 7944 1 0 1 
1.011733 -2.273405 0.000000 -2.243954 -1.895958 8899.468658 0.000000 2212 7945 1 0 1 
0.528525 1.299267 0.000000 -0.260955 0.509921 8928.842102 0.000000 2212 7946 1 0 1 
-0.113385 1.150536 0.000000 -1.500463 4.458476 8820.594510 0.000000 2212 7947 1 0 1 
2.039449 -2.715889 0.000000 -2.871662 -4.270637 8936.894561 0.000000 2212 7948 1 0 1 
0.789458 0.255287 0.000000 -1.637186 -3.506960 8891.444361 0.000000 2212 7949 1 0 1 
1.691940 -2.315648 0.000000 -0.499802 -1.622955 8920.956116 0.000000 2212 7950 1 0 1 
1.264412 0.699035 0.000000 -1.727344 2.243200 8864.005126 0.000000 2212 7951 1 0 1 
-2.523710 0.191068 0.000000 4.406228 4.095296 8871.928267 0.000000 2212 7952 1 0 1 
1.038472 1.290139 0.000000 -1.398375 3.654450 8862.164512 0.000000 2212 7953 1 0 1 
1.414327 -0.328211 0.000000 -2.694620 0.107483 8886.584109 0.000000 2212 7954 1 0 1 
-0.748552 0.208074 0.000000 0.620007 1.305713 8882.247335 0.000000 2212 7955 1 0 1 
-2.559950 -2.031323 0.000000 3.903733 -1.733559 8866.956427 0.000000 2212 7956 1 0 1 
0.084063 -0.745049 0.000000 -0.386595 -1.481634 8845.563075 0.000000 2212 7957 1 0 1 
0.847136 -0.981546 0.000000 -1.087037 -3.612929 8901.973561 0.000000 2212 7958 1 0 1 
0.118896 -1.833679 0.000000 -1.768610 -0.086916 8875.036437 0.000000 2212 7959 1 0 1 
0.725818 2.594790 0.000000 0.776463 7.816828 8826.606373 0.000000 2212 7960 1 0 1 
-0.936443 1.190983 0.000000 2.596585 2.008100 8889.183945 0.000000 2212 7961 1 0 1 
0.046615 -2.564613 0.000000 -0.577881 0.965905 8888.365061 0.000000 2212 7962 1 0 1 
2.645464 0.832757 0.000000 -4.208335 2.697446 8862.179447 0.000000 2212 7963 1 0 1 
0.414737 0.526997 0.000000 -0.496808 -1.841135 8900.835720 0.000000 2212 7964 1 0 1 
-1.946725 1.057704 0.000000 2.871948 2.994339 8883.537200 0.000000 2212 7965 1 0 1 
-2.716051 -0.765496 0.000000 4.128860 1.205146 8870.224264 0.000000 2212 7966 1 0 1 
-0.647319 0.293574 0.000000 0.742712 -0.945631 8890.881548 0.000000 2212 7967 1 0 1 
-1.159864 -0.250197 0.000000 -1.056354 0.390893 8852.948508 0.000000 2212 7968 1 0 1 
-1.389504 2.410205 0.000000 0.083086 4.263386 8878.105502 0.000000 2212 7969 1 0 1 
-0.586960 0.094263 0.000000 1.291503 -1.029961 8910.773682 0.000000 2212 7970 1 0 1 
-0.233441 0.328355 0.000000 -1.597698 2.446535 8893.083975 0.000000 2212 7971 1 0 1 
0.685195 -1.618627 0.000000 0.543924 -2.006063 8901.904963 0.000000 2212 7972 1 0 1 
1.578591 0.585084 0.000000 -1.944045 3.204760 8850.080558 0.000000 2212 7973 1 0 1 
-2.266794 -1.256540 0.000000 1.268484 -2.302671 8933.998213 0.000000 2212 7974 1 0 1 
-0.129802 0.502524 0.000000 -0.800535 2.654925 8897.803532 0.000000 2212 7975 1 0 1 
2.364716 0.375288 0.000000 -4.824284 -3.156593 8903.885938 0.000000 2212 7976 1 0 1 
-0.114913 1.721714 0.000000 0.218010 -0.078078 8901.808325 0.000000 2212 7977 1 0 1 
1.798190 -0.238071 0.000000 -2.264125 -3.874362 8894.090547 0.000000 2212 7978 1 0 1 
-2.061536 0.694304 0.000000 3.279018 2.716234 8881.330517 0.000000 2212 7979 1 0 1 
2.814280 -0.053453 0.000000 -4.653111 -2.641708 8895.491854 0.000000 2212 7980 1 0 1 
3.522332 -0.120958 0.000000 -6.509368 1.144051 8840.181339 0.000000 2212 7981 1 0 1 
2.472407 0.984948 0.000000 -2.948582 7.725654 8814.721448 0.000000 2212 7982 1 0 1 
-1.365247 -0.028186 0.000000 0.716050 3.181431 8841.875879 0.000000 2212 7983 1 0 1 
2.889748 0.732692 0.000000 -3.333599 1.124110 8882.823673 0.000000 2212 7984 1 0 1 
1.802639 1.247058 0.000000 -4.555604 2.467950 8863.949551 0.000000 2212 7985 1 0 1 
2.057132 -1.939218 0.000000 -1.827416 0.550748 8888.688549 0.000000 2212 7986 1 0 1 
-0.736932 -2.089156 0.000000 1.042928 -3.095773 8931.683923 0.000000 2212 7987 1 0 1 
-0.823799 -1.306944 0.000000 0.022740 -1.779702 8877.163147 0.000000 2212 7988 1 0 1 
0.296660 -1.930469 0.000000 0.967472 -2.495077 8940.059868 0.000000 2212 7989 1 0 1 
-0.181208 -0.863041 0.000000 -2.773326 1.154928 8870.130402 0.000000 2212 7990 1 0 1 
-1.250712 1.787290 0.000000 2.593056 4.313196 8842.728744 0.000000 2212 7991 1 0 1 
-3.464917 -0.001318 0.000000 6.741770 -2.990329 8925.996680 0.000000 2212 7992 1 0 1 
0.925280 -1.819982 0.000000 -0.479039 -1.592764 8915.493949 0.000000 2212 7993 1 0 1 
0.107720 0.812300 0.000000 0.209214 11.321648 8818.845446 0.000000 2212 7994 1 0 1 
-1.113720 -1.649385 0.000000 2.450600 -5.608915 8883.963006 0.000000 2212 7995 1 0 1 
1.016858 1.097669 0.000000 -3.924750 0.960893 8895.054839 0.000000 2212 7996 1 0 1 
-0.264840 -0.866304 0.000000 1.100672 -2.999386 8936.437297 0.000000 2212 7997 1 0 1 
-0.543479 1.203755 0.000000 -0.995090 1.486528 8880.366465 0.000000 2212 7998 1 0 1 
2.949133 -0.307064 0.000000 -4.413584 -2.202087 8923.164117 0.000000 2212 7999 1 0 1 
1.663639 -0.505962 0.000000 0.020432 -0.369457 8897.871871 0.000000 2212 8000 1 0 1 
1.194796 0.904611 0.000000 -3.124036 5.435480 8865.404987 0.000000 2212 8001 1 0 1 
-0.182452 0.237316 0.000000 -0.570413 2.387993 8836.592007 0.000000 2212 8002 1 0 1 
-2.202998 0.590628 0.000000 3.833135 -0.817538 8898.416565 0.000000 2212 8003 1 0 1 
-0.873772 1.631801 0.000000 2.721800 -0.562482 8877.941909 0.000000 2212 8004 1 0 1 
1.879034 0.064856 0.000000 -0.591776 0.197591 8869.422841 0.000000 2212 8005 1 0 1 
-0.789895 0.351649 0.000000 0.531768 -5.470815 8941.838993 0.000000 2212 8006 1 0 1 
-0.857144 -1.352447 0.000000 2.102584 -2.780132 8912.536840 0.000000 2212 8007 1 0 1 
-1.753234 0.307491 0.000000 2.767295 1.818392 8890.168821 0.000000 2212 8008 1 0 1 
0.501046 0.728259 0.000000 -0.128785 -3.504933 8892.595304 0.000000 2212 8009 1 0 1 
1.617201 -2.036741 0.000000 -0.784085 -0.173171 8914.024721 0.000000 2212 8010 1 0 1 
1.562874 -1.747738 0.000000 -2.078622 -2.927125 8916.522652 0.000000 2212 8011 1 0 1 
0.337855 -2.201805 0.000000 0.973295 -0.923610 8879.671230 0.000000 2212 8012 1 0 1 
3.047281 -1.477767 0.000000 -1.970869 -0.252067 8874.279935 0.000000 2212 8013 1 0 1 
-0.798723 0.191611 0.000000 -0.270261 4.149695 8827.234129 0.000000 2212 8014 1 0 1 
-1.317229 0.351164 0.000000 1.484973 0.034017 8868.293860 0.000000 2212 8015 1 0 1 
-0.097875 -1.062542 0.000000 1.526880 0.844339 8893.562228 0.000000 2212 8016 1 0 1 
-0.023707 0.287191 0.000000 0.207941 -0.495673 8857.191038 0.000000 2212 8017 1 0 1 
0.036818 -1.067949 0.000000 0.839123 -2.675195 8897.978063 0.000000 2212 8018 1 0 1 
0.634464 1.539078 0.000000 -2.265562 3.965151 8854.941254 0.000000 2212 8019 1 0 1 
-0.151286 -0.579778 0.000000 -0.819962 4.985896 8856.959884 0.000000 2212 8020 1 0 1 
1.642879 0.708131 0.000000 -4.279274 4.075276 8844.891537 0.000000 2212 8021 1 0 1 
1.766517 1.812207 0.000000 -2.574613 -1.225310 8900.329899 0.000000 2212 8022 1 0 1 
-2.269722 0.621458 0.000000 2.911867 -0.366545 8908.678838 0.000000 2212 8023 1 0 1 
-1.824920 -0.480266 0.000000 3.438162 0.499856 8875.362460 0.000000 2212 8024 1 0 1 
-2.473842 -0.511378 0.000000 3.073975 -4.318374 8919.867224 0.000000 2212 8025 1 0 1 
-1.827041 0.919474 0.000000 -0.790262 0.275296 8869.977118 0.000000 2212 8026 1 0 1 
-0.089892 0.321906 0.000000 -0.493903 -1.766566 8887.492194 0.000000 2212 8027 1 0 1 
0.799707 1.256557 0.000000 -2.571215 1.426966 8832.192329 0.000000 2212 8028 1 0 1 
-2.075960 1.104560 0.000000 0.853017 1.582537 8897.577301 0.000000 2212 8029 1 0 1 
-0.114088 0.276897 0.000000 -3.410505 0.251601 8881.939215 0.000000 2212 8030 1 0 1 
1.238422 0.249694 0.000000 -1.851793 0.437787 8859.732063 0.000000 2212 8031 1 0 1 
-3.077424 3.192850 0.000000 2.803000 7.023532 8828.433569 0.000000 2212 8032 1 0 1 
1.518986 0.311814 0.000000 -3.049736 -1.185895 8907.736107 0.000000 2212 8033 1 0 1 
2.069767 1.471509 0.000000 -2.542337 3.451664 8881.284993 0.000000 2212 8034 1 0 1 
-0.859163 -0.009005 0.000000 -2.468644 4.263135 8844.256062 0.000000 2212 8035 1 0 1 
0.248608 -1.001858 0.000000 -0.179289 -5.432663 8954.701227 0.000000 2212 8036 1 0 1 
-0.941500 -1.447410 0.000000 0.286021 -2.457262 8848.259452 0.000000 2212 8037 1 0 1 
0.542014 1.018904 0.000000 0.007452 4.078693 8845.623426 0.000000 2212 8038 1 0 1 
-0.518470 1.481370 0.000000 2.443458 -0.189734 8871.034045 0.000000 2212 8039 1 0 1 
0.344778 -1.093636 0.000000 -1.659445 1.162033 8870.792944 0.000000 2212 8040 1 0 1 
-0.732994 -0.357890 0.000000 2.018471 1.461503 8897.739832 0.000000 2212 8041 1 0 1 
-0.074655 0.752207 0.000000 -0.885860 -1.522107 8896.060726 0.000000 2212 8042 1 0 1 
-0.996114 -0.597500 0.000000 2.605842 -2.631785 8891.932962 0.000000 2212 8043 1 0 1 
-0.324270 -1.680331 0.000000 -0.604591 -2.008636 8884.492957 0.000000 2212 8044 1 0 1 
-0.914935 -0.403522 0.000000 0.337688 -4.281870 8906.056840 0.000000 2212 8045 1 0 1 
0.780856 -1.416371 0.000000 -1.603363 -5.235516 8896.765972 0.000000 2212 8046 1 0 1 
-1.254546 -1.979139 0.000000 1.616180 1.896687 8903.849047 0.000000 2212 8047 1 0 1 
0.303538 -1.218828 0.000000 -1.971181 -1.686216 8903.127725 0.000000 2212 8048 1 0 1 
-2.034149 -2.331016 0.000000 0.855771 -1.853178 8891.150530 0.000000 2212 8049 1 0 1 
-2.243556 -0.975358 0.000000 4.118842 -1.088475 8897.505901 0.000000 2212 8050 1 0 1 
2.105538 -2.289867 0.000000 -3.322798 -7.053086 8918.894452 0.000000 2212 8051 1 0 1 
-0.835368 3.379679 0.000000 1.835378 7.903450 8815.039096 0.000000 2212 8052 1 0 1 
0.272605 1.225995 0.000000 0.486980 -1.829134 8917.212897 0.000000 2212 8053 1 0 1 
-2.114574 -1.443150 0.000000 1.268537 -3.318784 8922.362170 0.000000 2212 8054 1 0 1 
-0.676617 -0.364764 0.000000 0.289798 -0.047552 8899.330999 0.000000 2212 8055 1 0 1 
-1.518729 1.367634 0.000000 0.044769 3.079637 8859.651687 0.000000 2212 8056 1 0 1 
-0.661714 -0.696819 0.000000 2.376213 1.136887 8886.134657 0.000000 2212 8057 1 0 1 
2.263989 -0.752515 0.000000 -3.855794 -1.968989 8863.189437 0.000000 2212 8058 1 0 1 
0.528945 -0.004584 0.000000 -0.675579 -4.071441 8899.066996 0.000000 2212 8059 1 0 1 
0.149466 0.641855 0.000000 -2.331938 -5.282627 8953.006941 0.000000 2212 8060 1 0 1 
-1.305125 -1.452178 0.000000 0.512452 -1.525906 8886.545394 0.000000 2212 8061 1 0 1 
2.961124 0.719921 0.000000 -3.289747 1.726188 8881.214508 0.000000 2212 8062 1 0 1 
2.425393 -0.216836 0.000000 -0.779059 -3.789547 8911.935598 0.000000 2212 8063 1 0 1 
-1.880007 -0.585185 0.000000 2.056085 -4.966631 8917.815335 0.000000 2212 8064 1 0 1 
0.683786 1.524523 0.000000 -0.701202 3.556368 8860.561748 0.000000 2212 8065 1 0 1 
1.274377 -0.709781 0.000000 0.847058 -4.828778 8918.810629 0.000000 2212 8066 1 0 1 
-2.194059 -0.009315 0.000000 2.350418 -2.074720 8873.458162 0.000000 2212 8067 1 0 1 
2.669134 0.356225 0.000000 -3.903207 -0.055117 8901.834177 0.000000 2212 8068 1 0 1 
-0.263601 0.137871 0.000000 0.410695 -1.689430 8924.203840 0.000000 2212 8069 1 0 1 
0.840477 0.711196 0.000000 -3.174195 -1.634479 8850.152727 0.000000 2212 8070 1 0 1 
-0.007761 -1.181347 0.000000 1.675623 -1.547848 8876.305079 0.000000 2212 8071 1 0 1 
2.197087 -0.323152 0.000000 -1.443032 -3.759992 8928.036776 0.000000 2212 8072 1 0 1 
-0.273053 -0.430643 0.000000 -1.021775 0.715838 8830.788214 0.000000 2212 8073 1 0 1 
-0.057475 -0.940671 0.000000 -2.196415 1.294136 8850.804854 0.000000 2212 8074 1 0 1 
1.304855 0.313571 0.000000 -0.922771 -0.314771 8904.162968 0.000000 2212 8075 1 0 1 
-1.781690 0.502891 0.000000 3.042771 -2.958961 8936.173825 0.000000 2212 8076 1 0 1 
1.747114 -0.390976 0.000000 -0.152486 -1.746087 8878.065720 0.000000 2212 8077 1 0 1 
1.253016 -0.443722 0.000000 -1.724972 -4.029138 8940.115241 0.000000 2212 8078 1 0 1 
2.048786 0.468544 0.000000 -1.750384 0.443893 8898.354884 0.000000 2212 8079 1 0 1 
3.354417 1.187853 0.000000 -3.655251 4.021330 8861.459526 0.000000 2212 8080 1 0 1 
2.790830 -1.102050 0.000000 -3.603281 -1.612959 8927.044801 0.000000 2212 8081 1 0 1 
-1.943618 -0.753261 0.000000 4.709195 -0.416585 8896.161233 0.000000 2212 8082 1 0 1 
3.768660 0.310199 0.000000 -5.845336 -1.225418 8880.785990 0.000000 2212 8083 1 0 1 
1.768390 -1.245390 0.000000 -1.253606 -4.059805 8942.464074 0.000000 2212 8084 1 0 1 
-1.507515 0.671313 0.000000 2.409706 -2.936106 8914.011500 0.000000 2212 8085 1 0 1 
-1.073804 1.099031 0.000000 2.463242 1.206928 8818.697817 0.000000 2212 8086 1 0 1 
4.639211 -2.338042 0.000000 -3.414091 -5.154370 8949.426730 0.000000 2212 8087 1 0 1 
3.671596 0.705943 0.000000 -7.595177 0.636074 8883.673042 0.000000 2212 8088 1 0 1 
-2.443984 1.486871 0.000000 4.036871 5.159739 8851.894697 0.000000 2212 8089 1 0 1 
0.958464 0.396257 0.000000 -3.795790 0.688092 8885.665034 0.000000 2212 8090 1 0 1 
-0.054705 -2.811621 0.000000 -0.226417 -8.180245 8946.458102 0.000000 2212 8091 1 0 1 
-3.632345 -0.718416 0.000000 6.702994 -1.666097 8887.823017 0.000000 2212 8092 1 0 1 
-0.256007 -1.497828 0.000000 0.775519 -2.298085 8935.346598 0.000000 2212 8093 1 0 1 
-3.544761 1.346805 0.000000 5.685832 -3.285177 8892.113084 0.000000 2212 8094 1 0 1 
0.323334 -1.547337 0.000000 0.018350 -2.319084 8900.520174 0.000000 2212 8095 1 0 1 
-0.160939 -2.959568 0.000000 1.076170 0.370609 8900.389908 0.000000 2212 8096 1 0 1 
0.209799 -0.088224 0.000000 0.954773 3.345294 8859.681937 0.000000 2212 8097 1 0 1 
-4.674249 0.556697 0.000000 6.452193 2.068556 8863.177746 0.000000 2212 8098 1 0 1 
0.421637 0.422316 0.000000 0.616011 0.598295 8919.615747 0.000000 2212 8099 1 0 1 
-1.350513 1.336993 0.000000 1.801732 -3.273011 8922.845882 0.000000 2212 8100 1 0 1 
-0.130422 1.368343 0.000000 -1.521393 -0.421001 8898.346977 0.000000 2212 8101 1 0 1 
-1.434187 0.264393 0.000000 1.197310 3.707969 8849.813306 0.000000 2212 8102 1 0 1 
3.388306 0.162103 0.000000 -4.410290 2.776943 8827.161219 0.000000 2212 8103 1 0 1 
0.655318 -1.566540 0.000000 1.330773 -2.348046 8883.656761 0.000000 2212 8104 1 0 1 
0.295577 0.514942 0.000000 -0.874906 2.123504 8891.512655 0.000000 2212 8105 1 0 1 
0.565032 -0.886966 0.000000 0.061709 -3.878270 8929.830358 0.000000 2212 8106 1 0 1 
-1.620605 -0.480369 0.000000 1.036513 0.797240 8852.584956 0.000000 2212 8107 1 0 1 
1.058390 0.649951 0.000000 -4.004450 0.908361 8896.824544 0.000000 2212 8108 1 0 1 
-0.062012 2.897634 0.000000 1.568962 8.915298 8849.587227 0.000000 2212 8109 1 0 1 
-1.316401 0.115972 0.000000 0.667352 -2.866241 8880.074093 0.000000 2212 8110 1 0 1 
-0.264609 0.767402 0.000000 -0.569601 -5.926883 8934.376609 0.000000 2212 8111 1 0 1 
1.490792 -0.659193 0.000000 -0.223092 -0.912615 8893.265363 0.000000 2212 8112 1 0 1 
-0.395596 0.375996 0.000000 1.146184 0.154511 8881.262072 0.000000 2212 8113 1 0 1 
0.324647 -1.398875 0.000000 0.653648 -7.980712 8936.680955 0.000000 2212 8114 1 0 1 
1.338332 0.353624 0.000000 -1.680284 -0.487458 8905.280369 0.000000 2212 8115 1 0 1 
1.340720 0.105408 0.000000 -3.130967 -0.085804 8885.928280 0.000000 2212 8116 1 0 1 
0.740803 -0.732589 0.000000 -0.227288 -1.497359 8893.994015 0.000000 2212 8117 1 0 1 
-0.145065 0.199890 0.000000 -2.296283 0.321186 8893.437578 0.000000 2212 8118 1 0 1 
-1.598670 0.013212 0.000000 1.409477 2.789752 8841.394640 0.000000 2212 8119 1 0 1 
2.282996 0.184104 0.000000 -1.125839 2.565971 8865.534310 0.000000 2212 8120 1 0 1 
-2.880906 -0.201058 0.000000 5.804994 -0.345856 8890.348051 0.000000 2212 8121 1 0 1 
1.814785 -1.242949 0.000000 -1.649158 -5.509247 8956.986715 0.000000 2212 8122 1 0 1 
2.031225 -1.426651 0.000000 -4.256737 -0.792857 8909.269449 0.000000 2212 8123 1 0 1 
1.682652 -0.288745 0.000000 -3.043233 -0.768517 8889.056480 0.000000 2212 8124 1 0 1 
-0.386008 -1.846680 0.000000 1.157012 -1.620277 8903.497774 0.000000 2212 8125 1 0 1 
-1.254933 2.426092 0.000000 2.674748 3.064010 8843.873134 0.000000 2212 8126 1 0 1 
1.992081 -0.042048 0.000000 -0.884399 1.045669 8920.690246 0.000000 2212 8127 1 0 1 
-3.258384 -1.912128 0.000000 2.723189 -4.284057 8926.686447 0.000000 2212 8128 1 0 1 
1.290649 1.613663 0.000000 -2.274887 2.927334 8871.273826 0.000000 2212 8129 1 0 1 
1.630634 -2.747878 0.000000 -5.466803 -3.244747 8881.569846 0.000000 2212 8130 1 0 1 
-2.509328 -2.457213 0.000000 3.796838 -1.507335 8885.826775 0.000000 2212 8131 1 0 1 
0.573797 -0.002388 0.000000 -1.756130 -2.926247 8892.605549 0.000000 2212 8132 1 0 1 
0.401205 1.617803 0.000000 -0.358309 1.962699 8859.916520 0.000000 2212 8133 1 0 1 
0.242731 -3.012338 0.000000 1.725728 -2.988689 8890.870694 0.000000 2212 8134 1 0 1 
0.490267 -0.814491 0.000000 -1.756443 -0.022697 8855.219682 0.000000 2212 8135 1 0 1 
1.180066 1.091071 0.000000 -2.969567 5.325254 8865.427638 0.000000 2212 8136 1 0 1 
1.329943 -1.403710 0.000000 -0.825940 -4.329474 8915.965858 0.000000 2212 8137 1 0 1 
-0.035377 1.226725 0.000000 0.366062 2.963273 8890.259581 0.000000 2212 8138 1 0 1 
-0.154420 -1.552695 0.000000 1.301865 -7.020949 8937.570765 0.000000 2212 8139 1 0 1 
1.313054 -2.817582 0.000000 -2.092443 -3.616527 8885.923122 0.000000 2212 8140 1 0 1 
-1.167362 -0.924805 0.000000 2.044105 3.218220 8853.900053 0.000000 2212 8141 1 0 1 
-2.263846 -0.394572 0.000000 2.332324 -0.573567 8894.419968 0.000000 2212 8142 1 0 1 
-1.677886 0.975389 0.000000 4.009622 3.394974 8882.600201 0.000000 2212 8143 1 0 1 
-0.671176 0.745326 0.000000 1.201647 2.148636 8855.738209 0.000000 2212 8144 1 0 1 
-0.343805 -1.910140 0.000000 1.211027 -5.912610 8921.452822 0.000000 2212 8145 1 0 1 
-1.833109 -2.270256 0.000000 2.152760 -1.144595 8890.819800 0.000000 2212 8146 1 0 1 
-0.341532 -1.794447 0.000000 -0.061117 -4.720081 8872.201654 0.000000 2212 8147 1 0 1 
0.510559 -0.456925 0.000000 -1.172681 0.352267 8891.254008 0.000000 2212 8148 1 0 1 
-0.764727 -2.580161 0.000000 2.295908 -2.069993 8890.656533 0.000000 2212 8149 1 0 1 
-0.034032 1.328230 0.000000 1.897862 2.328223 8893.580091 0.000000 2212 8150 1 0 1 
2.379449 -0.234820 0.000000 -3.591769 2.918475 8875.611066 0.000000 2212 8151 1 0 1 
0.007434 -2.387790 0.000000 -0.931485 -7.304394 8936.061135 0.000000 2212 8152 1 0 1 
1.181934 1.341994 0.000000 -1.902107 1.643400 8887.322056 0.000000 2212 8153 1 0 1 
1.660726 0.759240 0.000000 -3.115966 -1.161398 8905.554658 0.000000 2212 8154 1 0 1 
3.730580 -0.021317 0.000000 -4.502584 3.334937 8813.690132 0.000000 2212 8155 1 0 1 
0.036813 -0.554051 0.000000 0.932539 -8.286382 8962.915466 0.000000 2212 8156 1 0 1 
-2.175033 -3.024396 0.000000 2.486777 -5.968245 8933.795579 0.000000 2212 8157 1 0 1 
1.231286 -0.601459 0.000000 -1.818585 -2.768228 8887.326248 0.000000 2212 8158 1 0 1 
0.992045 0.557319 0.000000 0.470163 1.412426 8859.056504 0.000000 2212 8159 1 0 1 
-0.856074 3.448601 0.000000 0.328783 5.523837 8838.405163 0.000000 2212 8160 1 0 1 
-1.741751 0.658633 0.000000 4.165382 3.902477 8860.274037 0.000000 2212 8161 1 0 1 
1.601600 -0.485522 0.000000 -1.001972 -3.556587 8927.014069 0.000000 2212 8162 1 0 1 
-2.093498 -0.340226 0.000000 3.404282 1.762899 8869.773182 0.000000 2212 8163 1 0 1 
2.270037 2.972935 0.000000 -3.549627 5.482400 8842.859251 0.000000 2212 8164 1 0 1 
-2.678815 2.020479 0.000000 5.108422 2.588432 8894.543021 0.000000 2212 8165 1 0 1 
0.444600 0.946714 0.000000 -0.703507 0.986042 8841.333790 0.000000 2212 8166 1 0 1 
1.172231 1.860168 0.000000 -2.692507 4.296869 8815.410298 0.000000 2212 8167 1 0 1 
-1.689918 -0.326629 0.000000 1.405742 -2.081200 8901.698993 0.000000 2212 8168 1 0 1 
2.625793 -0.367569 0.000000 -2.009479 -1.296657 8893.401306 0.000000 2212 8169 1 0 1 
-0.275416 -1.942726 0.000000 0.460818 -3.609588 8897.113227 0.000000 2212 8170 1 0 1 
1.287851 -2.286528 0.000000 -0.226622 -2.233624 8879.048734 0.000000 2212 8171 1 0 1 
-1.120225 -0.590435 0.000000 1.920784 -0.098387 8851.729631 0.000000 2212 8172 1 0 1 
-1.156494 0.140084 0.000000 2.880773 0.228174 8897.692976 0.000000 2212 8173 1 0 1 
-1.449385 0.156641 0.000000 4.791580 -7.013402 8924.810177 0.000000 2212 8174 1 0 1 
0.542052 0.919445 0.000000 0.213730 0.856129 8909.609013 0.000000 2212 8175 1 0 1 
2.979948 0.123549 0.000000 -3.153073 0.517565 8931.461050 0.000000 2212 8176 1 0 1 
0.592978 -0.436636 0.000000 2.191938 1.804611 8854.568205 0.000000 2212 8177 1 0 1 
-1.560000 0.754134 0.000000 4.562941 0.619058 8920.569693 0.000000 2212 8178 1 0 1 
0.034197 -0.461708 0.000000 -1.602854 2.841135 8858.293195 0.000000 2212 8179 1 0 1 
-0.949720 0.574937 0.000000 0.987686 -0.354617 8887.587487 0.000000 2212 8180 1 0 1 
3.093719 -0.865232 0.000000 -3.530260 -0.129379 8848.633034 0.000000 2212 8181 1 0 1 
-1.218308 -0.222662 0.000000 1.164478 -4.047613 8920.925082 0.000000 2212 8182 1 0 1 
-0.636982 -0.640963 0.000000 3.612644 -1.721502 8914.911727 0.000000 2212 8183 1 0 1 
-0.110117 -0.221026 0.000000 0.374167 0.504221 8894.274772 0.000000 2212 8184 1 0 1 
-0.080167 -0.546436 0.000000 1.030362 -2.331026 8897.686009 0.000000 2212 8185 1 0 1 
0.896002 2.380880 0.000000 -2.604805 1.446079 8883.048206 0.000000 2212 8186 1 0 1 
0.193306 -1.363695 0.000000 -0.159486 2.077222 8895.611675 0.000000 2212 8187 1 0 1 
0.948076 -0.304584 0.000000 -1.630941 -1.886887 8874.930951 0.000000 2212 8188 1 0 1 
1.573292 0.889056 0.000000 -2.262769 3.136354 8839.565584 0.000000 2212 8189 1 0 1 
0.543890 0.283838 0.000000 -0.075090 -1.767558 8897.830769 0.000000 2212 8190 1 0 1 
1.722478 2.377341 0.000000 -2.167125 -0.798740 8858.450109 0.000000 2212 8191 1 0 1 
-0.477377 -1.525006 0.000000 0.480005 -7.362122 8949.755945 0.000000 2212 8192 1 0 1 
-2.383812 -1.513944 0.000000 3.339280 -0.528626 8886.532515 0.000000 2212 8193 1 0 1 
1.094779 -0.592100 0.000000 -1.614278 1.125064 8911.123098 0.000000 2212 8194 1 0 1 
0.719378 2.525548 0.000000 -2.870552 2.608414 8851.286329 0.000000 2212 8195 1 0 1 
-2.675190 -1.453625 0.000000 2.703908 -3.334326 8915.800852 0.000000 2212 8196 1 0 1 
-0.536482 0.281203 0.000000 -0.692823 -1.458490 8920.824582 0.000000 2212 8197 1 0 1 
-3.410359 -0.826265 0.000000 6.215475 2.152530 8870.927446 0.000000 2212 8198 1 0 1 
0.102409 0.326889 0.000000 -0.743975 -1.470515 8852.122311 0.000000 2212 8199 1 0 1 
0.346155 -1.129053 0.000000 -0.251437 -0.976718 8920.890331 0.000000 2212 8200 1 0 1 
-0.800042 1.190130 0.000000 -0.808123 0.958990 8866.093105 0.000000 2212 8201 1 0 1 
1.617114 -1.550750 0.000000 -2.151472 -0.466689 8882.295428 0.000000 2212 8202 1 0 1 
-1.108188 -0.003867 0.000000 1.679404 -1.313413 8873.352646 0.000000 2212 8203 1 0 1 
1.482091 -1.674811 0.000000 1.588893 -3.151464 8917.251365 0.000000 2212 8204 1 0 1 
-1.995573 -0.409760 0.000000 1.876655 1.509139 8907.130203 0.000000 2212 8205 1 0 1 
-0.611112 -0.034612 0.000000 1.251723 1.646189 8869.621642 0.000000 2212 8206 1 0 1 
0.666450 -2.108587 0.000000 -1.915073 -3.098106 8898.710128 0.000000 2212 8207 1 0 1 
-0.637086 -0.754506 0.000000 2.295021 0.955458 8876.302674 0.000000 2212 8208 1 0 1 
2.645499 -0.581931 0.000000 -0.337574 -3.381544 8935.378654 0.000000 2212 8209 1 0 1 
-3.055971 0.142979 0.000000 4.729819 -3.293165 8914.049151 0.000000 2212 8210 1 0 1 
0.588044 -1.671097 0.000000 -2.003768 -7.271001 8938.353735 0.000000 2212 8211 1 0 1 
0.574462 2.310558 0.000000 -3.177605 6.850564 8843.874722 0.000000 2212 8212 1 0 1 
1.007806 -1.499545 0.000000 -2.898930 3.135728 8857.323212 0.000000 2212 8213 1 0 1 
-1.316719 1.081096 0.000000 0.562510 -2.054915 8906.295124 0.000000 2212 8214 1 0 1 
-1.160795 1.431954 0.000000 2.112724 3.717348 8863.499659 0.000000 2212 8215 1 0 1 
0.676986 1.712755 0.000000 -0.761725 0.872170 8860.386231 0.000000 2212 8216 1 0 1 
-0.375550 -0.983889 0.000000 -0.211729 -5.274851 8926.128924 0.000000 2212 8217 1 0 1 
0.805821 -0.551872 0.000000 -1.417061 -1.522760 8897.883697 0.000000 2212 8218 1 0 1 
-1.116793 1.276680 0.000000 1.900335 2.650588 8853.887690 0.000000 2212 8219 1 0 1 
1.611118 -0.690683 0.000000 -3.817397 0.096204 8859.597144 0.000000 2212 8220 1 0 1 
2.255212 1.200386 0.000000 -0.845638 2.568138 8924.246784 0.000000 2212 8221 1 0 1 
-0.585799 -0.750942 0.000000 -0.234018 -1.921179 8928.700366 0.000000 2212 8222 1 0 1 
-1.802210 1.073311 0.000000 0.686239 -0.968822 8908.625599 0.000000 2212 8223 1 0 1 
-0.465030 0.483663 0.000000 1.116583 1.256883 8863.145643 0.000000 2212 8224 1 0 1 
0.432154 1.664917 0.000000 -1.193232 6.653097 8852.159724 0.000000 2212 8225 1 0 1 
1.527397 -1.572444 0.000000 -1.408000 -0.414577 8858.252248 0.000000 2212 8226 1 0 1 
1.771659 1.040424 0.000000 -3.707123 2.676582 8864.042181 0.000000 2212 8227 1 0 1 
-3.766650 0.987513 0.000000 2.310338 1.867194 8866.704705 0.000000 2212 8228 1 0 1 
-2.234179 0.145696 0.000000 4.209202 -3.043192 8919.219898 0.000000 2212 8229 1 0 1 
0.129198 0.506484 0.000000 1.552196 -0.881409 8870.790452 0.000000 2212 8230 1 0 1 
0.128241 -0.112696 0.000000 1.309498 -3.402346 8935.508028 0.000000 2212 8231 1 0 1 
1.690056 -2.269102 0.000000 -3.312667 -3.321017 8880.660248 0.000000 2212 8232 1 0 1 
0.811711 0.335250 0.000000 -1.037233 1.815119 8867.878352 0.000000 2212 8233 1 0 1 
1.670705 2.151897 0.000000 -2.507643 5.629094 8855.718794 0.000000 2212 8234 1 0 1 
0.220199 2.710425 0.000000 -3.326098 2.174362 8859.940478 0.000000 2212 8235 1 0 1 
0.179335 -0.779901 0.000000 0.568303 -3.433652 8928.212793 0.000000 2212 8236 1 0 1 
-0.059104 -0.488297 0.000000 -1.698146 5.562633 8822.612443 0.000000 2212 8237 1 0 1 
-4.489133 0.288538 0.000000 4.749052 2.321673 8867.811421 0.000000 2212 8238 1 0 1 
3.118882 -0.653351 0.000000 -4.783702 -0.183133 8935.363075 0.000000 2212 8239 1 0 1 
-0.028325 -2.343207 0.000000 -0.870324 -1.118447 8891.196429 0.000000 2212 8240 1 0 1 
-0.907617 -0.407400 0.000000 2.933517 -3.222105 8944.983686 0.000000 2212 8241 1 0 1 
-2.036320 0.696995 0.000000 2.553323 -2.853922 8899.278398 0.000000 2212 8242 1 0 1 
-0.995137 -0.936808 0.000000 2.411611 -7.001039 8931.915065 0.000000 2212 8243 1 0 1 
1.749400 -0.279968 0.000000 -2.823744 1.448784 8879.790185 0.000000 2212 8244 1 0 1 
0.325896 0.140594 0.000000 -1.929798 0.438179 8907.649666 0.000000 2212 8245 1 0 1 
-2.053441 0.564168 0.000000 2.624079 -1.510690 8890.664867 0.000000 2212 8246 1 0 1 
1.661506 -1.308412 0.000000 -3.063045 1.054271 8859.786908 0.000000 2212 8247 1 0 1 
3.750769 -0.610791 0.000000 -4.808690 -1.828130 8904.023710 0.000000 2212 8248 1 0 1 
-5.463994 0.730503 0.000000 7.580150 2.495818 8864.441769 0.000000 2212 8249 1 0 1 
1.570746 0.246977 0.000000 -2.613006 0.063186 8841.331945 0.000000 2212 8250 1 0 1 
-0.724800 0.867803 0.000000 -0.465852 -1.842107 8914.957612 0.000000 2212 8251 1 0 1 
-1.259561 -1.248024 0.000000 0.498919 -3.563439 8904.355357 0.000000 2212 8252 1 0 1 
1.121291 -0.526732 0.000000 -1.836320 1.095902 8884.864693 0.000000 2212 8253 1 0 1 
-0.928695 0.591825 0.000000 -0.429054 1.043612 8885.796382 0.000000 2212 8254 1 0 1 
-1.164396 -0.407463 0.000000 2.465375 -0.054692 8879.531773 0.000000 2212 8255 1 0 1 
2.530322 0.878110 0.000000 -2.547379 0.826727 8896.552912 0.000000 2212 8256 1 0 1 
0.290583 0.750188 0.000000 -0.978753 1.893713 8909.823593 0.000000 2212 8257 1 0 1 
-1.418536 -2.823915 0.000000 2.834924 -3.029802 8880.848385 0.000000 2212 8258 1 0 1 
-0.592367 0.026778 0.000000 0.564639 -0.532741 8902.224822 0.000000 2212 8259 1 0 1 
0.097453 -1.359592 0.000000 -0.794390 1.926694 8867.695454 0.000000 2212 8260 1 0 1 
-1.036042 -1.845371 0.000000 3.915676 -4.910015 8976.057182 0.000000 2212 8261 1 0 1 
-0.031724 -0.589360 0.000000 -2.287289 0.423459 8873.596696 0.000000 2212 8262 1 0 1 
0.084554 1.184715 0.000000 0.671702 4.096346 8898.701613 0.000000 2212 8263 1 0 1 
0.916323 1.250189 0.000000 0.514716 -0.890500 8913.544662 0.000000 2212 8264 1 0 1 
-2.185984 0.756381 0.000000 2.982664 1.090163 8887.589057 0.000000 2212 8265 1 0 1 
2.406843 1.095412 0.000000 -2.602300 8.441169 8834.541828 0.000000 2212 8266 1 0 1 
-2.252238 -0.121296 0.000000 3.386332 1.982280 8841.177286 0.000000 2212 8267 1 0 1 
-0.730566 -0.634145 0.000000 0.198533 3.914762 8840.673290 0.000000 2212 8268 1 0 1 
-0.768750 -1.241462 0.000000 -0.843534 -1.368959 8881.540419 0.000000 2212 8269 1 0 1 
-1.229496 -1.220372 0.000000 1.779397 -3.911440 8926.617486 0.000000 2212 8270 1 0 1 
-0.319857 1.789160 0.000000 1.298012 0.835589 8871.384083 0.000000 2212 8271 1 0 1 
0.738320 -0.744384 0.000000 -1.214175 0.408613 8852.312350 0.000000 2212 8272 1 0 1 
1.304054 0.307559 0.000000 -0.805466 1.177199 8910.936291 0.000000 2212 8273 1 0 1 
0.433121 -1.102234 0.000000 -2.296022 2.931944 8859.853149 0.000000 2212 8274 1 0 1 
2.343300 -0.115466 0.000000 -2.948229 -2.305343 8909.980724 0.000000 2212 8275 1 0 1 
-3.239970 -0.184074 0.000000 7.014612 -1.687919 8942.164339 0.000000 2212 8276 1 0 1 
-1.182648 0.089714 0.000000 4.183883 -0.906063 8870.335729 0.000000 2212 8277 1 0 1 
1.136248 0.819247 0.000000 -0.529445 -0.456754 8893.933696 0.000000 2212 8278 1 0 1 
2.311221 -2.031340 0.000000 -3.630951 -7.553140 8958.024916 0.000000 2212 8279 1 0 1 
1.744916 -0.996013 0.000000 -0.948479 -7.601605 8957.023699 0.000000 2212 8280 1 0 1 
-1.602127 0.348212 0.000000 2.335888 2.116441 8887.439219 0.000000 2212 8281 1 0 1 
0.929133 -1.790393 0.000000 -0.011247 -3.472034 8909.702395 0.000000 2212 8282 1 0 1 
-1.695719 -1.913635 0.000000 1.183066 1.557033 8887.551789 0.000000 2212 8283 1 0 1 
0.146202 1.568062 0.000000 -0.985307 -0.490921 8906.901763 0.000000 2212 8284 1 0 1 
1.361530 -0.891549 0.000000 -0.826444 1.051661 8899.688412 0.000000 2212 8285 1 0 1 
-0.217170 -0.120020 0.000000 -1.097932 -1.665394 8937.637415 0.000000 2212 8286 1 0 1 
-1.970012 -1.906189 0.000000 3.261008 -3.937596 8917.274337 0.000000 2212 8287 1 0 1 
0.699778 0.109275 0.000000 -0.828499 -0.557885 8861.126990 0.000000 2212 8288 1 0 1 
0.057616 0.403674 0.000000 -0.928596 -0.567153 8901.528248 0.000000 2212 8289 1 0 1 
0.981551 -0.256470 0.000000 -1.564829 -0.256544 8898.892200 0.000000 2212 8290 1 0 1 
0.538291 -1.731651 0.000000 1.135115 -0.770773 8852.128058 0.000000 2212 8291 1 0 1 
0.252625 -0.707127 0.000000 -0.731372 -2.614119 8886.278032 0.000000 2212 8292 1 0 1 
-1.716195 -1.375928 0.000000 -1.445179 0.135988 8879.612019 0.000000 2212 8293 1 0 1 
-0.371595 -3.167299 0.000000 -1.003579 -4.229799 8934.689856 0.000000 2212 8294 1 0 1 
6.831056 0.373720 0.000000 -6.955043 -7.760223 8934.641773 0.000000 2212 8295 1 0 1 
0.957667 0.434967 0.000000 -1.659831 -0.086215 8905.617718 0.000000 2212 8296 1 0 1 
-0.584704 -0.682512 0.000000 1.902728 -3.182070 8893.433891 0.000000 2212 8297 1 0 1 
1.332421 -0.334320 0.000000 -0.464019 -1.831398 8902.038680 0.000000 2212 8298 1 0 1 
-3.458533 -2.400899 0.000000 5.717486 -0.982938 8893.205420 0.000000 2212 8299 1 0 1 
-0.580511 1.776916 0.000000 2.697720 3.614482 8891.623350 0.000000 2212 8300 1 0 1 
-1.987908 1.558449 0.000000 1.569358 1.978801 8904.006749 0.000000 2212 8301 1 0 1 
-1.751885 1.849138 0.000000 1.244319 2.860105 8872.864494 0.000000 2212 8302 1 0 1 
-1.087486 0.551076 0.000000 1.459046 -3.002418 8906.248939 0.000000 2212 8303 1 0 1 
0.807080 0.280145 0.000000 0.118697 -1.585253 8891.573819 0.000000 2212 8304 1 0 1 
1.570813 -0.232135 0.000000 -1.068047 -0.699518 8880.844949 0.000000 2212 8305 1 0 1 
1.757048 1.241462 0.000000 -4.152917 0.977242 8858.452161 0.000000 2212 8306 1 0 1 
-2.973965 0.915887 0.000000 5.247478 0.022698 8879.705853 0.000000 2212 8307 1 0 1 
-1.003376 2.782166 0.000000 -0.220646 0.592001 8876.630670 0.000000 2212 8308 1 0 1 
0.248142 0.024295 0.000000 -0.323339 1.515188 8878.051522 0.000000 2212 8309 1 0 1 
-1.639748 -1.059621 0.000000 2.503833 -4.630642 8949.579593 0.000000 2212 8310 1 0 1 
-2.361324 1.255015 0.000000 2.450842 3.225040 8888.451089 0.000000 2212 8311 1 0 1 
-0.876388 -1.186351 0.000000 -0.088433 -0.602628 8896.947890 0.000000 2212 8312 1 0 1 
-1.310520 -0.445952 0.000000 1.015979 0.776574 8870.221916 0.000000 2212 8313 1 0 1 
1.877584 -0.723875 0.000000 -1.558774 -0.388791 8903.018036 0.000000 2212 8314 1 0 1 
-1.160991 -2.269699 0.000000 0.322056 -4.564767 8924.784468 0.000000 2212 8315 1 0 1 
0.496250 3.536124 0.000000 -0.415464 8.246002 8840.821181 0.000000 2212 8316 1 0 1 
-1.116746 -0.414456 0.000000 2.196616 -5.644963 8914.586277 0.000000 2212 8317 1 0 1 
-2.079923 1.279440 0.000000 4.274837 -1.271836 8865.617549 0.000000 2212 8318 1 0 1 
1.697313 1.074085 0.000000 -0.567169 -0.187800 8892.921266 0.000000 2212 8319 1 0 1 
0.011621 0.005045 0.000000 1.153112 1.088570 8877.296466 0.000000 2212 8320 1 0 1 
1.376021 -0.408506 0.000000 0.928677 -0.851713 8916.693999 0.000000 2212 8321 1 0 1 
-2.351099 0.242590 0.000000 1.371579 -3.102057 8916.775090 0.000000 2212 8322 1 0 1 
-1.388580 0.685256 0.000000 2.657574 3.746018 8845.737957 0.000000 2212 8323 1 0 1 
1.737702 0.800371 0.000000 -2.363576 4.590292 8893.414315 0.000000 2212 8324 1 0 1 
0.665431 -1.301607 0.000000 -0.567107 -6.374615 8914.938320 0.000000 2212 8325 1 0 1 
-2.801043 -0.152253 0.000000 4.015810 2.816464 8844.270230 0.000000 2212 8326 1 0 1 
0.144722 0.602525 0.000000 -0.126994 0.383546 8902.363839 0.000000 2212 8327 1 0 1 
-0.474336 -1.016300 0.000000 1.106931 -1.165697 8900.966572 0.000000 2212 8328 1 0 1 
-0.894390 -1.341336 0.000000 -1.146101 -0.132001 8891.001109 0.000000 2212 8329 1 0 1 
2.148865 -0.586579 0.000000 -2.268778 4.081163 8825.812234 0.000000 2212 8330 1 0 1 
-0.728022 2.436239 0.000000 -1.251098 7.665564 8810.501057 0.000000 2212 8331 1 0 1 
-0.402111 -1.355037 0.000000 1.765438 -0.732655 8871.704486 0.000000 2212 8332 1 0 1 
-1.026343 0.640653 0.000000 0.246725 2.813188 8857.008725 0.000000 2212 8333 1 0 1 
4.065934 -1.288726 0.000000 -6.229506 -0.263864 8887.056541 0.000000 2212 8334 1 0 1 
0.825130 0.113063 0.000000 -0.585704 0.281935 8904.085793 0.000000 2212 8335 1 0 1 
1.683583 1.859829 0.000000 -0.327925 6.582719 8854.694060 0.000000 2212 8336 1 0 1 
-0.870967 -2.262894 0.000000 0.163661 1.107358 8888.271506 0.000000 2212 8337 1 0 1 
1.057710 -1.177849 0.000000 -1.787848 -3.336034 8919.966585 0.000000 2212 8338 1 0 1 
2.050892 1.059889 0.000000 -1.758773 0.177895 8929.132636 0.000000 2212 8339 1 0 1 
-0.279910 -1.292966 0.000000 -0.580710 0.930775 8877.320395 0.000000 2212 8340 1 0 1 
1.888268 -0.886435 0.000000 -0.697690 -1.416450 8910.251098 0.000000 2212 8341 1 0 1 
1.275230 -0.875513 0.000000 -3.861822 -0.003928 8847.799795 0.000000 2212 8342 1 0 1 
-0.222919 -0.620928 0.000000 0.352850 -3.182961 8888.260091 0.000000 2212 8343 1 0 1 
-2.875776 1.370321 0.000000 6.554242 0.579426 8897.015018 0.000000 2212 8344 1 0 1 
0.978293 2.031587 0.000000 -4.132505 3.593872 8875.571469 0.000000 2212 8345 1 0 1 
0.375662 0.844555 0.000000 1.660969 4.396451 8864.015640 0.000000 2212 8346 1 0 1 
1.494845 0.015350 0.000000 -2.621915 2.907038 8867.401260 0.000000 2212 8347 1 0 1 
-0.523936 2.591667 0.000000 -0.774511 4.002227 8870.007565 0.000000 2212 8348 1 0 1 
-0.620183 0.773514 0.000000 1.508696 3.347042 8902.049153 0.000000 2212 8349 1 0 1 
2.639183 -0.383124 0.000000 -4.437900 -2.545638 8945.290813 0.000000 2212 8350 1 0 1 
2.992971 1.007282 0.000000 -3.479284 -0.073287 8911.509085 0.000000 2212 8351 1 0 1 
1.218860 -0.370788 0.000000 0.352516 -3.807892 8922.595178 0.000000 2212 8352 1 0 1 
3.822205 -0.600486 0.000000 -4.925524 -4.522415 8928.308973 0.000000 2212 8353 1 0 1 
-0.179825 0.385910 0.000000 -1.229556 -1.038327 8924.058345 0.000000 2212 8354 1 0 1 
-2.452301 -0.285534 0.000000 4.033586 2.583034 8844.497615 0.000000 2212 8355 1 0 1 
-2.031269 0.391294 0.000000 3.455842 -1.150162 8889.733243 0.000000 2212 8356 1 0 1 
-2.564439 -0.741597 0.000000 5.324061 -1.676158 8928.357299 0.000000 2212 8357 1 0 1 
-0.076278 0.104224 0.000000 1.167274 1.259591 8910.167519 0.000000 2212 8358 1 0 1 
0.689506 -0.137944 0.000000 -2.042686 -0.304095 8890.780179 0.000000 2212 8359 1 0 1 
-1.605447 -0.860567 0.000000 1.762962 -0.769711 8878.706253 0.000000 2212 8360 1 0 1 
2.576036 0.393373 0.000000 -5.379596 0.075077 8865.794257 0.000000 2212 8361 1 0 1 
0.357203 0.802464 0.000000 -0.852580 4.103354 8877.423419 0.000000 2212 8362 1 0 1 
-0.959700 0.266245 0.000000 2.588441 -2.954864 8850.054602 0.000000 2212 8363 1 0 1 
-0.938591 0.378356 0.000000 0.725492 0.093431 8859.172324 0.000000 2212 8364 1 0 1 
3.808317 0.922431 0.000000 -2.839428 1.627762 8868.141927 0.000000 2212 8365 1 0 1 
-2.076284 -1.111934 0.000000 2.740324 -1.044405 8905.951754 0.000000 2212 8366 1 0 1 
-0.648255 3.250141 0.000000 1.188161 5.162260 8853.340358 0.000000 2212 8367 1 0 1 
1.217354 -1.261253 0.000000 -1.682372 -0.896021 8897.622061 0.000000 2212 8368 1 0 1 
-0.071757 1.725649 0.000000 -0.108797 5.803253 8885.802136 0.000000 2212 8369 1 0 1 
-4.694408 -0.581932 0.000000 7.771348 -2.395870 8932.706406 0.000000 2212 8370 1 0 1 
1.488779 -0.417930 0.000000 -0.885474 -1.160835 8866.069448 0.000000 2212 8371 1 0 1 
-1.457405 1.674019 0.000000 3.201940 -0.596880 8886.377832 0.000000 2212 8372 1 0 1 
1.858619 -1.033918 0.000000 -2.755828 -0.751118 8915.254224 0.000000 2212 8373 1 0 1 
-2.668292 -2.122624 0.000000 2.619770 -1.131780 8898.952979 0.000000 2212 8374 1 0 1 
-0.990529 0.065417 0.000000 2.292740 2.629531 8853.790407 0.000000 2212 8375 1 0 1 
1.118017 2.641809 0.000000 -1.423719 0.696238 8941.980903 0.000000 2212 8376 1 0 1 
-2.208378 -0.205417 0.000000 3.771206 -2.197982 8915.726026 0.000000 2212 8377 1 0 1 
1.325238 -0.614703 0.000000 -0.998069 -1.224519 8902.800587 0.000000 2212 8378 1 0 1 
0.416717 0.531504 0.000000 -0.138521 -0.226035 8872.423385 0.000000 2212 8379 1 0 1 
-1.711130 -1.263336 0.000000 2.600304 -0.929516 8880.350843 0.000000 2212 8380 1 0 1 
-1.341633 -1.297200 0.000000 2.248277 -1.711423 8912.083204 0.000000 2212 8381 1 0 1 
-1.292751 1.007359 0.000000 1.424594 0.044946 8890.167806 0.000000 2212 8382 1 0 1 
-1.004628 0.328174 0.000000 1.374049 2.219909 8884.988575 0.000000 2212 8383 1 0 1 
-2.145508 -1.085734 0.000000 4.032451 -0.060414 8904.131581 0.000000 2212 8384 1 0 1 
1.532859 -0.379195 0.000000 -1.372382 3.209595 8879.488890 0.000000 2212 8385 1 0 1 
0.561262 0.050723 0.000000 -1.260077 -2.206267 8877.009211 0.000000 2212 8386 1 0 1 
-0.925644 0.807212 0.000000 2.567267 -0.369371 8905.891738 0.000000 2212 8387 1 0 1 
1.388173 -0.845905 0.000000 -2.505545 2.754175 8842.064462 0.000000 2212 8388 1 0 1 
1.185304 -2.695301 0.000000 1.584715 -2.129761 8910.748891 0.000000 2212 8389 1 0 1 
0.951097 0.606668 0.000000 1.176327 0.207390 8867.418050 0.000000 2212 8390 1 0 1 
4.428059 0.594906 0.000000 -5.373508 6.521499 8862.784119 0.000000 2212 8391 1 0 1 
-0.075351 -0.317839 0.000000 -0.417703 1.496796 8892.192316 0.000000 2212 8392 1 0 1 
0.147949 0.059299 0.000000 -0.380075 1.730763 8898.134405 0.000000 2212 8393 1 0 1 
1.509674 -3.041646 0.000000 -2.543761 -6.837171 8911.185373 0.000000 2212 8394 1 0 1 
0.362132 0.935243 0.000000 1.550435 -3.805553 8903.591363 0.000000 2212 8395 1 0 1 
-0.142057 0.960386 0.000000 0.191209 1.188045 8857.377321 0.000000 2212 8396 1 0 1 
-1.879640 -0.450930 0.000000 2.635899 0.578088 8878.488725 0.000000 2212 8397 1 0 1 
1.054799 -3.249023 0.000000 1.038134 -7.492036 8917.608867 0.000000 2212 8398 1 0 1 
0.156508 -0.740392 0.000000 -1.587290 -1.531375 8901.115390 0.000000 2212 8399 1 0 1 
0.080121 -0.128921 0.000000 1.034853 0.709502 8860.706785 0.000000 2212 8400 1 0 1 
-2.940455 0.666968 0.000000 3.004332 0.762997 8837.677723 0.000000 2212 8401 1 0 1 
-0.582388 0.940811 0.000000 0.208026 1.434194 8893.784587 0.000000 2212 8402 1 0 1 
-0.016308 -1.213696 0.000000 1.560055 -2.188511 8909.974247 0.000000 2212 8403 1 0 1 
1.983595 0.922850 0.000000 -2.192545 1.810947 8882.610145 0.000000 2212 8404 1 0 1 
2.652512 -1.120918 0.000000 -4.030009 -2.242066 8904.821483 0.000000 2212 8405 1 0 1 
0.665919 -0.797256 0.000000 -0.348271 0.878877 8867.436927 0.000000 2212 8406 1 0 1 
-1.768893 -0.357445 0.000000 0.618586 -0.839205 8887.911939 0.000000 2212 8407 1 0 1 
0.803351 -1.071957 0.000000 -2.328954 0.171043 8877.764262 0.000000 2212 8408 1 0 1 
1.297814 0.901775 0.000000 -0.247300 -4.126954 8942.285176 0.000000 2212 8409 1 0 1 
-2.205523 1.498286 0.000000 2.766826 1.012219 8918.563388 0.000000 2212 8410 1 0 1 
-0.803679 -0.475823 0.000000 2.220448 -3.160751 8887.226161 0.000000 2212 8411 1 0 1 
1.290347 -1.624089 0.000000 -1.559667 -2.101552 8922.840975 0.000000 2212 8412 1 0 1 
0.755828 0.958307 0.000000 -1.759843 1.531572 8870.839062 0.000000 2212 8413 1 0 1 
1.655400 -0.877822 0.000000 -5.498315 -7.578994 8935.158334 0.000000 2212 8414 1 0 1 
-0.702749 -1.683860 0.000000 1.732271 -3.356148 8921.286336 0.000000 2212 8415 1 0 1 
1.106664 -1.587048 0.000000 -5.481742 -4.939428 8927.385841 0.000000 2212 8416 1 0 1 
0.929843 -2.550987 0.000000 -3.642586 -2.883591 8957.440074 0.000000 2212 8417 1 0 1 
-0.007330 -2.026496 0.000000 2.953251 -4.272151 8900.887562 0.000000 2212 8418 1 0 1 
-2.223096 0.136666 0.000000 2.481721 -2.837005 8903.688110 0.000000 2212 8419 1 0 1 
-0.358959 3.223971 0.000000 0.912423 7.779576 8839.334391 0.000000 2212 8420 1 0 1 
-0.414016 1.645031 0.000000 2.666349 -1.517086 8916.726723 0.000000 2212 8421 1 0 1 
-1.766521 -1.976857 0.000000 2.117137 -3.294619 8934.209074 0.000000 2212 8422 1 0 1 
1.101577 0.381700 0.000000 -3.944053 0.500238 8888.039812 0.000000 2212 8423 1 0 1 
-0.729264 0.392051 0.000000 2.120201 2.729094 8852.426931 0.000000 2212 8424 1 0 1 
-0.496539 -2.343889 0.000000 2.659408 -4.398491 8926.141568 0.000000 2212 8425 1 0 1 
0.840547 1.778612 0.000000 -0.134652 -0.224839 8914.685340 0.000000 2212 8426 1 0 1 
-1.869621 -0.754325 0.000000 2.872410 2.258996 8876.521617 0.000000 2212 8427 1 0 1 
1.184824 0.384837 0.000000 -1.300837 0.422939 8893.684780 0.000000 2212 8428 1 0 1 
-1.355539 -0.023054 0.000000 2.733025 -2.831056 8887.959850 0.000000 2212 8429 1 0 1 
-2.562053 0.005821 0.000000 4.471422 -0.317657 8896.492224 0.000000 2212 8430 1 0 1 
-1.077652 0.140952 0.000000 -0.447411 -2.858281 8865.859471 0.000000 2212 8431 1 0 1 
2.084051 0.409481 0.000000 -2.965806 -3.326445 8934.058966 0.000000 2212 8432 1 0 1 
0.531697 1.786378 0.000000 -0.976677 4.006848 8858.529422 0.000000 2212 8433 1 0 1 
1.795696 0.614170 0.000000 -0.345723 -3.704791 8899.276692 0.000000 2212 8434 1 0 1 
0.500951 0.558701 0.000000 -0.669596 0.585325 8871.856638 0.000000 2212 8435 1 0 1 
1.018769 -0.488421 0.000000 -1.321862 0.456011 8886.812044 0.000000 2212 8436 1 0 1 
4.361112 1.699767 0.000000 -5.866255 0.568656 8889.077934 0.000000 2212 8437 1 0 1 
-1.332610 0.729804 0.000000 1.572996 3.323890 8901.589682 0.000000 2212 8438 1 0 1 
-1.996330 0.425387 0.000000 -1.046204 1.303980 8866.732670 0.000000 2212 8439 1 0 1 
3.109761 2.746511 0.000000 -4.401493 2.870785 8863.010069 0.000000 2212 8440 1 0 1 
-2.194467 1.301266 0.000000 1.966891 2.469723 8874.869864 0.000000 2212 8441 1 0 1 
1.353316 -0.408049 0.000000 -3.026591 -3.322454 8890.161377 0.000000 2212 8442 1 0 1 
2.667542 -0.167999 0.000000 -2.085424 2.530267 8881.363539 0.000000 2212 8443 1 0 1 
-0.274735 0.964373 0.000000 0.799919 1.455988 8911.103489 0.000000 2212 8444 1 0 1 
0.363032 1.183475 0.000000 -1.453414 3.470349 8866.783417 0.000000 2212 8445 1 0 1 
0.218569 -1.334104 0.000000 1.609108 -2.147025 8903.285441 0.000000 2212 8446 1 0 1 
1.473366 0.711430 0.000000 -0.812144 2.042017 8848.737866 0.000000 2212 8447 1 0 1 
-0.435024 0.600077 0.000000 0.132508 3.117281 8872.062240 0.000000 2212 8448 1 0 1 
1.964364 -0.639481 0.000000 -4.305591 1.149992 8862.528795 0.000000 2212 8449 1 0 1 
1.600785 1.135340 0.000000 -1.367564 2.293588 8901.525774 0.000000 2212 8450 1 0 1 
0.745949 -0.922115 0.000000 -0.402563 -2.741448 8920.688699 0.000000 2212 8451 1 0 1 
1.250090 1.838992 0.000000 -3.487336 2.161152 8859.379746 0.000000 2212 8452 1 0 1 
2.578698 1.422169 0.000000 -4.920089 4.512133 8870.019271 0.000000 2212 8453 1 0 1 
1.298245 1.858016 0.000000 -3.891748 -0.971371 8908.068343 0.000000 2212 8454 1 0 1 
-2.676146 0.162537 0.000000 2.909088 3.460129 8847.995007 0.000000 2212 8455 1 0 1 
3.130703 -1.214434 0.000000 -7.009482 0.630921 8889.772772 0.000000 2212 8456 1 0 1 
3.712887 -1.377375 0.000000 -6.265542 -6.569720 8934.400155 0.000000 2212 8457 1 0 1 
-0.757938 1.676155 0.000000 1.095239 3.001003 8886.454253 0.000000 2212 8458 1 0 1 
2.349861 -0.907781 0.000000 -1.682825 -4.153606 8923.520089 0.000000 2212 8459 1 0 1 
-1.176557 -1.583297 0.000000 1.130730 -3.837139 8889.615086 0.000000 2212 8460 1 0 1 
5.114773 -0.229198 0.000000 -9.335874 0.955113 8887.749361 0.000000 2212 8461 1 0 1 
-0.863872 -0.584907 0.000000 -0.087362 1.060565 8890.176868 0.000000 2212 8462 1 0 1 
2.786544 -1.776551 0.000000 -4.090680 -2.240070 8910.618448 0.000000 2212 8463 1 0 1 
1.637153 0.534021 0.000000 -3.110056 -2.629695 8914.513906 0.000000 2212 8464 1 0 1 
-0.027136 -1.462594 0.000000 -0.820593 -3.944948 8902.587035 0.000000 2212 8465 1 0 1 
1.885007 0.378715 0.000000 -4.343674 1.958442 8852.808348 0.000000 2212 8466 1 0 1 
0.237821 -0.802585 0.000000 -0.120798 -0.807477 8890.216429 0.000000 2212 8467 1 0 1 
1.306580 1.002179 0.000000 -1.450270 1.609262 8920.120728 0.000000 2212 8468 1 0 1 
2.855745 -2.023889 0.000000 -3.054869 -2.069784 8911.398037 0.000000 2212 8469 1 0 1 
1.730349 -0.216801 0.000000 -3.144039 -0.388625 8894.318168 0.000000 2212 8470 1 0 1 
-0.482583 1.312962 0.000000 2.170083 1.447128 8906.358062 0.000000 2212 8471 1 0 1 
2.490240 -1.071816 0.000000 -0.864832 -4.164850 8882.139326 0.000000 2212 8472 1 0 1 
1.443383 0.417092 0.000000 -3.846945 3.402079 8822.382884 0.000000 2212 8473 1 0 1 
0.019763 -1.349689 0.000000 1.303195 -3.161866 8873.635074 0.000000 2212 8474 1 0 1 
-1.826097 -0.597335 0.000000 4.286914 -0.887574 8897.659742 0.000000 2212 8475 1 0 1 
1.256167 1.045374 0.000000 -0.598666 0.906138 8909.316265 0.000000 2212 8476 1 0 1 
-1.366298 2.500640 0.000000 0.946250 5.419389 8877.760770 0.000000 2212 8477 1 0 1 
1.939011 0.223458 0.000000 -2.952808 -1.922002 8893.368976 0.000000 2212 8478 1 0 1 
1.002804 0.421268 0.000000 -3.971198 3.814713 8878.858768 0.000000 2212 8479 1 0 1 
1.457165 -0.258293 0.000000 -2.138481 -4.691235 8881.671328 0.000000 2212 8480 1 0 1 
-3.412509 1.512723 0.000000 5.960120 4.387485 8835.820602 0.000000 2212 8481 1 0 1 
-0.898100 -1.552277 0.000000 1.159848 -1.053379 8901.763869 0.000000 2212 8482 1 0 1 
0.884362 -0.843559 0.000000 1.586183 -0.636384 8877.644214 0.000000 2212 8483 1 0 1 
-0.239616 -0.186603 0.000000 0.839082 1.057049 8908.137107 0.000000 2212 8484 1 0 1 
-2.303958 -0.533489 0.000000 3.575748 -0.070258 8914.935267 0.000000 2212 8485 1 0 1 
2.010127 -3.109888 0.000000 -2.579190 -6.356334 8942.317517 0.000000 2212 8486 1 0 1 
0.513673 1.243267 0.000000 -1.041068 -2.814704 8907.230541 0.000000 2212 8487 1 0 1 
0.705529 -1.336965 0.000000 -2.063748 -1.132414 8870.657212 0.000000 2212 8488 1 0 1 
-1.236858 1.024791 0.000000 3.555752 -1.294141 8903.029910 0.000000 2212 8489 1 0 1 
4.444001 -1.018358 0.000000 -5.221251 -0.579521 8871.322655 0.000000 2212 8490 1 0 1 
1.585986 -2.663168 0.000000 -1.037529 -1.926942 8900.852992 0.000000 2212 8491 1 0 1 
-1.004508 0.992165 0.000000 3.400098 0.943228 8895.757163 0.000000 2212 8492 1 0 1 
0.704770 1.556222 0.000000 -0.679212 7.997088 8817.776108 0.000000 2212 8493 1 0 1 
0.108034 2.299566 0.000000 0.464314 4.683599 8848.137831 0.000000 2212 8494 1 0 1 
-0.185246 0.958791 0.000000 -0.984524 1.051821 8867.100607 0.000000 2212 8495 1 0 1 
0.801475 2.020386 0.000000 0.475294 2.530847 8882.494850 0.000000 2212 8496 1 0 1 
0.374817 -2.232083 0.000000 -0.399600 -0.917492 8891.692333 0.000000 2212 8497 1 0 1 
0.784873 1.808422 0.000000 -1.104867 4.866717 8854.097645 0.000000 2212 8498 1 0 1 
0.217644 -1.199646 0.000000 -0.954855 -0.581512 8874.329499 0.000000 2212 8499 1 0 1 
-0.721683 -0.417482 0.000000 1.115844 -2.524663 8912.359678 0.000000 2212 8500 1 0 1 
0.678145 -1.805395 0.000000 -0.796903 -5.139618 8923.256452 0.000000 2212 8501 1 0 1 
-0.770453 -2.392243 0.000000 -2.005112 -3.458180 8850.086798 0.000000 2212 8502 1 0 1 
-0.186550 -1.723769 0.000000 1.645268 -0.095775 8853.030711 0.000000 2212 8503 1 0 1 
2.362456 -1.640493 0.000000 -0.334469 -3.251642 8910.018498 0.000000 2212 8504 1 0 1 
-1.946135 2.437796 0.000000 4.136534 5.856333 8841.694404 0.000000 2212 8505 1 0 1 
0.693304 -0.142467 0.000000 -0.778191 2.373232 8875.169098 0.000000 2212 8506 1 0 1 
-2.052699 0.421113 0.000000 2.579800 4.519719 8863.263153 0.000000 2212 8507 1 0 1 
-0.572819 -1.651668 0.000000 0.602718 -2.673662 8906.986275 0.000000 2212 8508 1 0 1 
0.229874 0.232942 0.000000 0.172948 2.278577 8867.653967 0.000000 2212 8509 1 0 1 
2.687999 -0.611790 0.000000 -4.285541 0.827666 8854.526447 0.000000 2212 8510 1 0 1 
-2.716798 1.092755 0.000000 6.571503 4.444033 8878.989642 0.000000 2212 8511 1 0 1 
-1.153250 0.544978 0.000000 3.153050 4.464240 8869.202544 0.000000 2212 8512 1 0 1 
0.469682 1.649572 0.000000 -0.825927 -1.346401 8874.260220 0.000000 2212 8513 1 0 1 
3.019438 -1.639930 0.000000 -4.700210 -0.674574 8895.618416 0.000000 2212 8514 1 0 1 
-1.635838 1.152903 0.000000 0.600061 0.710329 8879.088793 0.000000 2212 8515 1 0 1 
-4.035776 1.974941 0.000000 3.586888 0.901967 8867.515288 0.000000 2212 8516 1 0 1 
-0.151263 -1.052792 0.000000 2.778810 -2.520135 8918.315646 0.000000 2212 8517 1 0 1 
1.515487 -0.434974 0.000000 -1.154197 1.111831 8865.868514 0.000000 2212 8518 1 0 1 
1.427673 -0.474193 0.000000 -2.741341 -2.009445 8902.734249 0.000000 2212 8519 1 0 1 
-0.806833 -0.461337 0.000000 2.826196 -5.990146 8980.715169 0.000000 2212 8520 1 0 1 
-0.252371 1.045195 0.000000 -0.927964 -0.040061 8863.724792 0.000000 2212 8521 1 0 1 
-1.721217 0.633442 0.000000 2.493398 4.956421 8863.150991 0.000000 2212 8522 1 0 1 
2.454042 0.918095 0.000000 -2.816133 1.773129 8884.838290 0.000000 2212 8523 1 0 1 
-0.224846 0.159276 0.000000 -1.093272 -1.318459 8893.899934 0.000000 2212 8524 1 0 1 
0.949084 -1.056737 0.000000 -1.083937 -1.692605 8902.249792 0.000000 2212 8525 1 0 1 
-1.603435 -2.247001 0.000000 3.216752 -6.930652 8888.186667 0.000000 2212 8526 1 0 1 
2.699657 2.219153 0.000000 -4.261542 8.963728 8848.742014 0.000000 2212 8527 1 0 1 
-0.695625 0.108612 0.000000 0.037924 2.933156 8860.605025 0.000000 2212 8528 1 0 1 
3.023180 1.976408 0.000000 -5.113153 1.004874 8880.916323 0.000000 2212 8529 1 0 1 
-2.276981 0.196578 0.000000 5.517015 -1.843704 8927.511245 0.000000 2212 8530 1 0 1 
1.848626 -4.165979 0.000000 -3.649025 -1.735745 8919.993726 0.000000 2212 8531 1 0 1 
2.242414 2.159231 0.000000 -1.498234 3.231880 8912.198352 0.000000 2212 8532 1 0 1 
-0.377381 -1.478349 0.000000 1.587437 -2.350608 8920.212232 0.000000 2212 8533 1 0 1 
2.758273 -2.591756 0.000000 -3.802347 -3.871873 8870.097991 0.000000 2212 8534 1 0 1 
-2.772424 -1.017463 0.000000 4.053036 0.346531 8879.117548 0.000000 2212 8535 1 0 1 
-2.292263 2.662870 0.000000 3.813748 1.271682 8880.970088 0.000000 2212 8536 1 0 1 
-0.202951 0.719927 0.000000 -0.274453 0.612357 8894.335904 0.000000 2212 8537 1 0 1 
-1.464022 0.734330 0.000000 1.631858 -0.836893 8882.397306 0.000000 2212 8538 1 0 1 
0.979672 1.492927 0.000000 -1.217112 1.921054 8882.106153 0.000000 2212 8539 1 0 1 
-2.864404 -0.464268 0.000000 3.666406 -1.225058 8908.382799 0.000000 2212 8540 1 0 1 
3.832107 0.057004 0.000000 -4.050104 6.825172 8850.763861 0.000000 2212 8541 1 0 1 
-1.290095 -0.347870 0.000000 3.651165 -1.033547 8872.536721 0.000000 2212 8542 1 0 1 
-0.729021 0.277179 0.000000 1.067669 3.115618 8849.772985 0.000000 2212 8543 1 0 1 
2.419505 0.542857 0.000000 -3.615213 2.472393 8916.667620 0.000000 2212 8544 1 0 1 
-3.120500 -0.143300 0.000000 2.319816 2.215148 8884.415839 0.000000 2212 8545 1 0 1 
1.353696 -1.583327 0.000000 -2.255766 -1.866349 8875.399575 0.000000 2212 8546 1 0 1 
2.984017 -2.568899 0.000000 -2.820084 -0.966484 8896.873929 0.000000 2212 8547 1 0 1 
1.607262 -0.150425 0.000000 -4.237418 0.394968 8881.691823 0.000000 2212 8548 1 0 1 
-1.458991 -0.760262 0.000000 2.916393 0.191519 8890.154068 0.000000 2212 8549 1 0 1 
-2.011595 1.582200 0.000000 0.982956 2.450074 8842.031673 0.000000 2212 8550 1 0 1 
-1.224059 0.298464 0.000000 2.082033 0.888634 8897.886551 0.000000 2212 8551 1 0 1 
-1.952525 -0.664532 0.000000 2.275007 -2.473419 8944.484679 0.000000 2212 8552 1 0 1 
4.187177 -0.338052 0.000000 -5.895908 -0.922001 8874.536823 0.000000 2212 8553 1 0 1 
-1.685380 1.081678 0.000000 2.658870 3.912151 8867.211818 0.000000 2212 8554 1 0 1 
-2.837269 1.200309 0.000000 4.608341 0.519709 8868.342043 0.000000 2212 8555 1 0 1 
0.482567 1.385121 0.000000 -1.402390 5.368218 8861.194832 0.000000 2212 8556 1 0 1 
0.913117 -0.982209 0.000000 -0.793984 0.503860 8876.619331 0.000000 2212 8557 1 0 1 
-1.328507 1.354459 0.000000 2.324165 -0.112420 8877.682661 0.000000 2212 8558 1 0 1 
3.008442 -0.992699 0.000000 -6.380487 -2.357359 8916.650287 0.000000 2212 8559 1 0 1 
2.333036 1.950768 0.000000 -0.965630 7.058131 8827.980948 0.000000 2212 8560 1 0 1 
-1.314978 -1.288157 0.000000 2.306650 -2.709209 8894.928938 0.000000 2212 8561 1 0 1 
-2.390775 -0.195625 0.000000 2.626199 -2.625423 8911.664918 0.000000 2212 8562 1 0 1 
-0.721651 0.659751 0.000000 2.133679 3.149742 8874.568768 0.000000 2212 8563 1 0 1 
0.869927 -0.388446 0.000000 0.950510 0.513568 8844.802449 0.000000 2212 8564 1 0 1 
-0.280285 2.711965 0.000000 1.307876 5.309833 8889.465096 0.000000 2212 8565 1 0 1 
1.878974 -0.679599 0.000000 -1.817241 -3.801107 8922.290938 0.000000 2212 8566 1 0 1 
0.293085 -1.047641 0.000000 1.473642 0.009371 8887.158609 0.000000 2212 8567 1 0 1 
-0.327753 -1.168318 0.000000 -0.684306 -2.114633 8936.771088 0.000000 2212 8568 1 0 1 
3.941160 0.093111 0.000000 -5.225847 -1.490928 8939.465384 0.000000 2212 8569 1 0 1 
-2.858385 -2.296239 0.000000 1.059220 -1.057142 8902.113167 0.000000 2212 8570 1 0 1 
0.734545 -0.162397 0.000000 -1.041392 3.067668 8826.565489 0.000000 2212 8571 1 0 1 
3.302826 -3.135981 0.000000 -4.605100 -6.047594 8930.737147 0.000000 2212 8572 1 0 1 
1.933973 0.772073 0.000000 -1.861107 -2.962296 8872.893596 0.000000 2212 8573 1 0 1 
-0.569475 1.317687 0.000000 0.493317 1.123993 8889.590076 0.000000 2212 8574 1 0 1 
-0.642173 -1.628658 0.000000 1.646264 -3.320754 8918.507408 0.000000 2212 8575 1 0 1 
2.044976 1.259443 0.000000 -3.178439 3.854318 8896.406964 0.000000 2212 8576 1 0 1 
0.161745 -0.818067 0.000000 -0.463513 -3.459871 8927.029431 0.000000 2212 8577 1 0 1 
-1.363283 -1.335303 0.000000 3.370390 -2.058721 8954.550408 0.000000 2212 8578 1 0 1 
-2.256159 1.716004 0.000000 4.524326 1.927860 8909.195315 0.000000 2212 8579 1 0 1 
-0.102999 3.574526 0.000000 -1.556764 7.543933 8850.387439 0.000000 2212 8580 1 0 1 
-0.415803 -0.107619 0.000000 0.170112 -1.645038 8892.839223 0.000000 2212 8581 1 0 1 
-0.786036 -1.731943 0.000000 -0.894329 -2.500219 8924.610422 0.000000 2212 8582 1 0 1 
-1.431539 0.288689 0.000000 0.027045 -2.561851 8908.085324 0.000000 2212 8583 1 0 1 
-1.281080 -1.263988 0.000000 2.256858 0.821621 8868.010885 0.000000 2212 8584 1 0 1 
-1.261739 -0.150205 0.000000 2.297323 -2.037574 8927.642676 0.000000 2212 8585 1 0 1 
1.921456 -1.649016 0.000000 0.511010 -6.499931 8954.754915 0.000000 2212 8586 1 0 1 
-0.497701 -1.070174 0.000000 1.067803 -0.729818 8900.630596 0.000000 2212 8587 1 0 1 
-1.345061 0.242637 0.000000 -0.901913 3.177323 8865.980570 0.000000 2212 8588 1 0 1 
2.678658 0.832191 0.000000 -3.686958 3.718069 8837.137468 0.000000 2212 8589 1 0 1 
0.272039 -0.361429 0.000000 -0.433468 -3.230697 8914.053421 0.000000 2212 8590 1 0 1 
-1.403799 -0.678204 0.000000 -0.935959 1.027952 8918.761471 0.000000 2212 8591 1 0 1 
0.779067 -1.641150 0.000000 -1.225562 -5.998296 8929.113187 0.000000 2212 8592 1 0 1 
-2.575900 1.273608 0.000000 5.518938 6.651939 8809.661734 0.000000 2212 8593 1 0 1 
0.208951 -1.909232 0.000000 -1.077738 -3.162897 8943.232251 0.000000 2212 8594 1 0 1 
0.872561 -0.045518 0.000000 -0.346560 0.663092 8882.987007 0.000000 2212 8595 1 0 1 
0.561777 -1.851305 0.000000 -0.702422 -6.466831 8928.246068 0.000000 2212 8596 1 0 1 
0.365140 0.855288 0.000000 -2.920870 3.385679 8856.826194 0.000000 2212 8597 1 0 1 
-1.089450 -0.762820 0.000000 2.569558 -0.391296 8868.346693 0.000000 2212 8598 1 0 1 
-2.016621 -1.008301 0.000000 5.075731 -0.316337 8900.674690 0.000000 2212 8599 1 0 1 
-3.426302 1.020672 0.000000 5.406653 2.387318 8872.932824 0.000000 2212 8600 1 0 1 
0.951006 0.904032 0.000000 -1.500903 -1.462748 8879.986176 0.000000 2212 8601 1 0 1 
2.940025 -1.897055 0.000000 -5.137049 -1.520419 8849.516884 0.000000 2212 8602 1 0 1 
2.103733 1.284020 0.000000 -3.383613 0.829142 8917.382628 0.000000 2212 8603 1 0 1 
1.255380 0.862279 0.000000 -2.049072 1.300360 8881.405936 0.000000 2212 8604 1 0 1 
-0.738294 0.956386 0.000000 0.189647 2.383049 8880.187537 0.000000 2212 8605 1 0 1 
0.196381 1.032742 0.000000 -0.837697 0.162438 8866.306274 0.000000 2212 8606 1 0 1 
0.123594 -0.745254 0.000000 3.456365 -3.749516 8927.025985 0.000000 2212 8607 1 0 1 
-1.479618 0.029080 0.000000 4.100567 2.219033 8852.745717 0.000000 2212 8608 1 0 1 
-0.831559 -1.031804 0.000000 -2.047226 2.986352 8873.321611 0.000000 2212 8609 1 0 1 
-1.954207 -1.529393 0.000000 1.418192 1.993172 8877.325844 0.000000 2212 8610 1 0 1 
-0.473246 -0.633374 0.000000 -1.687556 0.769119 8864.111786 0.000000 2212 8611 1 0 1 
0.727077 -1.244901 0.000000 -1.603363 1.467248 8850.962581 0.000000 2212 8612 1 0 1 
-0.053093 0.090364 0.000000 0.161978 2.100749 8870.457836 0.000000 2212 8613 1 0 1 
1.277392 1.404831 0.000000 -2.952250 5.852249 8855.125472 0.000000 2212 8614 1 0 1 
1.110958 0.141763 0.000000 -3.278297 4.535133 8882.234624 0.000000 2212 8615 1 0 1 
1.818212 -0.407398 0.000000 -2.469663 -2.860180 8927.199974 0.000000 2212 8616 1 0 1 
1.724664 0.548055 0.000000 -4.177501 4.189062 8927.562936 0.000000 2212 8617 1 0 1 
-1.923982 0.836802 0.000000 1.516310 1.008730 8898.986655 0.000000 2212 8618 1 0 1 
3.332698 -2.405034 0.000000 -3.731555 -5.393230 8913.894789 0.000000 2212 8619 1 0 1 
-0.882518 2.137045 0.000000 2.619549 1.089515 8864.442765 0.000000 2212 8620 1 0 1 
0.373990 0.699685 0.000000 -3.107788 -0.816896 8863.493859 0.000000 2212 8621 1 0 1 
-0.176704 0.962579 0.000000 0.058157 6.309427 8831.618672 0.000000 2212 8622 1 0 1 
-0.159646 0.558744 0.000000 -1.996892 5.183881 8841.570198 0.000000 2212 8623 1 0 1 
0.132467 3.038949 0.000000 0.421432 4.734995 8832.704027 0.000000 2212 8624 1 0 1 
-1.074152 -0.725253 0.000000 1.848142 1.296390 8863.938575 0.000000 2212 8625 1 0 1 
-1.624179 -0.563050 0.000000 1.213614 4.326317 8832.514477 0.000000 2212 8626 1 0 1 
1.934456 0.738931 0.000000 -4.266820 1.440418 8887.198556 0.000000 2212 8627 1 0 1 
-1.655710 -0.053007 0.000000 2.527707 4.359556 8848.014976 0.000000 2212 8628 1 0 1 
1.651395 0.214467 0.000000 -0.267874 0.605520 8906.715137 0.000000 2212 8629 1 0 1 
2.689800 -0.855721 0.000000 -4.087111 -3.063438 8923.354216 0.000000 2212 8630 1 0 1 
-1.822404 0.545150 0.000000 4.963162 2.934999 8884.560239 0.000000 2212 8631 1 0 1 
0.385530 -1.480775 0.000000 -1.737576 -0.416086 8907.357717 0.000000 2212 8632 1 0 1 
0.007489 0.299300 0.000000 0.144645 0.473673 8856.185741 0.000000 2212 8633 1 0 1 
0.223033 -1.809737 0.000000 -1.447253 -5.672039 8963.741347 0.000000 2212 8634 1 0 1 
1.256919 0.069358 0.000000 -2.227349 -0.448079 8918.195703 0.000000 2212 8635 1 0 1 
-0.241559 1.448625 0.000000 0.648180 3.967241 8828.451435 0.000000 2212 8636 1 0 1 
0.543926 0.229041 0.000000 0.511057 -0.763011 8889.453533 0.000000 2212 8637 1 0 1 
-0.306060 -0.199814 0.000000 -1.493388 -1.500914 8905.683580 0.000000 2212 8638 1 0 1 
0.181129 0.300217 0.000000 2.072192 1.470024 8848.231356 0.000000 2212 8639 1 0 1 
-0.733632 0.805977 0.000000 1.872000 2.797887 8854.972399 0.000000 2212 8640 1 0 1 
1.128389 0.069567 0.000000 -3.652681 3.988815 8870.106064 0.000000 2212 8641 1 0 1 
-1.518598 -2.890438 0.000000 3.590820 -2.642583 8933.338394 0.000000 2212 8642 1 0 1 
-2.009718 1.180353 0.000000 2.137802 -0.829480 8884.422618 0.000000 2212 8643 1 0 1 
-2.759410 1.085536 0.000000 4.755384 1.678144 8897.361265 0.000000 2212 8644 1 0 1 
0.230202 -0.807170 0.000000 0.085520 -0.005647 8911.049598 0.000000 2212 8645 1 0 1 
2.037882 -0.954040 0.000000 -3.586216 -0.213118 8893.454035 0.000000 2212 8646 1 0 1 
-2.612276 -0.416829 0.000000 4.128372 0.709472 8887.269368 0.000000 2212 8647 1 0 1 
-1.151129 -0.967911 0.000000 2.168843 -2.448544 8909.255681 0.000000 2212 8648 1 0 1 
-0.591571 -0.997370 0.000000 -0.247901 -3.933955 8936.503074 0.000000 2212 8649 1 0 1 
2.217222 2.432041 0.000000 -3.653407 3.835182 8871.437791 0.000000 2212 8650 1 0 1 
0.738651 -2.101818 0.000000 -1.764632 -2.672852 8883.728449 0.000000 2212 8651 1 0 1 
0.407481 -0.570214 0.000000 0.398823 -1.475166 8906.660042 0.000000 2212 8652 1 0 1 
1.669570 -2.146674 0.000000 -3.201574 -3.015575 8875.861566 0.000000 2212 8653 1 0 1 
2.700106 1.259620 0.000000 -6.104956 -2.193045 8849.710991 0.000000 2212 8654 1 0 1 
-0.859869 0.963804 0.000000 2.235323 1.719404 8899.313410 0.000000 2212 8655 1 0 1 
-1.368883 0.205982 0.000000 2.452972 2.657715 8860.766099 0.000000 2212 8656 1 0 1 
-1.778155 -0.587777 0.000000 0.650029 0.107429 8882.635915 0.000000 2212 8657 1 0 1 
-0.307129 -1.603182 0.000000 1.729058 -3.197427 8959.881777 0.000000 2212 8658 1 0 1 
-0.244050 -0.517394 0.000000 -0.574991 -1.306018 8851.447607 0.000000 2212 8659 1 0 1 
1.324103 1.920454 0.000000 0.525698 1.953441 8909.444035 0.000000 2212 8660 1 0 1 
-0.045850 -0.702946 0.000000 0.192847 -4.701303 8919.439591 0.000000 2212 8661 1 0 1 
-0.804842 -0.519432 0.000000 2.147192 4.032313 8887.515966 0.000000 2212 8662 1 0 1 
-1.182143 0.187061 0.000000 3.175936 -0.356034 8887.421823 0.000000 2212 8663 1 0 1 
2.549747 0.221067 0.000000 -1.498755 2.560158 8881.376171 0.000000 2212 8664 1 0 1 
-0.640787 -0.104954 0.000000 0.880205 -0.925080 8913.076879 0.000000 2212 8665 1 0 1 
0.796914 0.873285 0.000000 -2.346954 1.369298 8865.786527 0.000000 2212 8666 1 0 1 
3.141411 -0.422638 0.000000 -3.851007 -0.010575 8870.059710 0.000000 2212 8667 1 0 1 
1.063373 -1.404638 0.000000 -2.731317 -4.682165 8887.514612 0.000000 2212 8668 1 0 1 
-0.520157 -0.514525 0.000000 1.386756 -1.605127 8952.176618 0.000000 2212 8669 1 0 1 
0.324875 1.379202 0.000000 -1.377534 0.184118 8878.296071 0.000000 2212 8670 1 0 1 
4.408666 -0.635333 0.000000 -3.986839 3.806617 8870.735029 0.000000 2212 8671 1 0 1 
0.252724 0.942586 0.000000 -1.605045 7.280251 8855.332601 0.000000 2212 8672 1 0 1 
-0.080685 3.766974 0.000000 0.423466 6.087138 8888.546031 0.000000 2212 8673 1 0 1 
-2.244442 1.707016 0.000000 4.547197 -0.355457 8858.055631 0.000000 2212 8674 1 0 1 
-0.810899 0.045804 0.000000 2.583052 -1.914346 8920.370017 0.000000 2212 8675 1 0 1 
0.324811 -0.945798 0.000000 2.504207 -1.930561 8915.673639 0.000000 2212 8676 1 0 1 
-1.346732 1.069182 0.000000 2.567120 1.374162 8885.127608 0.000000 2212 8677 1 0 1 
1.281982 0.209100 0.000000 -1.658363 -0.651895 8890.742003 0.000000 2212 8678 1 0 1 
0.251846 0.773641 0.000000 0.640282 0.818594 8897.147586 0.000000 2212 8679 1 0 1 
3.998602 0.990146 0.000000 -3.509953 1.869457 8918.393237 0.000000 2212 8680 1 0 1 
0.277153 -0.723519 0.000000 -1.067543 0.393393 8863.426934 0.000000 2212 8681 1 0 1 
1.869776 -2.091261 0.000000 -1.771551 -7.323579 8957.466059 0.000000 2212 8682 1 0 1 
0.851687 -0.918802 0.000000 0.120747 -6.112827 8934.939251 0.000000 2212 8683 1 0 1 
1.686355 -2.265270 0.000000 -0.887729 -4.383357 8939.550156 0.000000 2212 8684 1 0 1 
-0.803131 0.214774 0.000000 0.086980 -1.403983 8911.762796 0.000000 2212 8685 1 0 1 
-1.296678 -0.209060 0.000000 4.695384 -2.249858 8924.288039 0.000000 2212 8686 1 0 1 
-0.732801 1.658253 0.000000 2.606804 1.998908 8893.582027 0.000000 2212 8687 1 0 1 
-0.179589 1.177269 0.000000 -0.730975 0.529307 8874.765760 0.000000 2212 8688 1 0 1 
-2.272102 1.806297 0.000000 3.149240 4.223968 8886.844918 0.000000 2212 8689 1 0 1 
-2.543737 0.310773 0.000000 4.101166 1.020331 8892.689474 0.000000 2212 8690 1 0 1 
2.524026 -1.338664 0.000000 -3.120202 -0.658252 8839.438177 0.000000 2212 8691 1 0 1 
-2.158395 -2.236115 0.000000 2.311588 -0.204302 8881.188127 0.000000 2212 8692 1 0 1 
0.203041 0.985047 0.000000 -1.480327 1.207649 8911.146563 0.000000 2212 8693 1 0 1 
0.580423 1.001214 0.000000 -1.295315 0.670481 8863.924708 0.000000 2212 8694 1 0 1 
1.038642 -1.003589 0.000000 -1.225909 2.369239 8884.465782 0.000000 2212 8695 1 0 1 
1.867030 0.393872 0.000000 -2.763213 0.541291 8878.831374 0.000000 2212 8696 1 0 1 
-0.495513 -1.282627 0.000000 3.669473 -2.310282 8913.955215 0.000000 2212 8697 1 0 1 
1.290783 -2.088972 0.000000 -2.396898 2.608455 8862.186135 0.000000 2212 8698 1 0 1 
1.586864 0.194320 0.000000 -2.671413 -3.449536 8925.084559 0.000000 2212 8699 1 0 1 
-1.970697 -0.176274 0.000000 2.281047 1.097376 8883.836192 0.000000 2212 8700 1 0 1 
0.188388 -2.055997 0.000000 -0.453781 -4.414066 8919.733234 0.000000 2212 8701 1 0 1 
-2.573688 -0.831892 0.000000 4.552234 -4.187508 8931.270074 0.000000 2212 8702 1 0 1 
-0.173835 2.260635 0.000000 -0.984112 1.346865 8879.166229 0.000000 2212 8703 1 0 1 
-1.395324 0.128657 0.000000 1.881470 -2.890777 8917.946915 0.000000 2212 8704 1 0 1 
0.228855 -1.259723 0.000000 -2.035914 -1.925878 8908.022463 0.000000 2212 8705 1 0 1 
-5.454952 0.414981 0.000000 8.121895 0.194289 8901.646017 0.000000 2212 8706 1 0 1 
0.565802 -0.810428 0.000000 0.178139 1.525806 8843.936243 0.000000 2212 8707 1 0 1 
2.420977 -0.198886 0.000000 -5.572296 3.028598 8821.280364 0.000000 2212 8708 1 0 1 
0.896118 0.322603 0.000000 -1.462848 1.503060 8887.259453 0.000000 2212 8709 1 0 1 
-0.216712 0.579053 0.000000 0.099850 4.763899 8867.619969 0.000000 2212 8710 1 0 1 
-2.552586 -0.416924 0.000000 2.523313 -1.443532 8927.484029 0.000000 2212 8711 1 0 1 
0.784131 -0.512406 0.000000 -1.838332 0.035539 8874.090288 0.000000 2212 8712 1 0 1 
1.940292 1.622207 0.000000 -2.524847 3.780390 8894.553862 0.000000 2212 8713 1 0 1 
-3.048908 0.579590 0.000000 3.736158 3.984288 8825.652743 0.000000 2212 8714 1 0 1 
-0.986538 0.323475 0.000000 4.414911 0.109451 8863.390864 0.000000 2212 8715 1 0 1 
-0.565206 -1.432824 0.000000 2.395644 -2.827284 8945.218220 0.000000 2212 8716 1 0 1 
-1.992084 1.607788 0.000000 1.581228 -0.979872 8891.826320 0.000000 2212 8717 1 0 1 
1.203836 -1.562553 0.000000 -2.169738 1.360065 8870.465657 0.000000 2212 8718 1 0 1 
1.704520 0.314882 0.000000 -2.413288 -3.040123 8925.290264 0.000000 2212 8719 1 0 1 
-0.320782 1.075333 0.000000 -1.084357 2.076793 8873.560870 0.000000 2212 8720 1 0 1 
2.164218 1.322697 0.000000 -4.332303 6.020622 8848.819920 0.000000 2212 8721 1 0 1 
-1.112251 1.535747 0.000000 -0.415753 0.219801 8861.298967 0.000000 2212 8722 1 0 1 
0.019337 2.366732 0.000000 -0.449661 4.006361 8862.815118 0.000000 2212 8723 1 0 1 
1.727381 0.501587 0.000000 0.034252 -1.066273 8880.557349 0.000000 2212 8724 1 0 1 
-0.043662 -0.234719 0.000000 -2.714895 0.291854 8886.867070 0.000000 2212 8725 1 0 1 
-0.097054 -1.151227 0.000000 0.008062 7.192153 8808.915103 0.000000 2212 8726 1 0 1 
-0.895888 -3.603152 0.000000 -0.213160 -5.871583 8919.515570 0.000000 2212 8727 1 0 1 
-0.681158 2.175299 0.000000 2.118011 2.474131 8864.915104 0.000000 2212 8728 1 0 1 
-0.624838 1.425148 0.000000 0.756406 5.642968 8852.632377 0.000000 2212 8729 1 0 1 
0.295675 -0.256682 0.000000 2.799884 -4.091007 8928.520429 0.000000 2212 8730 1 0 1 
0.623322 0.410298 0.000000 -1.423424 0.506570 8867.259423 0.000000 2212 8731 1 0 1 
-0.966433 -0.181218 0.000000 1.263457 0.003878 8875.073217 0.000000 2212 8732 1 0 1 
-1.251767 -0.855786 0.000000 3.042798 1.390368 8875.366147 0.000000 2212 8733 1 0 1 
0.206259 -3.722255 0.000000 -0.630901 -4.014678 8872.965817 0.000000 2212 8734 1 0 1 
-1.672935 2.506163 0.000000 0.012828 6.106202 8833.058788 0.000000 2212 8735 1 0 1 
-2.069451 -0.458085 0.000000 2.938527 2.699930 8879.341474 0.000000 2212 8736 1 0 1 
-0.611455 -0.472574 0.000000 1.809178 0.590156 8912.019362 0.000000 2212 8737 1 0 1 
0.331947 0.404417 0.000000 0.102874 -1.409298 8899.355450 0.000000 2212 8738 1 0 1 
0.357664 0.281766 0.000000 -0.027505 -5.765776 8939.678842 0.000000 2212 8739 1 0 1 
0.179491 -0.020751 0.000000 0.357850 -0.695096 8897.778093 0.000000 2212 8740 1 0 1 
-1.137127 0.558494 0.000000 3.336274 -1.424861 8929.980875 0.000000 2212 8741 1 0 1 
0.108065 -0.264740 0.000000 0.403991 2.391894 8875.191011 0.000000 2212 8742 1 0 1 
0.871156 2.459032 0.000000 -2.052802 0.730306 8887.149334 0.000000 2212 8743 1 0 1 
2.397528 -0.347101 0.000000 -1.041095 -6.012798 8949.191545 0.000000 2212 8744 1 0 1 
-0.442918 -0.977941 0.000000 2.106492 -2.557663 8891.032218 0.000000 2212 8745 1 0 1 
2.386910 -0.724770 0.000000 -2.543429 -3.361016 8871.118063 0.000000 2212 8746 1 0 1 
-0.484359 -0.195607 0.000000 1.570794 -3.031571 8894.738092 0.000000 2212 8747 1 0 1 
2.136479 -0.107251 0.000000 -1.837067 -2.928881 8947.554238 0.000000 2212 8748 1 0 1 
2.058131 -1.389705 0.000000 -2.055709 -2.768926 8896.878115 0.000000 2212 8749 1 0 1 
0.663272 1.852844 0.000000 -1.160242 3.994624 8891.717990 0.000000 2212 8750 1 0 1 
0.867576 -2.002388 0.000000 -2.323811 -4.590740 8902.073628 0.000000 2212 8751 1 0 1 
1.844924 -1.499330 0.000000 -1.172350 -4.777895 8899.553750 0.000000 2212 8752 1 0 1 
-1.511419 1.918802 0.000000 0.806102 3.539931 8851.459178 0.000000 2212 8753 1 0 1 
-0.042082 1.667149 0.000000 -3.234287 3.027573 8864.138024 0.000000 2212 8754 1 0 1 
-0.397035 1.068146 0.000000 -1.279586 2.266734 8883.196946 0.000000 2212 8755 1 0 1 
-0.239769 0.888577 0.000000 1.695373 -6.651460 8961.444011 0.000000 2212 8756 1 0 1 
2.015287 1.953835 0.000000 -4.562810 -2.626112 8928.692118 0.000000 2212 8757 1 0 1 
0.466187 1.084577 0.000000 -2.752687 1.966821 8897.116886 0.000000 2212 8758 1 0 1 
-0.280262 0.332357 0.000000 0.426527 -0.118943 8885.217574 0.000000 2212 8759 1 0 1 
1.887735 -1.946169 0.000000 -4.095176 0.684930 8856.034042 0.000000 2212 8760 1 0 1 
0.483779 0.628675 0.000000 -2.485791 3.026397 8902.551936 0.000000 2212 8761 1 0 1 
0.251900 0.916106 0.000000 1.684585 1.014537 8900.255555 0.000000 2212 8762 1 0 1 
-0.848495 -0.801908 0.000000 0.730423 -0.931784 8885.596181 0.000000 2212 8763 1 0 1 
-0.530665 0.555535 0.000000 0.792303 0.037537 8905.605579 0.000000 2212 8764 1 0 1 
0.347769 -1.040335 0.000000 -1.024105 2.005363 8881.705733 0.000000 2212 8765 1 0 1 
4.661829 0.447293 0.000000 -5.541100 -1.796230 8900.269614 0.000000 2212 8766 1 0 1 
-0.760447 -1.167523 0.000000 2.302107 -2.960913 8900.675656 0.000000 2212 8767 1 0 1 
2.394158 -0.606718 0.000000 -4.689656 -1.675307 8913.141284 0.000000 2212 8768 1 0 1 
-0.892773 -0.101409 0.000000 2.060931 -0.007884 8867.391465 0.000000 2212 8769 1 0 1 
2.251017 -1.166353 0.000000 -7.136252 3.629304 8843.531899 0.000000 2212 8770 1 0 1 
3.063126 -1.343323 0.000000 -4.917373 -1.540015 8883.638984 0.000000 2212 8771 1 0 1 
1.931228 1.100462 0.000000 -5.354274 3.052514 8861.969178 0.000000 2212 8772 1 0 1 
0.879387 -1.548633 0.000000 -2.403103 0.085014 8877.713740 0.000000 2212 8773 1 0 1 
1.019335 -0.804259 0.000000 -2.647681 0.548431 8873.792921 0.000000 2212 8774 1 0 1 
-0.871030 -0.581124 0.000000 1.798064 -2.256783 8911.568445 0.000000 2212 8775 1 0 1 
2.599556 -0.348791 0.000000 -3.768296 -1.032290 8889.804383 0.000000 2212 8776 1 0 1 
-1.553505 0.344321 0.000000 1.361758 2.403421 8895.860762 0.000000 2212 8777 1 0 1 
-0.161987 -0.313175 0.000000 -0.870664 -0.810107 8912.733175 0.000000 2212 8778 1 0 1 
-1.001766 -1.539659 0.000000 1.956432 0.629705 8913.144032 0.000000 2212 8779 1 0 1 
-0.022727 1.325981 0.000000 0.827537 0.289518 8890.331025 0.000000 2212 8780 1 0 1 
-1.086099 0.641619 0.000000 1.515611 0.183846 8889.661455 0.000000 2212 8781 1 0 1 
0.686522 2.989052 0.000000 -2.910162 3.686234 8858.851052 0.000000 2212 8782 1 0 1 
2.628486 1.170421 0.000000 -3.515117 1.903802 8873.376178 0.000000 2212 8783 1 0 1 
-3.663221 -0.779498 0.000000 4.306234 -3.829372 8919.067968 0.000000 2212 8784 1 0 1 
1.678040 -0.651109 0.000000 -4.064848 -3.678212 8917.419514 0.000000 2212 8785 1 0 1 
0.014534 -1.485237 0.000000 -0.617814 0.175463 8890.389236 0.000000 2212 8786 1 0 1 
-1.780054 -2.859087 0.000000 2.313625 -3.432261 8911.224028 0.000000 2212 8787 1 0 1 
-2.037797 -1.968285 0.000000 1.361157 -2.307965 8880.574259 0.000000 2212 8788 1 0 1 
1.428144 0.241480 0.000000 -1.150192 1.674153 8878.702060 0.000000 2212 8789 1 0 1 
-1.799438 0.345393 0.000000 2.878872 -0.623284 8905.470195 0.000000 2212 8790 1 0 1 
-3.482934 0.291449 0.000000 6.347996 -5.669165 8944.697808 0.000000 2212 8791 1 0 1 
2.699803 1.227933 0.000000 -3.898845 2.095532 8932.103252 0.000000 2212 8792 1 0 1 
1.910376 0.507390 0.000000 -5.550035 3.532402 8867.048727 0.000000 2212 8793 1 0 1 
0.763363 -1.122032 0.000000 -1.327000 -3.935111 8910.984577 0.000000 2212 8794 1 0 1 
0.990263 -1.450565 0.000000 -2.455315 4.056630 8841.831329 0.000000 2212 8795 1 0 1 
-1.505532 -0.091255 0.000000 2.893275 -2.499036 8904.935269 0.000000 2212 8796 1 0 1 
-0.730306 2.978344 0.000000 0.481840 2.101546 8885.985040 0.000000 2212 8797 1 0 1 
0.494525 2.445787 0.000000 -2.349989 3.995035 8850.756697 0.000000 2212 8798 1 0 1 
1.130700 -0.030402 0.000000 -0.464373 1.933941 8882.580709 0.000000 2212 8799 1 0 1 
0.418236 1.157046 0.000000 -0.578347 3.321554 8873.768966 0.000000 2212 8800 1 0 1 
-4.603728 0.011903 0.000000 5.642328 -1.267071 8909.340361 0.000000 2212 8801 1 0 1 
0.124180 0.284821 0.000000 -0.983007 2.396505 8860.409422 0.000000 2212 8802 1 0 1 
-0.000284 1.477114 0.000000 -1.486458 4.641481 8837.156023 0.000000 2212 8803 1 0 1 
-1.590845 -0.554321 0.000000 1.453672 4.726056 8861.636851 0.000000 2212 8804 1 0 1 
-1.583580 -0.125334 0.000000 2.376451 0.367128 8866.881465 0.000000 2212 8805 1 0 1 
-0.581451 2.471931 0.000000 1.182646 0.955596 8873.560566 0.000000 2212 8806 1 0 1 
-1.237692 0.954298 0.000000 1.947627 1.863189 8893.033555 0.000000 2212 8807 1 0 1 
-1.588675 0.727720 0.000000 1.764932 2.901989 8863.056631 0.000000 2212 8808 1 0 1 
-0.926168 0.347981 0.000000 3.722782 -0.174270 8905.184436 0.000000 2212 8809 1 0 1 
0.469830 1.297436 0.000000 -0.554285 3.963901 8842.622350 0.000000 2212 8810 1 0 1 
0.671780 -0.016125 0.000000 0.494405 1.281719 8921.309625 0.000000 2212 8811 1 0 1 
-3.434178 0.649912 0.000000 3.376545 1.482632 8863.744979 0.000000 2212 8812 1 0 1 
-2.269325 -0.661907 0.000000 3.607094 0.319154 8913.472631 0.000000 2212 8813 1 0 1 
1.488397 -0.705418 0.000000 -4.867082 -2.767826 8927.265151 0.000000 2212 8814 1 0 1 
-0.372251 -0.621631 0.000000 3.926303 -5.009455 8901.658711 0.000000 2212 8815 1 0 1 
0.603444 1.778072 0.000000 -1.210455 1.532230 8947.833402 0.000000 2212 8816 1 0 1 
-1.325317 -0.131291 0.000000 2.171230 -1.783339 8916.335406 0.000000 2212 8817 1 0 1 
-4.216382 0.099079 0.000000 4.218398 -1.180450 8872.143980 0.000000 2212 8818 1 0 1 
0.011748 -0.490272 0.000000 1.295419 -1.055336 8892.691564 0.000000 2212 8819 1 0 1 
-1.586084 -0.715910 0.000000 0.624039 -0.478651 8904.752731 0.000000 2212 8820 1 0 1 
1.073782 -0.891286 0.000000 -2.777477 -1.149116 8858.015536 0.000000 2212 8821 1 0 1 
-0.821188 -1.560350 0.000000 2.021058 -5.789621 8902.244552 0.000000 2212 8822 1 0 1 
1.086748 0.713116 0.000000 -4.700792 4.629710 8914.207252 0.000000 2212 8823 1 0 1 
-0.200298 -0.596954 0.000000 2.804608 -3.229420 8876.490041 0.000000 2212 8824 1 0 1 
-0.856280 0.809227 0.000000 -2.086887 1.188856 8860.025857 0.000000 2212 8825 1 0 1 
-0.487239 -0.786200 0.000000 1.417501 -0.927491 8886.378484 0.000000 2212 8826 1 0 1 
0.903881 -1.215744 0.000000 -3.747527 -9.707179 8931.882149 0.000000 2212 8827 1 0 1 
-1.894066 -0.601002 0.000000 3.265494 2.024393 8837.270170 0.000000 2212 8828 1 0 1 
2.001667 1.324646 0.000000 -3.944751 5.733005 8870.034150 0.000000 2212 8829 1 0 1 
-1.760398 1.590325 0.000000 3.567482 6.971280 8861.513394 0.000000 2212 8830 1 0 1 
-1.497373 -0.133280 0.000000 1.507496 2.412885 8890.880250 0.000000 2212 8831 1 0 1 
2.629906 -0.128788 0.000000 -4.396393 -3.322300 8934.808475 0.000000 2212 8832 1 0 1 
0.152555 -1.567980 0.000000 -0.048612 -3.069454 8895.613208 0.000000 2212 8833 1 0 1 
1.302405 0.549189 0.000000 -2.271346 0.930163 8869.863505 0.000000 2212 8834 1 0 1 
-1.999159 -2.020423 0.000000 5.016321 -4.143260 8912.316946 0.000000 2212 8835 1 0 1 
0.328506 -1.897329 0.000000 -2.280759 -5.560861 8938.067789 0.000000 2212 8836 1 0 1 
2.116519 0.172856 0.000000 -1.419561 -3.599615 8930.125103 0.000000 2212 8837 1 0 1 
-0.338397 -0.178336 0.000000 1.356124 -2.591420 8910.299204 0.000000 2212 8838 1 0 1 
0.385904 2.315838 0.000000 -0.723391 5.745661 8849.930461 0.000000 2212 8839 1 0 1 
0.991314 1.034824 0.000000 -2.712819 1.637378 8916.656815 0.000000 2212 8840 1 0 1 
2.183292 1.207825 0.000000 -1.886984 0.968420 8873.387238 0.000000 2212 8841 1 0 1 
-2.060888 2.076266 0.000000 2.169290 0.548441 8879.711316 0.000000 2212 8842 1 0 1 
-0.202615 1.232700 0.000000 0.839511 -0.023319 8883.994753 0.000000 2212 8843 1 0 1 
-3.274510 -0.903746 0.000000 2.472777 0.561821 8905.768093 0.000000 2212 8844 1 0 1 
-0.930779 -0.427716 0.000000 0.037008 0.439630 8875.521526 0.000000 2212 8845 1 0 1 
-2.438870 -0.662940 0.000000 2.983546 3.618081 8898.260428 0.000000 2212 8846 1 0 1 
-3.634604 -0.485688 0.000000 5.162083 -0.957325 8871.277544 0.000000 2212 8847 1 0 1 
-2.150857 -1.083837 0.000000 2.931769 -2.628646 8930.142885 0.000000 2212 8848 1 0 1 
-0.585542 -1.738675 0.000000 0.488498 -0.339246 8902.544303 0.000000 2212 8849 1 0 1 
1.479983 0.065234 0.000000 -1.678242 -2.054223 8858.696024 0.000000 2212 8850 1 0 1 
0.122071 -0.701072 0.000000 1.052324 -3.282628 8934.971624 0.000000 2212 8851 1 0 1 
1.234737 0.339125 0.000000 -1.973277 -2.716104 8909.617756 0.000000 2212 8852 1 0 1 
-0.978138 1.501313 0.000000 0.648231 -1.448850 8897.046045 0.000000 2212 8853 1 0 1 
1.945465 3.031611 0.000000 -5.667769 3.085707 8890.313245 0.000000 2212 8854 1 0 1 
1.104840 2.832982 0.000000 -2.485015 5.102392 8857.784676 0.000000 2212 8855 1 0 1 
2.019783 -1.970960 0.000000 -2.082636 -3.181921 8893.883900 0.000000 2212 8856 1 0 1 
0.491569 0.090791 0.000000 -0.590026 0.748150 8884.288011 0.000000 2212 8857 1 0 1 
-0.374133 0.519181 0.000000 -0.181051 -2.341637 8905.765826 0.000000 2212 8858 1 0 1 
1.378194 2.053701 0.000000 -1.076815 4.200688 8839.688384 0.000000 2212 8859 1 0 1 
0.622194 -1.581274 0.000000 1.252441 -5.162670 8924.706193 0.000000 2212 8860 1 0 1 
-0.402702 -0.385691 0.000000 0.118885 1.684465 8907.892589 0.000000 2212 8861 1 0 1 
0.138916 1.345796 0.000000 -1.151884 1.411756 8874.863194 0.000000 2212 8862 1 0 1 
-2.976154 -1.024812 0.000000 4.434828 -1.783629 8902.026310 0.000000 2212 8863 1 0 1 
-1.495267 -0.677032 0.000000 2.699169 5.942716 8859.599666 0.000000 2212 8864 1 0 1 
0.974090 -0.413629 0.000000 -0.953804 -1.203222 8906.429647 0.000000 2212 8865 1 0 1 
-1.611184 1.164997 0.000000 4.526841 2.694270 8843.093409 0.000000 2212 8866 1 0 1 
-0.871247 -3.057687 0.000000 3.667251 -5.161263 8907.704500 0.000000 2212 8867 1 0 1 
0.405859 -0.695709 0.000000 2.035058 -6.849039 8954.107885 0.000000 2212 8868 1 0 1 
-1.286248 0.099902 0.000000 1.019335 -0.121283 8921.505977 0.000000 2212 8869 1 0 1 
-1.009081 -1.388634 0.000000 2.733694 -4.111626 8918.056203 0.000000 2212 8870 1 0 1 
-1.346432 -2.379999 0.000000 3.946763 -3.289973 8893.247606 0.000000 2212 8871 1 0 1 
0.875379 1.616965 0.000000 -1.772950 5.224146 8839.367866 0.000000 2212 8872 1 0 1 
-2.533626 0.083007 0.000000 4.978034 -1.739803 8936.274341 0.000000 2212 8873 1 0 1 
2.108900 -0.607378 0.000000 -3.206410 -1.746178 8899.059619 0.000000 2212 8874 1 0 1 
2.007003 -1.275668 0.000000 -4.159928 -3.343086 8905.346507 0.000000 2212 8875 1 0 1 
0.810719 0.585778 0.000000 0.782230 -3.890137 8966.185138 0.000000 2212 8876 1 0 1 
-0.486990 -3.059799 0.000000 -0.517479 -4.342998 8873.064585 0.000000 2212 8877 1 0 1 
0.071300 -1.621688 0.000000 0.058437 -6.685094 8942.072847 0.000000 2212 8878 1 0 1 
-0.084841 1.419709 0.000000 0.394292 1.634593 8934.396968 0.000000 2212 8879 1 0 1 
1.754144 -1.531369 0.000000 -1.453488 -3.625011 8924.442368 0.000000 2212 8880 1 0 1 
-1.542719 0.305154 0.000000 3.479775 -0.875542 8881.189560 0.000000 2212 8881 1 0 1 
-0.353402 0.401491 0.000000 1.450962 -2.260776 8888.031281 0.000000 2212 8882 1 0 1 
-3.111357 0.941794 0.000000 1.253528 3.471524 8853.276829 0.000000 2212 8883 1 0 1 
-2.305841 -0.798393 0.000000 0.693791 2.796194 8891.363922 0.000000 2212 8884 1 0 1 
-1.122775 -0.867459 0.000000 2.095442 -2.075305 8936.659402 0.000000 2212 8885 1 0 1 
-0.842468 -1.929537 0.000000 0.767250 -5.398140 8906.983318 0.000000 2212 8886 1 0 1 
-2.956027 1.834153 0.000000 3.896241 0.292627 8920.092045 0.000000 2212 8887 1 0 1 
2.155888 0.941472 0.000000 -2.597685 5.579777 8835.428606 0.000000 2212 8888 1 0 1 
3.100877 0.112519 0.000000 -4.392176 -2.179678 8896.319464 0.000000 2212 8889 1 0 1 
-1.613873 0.044898 0.000000 2.548814 -2.185316 8884.490934 0.000000 2212 8890 1 0 1 
-1.076473 -1.086561 0.000000 0.988244 -0.569643 8929.763464 0.000000 2212 8891 1 0 1 
-0.540382 1.277299 0.000000 -0.489662 -0.409943 8893.917781 0.000000 2212 8892 1 0 1 
0.072941 -0.092611 0.000000 0.950562 -3.419906 8899.545433 0.000000 2212 8893 1 0 1 
0.381815 -0.876368 0.000000 0.492827 1.116465 8863.810747 0.000000 2212 8894 1 0 1 
-2.064715 -1.680095 0.000000 3.491092 -2.869074 8925.237011 0.000000 2212 8895 1 0 1 
0.714941 2.079684 0.000000 -0.405197 3.854915 8890.179308 0.000000 2212 8896 1 0 1 
-4.019683 0.605390 0.000000 6.183373 2.041297 8892.775942 0.000000 2212 8897 1 0 1 
-1.790264 1.952093 0.000000 2.723623 3.770102 8844.043626 0.000000 2212 8898 1 0 1 
-0.298775 1.083960 0.000000 1.591183 0.100369 8899.569839 0.000000 2212 8899 1 0 1 
1.465275 0.630022 0.000000 -1.242797 0.011485 8894.631798 0.000000 2212 8900 1 0 1 
-1.398220 0.105153 0.000000 2.165097 0.566033 8898.254291 0.000000 2212 8901 1 0 1 
-2.633760 -0.476746 0.000000 3.368940 1.873220 8902.954327 0.000000 2212 8902 1 0 1 
-1.506376 -2.073403 0.000000 3.927084 -7.320319 8996.093091 0.000000 2212 8903 1 0 1 
-0.145321 1.741567 0.000000 -0.052420 2.732852 8869.653747 0.000000 2212 8904 1 0 1 
-1.740837 -0.090577 0.000000 1.959578 1.791333 8862.683671 0.000000 2212 8905 1 0 1 
-1.694569 0.701607 0.000000 1.114913 -0.775860 8875.975567 0.000000 2212 8906 1 0 1 
-3.316585 -0.100174 0.000000 7.264643 -1.767015 8896.338515 0.000000 2212 8907 1 0 1 
0.177727 -0.223034 0.000000 2.120117 -0.548290 8932.023349 0.000000 2212 8908 1 0 1 
0.992422 0.155796 0.000000 -1.591160 5.992795 8878.078058 0.000000 2212 8909 1 0 1 
-0.749962 0.999687 0.000000 0.488141 5.030768 8851.691234 0.000000 2212 8910 1 0 1 
1.115953 -0.301459 0.000000 -3.606505 -2.003288 8938.266959 0.000000 2212 8911 1 0 1 
0.982006 1.402245 0.000000 0.523339 1.582795 8905.910714 0.000000 2212 8912 1 0 1 
-0.103988 1.850129 0.000000 -0.436571 2.901152 8851.464454 0.000000 2212 8913 1 0 1 
-0.238590 -0.287932 0.000000 0.091891 1.181805 8868.650858 0.000000 2212 8914 1 0 1 
0.928987 2.065522 0.000000 0.786437 2.745582 8877.076397 0.000000 2212 8915 1 0 1 
0.588878 -0.041689 0.000000 -1.754567 -3.092454 8894.944730 0.000000 2212 8916 1 0 1 
3.174187 1.375289 0.000000 -4.389777 -4.545610 8953.553422 0.000000 2212 8917 1 0 1 
-1.136621 -0.103219 0.000000 2.678785 -2.044125 8912.206476 0.000000 2212 8918 1 0 1 
-1.018158 -1.409521 0.000000 1.602533 -0.934124 8879.927359 0.000000 2212 8919 1 0 1 
-0.467549 -0.781342 0.000000 0.936295 0.017615 8871.699523 0.000000 2212 8920 1 0 1 
-0.796801 2.478235 0.000000 1.980780 0.194914 8894.727727 0.000000 2212 8921 1 0 1 
-3.950528 -0.881413 0.000000 2.656688 2.502815 8860.026959 0.000000 2212 8922 1 0 1 
3.543021 -3.287488 0.000000 -4.887966 -5.039066 8902.802916 0.000000 2212 8923 1 0 1 
1.023463 0.375511 0.000000 -1.688933 0.984455 8899.258407 0.000000 2212 8924 1 0 1 
0.044435 1.259587 0.000000 2.967230 5.304438 8906.335734 0.000000 2212 8925 1 0 1 
-1.727330 -0.792897 0.000000 0.995731 -3.843220 8896.249825 0.000000 2212 8926 1 0 1 
-0.071451 -2.060685 0.000000 2.551098 -3.023445 8922.420420 0.000000 2212 8927 1 0 1 
3.318344 0.373725 0.000000 -7.147458 2.664534 8873.735598 0.000000 2212 8928 1 0 1 
-0.379535 -0.667578 0.000000 -0.614335 1.424336 8884.323233 0.000000 2212 8929 1 0 1 
0.957615 2.398282 0.000000 -0.229472 5.175304 8846.854444 0.000000 2212 8930 1 0 1 
-0.848675 0.300008 0.000000 2.656637 -2.082721 8897.043797 0.000000 2212 8931 1 0 1 
5.166199 -1.994409 0.000000 -4.833632 -0.734514 8889.119131 0.000000 2212 8932 1 0 1 
2.400221 -0.141703 0.000000 -4.226840 1.356609 8905.965132 0.000000 2212 8933 1 0 1 
2.054453 0.924753 0.000000 -3.590931 0.686447 8893.156619 0.000000 2212 8934 1 0 1 
0.077403 0.687018 0.000000 -0.054170 4.258643 8870.974018 0.000000 2212 8935 1 0 1 
3.441195 -0.973109 0.000000 -5.940872 2.010625 8858.770581 0.000000 2212 8936 1 0 1 
0.309949 1.727496 0.000000 -2.125533 0.407446 8855.092926 0.000000 2212 8937 1 0 1 
-0.279258 0.272770 0.000000 -0.692176 -0.912597 8890.243727 0.000000 2212 8938 1 0 1 
-2.726701 0.030798 0.000000 4.158666 0.266124 8899.977179 0.000000 2212 8939 1 0 1 
2.076336 0.360439 0.000000 -2.071811 3.815177 8848.502812 0.000000 2212 8940 1 0 1 
-0.717593 -0.982745 0.000000 1.811869 -1.907076 8919.120245 0.000000 2212 8941 1 0 1 
2.282204 -1.819705 0.000000 -1.221708 0.628649 8914.008407 0.000000 2212 8942 1 0 1 
0.674117 -0.792217 0.000000 -1.206196 -5.555777 8901.108402 0.000000 2212 8943 1 0 1 
0.754674 0.708751 0.000000 0.439523 -0.260555 8899.955131 0.000000 2212 8944 1 0 1 
-3.016633 0.623969 0.000000 2.483372 4.166365 8853.529026 0.000000 2212 8945 1 0 1 
-0.538209 0.128404 0.000000 1.041145 -1.733345 8878.205213 0.000000 2212 8946 1 0 1 
-0.511290 -1.258101 0.000000 0.578797 -0.565497 8894.617524 0.000000 2212 8947 1 0 1 
-0.377684 -0.607470 0.000000 2.873725 -2.747819 8919.504000 0.000000 2212 8948 1 0 1 
-3.175952 1.538310 0.000000 6.352349 1.139291 8916.062676 0.000000 2212 8949 1 0 1 
-0.153297 -1.667249 0.000000 0.879725 -4.964493 8920.541673 0.000000 2212 8950 1 0 1 
-1.012198 0.336252 0.000000 0.643443 -0.696099 8913.150191 0.000000 2212 8951 1 0 1 
-0.983155 -0.344046 0.000000 0.322558 4.237939 8821.447393 0.000000 2212 8952 1 0 1 
1.566491 0.589291 0.000000 -1.309782 0.186541 8882.426112 0.000000 2212 8953 1 0 1 
0.638558 -2.986349 0.000000 -0.928076 -4.379095 8897.174641 0.000000 2212 8954 1 0 1 
-1.105259 2.351678 0.000000 3.724181 4.888161 8857.735524 0.000000 2212 8955 1 0 1 
0.239363 -0.414736 0.000000 -1.066255 1.403115 8902.236034 0.000000 2212 8956 1 0 1 
-1.650164 2.835089 0.000000 2.133389 5.404419 8825.149902 0.000000 2212 8957 1 0 1 
-2.878794 -1.829318 0.000000 5.293167 0.157976 8900.510533 0.000000 2212 8958 1 0 1 
3.013794 0.036187 0.000000 -5.032612 -0.176309 8870.468136 0.000000 2212 8959 1 0 1 
1.365030 -0.463938 0.000000 -2.659036 -0.777802 8864.773426 0.000000 2212 8960 1 0 1 
3.561854 -1.132754 0.000000 -3.887292 -2.741784 8917.327288 0.000000 2212 8961 1 0 1 
-0.174887 -2.472487 0.000000 1.565012 -4.091405 8901.422660 0.000000 2212 8962 1 0 1 
0.661904 -0.298309 0.000000 -2.730138 -2.455164 8902.927026 0.000000 2212 8963 1 0 1 
1.085607 0.102363 0.000000 -2.563890 1.103081 8875.079582 0.000000 2212 8964 1 0 1 
1.328022 -0.651191 0.000000 -3.499361 0.061675 8878.119633 0.000000 2212 8965 1 0 1 
0.917381 1.347631 0.000000 0.063212 -1.245035 8921.360508 0.000000 2212 8966 1 0 1 
-2.338819 1.153780 0.000000 1.011515 4.165977 8818.399572 0.000000 2212 8967 1 0 1 
0.810631 -0.950639 0.000000 -1.926657 1.088586 8905.845570 0.000000 2212 8968 1 0 1 
3.556609 1.956514 0.000000 -4.597233 1.078201 8905.831044 0.000000 2212 8969 1 0 1 
-1.464775 1.980078 0.000000 1.279859 2.454558 8876.791725 0.000000 2212 8970 1 0 1 
0.083320 0.813100 0.000000 -0.896662 -1.455858 8875.054830 0.000000 2212 8971 1 0 1 
1.383032 1.040061 0.000000 -3.720597 2.406691 8865.327058 0.000000 2212 8972 1 0 1 
-4.003077 1.016527 0.000000 6.408302 -1.301447 8888.137191 0.000000 2212 8973 1 0 1 
-0.214817 0.525212 0.000000 0.466365 3.522104 8863.357600 0.000000 2212 8974 1 0 1 
-1.743277 -1.847200 0.000000 3.573952 -1.178613 8887.605387 0.000000 2212 8975 1 0 1 
-2.596284 -0.167067 0.000000 4.312737 2.151195 8843.459077 0.000000 2212 8976 1 0 1 
-0.741256 -1.563478 0.000000 1.654448 -3.591343 8892.630403 0.000000 2212 8977 1 0 1 
1.636952 -1.644255 0.000000 -1.856763 0.671268 8877.707289 0.000000 2212 8978 1 0 1 
0.714298 -1.529178 0.000000 -4.364948 -2.671276 8932.387965 0.000000 2212 8979 1 0 1 
-0.303659 1.245766 0.000000 1.399547 6.142148 8860.429925 0.000000 2212 8980 1 0 1 
2.313725 0.931448 0.000000 -2.598922 2.408884 8841.007881 0.000000 2212 8981 1 0 1 
-0.686577 -0.565781 0.000000 1.565695 -2.871507 8880.130034 0.000000 2212 8982 1 0 1 
1.358831 0.182676 0.000000 -3.034465 0.925047 8851.469214 0.000000 2212 8983 1 0 1 
3.091822 -0.835076 0.000000 -2.881326 0.257364 8875.279903 0.000000 2212 8984 1 0 1 
-0.758678 -0.774168 0.000000 0.987472 -2.050297 8906.633524 0.000000 2212 8985 1 0 1 
0.770262 2.038219 0.000000 -1.053676 7.203844 8865.161635 0.000000 2212 8986 1 0 1 
0.046695 0.380865 0.000000 1.203314 0.686720 8912.458459 0.000000 2212 8987 1 0 1 
-2.446393 1.253656 0.000000 3.983029 3.669777 8886.974593 0.000000 2212 8988 1 0 1 
-1.276047 0.361949 0.000000 1.269196 -0.129856 8866.062540 0.000000 2212 8989 1 0 1 
-1.062640 -1.778541 0.000000 1.978229 -1.902557 8900.006256 0.000000 2212 8990 1 0 1 
2.043047 -0.244911 0.000000 -2.745313 -1.351505 8904.006778 0.000000 2212 8991 1 0 1 
0.041751 0.858123 0.000000 0.922556 -0.174755 8904.293611 0.000000 2212 8992 1 0 1 
0.170262 -1.841910 0.000000 0.524319 -1.444621 8883.293896 0.000000 2212 8993 1 0 1 
-2.236891 -1.300897 0.000000 2.883839 -0.931568 8906.140020 0.000000 2212 8994 1 0 1 
-0.485269 -0.980307 0.000000 1.130770 -0.576738 8890.150245 0.000000 2212 8995 1 0 1 
0.665774 -2.217186 0.000000 0.365930 -4.749281 8889.125956 0.000000 2212 8996 1 0 1 
-1.480271 0.183936 0.000000 2.165093 2.192972 8846.327949 0.000000 2212 8997 1 0 1 
-2.042010 -0.680926 0.000000 3.331555 1.447081 8892.587743 0.000000 2212 8998 1 0 1 
-3.034757 -0.205805 0.000000 3.769107 2.436800 8892.245335 0.000000 2212 8999 1 0 1 
3.097182 -0.674241 0.000000 -4.489089 -0.860274 8936.357967 0.000000 2212 9000 1 0 1 
2.734437 0.943040 0.000000 -4.454702 5.215486 8845.575561 0.000000 2212 9001 1 0 1 
0.088735 0.451574 0.000000 1.202175 -2.284711 8926.115868 0.000000 2212 9002 1 0 1 
-0.116899 0.192479 0.000000 -0.224918 -0.307098 8905.572990 0.000000 2212 9003 1 0 1 
-0.645634 -0.382208 0.000000 2.805964 -2.160219 8878.890554 0.000000 2212 9004 1 0 1 
-0.704716 -1.722105 0.000000 1.685944 -1.804157 8904.187802 0.000000 2212 9005 1 0 1 
0.079497 0.771797 0.000000 0.384790 3.384243 8854.438761 0.000000 2212 9006 1 0 1 
2.135377 0.849787 0.000000 -1.701315 0.436332 8883.874392 0.000000 2212 9007 1 0 1 
0.429521 -0.101184 0.000000 -0.111466 1.787191 8859.944439 0.000000 2212 9008 1 0 1 
-2.918215 1.820320 0.000000 2.550618 1.527052 8868.042832 0.000000 2212 9009 1 0 1 
-0.838247 0.031171 0.000000 0.772281 1.283954 8878.442214 0.000000 2212 9010 1 0 1 
-0.930163 0.785695 0.000000 0.787607 -0.063611 8900.648277 0.000000 2212 9011 1 0 1 
2.222721 -0.664373 0.000000 -3.670408 -1.980892 8917.094626 0.000000 2212 9012 1 0 1 
0.925719 -0.942822 0.000000 -0.991990 -2.263710 8932.741139 0.000000 2212 9013 1 0 1 
0.853536 0.607421 0.000000 -4.292060 2.412633 8857.242083 0.000000 2212 9014 1 0 1 
-0.742476 -1.007069 0.000000 1.814084 0.174704 8895.302961 0.000000 2212 9015 1 0 1 
0.273809 -2.967719 0.000000 -1.660604 -0.845588 8885.597322 0.000000 2212 9016 1 0 1 
-1.819553 0.400530 0.000000 2.355134 -3.468566 8940.855350 0.000000 2212 9017 1 0 1 
0.721661 -1.256597 0.000000 -2.645884 0.871891 8924.763455 0.000000 2212 9018 1 0 1 
-0.706762 -1.666017 0.000000 -0.379493 -1.023589 8902.571155 0.000000 2212 9019 1 0 1 
0.041359 -0.452279 0.000000 -2.718874 -2.435689 8949.712600 0.000000 2212 9020 1 0 1 
-5.602056 -0.717033 0.000000 8.456282 -0.626726 8880.323686 0.000000 2212 9021 1 0 1 
1.738828 -0.784012 0.000000 -3.187488 -0.872869 8876.679919 0.000000 2212 9022 1 0 1 
-1.319292 1.467862 0.000000 2.960654 -0.055300 8915.574135 0.000000 2212 9023 1 0 1 
1.481579 -1.072902 0.000000 0.257275 -3.415456 8930.731671 0.000000 2212 9024 1 0 1 
-1.569178 0.772386 0.000000 3.576717 -2.016200 8931.499293 0.000000 2212 9025 1 0 1 
-2.192396 -2.689820 0.000000 3.839702 -5.735700 8935.601033 0.000000 2212 9026 1 0 1 
2.369023 0.713038 0.000000 -4.650942 0.004167 8864.712349 0.000000 2212 9027 1 0 1 
3.919701 0.826201 0.000000 -5.923410 -2.815878 8907.979161 0.000000 2212 9028 1 0 1 
1.533883 0.238174 0.000000 -3.627159 -0.570353 8886.961986 0.000000 2212 9029 1 0 1 
1.047666 -1.676728 0.000000 -2.379478 -3.069344 8883.812370 0.000000 2212 9030 1 0 1 
1.952525 0.138458 0.000000 -2.671661 3.469685 8853.698648 0.000000 2212 9031 1 0 1 
-0.279646 1.247560 0.000000 -1.714012 1.434232 8853.451964 0.000000 2212 9032 1 0 1 
-0.212319 1.207481 0.000000 0.767423 1.226858 8876.509439 0.000000 2212 9033 1 0 1 
0.367329 -2.368863 0.000000 -0.382927 -6.022814 8916.599285 0.000000 2212 9034 1 0 1 
0.229895 1.213911 0.000000 -1.687818 -0.681709 8893.591175 0.000000 2212 9035 1 0 1 
-1.013994 -0.998636 0.000000 0.395909 0.142741 8902.496027 0.000000 2212 9036 1 0 1 
0.240863 0.857599 0.000000 -0.278181 0.509415 8920.911147 0.000000 2212 9037 1 0 1 
1.160706 -1.724033 0.000000 -2.765513 -0.278467 8893.553647 0.000000 2212 9038 1 0 1 
0.586978 -1.308119 0.000000 -3.266445 4.214889 8854.961757 0.000000 2212 9039 1 0 1 
2.200938 -0.950749 0.000000 -4.367782 -2.518140 8937.842494 0.000000 2212 9040 1 0 1 
0.489758 0.746734 0.000000 -0.082372 5.463907 8868.375836 0.000000 2212 9041 1 0 1 
2.038607 0.450111 0.000000 -3.218117 0.445493 8891.973590 0.000000 2212 9042 1 0 1 
0.742553 0.791589 0.000000 -2.528780 -4.109317 8896.858722 0.000000 2212 9043 1 0 1 
-0.090783 0.566941 0.000000 -0.815070 1.087206 8869.110337 0.000000 2212 9044 1 0 1 
0.559804 -0.158111 0.000000 0.188752 2.862381 8884.334874 0.000000 2212 9045 1 0 1 
-1.500509 0.490271 0.000000 1.846960 3.252082 8865.601755 0.000000 2212 9046 1 0 1 
1.121859 0.891656 0.000000 -1.365491 0.435000 8890.837561 0.000000 2212 9047 1 0 1 
0.399904 0.367437 0.000000 -1.610221 -3.571180 8880.574762 0.000000 2212 9048 1 0 1 
0.951377 -0.919619 0.000000 -0.380213 1.780034 8878.137307 0.000000 2212 9049 1 0 1 
-2.739673 0.576807 0.000000 3.326567 3.320424 8869.859402 0.000000 2212 9050 1 0 1 
-2.933798 1.551848 0.000000 3.073912 -0.682848 8907.222537 0.000000 2212 9051 1 0 1 
1.509476 -0.772555 0.000000 -2.176781 0.303100 8886.867250 0.000000 2212 9052 1 0 1 
-2.686999 -0.165438 0.000000 5.241073 0.040584 8916.932258 0.000000 2212 9053 1 0 1 
0.152930 1.350857 0.000000 -0.555129 4.100139 8860.220750 0.000000 2212 9054 1 0 1 
-0.219632 0.506535 0.000000 -1.001769 0.215162 8863.913237 0.000000 2212 9055 1 0 1 
0.757871 -1.539015 0.000000 -0.671022 -2.532591 8910.254706 0.000000 2212 9056 1 0 1 
-1.025468 1.732367 0.000000 2.046358 2.787440 8913.377625 0.000000 2212 9057 1 0 1 
-0.556430 0.162252 0.000000 1.668038 -0.533512 8916.045634 0.000000 2212 9058 1 0 1 
-1.380000 1.744709 0.000000 0.653540 1.227204 8839.208698 0.000000 2212 9059 1 0 1 
-0.703921 1.472578 0.000000 -0.447891 0.226271 8869.317821 0.000000 2212 9060 1 0 1 
2.616941 -1.984209 0.000000 -5.816804 -4.734500 8908.787651 0.000000 2212 9061 1 0 1 
-0.941528 0.135946 0.000000 1.426165 -1.267188 8877.585261 0.000000 2212 9062 1 0 1 
1.136353 0.248595 0.000000 -1.433094 -5.682609 8903.914239 0.000000 2212 9063 1 0 1 
2.206270 -0.361663 0.000000 -3.136572 -1.119687 8885.858987 0.000000 2212 9064 1 0 1 
1.024390 -3.233063 0.000000 -1.082342 -2.511566 8929.035260 0.000000 2212 9065 1 0 1 
-2.125460 -0.642256 0.000000 2.048131 -2.896028 8956.959373 0.000000 2212 9066 1 0 1 
0.131489 0.191830 0.000000 1.388429 -2.154843 8939.884250 0.000000 2212 9067 1 0 1 
-2.144275 0.046967 0.000000 1.500636 0.786849 8867.525496 0.000000 2212 9068 1 0 1 
1.806671 -0.804424 0.000000 -0.273376 0.420456 8891.019000 0.000000 2212 9069 1 0 1 
0.868205 0.506168 0.000000 -0.332275 0.854306 8887.239228 0.000000 2212 9070 1 0 1 
-0.039084 -0.979358 0.000000 2.088495 -0.356176 8925.254432 0.000000 2212 9071 1 0 1 
-0.203038 -0.250644 0.000000 0.790987 -6.118190 8939.090869 0.000000 2212 9072 1 0 1 
0.716785 -1.063488 0.000000 -0.666372 3.222913 8864.036593 0.000000 2212 9073 1 0 1 
-1.679447 1.184656 0.000000 2.091381 7.156764 8849.067792 0.000000 2212 9074 1 0 1 
-0.943480 0.653017 0.000000 1.981492 -1.965078 8880.895259 0.000000 2212 9075 1 0 1 
-2.277579 -1.828599 0.000000 4.160823 -3.289849 8900.148719 0.000000 2212 9076 1 0 1 
0.534640 -1.503109 0.000000 -2.913076 1.838769 8833.285761 0.000000 2212 9077 1 0 1 
-1.881866 1.034672 0.000000 3.021878 0.412770 8911.492202 0.000000 2212 9078 1 0 1 
0.295138 -1.309179 0.000000 0.930609 0.065827 8935.457890 0.000000 2212 9079 1 0 1 
2.503851 -1.583191 0.000000 -3.543349 -9.645106 8924.915933 0.000000 2212 9080 1 0 1 
-0.521966 -1.065903 0.000000 2.179499 -0.561600 8906.921597 0.000000 2212 9081 1 0 1 
0.799989 -0.643275 0.000000 -2.481922 -3.777974 8891.880032 0.000000 2212 9082 1 0 1 
-1.955484 0.370098 0.000000 0.205729 -1.457974 8924.130358 0.000000 2212 9083 1 0 1 
2.878793 -2.252613 0.000000 -7.605201 -4.460924 8936.153577 0.000000 2212 9084 1 0 1 
-1.572888 -0.797194 0.000000 3.793045 -3.526128 8885.946018 0.000000 2212 9085 1 0 1 
0.574118 -1.462895 0.000000 -0.290112 -2.714297 8906.523592 0.000000 2212 9086 1 0 1 
-0.412933 -0.763862 0.000000 1.553150 -0.642010 8886.911349 0.000000 2212 9087 1 0 1 
-1.240833 -0.141584 0.000000 -0.456008 -1.511323 8892.132602 0.000000 2212 9088 1 0 1 
-2.680780 0.303990 0.000000 4.060875 2.417130 8837.498226 0.000000 2212 9089 1 0 1 
-1.254135 0.091123 0.000000 0.917256 -0.297688 8880.008420 0.000000 2212 9090 1 0 1 
-0.828708 0.062927 0.000000 2.556011 2.345946 8834.291041 0.000000 2212 9091 1 0 1 
0.476577 -1.882655 0.000000 -2.305781 -0.745095 8861.585252 0.000000 2212 9092 1 0 1 
0.042676 1.476111 0.000000 0.409331 0.975550 8862.435665 0.000000 2212 9093 1 0 1 
-0.305373 0.035447 0.000000 0.427197 -0.059952 8907.484689 0.000000 2212 9094 1 0 1 
0.121894 -1.742292 0.000000 0.812461 -2.329214 8872.900592 0.000000 2212 9095 1 0 1 
1.356137 0.120169 0.000000 -0.589272 0.545843 8906.786252 0.000000 2212 9096 1 0 1 
-0.188190 -1.004834 0.000000 1.666335 -4.994447 8912.127310 0.000000 2212 9097 1 0 1 
-0.228013 1.816222 0.000000 -0.002616 2.253919 8862.905426 0.000000 2212 9098 1 0 1 
0.753375 0.288478 0.000000 -2.455312 3.141660 8868.284574 0.000000 2212 9099 1 0 1 
3.531991 -0.310383 0.000000 -4.578575 1.587125 8862.042819 0.000000 2212 9100 1 0 1 
2.297336 -1.047419 0.000000 -3.254038 -1.421738 8910.796852 0.000000 2212 9101 1 0 1 
2.671266 -3.269685 0.000000 -3.660245 -3.688951 8899.553931 0.000000 2212 9102 1 0 1 
1.284943 3.461900 0.000000 -1.870400 10.249352 8831.490674 0.000000 2212 9103 1 0 1 
1.151469 -0.292875 0.000000 -1.885437 -0.708610 8898.887711 0.000000 2212 9104 1 0 1 
1.161969 0.589753 0.000000 -0.822593 5.203797 8869.165554 0.000000 2212 9105 1 0 1 
-1.547854 -0.917241 0.000000 2.476471 -3.675589 8923.994322 0.000000 2212 9106 1 0 1 
-2.575801 -0.508295 0.000000 4.493241 0.322972 8871.449887 0.000000 2212 9107 1 0 1 
-2.839446 -0.852882 0.000000 2.963912 -8.773875 8943.858468 0.000000 2212 9108 1 0 1 
1.594172 0.036193 0.000000 -2.750130 -1.519494 8890.241465 0.000000 2212 9109 1 0 1 
0.729232 -0.131281 0.000000 -3.462883 -1.083751 8891.679299 0.000000 2212 9110 1 0 1 
1.741578 -0.732821 0.000000 -1.960919 -3.342211 8926.040879 0.000000 2212 9111 1 0 1 
4.603631 -1.546820 0.000000 -4.086054 -2.433029 8884.861606 0.000000 2212 9112 1 0 1 
3.041100 0.220788 0.000000 -4.084670 -1.674088 8912.813281 0.000000 2212 9113 1 0 1 
0.865749 3.296129 0.000000 -1.154906 7.634409 8840.259502 0.000000 2212 9114 1 0 1 
0.174509 -1.986405 0.000000 -0.298410 -1.377938 8896.523385 0.000000 2212 9115 1 0 1 
-0.607461 -1.261612 0.000000 0.538760 -0.745786 8903.147270 0.000000 2212 9116 1 0 1 
-0.567185 2.313427 0.000000 1.515566 -0.079200 8914.475879 0.000000 2212 9117 1 0 1 
0.050895 -0.105489 0.000000 0.544122 1.527534 8876.329008 0.000000 2212 9118 1 0 1 
-1.400459 -0.987487 0.000000 2.232341 -1.930633 8915.862023 0.000000 2212 9119 1 0 1 
-2.800664 0.073303 0.000000 3.508794 0.786301 8881.650699 0.000000 2212 9120 1 0 1 
1.248301 0.690257 0.000000 -1.311900 2.986720 8856.737916 0.000000 2212 9121 1 0 1 
-1.667485 0.439136 0.000000 2.300238 3.618934 8869.419254 0.000000 2212 9122 1 0 1 
1.007650 -0.670456 0.000000 -2.746480 -1.268535 8913.250088 0.000000 2212 9123 1 0 1 
4.378163 1.065906 0.000000 -5.983555 0.501481 8888.113429 0.000000 2212 9124 1 0 1 
-2.892310 -1.098234 0.000000 2.189785 2.059696 8854.429774 0.000000 2212 9125 1 0 1 
-2.002050 -1.852644 0.000000 3.442644 0.705834 8877.868931 0.000000 2212 9126 1 0 1 
-0.430320 0.928249 0.000000 -0.103926 3.967581 8847.420976 0.000000 2212 9127 1 0 1 
0.276613 1.401044 0.000000 -0.754270 -0.730075 8907.428410 0.000000 2212 9128 1 0 1 
2.461819 0.709706 0.000000 -3.057116 3.511095 8907.093321 0.000000 2212 9129 1 0 1 
-0.310056 2.623516 0.000000 -0.141627 2.388521 8873.191513 0.000000 2212 9130 1 0 1 
-2.006225 1.208595 0.000000 2.675507 -2.764957 8919.101010 0.000000 2212 9131 1 0 1 
2.331684 -0.032292 0.000000 -2.550358 -2.675412 8912.719437 0.000000 2212 9132 1 0 1 
-2.207483 -0.290630 0.000000 2.713148 -1.087501 8912.215190 0.000000 2212 9133 1 0 1 
0.297313 -1.915801 0.000000 -2.028221 -0.087228 8858.645305 0.000000 2212 9134 1 0 1 
2.410201 -1.825743 0.000000 -2.576176 -1.738346 8903.620398 0.000000 2212 9135 1 0 1 
-2.690480 -2.385613 0.000000 4.375919 -5.041197 8919.878047 0.000000 2212 9136 1 0 1 
-0.532274 1.197598 0.000000 2.493964 2.904606 8874.828715 0.000000 2212 9137 1 0 1 
0.507257 0.148655 0.000000 -1.102195 0.564235 8910.119496 0.000000 2212 9138 1 0 1 
2.108841 -0.307691 0.000000 -2.209527 -4.229712 8895.337563 0.000000 2212 9139 1 0 1 
1.308425 -0.182398 0.000000 -2.858981 -1.053114 8903.217150 0.000000 2212 9140 1 0 1 
-1.241438 -0.440636 0.000000 1.137363 -2.953248 8920.779915 0.000000 2212 9141 1 0 1 
-0.296673 -0.147130 0.000000 0.893214 1.563114 8850.651764 0.000000 2212 9142 1 0 1 
0.485134 -1.253066 0.000000 1.616783 1.154027 8872.911120 0.000000 2212 9143 1 0 1 
1.338157 0.644267 0.000000 -3.441229 1.444959 8903.766291 0.000000 2212 9144 1 0 1 
-0.062037 -1.801857 0.000000 -0.669269 -3.144536 8945.783011 0.000000 2212 9145 1 0 1 
0.430756 -1.004400 0.000000 -1.547932 -2.574130 8919.864308 0.000000 2212 9146 1 0 1 
-1.720400 2.317449 0.000000 2.403927 4.479496 8819.549840 0.000000 2212 9147 1 0 1 
-0.011066 0.346160 0.000000 -1.730645 -3.000118 8918.830395 0.000000 2212 9148 1 0 1 
0.245207 1.603058 0.000000 -2.236944 -0.858672 8872.817537 0.000000 2212 9149 1 0 1 
-1.115542 2.059910 0.000000 0.844601 5.087441 8841.133155 0.000000 2212 9150 1 0 1 
-0.483201 1.304183 0.000000 -1.968009 0.694983 8869.657255 0.000000 2212 9151 1 0 1 
-1.228506 -0.314579 0.000000 0.183163 2.369709 8853.506652 0.000000 2212 9152 1 0 1 
-0.731963 -1.230009 0.000000 0.883013 -5.820152 8938.511573 0.000000 2212 9153 1 0 1 
0.540213 -2.056827 0.000000 -0.086256 -7.180393 8936.073411 0.000000 2212 9154 1 0 1 
1.220909 -0.828580 0.000000 -1.094457 1.626537 8851.669028 0.000000 2212 9155 1 0 1 
-1.610272 -1.307538 0.000000 0.886742 -1.444665 8908.031719 0.000000 2212 9156 1 0 1 
2.504045 -1.616288 0.000000 -3.521703 -4.342750 8940.133011 0.000000 2212 9157 1 0 1 
1.120879 1.608947 0.000000 -0.390628 2.182238 8870.824850 0.000000 2212 9158 1 0 1 
-0.917000 0.306342 0.000000 2.224080 2.658291 8836.554304 0.000000 2212 9159 1 0 1 
0.448506 -1.883102 0.000000 -1.051487 -2.494202 8899.381940 0.000000 2212 9160 1 0 1 
-0.211202 1.165859 0.000000 1.349981 2.077151 8865.143642 0.000000 2212 9161 1 0 1 
-2.964565 -0.857052 0.000000 6.404429 -3.380170 8912.894469 0.000000 2212 9162 1 0 1 
-1.074813 -0.521743 0.000000 1.396341 4.414570 8863.016554 0.000000 2212 9163 1 0 1 
0.933360 -0.367978 0.000000 -1.029413 3.179113 8875.433999 0.000000 2212 9164 1 0 1 
-0.061253 -2.048479 0.000000 0.848715 -3.129062 8886.651617 0.000000 2212 9165 1 0 1 
-0.482844 -2.047233 0.000000 1.809260 -3.281571 8916.485155 0.000000 2212 9166 1 0 1 
-0.907828 -0.184876 0.000000 0.845325 1.343681 8853.569572 0.000000 2212 9167 1 0 1 
1.572754 1.495287 0.000000 -2.881089 -1.210138 8863.776258 0.000000 2212 9168 1 0 1 
0.774056 -3.227924 0.000000 -0.058831 -4.163531 8931.233957 0.000000 2212 9169 1 0 1 
0.974671 -0.612269 0.000000 -2.325923 -0.298459 8888.407449 0.000000 2212 9170 1 0 1 
3.134652 2.698087 0.000000 -4.982554 6.017327 8861.302971 0.000000 2212 9171 1 0 1 
1.724923 1.324099 0.000000 -1.388299 -3.760261 8898.967443 0.000000 2212 9172 1 0 1 
-1.617578 1.701790 0.000000 2.191572 3.336264 8872.862792 0.000000 2212 9173 1 0 1 
1.020353 0.019791 0.000000 -0.201901 -3.604319 8907.233755 0.000000 2212 9174 1 0 1 
3.357618 -2.107774 0.000000 -6.043921 -4.817851 8924.814339 0.000000 2212 9175 1 0 1 
-1.118755 0.354775 0.000000 2.281982 1.792048 8861.841490 0.000000 2212 9176 1 0 1 
-1.111077 -2.169693 0.000000 0.213743 0.562942 8849.801968 0.000000 2212 9177 1 0 1 
-1.763218 1.243602 0.000000 2.653150 -5.028226 8961.233410 0.000000 2212 9178 1 0 1 
0.108636 1.630243 0.000000 0.958567 3.035474 8844.430806 0.000000 2212 9179 1 0 1 
1.326226 2.364179 0.000000 -1.948799 6.758399 8889.773322 0.000000 2212 9180 1 0 1 
-1.658957 0.253033 0.000000 3.308355 0.339144 8917.554465 0.000000 2212 9181 1 0 1 
-2.941198 -1.383033 0.000000 4.525382 -3.385286 8881.617899 0.000000 2212 9182 1 0 1 
1.648160 2.998340 0.000000 -2.078427 5.267731 8833.103792 0.000000 2212 9183 1 0 1 
-1.681640 0.004995 0.000000 1.011877 1.813830 8870.036089 0.000000 2212 9184 1 0 1 
-2.265602 -2.364566 0.000000 4.241755 -4.007180 8915.258958 0.000000 2212 9185 1 0 1 
-0.139586 -1.715302 0.000000 1.066254 -4.273703 8877.779848 0.000000 2212 9186 1 0 1 
-1.559903 -2.227698 0.000000 3.648609 -1.491921 8924.533357 0.000000 2212 9187 1 0 1 
-2.137341 -0.853243 0.000000 3.433584 -0.005433 8880.294425 0.000000 2212 9188 1 0 1 
-1.900740 0.666148 0.000000 3.630274 1.969217 8889.865728 0.000000 2212 9189 1 0 1 
-0.682678 0.972725 0.000000 1.746389 3.734190 8876.415447 0.000000 2212 9190 1 0 1 
2.035951 1.783250 0.000000 -3.825226 -6.183066 8947.758371 0.000000 2212 9191 1 0 1 
0.305497 -0.778578 0.000000 -1.680859 -0.749722 8914.390068 0.000000 2212 9192 1 0 1 
1.367150 -0.225973 0.000000 -0.115070 1.303298 8895.660090 0.000000 2212 9193 1 0 1 
-0.961206 0.710955 0.000000 -1.167646 0.430351 8896.435173 0.000000 2212 9194 1 0 1 
2.516020 -1.048053 0.000000 -4.074708 1.645276 8871.467936 0.000000 2212 9195 1 0 1 
-0.097961 -2.007072 0.000000 -0.834184 -1.771609 8895.822937 0.000000 2212 9196 1 0 1 
-4.297333 -0.889054 0.000000 4.891504 -1.298510 8921.134002 0.000000 2212 9197 1 0 1 
3.068666 -1.200567 0.000000 -2.173583 -2.938421 8899.125876 0.000000 2212 9198 1 0 1 
-0.311651 -0.098213 0.000000 0.795532 -1.568357 8865.095023 0.000000 2212 9199 1 0 1 
1.350271 0.969329 0.000000 -1.652706 -1.170793 8921.113522 0.000000 2212 9200 1 0 1 
0.997657 -1.934936 0.000000 -2.149342 -8.170552 8986.756060 0.000000 2212 9201 1 0 1 
0.366373 1.620694 0.000000 -0.162530 2.374422 8853.999273 0.000000 2212 9202 1 0 1 
1.256772 3.079419 0.000000 -1.704407 2.083713 8878.410420 0.000000 2212 9203 1 0 1 
-0.942044 0.332829 0.000000 1.914524 1.570440 8883.092944 0.000000 2212 9204 1 0 1 
0.015011 1.373610 0.000000 -0.407473 3.352925 8858.260221 0.000000 2212 9205 1 0 1 
2.772433 0.502739 0.000000 -2.339070 -2.934611 8924.035344 0.000000 2212 9206 1 0 1 
-3.617142 -0.456794 0.000000 5.496903 -0.115187 8893.146427 0.000000 2212 9207 1 0 1 
-0.608907 -1.093103 0.000000 2.477444 -0.613352 8899.793167 0.000000 2212 9208 1 0 1 
2.430018 -0.818276 0.000000 -0.363147 0.192245 8885.501209 0.000000 2212 9209 1 0 1 
-1.055832 2.488102 0.000000 -0.160727 6.600780 8828.295612 0.000000 2212 9210 1 0 1 
1.099094 1.146897 0.000000 0.961902 2.755450 8817.872387 0.000000 2212 9211 1 0 1 
-0.043319 0.408000 0.000000 -1.535330 -1.154664 8935.508227 0.000000 2212 9212 1 0 1 
0.135333 0.197993 0.000000 -1.805363 2.831659 8879.268614 0.000000 2212 9213 1 0 1 
1.660463 1.248438 0.000000 -2.489039 3.560801 8847.082146 0.000000 2212 9214 1 0 1 
1.073898 -0.420484 0.000000 0.095438 -1.395927 8928.245243 0.000000 2212 9215 1 0 1 
-0.988971 0.205919 0.000000 1.879505 -4.632056 8934.046211 0.000000 2212 9216 1 0 1 
-1.709944 -1.733699 0.000000 0.259227 -6.622574 8910.338345 0.000000 2212 9217 1 0 1 
-2.007954 2.410384 0.000000 4.271403 -0.018880 8883.204051 0.000000 2212 9218 1 0 1 
-4.678110 2.005367 0.000000 6.291662 1.617825 8871.772915 0.000000 2212 9219 1 0 1 
-2.530650 -2.481979 0.000000 4.276801 -2.434541 8894.459080 0.000000 2212 9220 1 0 1 
-4.283470 -0.043070 0.000000 6.506495 0.783990 8871.654531 0.000000 2212 9221 1 0 1 
-1.561531 -0.087381 0.000000 3.502541 -1.252613 8900.650797 0.000000 2212 9222 1 0 1 
-1.343653 -0.288684 0.000000 2.107805 -0.502791 8889.357309 0.000000 2212 9223 1 0 1 
0.820558 -0.757377 0.000000 -1.604575 -3.189047 8915.883735 0.000000 2212 9224 1 0 1 
-3.413990 1.604414 0.000000 4.381794 4.265131 8862.641558 0.000000 2212 9225 1 0 1 
-1.566015 -0.876316 0.000000 3.614427 -0.665133 8899.928544 0.000000 2212 9226 1 0 1 
-2.091539 1.078230 0.000000 3.549727 -0.909550 8909.406046 0.000000 2212 9227 1 0 1 
-1.169865 2.410393 0.000000 -0.775433 1.787328 8888.652212 0.000000 2212 9228 1 0 1 
1.978954 -0.762543 0.000000 -1.814560 0.810947 8882.602111 0.000000 2212 9229 1 0 1 
-0.694601 -1.390837 0.000000 -0.445827 -1.593472 8909.941624 0.000000 2212 9230 1 0 1 
3.591022 1.048139 0.000000 -5.882045 5.071392 8863.260479 0.000000 2212 9231 1 0 1 
-0.115004 -1.664971 0.000000 3.120037 -5.606950 8929.497811 0.000000 2212 9232 1 0 1 
1.008664 0.216440 0.000000 -0.014247 -1.866075 8902.391492 0.000000 2212 9233 1 0 1 
-0.124103 0.360989 0.000000 0.162925 0.015225 8896.097494 0.000000 2212 9234 1 0 1 
1.585612 -2.007814 0.000000 -4.488260 -1.180336 8887.820122 0.000000 2212 9235 1 0 1 
-1.339200 -0.084690 0.000000 2.376344 -0.255067 8872.628261 0.000000 2212 9236 1 0 1 
0.227370 -0.249864 0.000000 -0.356891 -0.436526 8881.589033 0.000000 2212 9237 1 0 1 
1.475839 3.214230 0.000000 -1.501264 7.705445 8814.239078 0.000000 2212 9238 1 0 1 
-1.443293 -1.060176 0.000000 0.013339 -0.315779 8883.306479 0.000000 2212 9239 1 0 1 
0.260163 2.036242 0.000000 0.455492 3.153968 8919.291206 0.000000 2212 9240 1 0 1 
-2.449422 0.234218 0.000000 2.514143 4.857575 8868.469852 0.000000 2212 9241 1 0 1 
-0.793135 0.024486 0.000000 -0.181435 4.792274 8834.501850 0.000000 2212 9242 1 0 1 
1.201516 0.941811 0.000000 -0.967774 1.128329 8878.971536 0.000000 2212 9243 1 0 1 
-4.228344 2.739411 0.000000 4.758224 4.717402 8828.014665 0.000000 2212 9244 1 0 1 
0.107123 0.510364 0.000000 0.455444 3.440213 8892.891463 0.000000 2212 9245 1 0 1 
-1.623954 0.394797 0.000000 4.319559 -1.846281 8908.717035 0.000000 2212 9246 1 0 1 
-3.379945 1.656873 0.000000 4.010854 -1.203987 8915.397744 0.000000 2212 9247 1 0 1 
-0.472400 2.425996 0.000000 2.699561 -1.095577 8935.209938 0.000000 2212 9248 1 0 1 
1.589476 -0.110681 0.000000 -2.694513 0.086968 8886.337513 0.000000 2212 9249 1 0 1 
-2.301700 -1.750614 0.000000 3.579202 0.912954 8829.942572 0.000000 2212 9250 1 0 1 
-0.280545 0.768171 0.000000 0.894018 6.664037 8824.786234 0.000000 2212 9251 1 0 1 
-0.812977 -2.111648 0.000000 0.134547 -6.013356 8945.102420 0.000000 2212 9252 1 0 1 
-1.949785 0.581661 0.000000 0.328185 5.539571 8828.875882 0.000000 2212 9253 1 0 1 
0.403425 -0.627933 0.000000 -2.752602 4.667994 8863.363214 0.000000 2212 9254 1 0 1 
0.955421 0.923938 0.000000 -3.543138 0.873204 8920.347352 0.000000 2212 9255 1 0 1 
-2.263373 1.225420 0.000000 2.267183 -0.102467 8889.497442 0.000000 2212 9256 1 0 1 
1.345844 0.786453 0.000000 -1.533172 -0.416389 8913.890201 0.000000 2212 9257 1 0 1 
2.895428 -1.189888 0.000000 -5.810350 -3.442625 8866.399925 0.000000 2212 9258 1 0 1 
0.920779 -2.346705 0.000000 -1.212054 -6.342914 8932.898627 0.000000 2212 9259 1 0 1 
-0.367306 -0.271599 0.000000 -1.632512 0.427133 8873.821374 0.000000 2212 9260 1 0 1 
-1.044953 1.222381 0.000000 -1.669213 3.156331 8825.267841 0.000000 2212 9261 1 0 1 
4.550967 0.378743 0.000000 -6.797340 3.993160 8873.088986 0.000000 2212 9262 1 0 1 
3.073424 2.543441 0.000000 -3.972798 0.421264 8853.222569 0.000000 2212 9263 1 0 1 
3.231007 0.933089 0.000000 -4.691029 1.719350 8859.212461 0.000000 2212 9264 1 0 1 
-1.510287 -1.352444 0.000000 2.153043 2.939993 8870.697908 0.000000 2212 9265 1 0 1 
1.464976 -1.206734 0.000000 -1.885807 -2.606532 8907.191161 0.000000 2212 9266 1 0 1 
-1.268235 1.975397 0.000000 0.571020 0.972116 8888.497637 0.000000 2212 9267 1 0 1 
0.852518 -0.398798 0.000000 -3.485084 0.015003 8902.910512 0.000000 2212 9268 1 0 1 
0.459308 -0.429909 0.000000 -2.219886 -0.274247 8926.226910 0.000000 2212 9269 1 0 1 
1.104452 -0.762292 0.000000 -1.772120 2.624287 8922.413803 0.000000 2212 9270 1 0 1 
1.924684 0.291155 0.000000 -3.792560 3.833562 8834.303855 0.000000 2212 9271 1 0 1 
2.057034 3.837519 0.000000 -4.219999 7.240059 8832.942473 0.000000 2212 9272 1 0 1 
-2.612857 0.349682 0.000000 4.232356 1.235604 8919.950734 0.000000 2212 9273 1 0 1 
1.924632 -0.237730 0.000000 -2.693112 2.788776 8859.767425 0.000000 2212 9274 1 0 1 
-0.974598 1.409749 0.000000 1.301292 1.941325 8877.466020 0.000000 2212 9275 1 0 1 
1.473601 -1.344174 0.000000 -2.036379 -1.694663 8884.063493 0.000000 2212 9276 1 0 1 
0.282786 -1.589435 0.000000 -1.072722 2.140088 8882.696593 0.000000 2212 9277 1 0 1 
-1.732958 1.643746 0.000000 -0.403700 0.812202 8854.022324 0.000000 2212 9278 1 0 1 
-0.152743 -0.133417 0.000000 -1.315217 3.779807 8857.554144 0.000000 2212 9279 1 0 1 
0.025296 -0.085388 0.000000 0.368955 -3.853972 8904.299155 0.000000 2212 9280 1 0 1 
-2.321224 -0.911598 0.000000 2.211610 0.493190 8893.119959 0.000000 2212 9281 1 0 1 
-1.136324 0.137281 0.000000 3.693976 0.405230 8876.257972 0.000000 2212 9282 1 0 1 
-2.088017 -1.404601 0.000000 2.820059 -3.814659 8882.585779 0.000000 2212 9283 1 0 1 
0.107243 1.707702 0.000000 1.027618 -0.762877 8898.756457 0.000000 2212 9284 1 0 1 
2.668032 0.381139 0.000000 -3.111839 -0.642069 8902.662368 0.000000 2212 9285 1 0 1 
-0.835833 2.505072 0.000000 0.904032 4.781647 8809.310269 0.000000 2212 9286 1 0 1 
0.461852 -2.648704 0.000000 -1.599830 -4.952682 8889.444469 0.000000 2212 9287 1 0 1 
-2.585838 0.907677 0.000000 4.635147 -2.061516 8902.193146 0.000000 2212 9288 1 0 1 
0.131621 -0.281503 0.000000 1.592583 1.920002 8862.588467 0.000000 2212 9289 1 0 1 
-0.343015 0.927899 0.000000 0.504864 -3.507102 8930.206601 0.000000 2212 9290 1 0 1 
-1.013103 -2.822249 0.000000 2.862654 -3.314453 8892.924775 0.000000 2212 9291 1 0 1 
-1.455779 -0.638680 0.000000 2.407942 -1.165928 8867.602345 0.000000 2212 9292 1 0 1 
5.137811 -0.476084 0.000000 -6.769725 3.253075 8864.184242 0.000000 2212 9293 1 0 1 
-2.619144 -1.349073 0.000000 5.882269 -3.948130 8933.119491 0.000000 2212 9294 1 0 1 
-0.406471 0.087868 0.000000 -0.398699 -3.270938 8888.745292 0.000000 2212 9295 1 0 1 
0.560567 -0.678479 0.000000 -1.842618 -2.736317 8915.037863 0.000000 2212 9296 1 0 1 
-0.565677 0.663296 0.000000 1.459557 3.844710 8849.070177 0.000000 2212 9297 1 0 1 
0.390481 -0.775020 0.000000 -0.976028 -1.518806 8904.961379 0.000000 2212 9298 1 0 1 
-0.992200 0.422869 0.000000 0.292083 -2.095928 8892.646091 0.000000 2212 9299 1 0 1 
-3.247513 1.349254 0.000000 4.337353 -1.305161 8909.063986 0.000000 2212 9300 1 0 1 
-0.458848 0.805738 0.000000 -0.813149 -0.575349 8881.733920 0.000000 2212 9301 1 0 1 
2.037242 -0.974868 0.000000 -4.298840 1.247537 8872.395116 0.000000 2212 9302 1 0 1 
2.085998 0.071293 0.000000 -3.215324 1.614288 8896.195579 0.000000 2212 9303 1 0 1 
2.292531 0.381090 0.000000 -3.685197 1.665201 8885.712158 0.000000 2212 9304 1 0 1 
-2.193517 0.437691 0.000000 5.605381 3.339147 8899.686440 0.000000 2212 9305 1 0 1 
3.734440 2.335861 0.000000 -4.967087 2.903884 8884.709264 0.000000 2212 9306 1 0 1 
0.749781 0.725026 0.000000 -1.120967 1.685892 8890.254261 0.000000 2212 9307 1 0 1 
-0.982450 0.487784 0.000000 3.172868 0.897025 8874.671201 0.000000 2212 9308 1 0 1 
0.984579 -1.216584 0.000000 1.120882 -1.688641 8891.841817 0.000000 2212 9309 1 0 1 
0.481377 -1.722850 0.000000 -2.310930 -0.291951 8878.697021 0.000000 2212 9310 1 0 1 
-0.135150 0.157476 0.000000 0.343506 0.207072 8904.413834 0.000000 2212 9311 1 0 1 
-2.279156 0.271015 0.000000 4.519809 1.500420 8899.515044 0.000000 2212 9312 1 0 1 
0.602334 0.261029 0.000000 -0.400794 -1.666213 8905.648976 0.000000 2212 9313 1 0 1 
-0.712436 1.086541 0.000000 0.086894 5.541876 8837.353516 0.000000 2212 9314 1 0 1 
2.542986 1.240552 0.000000 -4.084016 1.339755 8857.288058 0.000000 2212 9315 1 0 1 
2.127541 0.302254 0.000000 -1.364904 -2.269437 8900.804945 0.000000 2212 9316 1 0 1 
0.829294 -1.166447 0.000000 0.707608 -5.612985 8917.319616 0.000000 2212 9317 1 0 1 
-1.681365 0.116732 0.000000 1.520278 -0.644384 8885.983791 0.000000 2212 9318 1 0 1 
0.859765 0.391913 0.000000 -1.939151 1.575874 8845.314264 0.000000 2212 9319 1 0 1 
1.364008 2.091457 0.000000 -3.227447 5.188293 8865.188402 0.000000 2212 9320 1 0 1 
-0.622124 0.215535 0.000000 3.321771 0.084917 8922.828985 0.000000 2212 9321 1 0 1 
-1.679846 1.763728 0.000000 2.616995 2.280007 8886.673680 0.000000 2212 9322 1 0 1 
0.327709 2.312500 0.000000 -0.058758 2.459701 8872.870666 0.000000 2212 9323 1 0 1 
0.324346 1.511643 0.000000 -0.316601 0.915357 8917.843476 0.000000 2212 9324 1 0 1 
0.071599 1.700050 0.000000 -2.195873 5.303401 8856.966701 0.000000 2212 9325 1 0 1 
1.609567 -0.045438 0.000000 -1.298320 -0.441475 8905.255934 0.000000 2212 9326 1 0 1 
0.110963 -1.097953 0.000000 0.260141 -2.035638 8900.080996 0.000000 2212 9327 1 0 1 
-0.322302 -0.027288 0.000000 2.726411 -1.207187 8888.452312 0.000000 2212 9328 1 0 1 
2.658675 1.189846 0.000000 -3.155580 1.766409 8891.842797 0.000000 2212 9329 1 0 1 
1.301066 -0.382285 0.000000 -1.302168 -0.228424 8928.804904 0.000000 2212 9330 1 0 1 
3.106258 -0.575664 0.000000 -4.615127 -5.963763 8944.396039 0.000000 2212 9331 1 0 1 
-1.043656 -1.772602 0.000000 0.222299 -6.066595 8937.666010 0.000000 2212 9332 1 0 1 
1.418341 0.379700 0.000000 -2.802325 -0.509915 8896.642942 0.000000 2212 9333 1 0 1 
1.930901 0.072935 0.000000 -2.846317 1.548452 8855.326177 0.000000 2212 9334 1 0 1 
1.391089 -0.157837 0.000000 -2.885135 -1.792079 8907.037877 0.000000 2212 9335 1 0 1 
0.860273 -0.024375 0.000000 -1.195497 0.204110 8892.088125 0.000000 2212 9336 1 0 1 
0.943137 1.041031 0.000000 -2.370770 -1.418614 8960.171738 0.000000 2212 9337 1 0 1 
1.946627 3.214376 0.000000 -2.583303 4.935417 8888.251873 0.000000 2212 9338 1 0 1 
1.206059 -1.081602 0.000000 -3.110778 -1.017482 8886.854754 0.000000 2212 9339 1 0 1 
-0.025840 1.460383 0.000000 -0.661911 6.017001 8815.223000 0.000000 2212 9340 1 0 1 
-0.092324 0.182339 0.000000 1.695761 0.181386 8880.049298 0.000000 2212 9341 1 0 1 
-1.920962 0.162454 0.000000 1.870850 5.819630 8857.718492 0.000000 2212 9342 1 0 1 
2.165016 0.125642 0.000000 -4.494682 0.452637 8882.351575 0.000000 2212 9343 1 0 1 
-2.414439 -0.013827 0.000000 2.411603 -1.439374 8882.089329 0.000000 2212 9344 1 0 1 
-2.219463 -0.680258 0.000000 3.359880 -0.428173 8908.885063 0.000000 2212 9345 1 0 1 
1.453089 -1.686254 0.000000 -1.587435 -5.855012 8892.548074 0.000000 2212 9346 1 0 1 
-1.179767 -2.206891 0.000000 2.052568 -2.563772 8895.145388 0.000000 2212 9347 1 0 1 
-3.080666 -1.110662 0.000000 5.753919 -4.073257 8925.175872 0.000000 2212 9348 1 0 1 
-0.189474 -0.589140 0.000000 1.301755 -0.843702 8884.910409 0.000000 2212 9349 1 0 1 
-1.488202 0.922532 0.000000 0.720100 1.476817 8825.301827 0.000000 2212 9350 1 0 1 
-1.416215 -0.856771 0.000000 3.636459 -2.064827 8960.169029 0.000000 2212 9351 1 0 1 
-1.052404 -0.047105 0.000000 2.814251 -1.441846 8890.831460 0.000000 2212 9352 1 0 1 
-3.213422 -0.943131 0.000000 5.917928 -5.856229 8874.852327 0.000000 2212 9353 1 0 1 
-1.097173 -1.997796 0.000000 2.847707 -0.902743 8914.483244 0.000000 2212 9354 1 0 1 
1.492786 -0.009687 0.000000 -3.856982 -3.795125 8947.946515 0.000000 2212 9355 1 0 1 
-0.611409 1.886844 0.000000 -0.605447 3.600237 8879.943524 0.000000 2212 9356 1 0 1 
2.103148 -0.404797 0.000000 -1.335198 -2.226446 8923.234043 0.000000 2212 9357 1 0 1 
2.150138 0.531847 0.000000 -3.262825 -1.292055 8919.618167 0.000000 2212 9358 1 0 1 
0.638003 1.456969 0.000000 0.043872 -1.694231 8919.940245 0.000000 2212 9359 1 0 1 
-1.073128 -1.209128 0.000000 0.616513 -5.984289 8953.277902 0.000000 2212 9360 1 0 1 
-0.930215 0.179917 0.000000 1.828805 1.866070 8907.259415 0.000000 2212 9361 1 0 1 
-2.699811 -1.460730 0.000000 2.956665 2.930188 8894.232598 0.000000 2212 9362 1 0 1 
1.345697 1.214064 0.000000 -0.054265 2.726158 8900.767640 0.000000 2212 9363 1 0 1 
1.304484 -2.457645 0.000000 -1.900506 -0.686661 8879.976867 0.000000 2212 9364 1 0 1 
0.279704 0.271820 0.000000 -1.768336 0.338965 8832.095533 0.000000 2212 9365 1 0 1 
1.101461 1.597937 0.000000 -3.939911 3.570732 8846.223860 0.000000 2212 9366 1 0 1 
1.969325 0.239413 0.000000 -1.680088 0.605740 8873.963939 0.000000 2212 9367 1 0 1 
-1.801437 1.523294 0.000000 4.618050 -2.380180 8930.045316 0.000000 2212 9368 1 0 1 
0.098240 -1.257024 0.000000 0.188083 -0.780237 8923.285279 0.000000 2212 9369 1 0 1 
-2.148832 0.155231 0.000000 1.858700 3.048909 8889.444588 0.000000 2212 9370 1 0 1 
0.617559 1.416885 0.000000 -0.493901 3.508141 8870.341608 0.000000 2212 9371 1 0 1 
-0.923586 0.501115 0.000000 1.464683 1.791880 8923.726715 0.000000 2212 9372 1 0 1 
0.808781 -0.224085 0.000000 1.502695 0.361506 8904.002302 0.000000 2212 9373 1 0 1 
0.451282 0.645370 0.000000 -1.115876 2.980948 8873.570911 0.000000 2212 9374 1 0 1 
0.679032 -1.498203 0.000000 -0.928271 0.112302 8883.736969 0.000000 2212 9375 1 0 1 
0.964956 -1.244458 0.000000 -1.823981 -3.553381 8906.188273 0.000000 2212 9376 1 0 1 
0.145192 -1.062050 0.000000 0.552460 -0.115239 8903.036279 0.000000 2212 9377 1 0 1 
0.792205 0.466378 0.000000 -1.148177 -1.747310 8903.177802 0.000000 2212 9378 1 0 1 
2.816658 0.475054 0.000000 -3.808241 0.389416 8916.198062 0.000000 2212 9379 1 0 1 
2.731907 -0.916616 0.000000 -3.430517 -1.453537 8925.835162 0.000000 2212 9380 1 0 1 
-0.788372 -0.589436 0.000000 0.850016 1.687978 8858.522400 0.000000 2212 9381 1 0 1 
1.921652 0.870324 0.000000 -3.758910 5.190149 8863.740594 0.000000 2212 9382 1 0 1 
-1.239515 -1.353652 0.000000 2.639956 -3.507774 8899.374884 0.000000 2212 9383 1 0 1 
2.443715 0.290689 0.000000 -3.419902 -3.942743 8907.404503 0.000000 2212 9384 1 0 1 
-2.446544 -0.429032 0.000000 4.301427 -0.984760 8910.973344 0.000000 2212 9385 1 0 1 
2.738415 -1.371475 0.000000 -3.528846 -2.847188 8909.387103 0.000000 2212 9386 1 0 1 
-4.449693 -1.044926 0.000000 6.241820 1.390667 8876.467455 0.000000 2212 9387 1 0 1 
0.917530 1.770692 0.000000 0.814918 2.735129 8867.703340 0.000000 2212 9388 1 0 1 
1.316237 0.063274 0.000000 -4.258965 -3.637688 8919.367612 0.000000 2212 9389 1 0 1 
-1.327018 -0.169624 0.000000 1.602034 1.866562 8915.252699 0.000000 2212 9390 1 0 1 
3.043799 -1.472561 0.000000 -5.260813 -3.211760 8913.642029 0.000000 2212 9391 1 0 1 
1.927144 -0.916630 0.000000 -0.391711 -3.635578 8902.162866 0.000000 2212 9392 1 0 1 
-0.472773 -0.742016 0.000000 2.009839 0.114175 8876.214919 0.000000 2212 9393 1 0 1 
-0.941022 -2.431838 0.000000 3.077065 1.195900 8888.466946 0.000000 2212 9394 1 0 1 
-3.039973 0.134748 0.000000 6.696235 2.538094 8918.657932 0.000000 2212 9395 1 0 1 
-3.362181 -0.395472 0.000000 4.176808 1.694527 8868.567726 0.000000 2212 9396 1 0 1 
0.980943 1.405607 0.000000 -3.268382 1.097466 8857.644324 0.000000 2212 9397 1 0 1 
1.507929 0.810798 0.000000 -1.050666 -1.204019 8898.241277 0.000000 2212 9398 1 0 1 
-2.196766 0.267321 0.000000 2.756463 -0.090043 8890.325157 0.000000 2212 9399 1 0 1 
3.703986 0.135065 0.000000 -5.398533 1.819450 8883.171947 0.000000 2212 9400 1 0 1 
-1.052901 -0.314168 0.000000 0.852502 0.599282 8910.037223 0.000000 2212 9401 1 0 1 
1.910332 -1.324164 0.000000 -2.747111 -4.945695 8903.050294 0.000000 2212 9402 1 0 1 
-0.943637 0.029406 0.000000 1.626329 3.104836 8874.546553 0.000000 2212 9403 1 0 1 
-1.413503 -1.235382 0.000000 1.817204 1.491379 8856.528354 0.000000 2212 9404 1 0 1 
1.041943 0.638542 0.000000 -1.112216 1.952580 8897.391231 0.000000 2212 9405 1 0 1 
-0.531908 1.424323 0.000000 0.363597 -1.260523 8881.361330 0.000000 2212 9406 1 0 1 
1.957686 -0.973818 0.000000 -1.768828 0.071108 8877.824993 0.000000 2212 9407 1 0 1 
-2.087606 1.791291 0.000000 1.636161 4.471800 8861.557276 0.000000 2212 9408 1 0 1 
0.033514 0.276846 0.000000 -1.770672 0.514143 8859.466869 0.000000 2212 9409 1 0 1 
1.326525 -0.667523 0.000000 -3.982849 2.426025 8889.271910 0.000000 2212 9410 1 0 1 
-0.533728 -1.458164 0.000000 0.650164 -0.948788 8875.592588 0.000000 2212 9411 1 0 1 
-2.935432 -1.581828 0.000000 4.114925 -5.646089 8943.040121 0.000000 2212 9412 1 0 1 
4.443678 0.116380 0.000000 -5.163701 0.707085 8896.792243 0.000000 2212 9413 1 0 1 
-1.388630 -1.476859 0.000000 4.455327 -0.840758 8879.198258 0.000000 2212 9414 1 0 1 
1.755560 -2.781919 0.000000 -0.823948 -6.319670 8927.193972 0.000000 2212 9415 1 0 1 
0.692451 0.489689 0.000000 -3.420338 2.675873 8879.618850 0.000000 2212 9416 1 0 1 
0.420103 0.105938 0.000000 -2.056950 -0.992351 8913.780751 0.000000 2212 9417 1 0 1 
1.128809 -0.859772 0.000000 -3.122058 -1.827737 8905.438716 0.000000 2212 9418 1 0 1 
0.853214 2.212973 0.000000 -1.396013 3.368154 8848.041389 0.000000 2212 9419 1 0 1 
-0.541053 -0.105064 0.000000 -1.097470 -1.729332 8906.643795 0.000000 2212 9420 1 0 1 
-2.932785 0.755684 0.000000 3.610620 -2.879286 8908.513513 0.000000 2212 9421 1 0 1 
-0.187336 0.759213 0.000000 -1.759149 1.259826 8851.463525 0.000000 2212 9422 1 0 1 
-0.574997 0.339067 0.000000 2.353486 0.647237 8879.310384 0.000000 2212 9423 1 0 1 
-2.920272 -0.150002 0.000000 4.174741 1.656262 8889.511242 0.000000 2212 9424 1 0 1 
1.043956 -2.092316 0.000000 -0.801432 -1.488032 8909.429061 0.000000 2212 9425 1 0 1 
-2.694369 2.227833 0.000000 3.920035 5.169686 8895.082972 0.000000 2212 9426 1 0 1 
-3.389351 -0.039467 0.000000 3.865046 2.274126 8867.788218 0.000000 2212 9427 1 0 1 
-0.327817 0.798435 0.000000 2.108210 1.406846 8885.650166 0.000000 2212 9428 1 0 1 
-0.754888 1.667426 0.000000 1.875740 1.206291 8892.313212 0.000000 2212 9429 1 0 1 
0.273754 0.973612 0.000000 -2.151601 -0.534100 8884.622153 0.000000 2212 9430 1 0 1 
-2.063155 -0.596839 0.000000 2.883316 -4.310628 8975.345352 0.000000 2212 9431 1 0 1 
1.342526 -0.058370 0.000000 -1.868108 3.999118 8858.375939 0.000000 2212 9432 1 0 1 
0.492716 0.786761 0.000000 -3.297584 0.860670 8888.761167 0.000000 2212 9433 1 0 1 
-0.399076 2.281808 0.000000 1.503146 7.787821 8850.284603 0.000000 2212 9434 1 0 1 
2.391469 -0.962936 0.000000 -2.823519 -0.268042 8884.297852 0.000000 2212 9435 1 0 1 
1.104042 -0.144294 0.000000 -2.786554 -2.683605 8885.329436 0.000000 2212 9436 1 0 1 
-0.140753 0.787805 0.000000 2.046877 2.991160 8834.981163 0.000000 2212 9437 1 0 1 
-2.273742 0.067262 0.000000 2.751707 4.350413 8888.323163 0.000000 2212 9438 1 0 1 
-1.028693 -1.508611 0.000000 3.513451 -3.022096 8932.315048 0.000000 2212 9439 1 0 1 
0.914286 -0.857580 0.000000 -1.741137 -3.680853 8943.851905 0.000000 2212 9440 1 0 1 
-3.251451 -0.290819 0.000000 5.248275 1.752393 8932.386175 0.000000 2212 9441 1 0 1 
2.192076 2.120310 0.000000 -4.630738 0.297458 8859.009344 0.000000 2212 9442 1 0 1 
0.374189 -0.171413 0.000000 -0.854154 -1.367966 8908.866595 0.000000 2212 9443 1 0 1 
2.123587 -0.456702 0.000000 -2.779160 -6.625385 8924.814305 0.000000 2212 9444 1 0 1 
-1.402829 -0.894917 0.000000 2.448958 -0.208499 8899.634966 0.000000 2212 9445 1 0 1 
2.346055 -1.038261 0.000000 -4.933966 -1.626704 8925.926635 0.000000 2212 9446 1 0 1 
0.671687 0.463584 0.000000 0.467578 2.607637 8871.756803 0.000000 2212 9447 1 0 1 
-1.590982 1.549852 0.000000 2.049888 3.900446 8848.733105 0.000000 2212 9448 1 0 1 
0.494369 0.420672 0.000000 -1.054973 0.655054 8870.963187 0.000000 2212 9449 1 0 1 
1.428984 0.942670 0.000000 -4.232336 -1.395057 8880.872806 0.000000 2212 9450 1 0 1 
1.079242 -0.147593 0.000000 -3.921174 -2.861972 8912.263280 0.000000 2212 9451 1 0 1 
1.545987 -1.818603 0.000000 -1.867181 -2.150186 8870.816581 0.000000 2212 9452 1 0 1 
-1.101652 -0.848593 0.000000 1.781757 3.376049 8853.282685 0.000000 2212 9453 1 0 1 
0.323634 1.234142 0.000000 -2.736637 2.414922 8873.938869 0.000000 2212 9454 1 0 1 
1.362532 -1.234801 0.000000 -2.165025 -1.433513 8853.540022 0.000000 2212 9455 1 0 1 
-0.337622 -1.805932 0.000000 2.136222 -1.535771 8886.545054 0.000000 2212 9456 1 0 1 
-0.848640 -1.206828 0.000000 0.939031 -0.424034 8845.297549 0.000000 2212 9457 1 0 1 
-1.178161 -1.753266 0.000000 3.583997 -2.842770 8880.288851 0.000000 2212 9458 1 0 1 
-0.203796 1.061243 0.000000 0.991407 1.765144 8904.346039 0.000000 2212 9459 1 0 1 
2.840342 1.484192 0.000000 -2.492973 1.156807 8844.367689 0.000000 2212 9460 1 0 1 
-1.356467 -0.396960 0.000000 4.954445 -4.355473 8930.464357 0.000000 2212 9461 1 0 1 
-1.394734 -0.689053 0.000000 1.788776 -1.395059 8909.531727 0.000000 2212 9462 1 0 1 
-0.528374 1.359869 0.000000 2.998786 2.161985 8859.064591 0.000000 2212 9463 1 0 1 
1.496315 2.261187 0.000000 -1.092149 3.850012 8854.551488 0.000000 2212 9464 1 0 1 
-0.761659 -1.292912 0.000000 0.362196 1.286689 8840.403893 0.000000 2212 9465 1 0 1 
-1.601881 0.061036 0.000000 -0.646918 5.220914 8862.068545 0.000000 2212 9466 1 0 1 
-1.403555 -0.899106 0.000000 -0.217304 0.807755 8842.328158 0.000000 2212 9467 1 0 1 
3.346953 -0.464718 0.000000 -3.656609 -6.816921 8938.219103 0.000000 2212 9468 1 0 1 
0.338495 -1.408265 0.000000 -1.021253 -2.758332 8911.014556 0.000000 2212 9469 1 0 1 
1.278841 2.048683 0.000000 0.220551 3.185093 8869.127803 0.000000 2212 9470 1 0 1 
-1.997402 0.261688 0.000000 2.574584 -0.457795 8905.417448 0.000000 2212 9471 1 0 1 
0.920679 2.319637 0.000000 -3.365337 4.607756 8881.990962 0.000000 2212 9472 1 0 1 
1.793761 0.720103 0.000000 -1.956339 -0.986516 8920.962167 0.000000 2212 9473 1 0 1 
-2.163274 1.314858 0.000000 3.665426 0.437747 8896.430357 0.000000 2212 9474 1 0 1 
2.245683 2.330263 0.000000 -2.049562 3.832035 8848.929833 0.000000 2212 9475 1 0 1 
0.188178 -1.096683 0.000000 -1.128168 -2.600187 8900.869052 0.000000 2212 9476 1 0 1 
0.487781 -0.215080 0.000000 -1.433049 -0.622584 8861.369703 0.000000 2212 9477 1 0 1 
1.017803 0.336499 0.000000 -0.217403 -3.728600 8878.496684 0.000000 2212 9478 1 0 1 
1.047023 0.020855 0.000000 -2.669996 4.537475 8842.963074 0.000000 2212 9479 1 0 1 
0.606923 0.055824 0.000000 -0.299335 3.709987 8850.766020 0.000000 2212 9480 1 0 1 
-0.458120 0.126630 0.000000 -0.103133 -1.840725 8905.185392 0.000000 2212 9481 1 0 1 
0.597216 -0.541170 0.000000 -1.257913 -1.201282 8920.799282 0.000000 2212 9482 1 0 1 
-5.594159 1.301006 0.000000 7.381571 3.656735 8842.108973 0.000000 2212 9483 1 0 1 
3.216798 2.637572 0.000000 -4.750674 2.704197 8845.044947 0.000000 2212 9484 1 0 1 
-0.564111 -0.722525 0.000000 -0.179300 0.445295 8917.847308 0.000000 2212 9485 1 0 1 
3.251865 -0.202265 0.000000 -5.696764 -1.049581 8878.913054 0.000000 2212 9486 1 0 1 
-1.633728 1.039195 0.000000 0.810773 0.980444 8869.406303 0.000000 2212 9487 1 0 1 
2.223183 -0.471662 0.000000 -2.412804 -4.693071 8903.696264 0.000000 2212 9488 1 0 1 
0.062819 0.520013 0.000000 -1.313724 -1.940917 8929.588144 0.000000 2212 9489 1 0 1 
0.663138 -0.922762 0.000000 -0.062465 -2.521561 8908.356716 0.000000 2212 9490 1 0 1 
-0.705596 -2.363928 0.000000 0.946532 -1.149168 8841.269381 0.000000 2212 9491 1 0 1 
2.239947 0.795888 0.000000 -2.298795 -1.025585 8922.575879 0.000000 2212 9492 1 0 1 
-1.713664 -1.968774 0.000000 3.684070 -1.972180 8904.747336 0.000000 2212 9493 1 0 1 
1.595918 -1.135916 0.000000 -1.145023 -1.362948 8921.694627 0.000000 2212 9494 1 0 1 
1.987796 0.639884 0.000000 0.234051 -1.423759 8893.913286 0.000000 2212 9495 1 0 1 
6.118718 -0.667184 0.000000 -7.754897 -2.455844 8910.469603 0.000000 2212 9496 1 0 1 
-0.097634 1.187526 0.000000 -1.644471 0.888737 8883.116329 0.000000 2212 9497 1 0 1 
2.631647 -2.110459 0.000000 -2.431984 -9.617663 8971.558112 0.000000 2212 9498 1 0 1 
-1.099746 0.225943 0.000000 -0.093678 -2.349557 8888.309088 0.000000 2212 9499 1 0 1 
-0.240027 0.069121 0.000000 -1.256846 -2.772104 8911.513139 0.000000 2212 9500 1 0 1 
-1.680719 1.695419 0.000000 0.784675 0.594988 8883.378766 0.000000 2212 9501 1 0 1 
-0.771500 -0.329116 0.000000 1.009664 -1.611264 8927.209076 0.000000 2212 9502 1 0 1 
1.078857 -1.316935 0.000000 -0.060626 -2.806093 8891.785902 0.000000 2212 9503 1 0 1 
2.156147 -0.206529 0.000000 -3.119289 -0.582598 8890.412690 0.000000 2212 9504 1 0 1 
-1.824269 0.225901 0.000000 2.357984 -1.318113 8899.951116 0.000000 2212 9505 1 0 1 
0.554297 0.095605 0.000000 -1.444779 -0.037463 8867.474063 0.000000 2212 9506 1 0 1 
-2.413155 0.820211 0.000000 2.144557 4.212505 8857.311407 0.000000 2212 9507 1 0 1 
1.503160 -0.901844 0.000000 -3.755998 -2.296330 8886.542017 0.000000 2212 9508 1 0 1 
0.357618 -2.809893 0.000000 -0.238202 -6.714071 8923.204421 0.000000 2212 9509 1 0 1 
-0.189929 1.707154 0.000000 0.893810 0.175527 8913.966822 0.000000 2212 9510 1 0 1 
0.016782 1.444011 0.000000 -0.281064 1.779822 8874.273192 0.000000 2212 9511 1 0 1 
-0.735434 0.614638 0.000000 0.812780 -0.057864 8859.673466 0.000000 2212 9512 1 0 1 
-1.388619 0.624907 0.000000 2.102900 -2.895819 8924.532054 0.000000 2212 9513 1 0 1 
-4.300925 -2.678256 0.000000 6.849948 -1.024302 8893.548382 0.000000 2212 9514 1 0 1 
-1.198418 -4.049699 0.000000 -0.861053 -5.013716 8911.065285 0.000000 2212 9515 1 0 1 
1.168790 -0.105397 0.000000 -0.103100 -0.792194 8913.693227 0.000000 2212 9516 1 0 1 
-0.534058 -0.006342 0.000000 4.080491 -4.897270 8919.612278 0.000000 2212 9517 1 0 1 
0.839587 -0.137760 0.000000 -0.069494 2.738872 8834.713515 0.000000 2212 9518 1 0 1 
0.496490 -1.559745 0.000000 -1.966092 -3.662606 8914.854059 0.000000 2212 9519 1 0 1 
-0.915283 -2.422474 0.000000 0.766486 -6.573389 8932.994092 0.000000 2212 9520 1 0 1 
2.128402 0.261206 0.000000 -3.370606 -0.643245 8870.668209 0.000000 2212 9521 1 0 1 
2.391386 -1.314766 0.000000 -2.657870 -1.788052 8846.135593 0.000000 2212 9522 1 0 1 
0.817011 1.528491 0.000000 -1.804744 2.950601 8822.922980 0.000000 2212 9523 1 0 1 
1.917432 -0.881337 0.000000 -1.521721 -8.224954 8978.755324 0.000000 2212 9524 1 0 1 
-0.672029 -1.604322 0.000000 2.266658 -4.938340 8905.894334 0.000000 2212 9525 1 0 1 
-0.257523 3.343754 0.000000 -1.207687 5.746552 8832.696413 0.000000 2212 9526 1 0 1 
-2.133966 0.277504 0.000000 4.790236 -0.690341 8910.102276 0.000000 2212 9527 1 0 1 
3.722710 0.625055 0.000000 -6.385749 1.833157 8902.567872 0.000000 2212 9528 1 0 1 
-0.047438 0.519088 0.000000 -0.421325 4.570702 8833.406641 0.000000 2212 9529 1 0 1 
-0.092239 -0.572967 0.000000 -1.375419 -3.011131 8889.354576 0.000000 2212 9530 1 0 1 
0.694274 -2.705423 0.000000 0.392303 -3.718952 8892.417643 0.000000 2212 9531 1 0 1 
-2.866285 2.180669 0.000000 3.919342 4.798791 8891.232211 0.000000 2212 9532 1 0 1 
-1.396197 0.530754 0.000000 1.780214 -0.908416 8850.687689 0.000000 2212 9533 1 0 1 
-1.063165 -0.916424 0.000000 1.666157 1.200017 8906.175217 0.000000 2212 9534 1 0 1 
-0.664803 0.946487 0.000000 -0.875640 -0.986227 8899.333271 0.000000 2212 9535 1 0 1 
1.326586 0.413168 0.000000 -1.537745 1.814116 8857.461397 0.000000 2212 9536 1 0 1 
-1.697766 -1.716555 0.000000 1.745097 -1.024716 8888.155483 0.000000 2212 9537 1 0 1 
-0.133159 -0.733333 0.000000 1.233311 -1.821777 8942.490139 0.000000 2212 9538 1 0 1 
0.935843 2.878846 0.000000 -1.916545 2.467262 8858.717242 0.000000 2212 9539 1 0 1 
-0.278641 1.151052 0.000000 0.256345 3.785446 8905.182439 0.000000 2212 9540 1 0 1 
-1.487421 -1.233054 0.000000 1.379260 -7.517251 8934.059287 0.000000 2212 9541 1 0 1 
1.422856 -0.060195 0.000000 -0.324988 -2.884461 8928.992758 0.000000 2212 9542 1 0 1 
1.330213 0.630293 0.000000 -1.501518 -1.329891 8916.233960 0.000000 2212 9543 1 0 1 
-3.438317 -1.917276 0.000000 3.902668 1.903955 8833.865161 0.000000 2212 9544 1 0 1 
0.843006 0.257708 0.000000 -1.903717 -0.470465 8915.113247 0.000000 2212 9545 1 0 1 
-0.154586 0.748653 0.000000 -0.061449 3.023137 8829.705205 0.000000 2212 9546 1 0 1 
-1.733389 0.763618 0.000000 0.066494 2.131696 8856.105442 0.000000 2212 9547 1 0 1 
0.362802 1.283450 0.000000 0.762860 1.764968 8884.980380 0.000000 2212 9548 1 0 1 
0.976345 -3.215287 0.000000 -1.774735 -4.149233 8889.005938 0.000000 2212 9549 1 0 1 
1.637906 -1.116845 0.000000 -0.754220 -3.353186 8928.445901 0.000000 2212 9550 1 0 1 
2.615899 0.157269 0.000000 -2.465467 -1.748048 8883.377971 0.000000 2212 9551 1 0 1 
-0.647451 0.226638 0.000000 1.373067 3.180297 8834.111290 0.000000 2212 9552 1 0 1 
-0.279675 -0.348099 0.000000 -1.459303 -1.915043 8912.290797 0.000000 2212 9553 1 0 1 
1.252257 0.962020 0.000000 -2.937818 0.898953 8905.301063 0.000000 2212 9554 1 0 1 
-0.122680 0.320513 0.000000 0.696704 -1.181987 8879.430847 0.000000 2212 9555 1 0 1 
1.785351 2.564935 0.000000 -1.700380 0.992325 8878.354712 0.000000 2212 9556 1 0 1 
1.254152 1.186428 0.000000 -2.250568 3.768263 8852.938165 0.000000 2212 9557 1 0 1 
-0.230365 -1.759402 0.000000 -2.486892 -4.725139 8891.930210 0.000000 2212 9558 1 0 1 
4.652484 -0.095239 0.000000 -6.322449 -2.052716 8915.633999 0.000000 2212 9559 1 0 1 
1.387504 -1.837997 0.000000 -2.131340 3.068244 8881.985385 0.000000 2212 9560 1 0 1 
0.315548 -1.696610 0.000000 -0.610255 -1.816162 8903.201381 0.000000 2212 9561 1 0 1 
-2.363967 -0.323076 0.000000 2.470542 4.671477 8832.277423 0.000000 2212 9562 1 0 1 
2.205754 2.180573 0.000000 -1.050034 3.263997 8867.226901 0.000000 2212 9563 1 0 1 
1.564545 -0.866151 0.000000 -3.012302 0.092389 8861.346488 0.000000 2212 9564 1 0 1 
1.149477 -0.105725 0.000000 -3.066103 0.106471 8915.340667 0.000000 2212 9565 1 0 1 
1.084667 0.109258 0.000000 -0.900922 -0.028896 8859.869915 0.000000 2212 9566 1 0 1 
-3.226891 -0.329893 0.000000 3.968169 -1.990597 8897.565305 0.000000 2212 9567 1 0 1 
-0.233139 -1.171106 0.000000 1.073898 -1.829903 8888.492310 0.000000 2212 9568 1 0 1 
-1.341952 0.040747 0.000000 1.772688 -2.339437 8919.016749 0.000000 2212 9569 1 0 1 
3.762040 -3.150715 0.000000 -4.925544 -5.694920 8957.498371 0.000000 2212 9570 1 0 1 
-2.641985 -0.496710 0.000000 3.095083 0.434113 8876.938153 0.000000 2212 9571 1 0 1 
-2.202008 -0.835825 0.000000 0.984289 -4.252779 8910.139220 0.000000 2212 9572 1 0 1 
2.380299 -1.328070 0.000000 -1.578074 -4.483714 8931.620653 0.000000 2212 9573 1 0 1 
-0.267570 1.038110 0.000000 1.125996 -1.182589 8903.510886 0.000000 2212 9574 1 0 1 
-0.291351 -1.183752 0.000000 -1.461524 -2.848498 8914.022032 0.000000 2212 9575 1 0 1 
-1.509448 0.554844 0.000000 -0.021577 2.017309 8895.198345 0.000000 2212 9576 1 0 1 
-1.604596 0.586818 0.000000 0.755923 3.038731 8868.588591 0.000000 2212 9577 1 0 1 
-0.070850 0.726042 0.000000 0.318335 2.355931 8860.212761 0.000000 2212 9578 1 0 1 
-0.748226 2.294820 0.000000 1.391932 3.735678 8878.210392 0.000000 2212 9579 1 0 1 
-2.212056 -1.240455 0.000000 -0.019186 -2.701844 8862.636269 0.000000 2212 9580 1 0 1 
1.501172 0.008986 0.000000 0.604964 -1.199490 8899.158540 0.000000 2212 9581 1 0 1 
0.691875 -1.634118 0.000000 -0.005718 -1.484566 8879.094442 0.000000 2212 9582 1 0 1 
-2.613055 0.110759 0.000000 1.461731 1.311285 8911.506704 0.000000 2212 9583 1 0 1 
-0.991714 -0.047944 0.000000 1.854578 -0.060555 8907.515164 0.000000 2212 9584 1 0 1 
-0.719762 2.067706 0.000000 5.045264 1.309418 8873.760655 0.000000 2212 9585 1 0 1 
0.881080 -0.793956 0.000000 -1.554776 -3.322667 8904.220662 0.000000 2212 9586 1 0 1 
-1.153199 -0.639199 0.000000 0.865473 -0.684179 8881.902324 0.000000 2212 9587 1 0 1 
-1.547587 0.480009 0.000000 -0.132717 0.889531 8867.619541 0.000000 2212 9588 1 0 1 
-0.806581 0.893323 0.000000 2.205636 -0.243635 8881.804405 0.000000 2212 9589 1 0 1 
0.613352 -1.206779 0.000000 -1.281477 -1.545650 8909.038278 0.000000 2212 9590 1 0 1 
-1.476831 -0.637016 0.000000 1.841491 0.502767 8890.877954 0.000000 2212 9591 1 0 1 
3.169442 -0.765181 0.000000 -3.975445 -1.542015 8920.929041 0.000000 2212 9592 1 0 1 
-2.750048 -1.405031 0.000000 2.033177 -2.205308 8875.051071 0.000000 2212 9593 1 0 1 
1.282520 -0.672207 0.000000 1.949715 -6.102771 8962.608076 0.000000 2212 9594 1 0 1 
-1.325787 -0.245921 0.000000 0.826607 -1.130262 8902.679694 0.000000 2212 9595 1 0 1 
2.085818 -1.356967 0.000000 -0.501907 -4.988601 8943.830714 0.000000 2212 9596 1 0 1 
-2.276357 -0.592691 0.000000 2.246252 -5.967806 8922.118565 0.000000 2212 9597 1 0 1 
0.630316 0.564722 0.000000 -0.316626 -1.947028 8886.675481 0.000000 2212 9598 1 0 1 
-1.709288 2.097453 0.000000 3.526799 5.577188 8832.113049 0.000000 2212 9599 1 0 1 
3.383812 -2.884353 0.000000 -2.651963 -10.331886 8965.393178 0.000000 2212 9600 1 0 1 
0.619538 0.039445 0.000000 0.865173 -3.321651 8893.417718 0.000000 2212 9601 1 0 1 
1.552500 1.060096 0.000000 -2.361579 2.620152 8881.753946 0.000000 2212 9602 1 0 1 
-1.705074 0.343887 0.000000 3.552139 -1.882476 8899.032170 0.000000 2212 9603 1 0 1 
0.822002 2.681764 0.000000 0.273444 7.333270 8827.594378 0.000000 2212 9604 1 0 1 
-1.014716 0.618039 0.000000 2.283115 0.280508 8887.409797 0.000000 2212 9605 1 0 1 
-2.003833 0.351633 0.000000 3.350461 -2.178862 8960.957836 0.000000 2212 9606 1 0 1 
-0.368917 0.196542 0.000000 -0.154992 1.025577 8822.328349 0.000000 2212 9607 1 0 1 
-1.623702 -1.037471 0.000000 2.876634 -2.625232 8919.855034 0.000000 2212 9608 1 0 1 
-0.624561 -0.029389 0.000000 1.957980 1.984898 8889.020706 0.000000 2212 9609 1 0 1 
4.136680 1.039729 0.000000 -4.976443 -1.497754 8884.897534 0.000000 2212 9610 1 0 1 
0.575050 -0.284045 0.000000 -3.728668 1.103040 8885.938341 0.000000 2212 9611 1 0 1 
0.741971 0.025296 0.000000 -1.663068 1.692393 8876.520908 0.000000 2212 9612 1 0 1 
2.698178 -0.887947 0.000000 -3.144006 -2.364626 8895.706285 0.000000 2212 9613 1 0 1 
0.074151 -0.423366 0.000000 -1.606808 2.481570 8886.699711 0.000000 2212 9614 1 0 1 
0.691559 1.095087 0.000000 -1.948269 0.225523 8877.674165 0.000000 2212 9615 1 0 1 
1.170095 1.794791 0.000000 -2.781324 2.320694 8882.452005 0.000000 2212 9616 1 0 1 
6.320821 1.271132 0.000000 -10.044220 2.386923 8868.450341 0.000000 2212 9617 1 0 1 
1.206313 -1.125470 0.000000 0.151920 -3.546767 8907.692244 0.000000 2212 9618 1 0 1 
2.484018 -0.468912 0.000000 -3.953005 1.564315 8888.834730 0.000000 2212 9619 1 0 1 
2.024128 -0.263492 0.000000 -3.755137 -1.247273 8906.120460 0.000000 2212 9620 1 0 1 
-1.874268 -0.012281 0.000000 3.206124 -0.483092 8885.819423 0.000000 2212 9621 1 0 1 
-2.835395 -0.336372 0.000000 1.223304 -0.605339 8858.263899 0.000000 2212 9622 1 0 1 
1.542492 0.170657 0.000000 -1.451316 1.642119 8923.526410 0.000000 2212 9623 1 0 1 
-0.499600 -1.662451 0.000000 -0.052720 -2.509403 8883.612005 0.000000 2212 9624 1 0 1 
-2.818677 -0.540213 0.000000 4.004277 2.427726 8879.585378 0.000000 2212 9625 1 0 1 
-3.135584 0.709661 0.000000 3.872346 -3.121008 8909.060398 0.000000 2212 9626 1 0 1 
0.766478 -0.264861 0.000000 -1.589763 -4.572252 8931.553360 0.000000 2212 9627 1 0 1 
-1.038593 1.230046 0.000000 2.594891 0.381895 8898.122042 0.000000 2212 9628 1 0 1 
0.979754 -0.539004 0.000000 1.267742 -2.805560 8884.890589 0.000000 2212 9629 1 0 1 
1.614218 0.618683 0.000000 -2.367242 -1.000351 8932.198021 0.000000 2212 9630 1 0 1 
1.332603 -1.640032 0.000000 -1.532477 -2.267724 8888.024313 0.000000 2212 9631 1 0 1 
0.519032 -1.847319 0.000000 -0.664738 -3.024734 8906.466258 0.000000 2212 9632 1 0 1 
-0.188669 1.606270 0.000000 0.888660 1.260376 8891.919956 0.000000 2212 9633 1 0 1 
0.233345 1.777570 0.000000 -1.326582 -1.329871 8866.301820 0.000000 2212 9634 1 0 1 
2.027810 1.559915 0.000000 -2.483277 -2.037265 8884.683593 0.000000 2212 9635 1 0 1 
-3.531331 -1.061805 0.000000 3.928611 -3.953211 8895.567596 0.000000 2212 9636 1 0 1 
0.954852 -0.534109 0.000000 0.686621 -0.308900 8884.040390 0.000000 2212 9637 1 0 1 
-1.045277 -1.738516 0.000000 0.867002 -3.927494 8920.151574 0.000000 2212 9638 1 0 1 
-0.341704 -0.459841 0.000000 1.047663 1.919034 8887.032441 0.000000 2212 9639 1 0 1 
-0.874513 2.546335 0.000000 0.596779 5.379637 8842.029186 0.000000 2212 9640 1 0 1 
1.885328 0.385411 0.000000 -0.952584 -2.713051 8894.727000 0.000000 2212 9641 1 0 1 
3.196603 -2.370407 0.000000 -3.847536 -1.918532 8893.546674 0.000000 2212 9642 1 0 1 
-2.065315 -1.352009 0.000000 3.323039 -2.715250 8912.087085 0.000000 2212 9643 1 0 1 
-0.745037 0.599576 0.000000 -0.919384 1.736320 8855.775770 0.000000 2212 9644 1 0 1 
0.114747 -0.262923 0.000000 -2.126835 -2.381389 8851.732062 0.000000 2212 9645 1 0 1 
0.296872 0.827302 0.000000 -0.103544 0.153102 8891.302416 0.000000 2212 9646 1 0 1 
0.532634 -0.188691 0.000000 -2.718103 2.072840 8865.547454 0.000000 2212 9647 1 0 1 
0.720955 -1.328013 0.000000 -0.466922 -1.428624 8897.652118 0.000000 2212 9648 1 0 1 
-1.344115 1.430847 0.000000 0.831458 0.807292 8858.613977 0.000000 2212 9649 1 0 1 
0.170742 0.917534 0.000000 1.580105 -0.497915 8923.281673 0.000000 2212 9650 1 0 1 
-3.896694 -1.322713 0.000000 3.846460 -0.173132 8887.369971 0.000000 2212 9651 1 0 1 
-1.860536 -0.048168 0.000000 3.528365 3.569743 8866.248934 0.000000 2212 9652 1 0 1 
-1.457670 0.142688 0.000000 1.084726 0.359218 8879.075622 0.000000 2212 9653 1 0 1 
1.072141 0.708117 0.000000 0.625358 -0.629664 8877.326518 0.000000 2212 9654 1 0 1 
1.542852 -2.932461 0.000000 -2.471572 -2.484668 8903.307767 0.000000 2212 9655 1 0 1 
-0.054510 -0.339399 0.000000 -0.767190 6.666343 8792.144046 0.000000 2212 9656 1 0 1 
-1.288917 0.125818 0.000000 1.903186 -0.341126 8906.224699 0.000000 2212 9657 1 0 1 
-0.774858 0.056242 0.000000 -0.482668 -2.728276 8924.296492 0.000000 2212 9658 1 0 1 
-1.816660 0.734844 0.000000 3.449707 0.687631 8898.713336 0.000000 2212 9659 1 0 1 
-2.161456 0.123801 0.000000 2.460936 1.014088 8891.431487 0.000000 2212 9660 1 0 1 
-0.394913 -1.730536 0.000000 0.362641 -0.818940 8872.355808 0.000000 2212 9661 1 0 1 
2.257350 -0.961153 0.000000 -2.109430 -2.089054 8932.790157 0.000000 2212 9662 1 0 1 
-0.024006 -1.790782 0.000000 0.424289 -4.657120 8978.426186 0.000000 2212 9663 1 0 1 
-0.111260 0.686797 0.000000 1.761507 -0.700177 8936.450479 0.000000 2212 9664 1 0 1 
-0.899418 -1.882980 0.000000 1.154146 -1.244831 8881.359423 0.000000 2212 9665 1 0 1 
1.555224 0.036894 0.000000 -2.121028 0.766843 8875.537832 0.000000 2212 9666 1 0 1 
0.865017 -0.671050 0.000000 -0.842706 -2.326631 8904.899201 0.000000 2212 9667 1 0 1 
1.220543 -1.386162 0.000000 -2.608394 1.103404 8868.750586 0.000000 2212 9668 1 0 1 
-0.017239 2.040401 0.000000 1.181670 5.283455 8849.073683 0.000000 2212 9669 1 0 1 
2.865273 -1.432492 0.000000 -2.503663 -1.171408 8887.770551 0.000000 2212 9670 1 0 1 
-0.442233 0.484755 0.000000 0.366304 3.445724 8859.914337 0.000000 2212 9671 1 0 1 
0.899435 -1.506124 0.000000 0.538245 -0.270343 8904.995777 0.000000 2212 9672 1 0 1 
-3.197022 0.522694 0.000000 5.594046 -0.962347 8905.081082 0.000000 2212 9673 1 0 1 
-0.110677 -0.257784 0.000000 -2.901264 2.504031 8860.444956 0.000000 2212 9674 1 0 1 
0.656323 0.419038 0.000000 -1.070214 -0.718619 8856.218831 0.000000 2212 9675 1 0 1 
3.091507 -0.800034 0.000000 -4.605597 -3.497239 8909.018142 0.000000 2212 9676 1 0 1 
1.115417 -1.081559 0.000000 -1.000205 -2.969029 8878.207342 0.000000 2212 9677 1 0 1 
-0.369855 0.877970 0.000000 1.030267 0.412016 8933.303541 0.000000 2212 9678 1 0 1 
-1.857287 1.924892 0.000000 0.550226 2.225119 8876.083412 0.000000 2212 9679 1 0 1 
0.746815 -0.076536 0.000000 -0.017003 4.527914 8839.250096 0.000000 2212 9680 1 0 1 
-1.672742 1.481416 0.000000 2.253816 -0.213022 8842.688848 0.000000 2212 9681 1 0 1 
-0.088287 1.577421 0.000000 -1.412062 3.646955 8899.404565 0.000000 2212 9682 1 0 1 
-0.087509 -1.224761 0.000000 1.819711 -4.746310 8944.624413 0.000000 2212 9683 1 0 1 
1.161437 -0.262043 0.000000 -0.330437 -2.961149 8906.457004 0.000000 2212 9684 1 0 1 
-0.041047 -1.664398 0.000000 -0.397566 1.166111 8876.516943 0.000000 2212 9685 1 0 1 
0.052975 0.587570 0.000000 2.761381 -1.627895 8936.108408 0.000000 2212 9686 1 0 1 
-0.645832 -2.528163 0.000000 1.512145 -6.023427 8912.909180 0.000000 2212 9687 1 0 1 
-1.036489 0.739745 0.000000 0.742202 4.800036 8842.918761 0.000000 2212 9688 1 0 1 
-3.026849 1.452620 0.000000 3.801797 3.125421 8886.688162 0.000000 2212 9689 1 0 1 
-0.923778 1.210857 0.000000 1.918371 3.349564 8867.541719 0.000000 2212 9690 1 0 1 
-1.865340 -0.707509 0.000000 2.267139 0.823469 8858.996670 0.000000 2212 9691 1 0 1 
1.713730 -0.331095 0.000000 -5.676019 0.451686 8902.177069 0.000000 2212 9692 1 0 1 
0.691285 -0.656977 0.000000 -2.308453 -1.801774 8891.779566 0.000000 2212 9693 1 0 1 
-3.033536 -0.311550 0.000000 5.545718 -2.162968 8931.964093 0.000000 2212 9694 1 0 1 
-0.168850 -1.779697 0.000000 -0.228806 -3.847334 8887.379462 0.000000 2212 9695 1 0 1 
-1.911794 1.629685 0.000000 2.140039 1.364108 8879.994174 0.000000 2212 9696 1 0 1 
-2.555091 0.404821 0.000000 4.407897 4.395799 8859.133632 0.000000 2212 9697 1 0 1 
2.001890 0.464678 0.000000 -2.091346 6.520023 8860.814500 0.000000 2212 9698 1 0 1 
0.249078 0.259587 0.000000 -2.318965 -1.230189 8916.344962 0.000000 2212 9699 1 0 1 
-1.113687 0.160317 0.000000 1.286595 -2.335559 8963.695257 0.000000 2212 9700 1 0 1 
1.616468 -0.621467 0.000000 -4.424680 0.330786 8868.387216 0.000000 2212 9701 1 0 1 
0.335528 -0.929271 0.000000 -2.631897 -3.510491 8897.430265 0.000000 2212 9702 1 0 1 
1.303960 -0.115838 0.000000 0.106253 0.890492 8895.026805 0.000000 2212 9703 1 0 1 
2.827690 1.760295 0.000000 -3.737934 0.833645 8891.610931 0.000000 2212 9704 1 0 1 
3.124506 -0.122262 0.000000 -3.097519 1.696094 8885.099330 0.000000 2212 9705 1 0 1 
2.121541 -0.848037 0.000000 -2.264061 -2.071868 8881.009915 0.000000 2212 9706 1 0 1 
-0.580700 1.479027 0.000000 -2.693032 0.785969 8868.479346 0.000000 2212 9707 1 0 1 
-4.295624 -0.567406 0.000000 6.241028 -0.197505 8892.016287 0.000000 2212 9708 1 0 1 
2.598117 -2.025584 0.000000 -5.512803 0.456570 8891.244992 0.000000 2212 9709 1 0 1 
0.593840 -0.483231 0.000000 -0.558984 -3.617579 8914.530552 0.000000 2212 9710 1 0 1 
0.713410 -1.410379 0.000000 -0.275238 0.842437 8879.918485 0.000000 2212 9711 1 0 1 
-1.955797 -0.981504 0.000000 1.551602 -4.989662 8932.678246 0.000000 2212 9712 1 0 1 
-0.657553 2.724047 0.000000 -0.584713 0.608321 8877.682784 0.000000 2212 9713 1 0 1 
2.281533 0.587711 0.000000 -5.524016 2.905617 8855.977073 0.000000 2212 9714 1 0 1 
-3.157574 0.230904 0.000000 6.269224 1.189110 8894.982710 0.000000 2212 9715 1 0 1 
-2.053129 1.301447 0.000000 3.010159 3.630841 8879.882730 0.000000 2212 9716 1 0 1 
0.623311 3.599916 0.000000 -2.406833 7.290278 8821.289352 0.000000 2212 9717 1 0 1 
-2.461635 -0.809289 0.000000 2.370710 -1.776182 8888.146704 0.000000 2212 9718 1 0 1 
-3.238265 1.972676 0.000000 5.355763 3.658495 8865.576427 0.000000 2212 9719 1 0 1 
-2.140472 -0.073626 0.000000 2.495961 2.456508 8921.871375 0.000000 2212 9720 1 0 1 
1.503947 -0.759703 0.000000 -2.239846 -4.139406 8963.850690 0.000000 2212 9721 1 0 1 
-1.608279 -1.081624 0.000000 4.682870 -3.819467 8953.025448 0.000000 2212 9722 1 0 1 
-1.249583 -0.911658 0.000000 -0.659871 -1.998740 8906.918199 0.000000 2212 9723 1 0 1 
-0.313041 -0.883153 0.000000 0.845751 -3.001922 8911.257913 0.000000 2212 9724 1 0 1 
3.324092 1.454890 0.000000 -1.410044 6.375741 8882.720488 0.000000 2212 9725 1 0 1 
-1.571682 -1.539006 0.000000 3.121933 -1.758896 8887.848726 0.000000 2212 9726 1 0 1 
-0.305341 0.428922 0.000000 1.846667 1.497597 8886.777418 0.000000 2212 9727 1 0 1 
4.352212 0.537005 0.000000 -4.815624 3.748444 8911.608595 0.000000 2212 9728 1 0 1 
-1.213265 0.874705 0.000000 3.203516 3.525150 8891.939913 0.000000 2212 9729 1 0 1 
0.525158 -0.336736 0.000000 -0.103787 -2.349301 8913.648073 0.000000 2212 9730 1 0 1 
0.109646 1.020196 0.000000 0.231254 5.152636 8825.584898 0.000000 2212 9731 1 0 1 
1.530996 -0.621633 0.000000 -1.724154 -1.414165 8918.204400 0.000000 2212 9732 1 0 1 
-3.724861 2.161164 0.000000 6.752998 -1.928828 8893.048524 0.000000 2212 9733 1 0 1 
0.942630 -1.229810 0.000000 -1.248933 -2.481590 8901.337538 0.000000 2212 9734 1 0 1 
-2.514848 0.260290 0.000000 3.740692 3.287288 8854.644992 0.000000 2212 9735 1 0 1 
-0.224359 0.074809 0.000000 -1.276006 0.047467 8876.871626 0.000000 2212 9736 1 0 1 
-2.251207 -0.557819 0.000000 5.377451 0.721965 8922.417755 0.000000 2212 9737 1 0 1 
0.789080 0.690226 0.000000 -1.226407 0.699856 8899.225754 0.000000 2212 9738 1 0 1 
0.860082 2.628176 0.000000 -2.536375 8.617815 8830.916357 0.000000 2212 9739 1 0 1 
0.833434 0.369296 0.000000 -0.450670 3.356193 8873.553941 0.000000 2212 9740 1 0 1 
-3.449995 0.410414 0.000000 4.930012 2.951994 8840.945688 0.000000 2212 9741 1 0 1 
0.769375 1.084105 0.000000 -1.032837 1.127340 8841.226996 0.000000 2212 9742 1 0 1 
-0.892754 -0.303921 0.000000 1.609387 -0.165719 8876.158105 0.000000 2212 9743 1 0 1 
1.551537 -0.320433 0.000000 -2.727031 2.536509 8867.341069 0.000000 2212 9744 1 0 1 
-0.835268 -1.277313 0.000000 0.130082 -7.029965 8921.991725 0.000000 2212 9745 1 0 1 
-1.443460 -0.689843 0.000000 1.508628 -0.957201 8889.439127 0.000000 2212 9746 1 0 1 
1.935001 -1.083695 0.000000 -1.924623 -0.105561 8899.245548 0.000000 2212 9747 1 0 1 
-1.875479 0.752500 0.000000 0.699032 -0.106025 8907.591632 0.000000 2212 9748 1 0 1 
-0.610768 0.466150 0.000000 2.006269 0.014229 8880.358669 0.000000 2212 9749 1 0 1 
2.121246 -1.218499 0.000000 -1.690915 0.339397 8875.279173 0.000000 2212 9750 1 0 1 
-0.210934 1.581010 0.000000 0.392977 5.479876 8851.719433 0.000000 2212 9751 1 0 1 
0.032664 0.724632 0.000000 1.018633 3.662056 8848.501582 0.000000 2212 9752 1 0 1 
-1.834649 -0.822180 0.000000 3.679708 1.449128 8884.243104 0.000000 2212 9753 1 0 1 
-1.271871 0.430743 0.000000 1.121555 -0.247979 8902.887741 0.000000 2212 9754 1 0 1 
1.144415 1.567000 0.000000 -2.245855 4.831199 8822.037200 0.000000 2212 9755 1 0 1 
0.420505 1.510693 0.000000 1.236451 3.964582 8904.595188 0.000000 2212 9756 1 0 1 
-1.048343 -2.195300 0.000000 3.320996 -0.157565 8893.250010 0.000000 2212 9757 1 0 1 
1.063771 1.097768 0.000000 -1.949862 2.053733 8885.213610 0.000000 2212 9758 1 0 1 
0.513608 -0.480758 0.000000 0.939262 -1.016718 8904.055837 0.000000 2212 9759 1 0 1 
1.488254 3.029945 0.000000 -2.752187 6.250396 8850.922008 0.000000 2212 9760 1 0 1 
0.292464 -0.584232 0.000000 0.142371 0.762268 8861.890215 0.000000 2212 9761 1 0 1 
0.011843 -1.338472 0.000000 0.935894 -4.583540 8910.517978 0.000000 2212 9762 1 0 1 
0.634262 -0.669999 0.000000 -1.130281 -6.258705 8902.388719 0.000000 2212 9763 1 0 1 
0.500273 -0.617032 0.000000 -0.978081 -1.130235 8919.880190 0.000000 2212 9764 1 0 1 
-0.241621 0.806974 0.000000 0.274835 -0.882857 8846.432557 0.000000 2212 9765 1 0 1 
-0.900990 1.182857 0.000000 1.049758 3.719067 8891.082652 0.000000 2212 9766 1 0 1 
-0.836339 -1.430194 0.000000 0.720575 -3.147687 8894.735970 0.000000 2212 9767 1 0 1 
-1.724792 -4.145016 0.000000 1.921979 -4.566854 8938.277819 0.000000 2212 9768 1 0 1 
-2.592041 -0.765630 0.000000 0.974282 6.211166 8848.315792 0.000000 2212 9769 1 0 1 
0.290660 -0.228307 0.000000 1.212542 1.144679 8870.251561 0.000000 2212 9770 1 0 1 
0.908365 -0.890651 0.000000 -2.353997 -1.228516 8939.772444 0.000000 2212 9771 1 0 1 
1.099900 -0.312015 0.000000 0.428451 -5.245251 8915.438580 0.000000 2212 9772 1 0 1 
0.234151 0.189574 0.000000 -1.954608 1.325391 8885.240158 0.000000 2212 9773 1 0 1 
0.305842 0.454505 0.000000 0.771973 2.725493 8868.783378 0.000000 2212 9774 1 0 1 
-0.577112 -1.073746 0.000000 -0.431258 -0.869591 8898.000023 0.000000 2212 9775 1 0 1 
-0.302483 -0.213540 0.000000 -1.142414 -2.118736 8904.982117 0.000000 2212 9776 1 0 1 
-0.644829 1.698440 0.000000 -0.317724 2.840500 8863.484007 0.000000 2212 9777 1 0 1 
-1.795732 -0.401257 0.000000 2.639079 4.188733 8863.312334 0.000000 2212 9778 1 0 1 
-1.147714 2.693282 0.000000 1.020770 4.323087 8893.747906 0.000000 2212 9779 1 0 1 
0.231145 0.154922 0.000000 0.714826 -1.627346 8919.942648 0.000000 2212 9780 1 0 1 
1.100337 0.161459 0.000000 1.006154 -0.868249 8896.406670 0.000000 2212 9781 1 0 1 
1.547924 -0.296836 0.000000 -2.699724 -1.070798 8877.663278 0.000000 2212 9782 1 0 1 
0.484384 0.618288 0.000000 -2.439255 -3.173475 8904.540028 0.000000 2212 9783 1 0 1 
-1.289448 0.065413 0.000000 4.273801 -4.099387 8922.571522 0.000000 2212 9784 1 0 1 
0.144458 2.650266 0.000000 -2.103634 4.354500 8873.751370 0.000000 2212 9785 1 0 1 
-1.189597 -1.922819 0.000000 -0.326939 1.767127 8845.310802 0.000000 2212 9786 1 0 1 
0.860317 -0.589746 0.000000 -1.618753 2.544447 8892.348800 0.000000 2212 9787 1 0 1 
1.789906 -0.395879 0.000000 -2.573388 -2.658975 8889.997140 0.000000 2212 9788 1 0 1 
-2.402116 -0.235902 0.000000 2.995507 1.216823 8907.907599 0.000000 2212 9789 1 0 1 
0.421693 -0.337452 0.000000 -0.614233 0.020037 8895.801340 0.000000 2212 9790 1 0 1 
3.882896 0.755422 0.000000 -6.332196 -1.161617 8875.516144 0.000000 2212 9791 1 0 1 
-1.597010 -0.560909 0.000000 1.185920 -1.291850 8860.821794 0.000000 2212 9792 1 0 1 
3.484171 -2.929029 0.000000 -4.931994 -4.257796 8903.434775 0.000000 2212 9793 1 0 1 
0.078301 0.316873 0.000000 -1.647008 -0.078011 8878.766363 0.000000 2212 9794 1 0 1 
-2.185872 -0.956051 0.000000 2.508084 -1.381823 8875.284606 0.000000 2212 9795 1 0 1 
2.490434 -1.776157 0.000000 -3.843401 -0.752452 8907.594621 0.000000 2212 9796 1 0 1 
-1.194790 1.879844 0.000000 -0.277936 4.962433 8887.042596 0.000000 2212 9797 1 0 1 
-1.770012 -1.677304 0.000000 2.034318 -2.386509 8854.900017 0.000000 2212 9798 1 0 1 
-0.567844 0.594010 0.000000 1.337902 0.810962 8934.122866 0.000000 2212 9799 1 0 1 
-1.250767 0.886385 0.000000 0.525862 5.318597 8830.721633 0.000000 2212 9800 1 0 1 
-0.696859 0.010192 0.000000 0.237162 -3.370597 8865.509316 0.000000 2212 9801 1 0 1 
-2.363821 2.853965 0.000000 3.135363 2.257594 8905.698831 0.000000 2212 9802 1 0 1 
-2.112498 -0.928215 0.000000 2.214347 -3.670470 8912.221376 0.000000 2212 9803 1 0 1 
1.656446 0.539643 0.000000 -2.443074 1.917420 8873.096587 0.000000 2212 9804 1 0 1 
0.747377 0.996125 0.000000 0.494751 -2.199558 8916.771644 0.000000 2212 9805 1 0 1 
3.786929 -0.536523 0.000000 -6.853074 -0.202120 8868.833889 0.000000 2212 9806 1 0 1 
3.130116 2.480429 0.000000 -3.099242 3.367459 8881.181982 0.000000 2212 9807 1 0 1 
-3.077473 -0.641961 0.000000 3.621795 -1.233933 8872.450575 0.000000 2212 9808 1 0 1 
-1.308822 -1.437652 0.000000 -0.264574 0.948651 8879.801879 0.000000 2212 9809 1 0 1 
1.011711 2.223227 0.000000 0.035072 2.116937 8848.996694 0.000000 2212 9810 1 0 1 
2.583024 -0.181874 0.000000 -1.293683 3.745844 8855.909353 0.000000 2212 9811 1 0 1 
0.812404 1.706412 0.000000 -1.428590 1.244663 8882.899630 0.000000 2212 9812 1 0 1 
0.830504 -1.310270 0.000000 -0.160429 -4.953176 8953.239233 0.000000 2212 9813 1 0 1 
0.941947 0.147227 0.000000 -1.800292 -4.518735 8916.028734 0.000000 2212 9814 1 0 1 
-1.282208 -0.334349 0.000000 2.097138 -0.781116 8923.190531 0.000000 2212 9815 1 0 1 
0.859785 -0.268062 0.000000 -1.093889 0.161540 8889.295608 0.000000 2212 9816 1 0 1 
1.927348 -0.472461 0.000000 -3.799575 -0.571284 8889.552377 0.000000 2212 9817 1 0 1 
4.602419 -1.414379 0.000000 -6.343945 -3.175547 8927.659844 0.000000 2212 9818 1 0 1 
-2.257196 0.627800 0.000000 1.848955 1.879303 8928.745535 0.000000 2212 9819 1 0 1 
-1.754410 -0.152540 0.000000 2.897758 3.078963 8861.655386 0.000000 2212 9820 1 0 1 
2.035053 -0.890879 0.000000 -1.153018 -1.934105 8934.150831 0.000000 2212 9821 1 0 1 
-0.075038 -1.743548 0.000000 -0.212403 2.369248 8866.555082 0.000000 2212 9822 1 0 1 
0.037745 -0.405605 0.000000 -1.205154 1.039416 8890.316077 0.000000 2212 9823 1 0 1 
0.564111 1.673453 0.000000 -1.878984 5.240210 8843.346896 0.000000 2212 9824 1 0 1 
-0.210409 -0.296513 0.000000 -0.681785 -3.143394 8914.637198 0.000000 2212 9825 1 0 1 
1.482462 0.391976 0.000000 -3.664873 -2.876411 8916.160491 0.000000 2212 9826 1 0 1 
4.069585 0.479053 0.000000 -6.515875 2.097626 8860.417167 0.000000 2212 9827 1 0 1 
1.484864 0.629282 0.000000 -0.852769 -1.448564 8927.712021 0.000000 2212 9828 1 0 1 
1.261617 -0.040779 0.000000 -1.598663 1.493994 8891.293278 0.000000 2212 9829 1 0 1 
1.750512 -1.670507 0.000000 -2.651080 -0.383429 8911.360780 0.000000 2212 9830 1 0 1 
-1.573294 -0.526071 0.000000 2.292164 2.213136 8864.559730 0.000000 2212 9831 1 0 1 
-1.601090 0.773699 0.000000 1.812219 2.471196 8905.629657 0.000000 2212 9832 1 0 1 
0.200612 1.404264 0.000000 -3.438903 4.224941 8824.671926 0.000000 2212 9833 1 0 1 
0.006913 0.801975 0.000000 -1.903741 2.184748 8883.463987 0.000000 2212 9834 1 0 1 
-1.925771 1.213587 0.000000 4.394037 5.651215 8881.060567 0.000000 2212 9835 1 0 1 
3.519900 1.891765 0.000000 -4.694548 6.744451 8848.578371 0.000000 2212 9836 1 0 1 
-1.008734 -0.624891 0.000000 2.665615 -2.899977 8891.042358 0.000000 2212 9837 1 0 1 
-0.441152 -0.495376 0.000000 -0.168793 2.769692 8875.146231 0.000000 2212 9838 1 0 1 
1.142056 1.571697 0.000000 -1.575834 3.136668 8883.304900 0.000000 2212 9839 1 0 1 
-0.499156 1.223322 0.000000 -0.173046 -3.297654 8911.160896 0.000000 2212 9840 1 0 1 
-2.436974 -0.893630 0.000000 1.742732 0.745315 8865.404144 0.000000 2212 9841 1 0 1 
1.700744 -0.883593 0.000000 -1.442143 -3.447242 8896.369576 0.000000 2212 9842 1 0 1 
2.057505 0.363353 0.000000 -0.053132 -0.257067 8907.933920 0.000000 2212 9843 1 0 1 
3.419033 1.350982 0.000000 -3.776255 1.143320 8890.225031 0.000000 2212 9844 1 0 1 
-3.262695 0.038662 0.000000 4.537119 0.805273 8878.587536 0.000000 2212 9845 1 0 1 
-0.801057 -0.408539 0.000000 0.773518 0.332830 8869.975206 0.000000 2212 9846 1 0 1 
1.633002 -0.259629 0.000000 -1.697405 0.770471 8872.591186 0.000000 2212 9847 1 0 1 
4.657717 0.591674 0.000000 -5.669496 1.645796 8906.368389 0.000000 2212 9848 1 0 1 
0.615709 1.701082 0.000000 0.152204 1.061479 8897.704546 0.000000 2212 9849 1 0 1 
-2.229684 -0.941639 0.000000 2.171325 -1.069195 8888.204471 0.000000 2212 9850 1 0 1 
1.100473 -1.081656 0.000000 1.035150 -1.323900 8903.781685 0.000000 2212 9851 1 0 1 
-0.138045 -1.810535 0.000000 0.336009 -0.362930 8890.410626 0.000000 2212 9852 1 0 1 
0.488438 0.875122 0.000000 -0.864431 0.991610 8866.041975 0.000000 2212 9853 1 0 1 
1.803174 0.237049 0.000000 -2.379528 -1.373715 8920.196895 0.000000 2212 9854 1 0 1 
-0.990885 -1.910957 0.000000 0.920430 -2.216605 8909.074117 0.000000 2212 9855 1 0 1 
2.960087 -1.818006 0.000000 -2.070988 -3.065725 8905.169070 0.000000 2212 9856 1 0 1 
2.791846 -1.689325 0.000000 -4.375796 -3.202708 8868.648740 0.000000 2212 9857 1 0 1 
1.020226 1.541277 0.000000 -1.612282 1.282993 8861.343150 0.000000 2212 9858 1 0 1 
0.721962 1.743376 0.000000 -1.784080 1.624595 8873.358598 0.000000 2212 9859 1 0 1 
3.598120 -0.222751 0.000000 -5.592422 -0.352046 8888.243045 0.000000 2212 9860 1 0 1 
1.003703 -0.339994 0.000000 -1.754867 0.763492 8870.404048 0.000000 2212 9861 1 0 1 
1.079070 -1.367023 0.000000 0.316045 -3.403593 8910.979400 0.000000 2212 9862 1 0 1 
-2.290246 0.896309 0.000000 1.872259 1.853399 8869.282963 0.000000 2212 9863 1 0 1 
-0.277859 -0.483556 0.000000 -0.112609 2.548777 8839.131664 0.000000 2212 9864 1 0 1 
-1.139956 0.453826 0.000000 1.272009 -3.686405 8919.261862 0.000000 2212 9865 1 0 1 
-2.220907 -0.023796 0.000000 1.717500 -1.136654 8874.966939 0.000000 2212 9866 1 0 1 
0.416104 2.065823 0.000000 -0.933202 4.534339 8860.521584 0.000000 2212 9867 1 0 1 
-2.111375 0.955589 0.000000 2.007975 0.725954 8882.090702 0.000000 2212 9868 1 0 1 
0.250118 0.500734 0.000000 -1.524324 4.842054 8853.453306 0.000000 2212 9869 1 0 1 
-1.369208 0.584689 0.000000 3.006495 -2.712915 8929.795160 0.000000 2212 9870 1 0 1 
0.941518 1.525534 0.000000 -1.624943 4.603869 8841.689733 0.000000 2212 9871 1 0 1 
-0.529706 1.120066 0.000000 -0.338745 2.122852 8821.870102 0.000000 2212 9872 1 0 1 
3.449272 -1.556906 0.000000 -4.043478 -1.678883 8888.723285 0.000000 2212 9873 1 0 1 
-3.647359 -0.062740 0.000000 6.347719 -0.513457 8895.932473 0.000000 2212 9874 1 0 1 
-3.346582 1.540855 0.000000 5.151881 4.946712 8857.872059 0.000000 2212 9875 1 0 1 
-0.465543 2.075953 0.000000 0.620775 5.844894 8838.546484 0.000000 2212 9876 1 0 1 
-0.060910 -1.973836 0.000000 0.140495 -1.932456 8866.104159 0.000000 2212 9877 1 0 1 
-3.034594 0.530253 0.000000 4.361775 2.568773 8841.295667 0.000000 2212 9878 1 0 1 
0.168860 0.580482 0.000000 -0.876913 -0.216479 8883.623912 0.000000 2212 9879 1 0 1 
1.694491 1.143515 0.000000 -3.815744 2.311253 8873.772169 0.000000 2212 9880 1 0 1 
-3.327022 -0.992890 0.000000 5.538177 -6.308154 8917.703967 0.000000 2212 9881 1 0 1 
-1.891384 -3.059621 0.000000 2.946971 -5.316801 8936.770274 0.000000 2212 9882 1 0 1 
-0.892511 -1.519296 0.000000 1.279735 -4.055913 8918.929837 0.000000 2212 9883 1 0 1 
2.335621 -0.905376 0.000000 -4.218363 -3.679028 8916.929559 0.000000 2212 9884 1 0 1 
-0.421714 0.954630 0.000000 0.027226 -1.408235 8902.200286 0.000000 2212 9885 1 0 1 
0.433874 -1.784156 0.000000 2.271555 -1.943368 8856.200805 0.000000 2212 9886 1 0 1 
0.564436 -0.390904 0.000000 -1.350367 1.614861 8893.894355 0.000000 2212 9887 1 0 1 
-0.351205 0.902181 0.000000 1.010767 3.843996 8892.469098 0.000000 2212 9888 1 0 1 
-0.868020 -3.147167 0.000000 4.600551 -4.835295 8941.136220 0.000000 2212 9889 1 0 1 
1.199396 0.617969 0.000000 -0.228701 -1.387154 8909.904342 0.000000 2212 9890 1 0 1 
-0.191574 0.687686 0.000000 -0.658388 2.741333 8855.747342 0.000000 2212 9891 1 0 1 
1.819635 0.515879 0.000000 -4.509636 -1.394749 8893.871608 0.000000 2212 9892 1 0 1 
0.921295 2.878519 0.000000 -0.511759 3.077506 8909.190848 0.000000 2212 9893 1 0 1 
0.719642 -1.261576 0.000000 -1.804289 -3.101597 8921.108048 0.000000 2212 9894 1 0 1 
2.831897 -1.007065 0.000000 -2.520359 -0.863834 8917.242682 0.000000 2212 9895 1 0 1 
1.325893 1.275947 0.000000 -3.566706 -0.857460 8908.242913 0.000000 2212 9896 1 0 1 
-2.074657 0.076556 0.000000 2.101729 3.663901 8864.977610 0.000000 2212 9897 1 0 1 
2.132652 1.171319 0.000000 -2.542543 2.317780 8895.672168 0.000000 2212 9898 1 0 1 
-0.315139 -0.505078 0.000000 1.277676 1.186054 8873.905663 0.000000 2212 9899 1 0 1 
-2.280732 0.258907 0.000000 1.494322 -1.595931 8862.443186 0.000000 2212 9900 1 0 1 
2.764754 1.773206 0.000000 -2.668666 -0.046983 8916.968993 0.000000 2212 9901 1 0 1 
1.358242 1.849192 0.000000 -1.640564 2.472371 8831.047843 0.000000 2212 9902 1 0 1 
1.456508 -0.394523 0.000000 -2.997998 -1.911543 8928.836554 0.000000 2212 9903 1 0 1 
0.404445 -1.925519 0.000000 0.793699 1.424002 8874.111165 0.000000 2212 9904 1 0 1 
-1.206355 0.507725 0.000000 2.981192 -2.867636 8915.334664 0.000000 2212 9905 1 0 1 
2.275368 -0.353465 0.000000 -4.656901 -0.693331 8924.319636 0.000000 2212 9906 1 0 1 
-3.231143 -0.243395 0.000000 1.533149 1.915649 8865.830699 0.000000 2212 9907 1 0 1 
-1.299836 -0.829765 0.000000 2.740399 0.198809 8867.076186 0.000000 2212 9908 1 0 1 
-3.594365 0.940748 0.000000 3.546819 -6.254714 8940.279001 0.000000 2212 9909 1 0 1 
-1.935225 0.210442 0.000000 1.002750 -0.716455 8904.933137 0.000000 2212 9910 1 0 1 
-0.568562 0.284611 0.000000 1.261575 -0.964132 8845.371773 0.000000 2212 9911 1 0 1 
0.896759 1.161698 0.000000 0.658034 2.476924 8864.250547 0.000000 2212 9912 1 0 1 
-0.295980 1.164077 0.000000 -0.293011 -0.725025 8913.834165 0.000000 2212 9913 1 0 1 
2.619370 -0.132998 0.000000 -3.262451 -3.867032 8928.312571 0.000000 2212 9914 1 0 1 
1.142913 -2.214539 0.000000 -3.811788 -5.062018 8948.815107 0.000000 2212 9915 1 0 1 
-1.539209 -1.646253 0.000000 3.305058 -1.870252 8907.708387 0.000000 2212 9916 1 0 1 
-3.531548 0.399022 0.000000 6.348536 -5.586016 8907.060082 0.000000 2212 9917 1 0 1 
1.533709 -0.397150 0.000000 -3.285854 -0.006608 8859.280975 0.000000 2212 9918 1 0 1 
-0.320906 -0.101358 0.000000 -0.519537 -2.953693 8902.818287 0.000000 2212 9919 1 0 1 
0.824047 2.217305 0.000000 -2.026605 -0.029151 8889.050853 0.000000 2212 9920 1 0 1 
2.258827 -0.960123 0.000000 -3.251572 -1.954780 8904.187132 0.000000 2212 9921 1 0 1 
1.646652 -1.465874 0.000000 -3.102436 -1.920413 8888.065753 0.000000 2212 9922 1 0 1 
-2.204917 -3.076217 0.000000 3.390095 -5.217243 8911.493949 0.000000 2212 9923 1 0 1 
-0.725245 1.799994 0.000000 -4.580583 1.309093 8859.162544 0.000000 2212 9924 1 0 1 
-1.548983 -0.294487 0.000000 1.608359 1.780572 8861.145352 0.000000 2212 9925 1 0 1 
2.972922 -2.000373 0.000000 -1.760785 3.355962 8875.017160 0.000000 2212 9926 1 0 1 
0.851102 -0.976663 0.000000 -0.494860 -2.263105 8899.198255 0.000000 2212 9927 1 0 1 
2.340265 0.092115 0.000000 -2.821250 -0.793772 8903.948658 0.000000 2212 9928 1 0 1 
1.539856 0.070336 0.000000 -2.156865 -1.598713 8898.306314 0.000000 2212 9929 1 0 1 
1.111230 -0.916349 0.000000 -2.185512 0.683620 8882.003724 0.000000 2212 9930 1 0 1 
0.123457 2.233382 0.000000 -2.796038 3.462619 8835.554447 0.000000 2212 9931 1 0 1 
2.813589 -0.328989 0.000000 -3.729042 -5.658963 8934.170466 0.000000 2212 9932 1 0 1 
-2.275029 0.086369 0.000000 4.046496 -0.703263 8898.122090 0.000000 2212 9933 1 0 1 
0.252135 0.142247 0.000000 -1.084427 3.329473 8875.023641 0.000000 2212 9934 1 0 1 
1.055503 -0.180330 0.000000 -1.855603 -3.818777 8914.089592 0.000000 2212 9935 1 0 1 
0.875131 1.122945 0.000000 -0.177143 9.090572 8829.884846 0.000000 2212 9936 1 0 1 
0.575895 0.896285 0.000000 -0.723530 -0.950875 8895.274651 0.000000 2212 9937 1 0 1 
0.030084 -0.370189 0.000000 0.263352 2.181944 8889.897869 0.000000 2212 9938 1 0 1 
-1.552788 -0.556692 0.000000 3.388254 0.235388 8864.973235 0.000000 2212 9939 1 0 1 
-1.132206 -1.578466 0.000000 0.727775 0.223747 8847.595063 0.000000 2212 9940 1 0 1 
-1.634744 3.548292 0.000000 2.449581 5.062644 8872.523517 0.000000 2212 9941 1 0 1 
0.547028 -0.865807 0.000000 -0.227684 0.485799 8887.205851 0.000000 2212 9942 1 0 1 
1.028277 0.109118 0.000000 -1.853187 -0.660584 8868.992217 0.000000 2212 9943 1 0 1 
3.342210 1.852296 0.000000 -5.817678 1.728650 8873.990726 0.000000 2212 9944 1 0 1 
-0.812509 0.155740 0.000000 1.626833 -3.013643 8869.470713 0.000000 2212 9945 1 0 1 
0.890170 -1.106793 0.000000 -0.653763 -2.771836 8858.385457 0.000000 2212 9946 1 0 1 
-0.577537 0.568629 0.000000 1.962539 2.793687 8817.019615 0.000000 2212 9947 1 0 1 
-2.354860 -0.936953 0.000000 4.326817 -4.128439 8913.958325 0.000000 2212 9948 1 0 1 
3.975849 0.403065 0.000000 -5.859980 2.365184 8930.541478 0.000000 2212 9949 1 0 1 
1.315140 0.361902 0.000000 -3.385180 -1.280936 8913.906256 0.000000 2212 9950 1 0 1 
-2.350591 1.352619 0.000000 3.154715 -1.460377 8909.689169 0.000000 2212 9951 1 0 1 
0.904473 -0.636240 0.000000 0.238893 0.556466 8878.274171 0.000000 2212 9952 1 0 1 
0.136512 0.175822 0.000000 0.128881 -2.992957 8895.118568 0.000000 2212 9953 1 0 1 
3.610022 2.628674 0.000000 -6.462585 10.615041 8838.160270 0.000000 2212 9954 1 0 1 
-0.130852 -1.550980 0.000000 1.200651 1.856670 8893.330469 0.000000 2212 9955 1 0 1 
2.192520 0.282221 0.000000 -2.628116 2.121396 8910.755318 0.000000 2212 9956 1 0 1 
-0.625760 0.512228 0.000000 1.150150 -0.566061 8955.048354 0.000000 2212 9957 1 0 1 
-1.841934 0.389593 0.000000 1.877929 -0.637460 8904.435907 0.000000 2212 9958 1 0 1 
-1.571461 1.423445 0.000000 1.976012 -2.109215 8918.051294 0.000000 2212 9959 1 0 1 
0.355662 -1.230462 0.000000 -1.783792 -2.710988 8919.252929 0.000000 2212 9960 1 0 1 
0.515656 1.547508 0.000000 -0.777748 0.379861 8921.564899 0.000000 2212 9961 1 0 1 
-1.145746 0.226402 0.000000 2.539295 -1.319443 8948.161826 0.000000 2212 9962 1 0 1 
-0.545346 1.625027 0.000000 0.063894 3.058258 8895.848212 0.000000 2212 9963 1 0 1 
-0.544871 -1.262572 0.000000 -0.535000 0.695630 8920.198145 0.000000 2212 9964 1 0 1 
0.429431 -0.871306 0.000000 -1.104956 1.123059 8894.242768 0.000000 2212 9965 1 0 1 
-0.211737 1.161141 0.000000 -1.253738 4.408423 8842.944658 0.000000 2212 9966 1 0 1 
-0.403720 0.806673 0.000000 0.703148 1.274464 8922.476313 0.000000 2212 9967 1 0 1 
1.493221 -1.202785 0.000000 -1.535584 -6.632743 8948.598933 0.000000 2212 9968 1 0 1 
0.334868 0.632534 0.000000 -0.087477 -0.626798 8860.935685 0.000000 2212 9969 1 0 1 
-1.549386 -1.338391 0.000000 0.074356 2.495892 8843.608661 0.000000 2212 9970 1 0 1 
-2.855450 -0.299331 0.000000 5.192504 -0.096836 8906.518869 0.000000 2212 9971 1 0 1 
-0.495238 1.211699 0.000000 0.868705 3.910669 8855.894880 0.000000 2212 9972 1 0 1 
1.558197 1.854620 0.000000 -0.023093 -1.532460 8905.963105 0.000000 2212 9973 1 0 1 
-0.438321 0.482686 0.000000 1.497206 0.797722 8901.983889 0.000000 2212 9974 1 0 1 
0.752635 -1.113473 0.000000 -2.314563 -1.542967 8888.640318 0.000000 2212 9975 1 0 1 
-0.821681 0.468954 0.000000 2.224067 -0.225135 8900.493729 0.000000 2212 9976 1 0 1 
0.135898 0.532684 0.000000 -0.778398 1.822225 8872.545507 0.000000 2212 9977 1 0 1 
-1.396668 2.221364 0.000000 1.649959 1.104053 8903.331240 0.000000 2212 9978 1 0 1 
1.035307 0.728561 0.000000 -1.706396 0.930695 8865.851476 0.000000 2212 9979 1 0 1 
1.528263 0.355195 0.000000 -3.083944 0.038753 8908.889681 0.000000 2212 9980 1 0 1 
0.942499 2.929037 0.000000 -1.657639 6.209494 8834.949958 0.000000 2212 9981 1 0 1 
-0.604369 -2.055552 0.000000 0.986567 -3.412096 8924.321572 0.000000 2212 9982 1 0 1 
0.019337 0.617460 0.000000 0.030452 -3.027336 8932.978848 0.000000 2212 9983 1 0 1 
-1.086871 -0.850946 0.000000 -1.460636 -4.324163 8928.937960 0.000000 2212 9984 1 0 1 
-2.850987 0.532162 0.000000 4.851430 1.895773 8884.574418 0.000000 2212 9985 1 0 1 
0.401355 -0.656421 0.000000 0.101551 -2.567683 8889.402263 0.000000 2212 9986 1 0 1 
-3.853937 0.734303 0.000000 5.243111 1.738534 8887.220410 0.000000 2212 9987 1 0 1 
4.025225 0.082268 0.000000 -4.953129 -0.240137 8920.266350 0.000000 2212 9988 1 0 1 
-2.609363 -1.355983 0.000000 1.584519 -1.376116 8878.713091 0.000000 2212 9989 1 0 1 
-3.522236 -0.745377 0.000000 7.486924 -3.947985 8949.398277 0.000000 2212 9990 1 0 1 
-0.982754 -2.223717 0.000000 0.672993 -2.730917 8932.033492 0.000000 2212 9991 1 0 1 
-1.033529 -0.956137 0.000000 1.712890 -3.484930 8882.085853 0.000000 2212 9992 1 0 1 
0.872116 0.139400 0.000000 -2.080314 -3.223194 8928.540546 0.000000 2212 9993 1 0 1 
-1.107051 1.429831 0.000000 0.600024 0.553792 8908.540912 0.000000 2212 9994 1 0 1 
0.500006 -0.131848 0.000000 -0.274263 -3.226921 8934.855566 0.000000 2212 9995 1 0 1 
3.414688 -0.574815 0.000000 -5.442221 1.184219 8908.402415 0.000000 2212 9996 1 0 1 
-1.588178 -0.793540 0.000000 2.124774 -0.657417 8905.006128 0.000000 2212 9997 1 0 1 
-0.066009 -0.944273 0.000000 -0.366602 1.504886 8847.150347 0.000000 2212 9998 1 0 1 
1.842896 -0.658016 0.000000 -1.814436 0.512628 8837.420507 0.000000 2212 9999 1 0 1 
0.282618 -0.847924 0.000000 0.479976 0.814865 8880.600103 0.000000 2212 10000 1 0 1 
